batch_idx,layer_idx,seq_idx,num_tokens,orig_unique_experts,experts_preserved,experts_rerouted
50,,0,1,6,1,5
50,,1,1,6,2,4
50,,2,1,6,1,5
50,,3,1,6,2,4
50,,4,1,6,2,4
50,,5,1,6,1,5
50,,6,1,6,1,5
50,,7,1,6,3,3
50,,8,1,6,0,6
50,,9,1,6,0,6
50,,10,1,6,2,4
50,,11,1,6,0,6
50,,12,1,6,2,4
50,,13,1,6,3,3
50,,14,1,6,1,5
50,,15,1,6,1,5
50,,0,1,6,0,6
50,,1,1,6,3,3
50,,2,1,6,1,5
50,,3,1,6,3,3
50,,4,1,6,4,2
50,,5,1,6,3,3
50,,6,1,6,1,5
50,,7,1,6,1,5
50,,8,1,6,4,2
50,,9,1,6,0,6
50,,10,1,6,3,3
50,,11,1,6,1,5
50,,12,1,6,0,6
50,,13,1,6,1,5
50,,14,1,6,6,0
50,,15,1,6,2,4
50,,0,1,6,3,3
50,,1,1,6,0,6
50,,2,1,6,4,2
50,,3,1,6,4,2
50,,4,1,6,0,6
50,,5,1,6,1,5
50,,6,1,6,2,4
50,,7,1,6,1,5
50,,8,1,6,1,5
50,,9,1,6,1,5
50,,10,1,6,6,0
50,,11,1,6,2,4
50,,12,1,6,1,5
50,,13,1,6,1,5
50,,14,1,6,5,1
50,,15,1,6,3,3
50,,0,1,6,2,4
50,,1,1,6,2,4
50,,2,1,6,3,3
50,,3,1,6,4,2
50,,4,1,6,0,6
50,,5,1,6,1,5
50,,6,1,6,1,5
50,,7,1,6,4,2
50,,8,1,6,1,5
50,,9,1,6,1,5
50,,10,1,6,4,2
50,,11,1,6,1,5
50,,12,1,6,3,3
50,,13,1,6,0,6
50,,14,1,6,3,3
50,,15,1,6,0,6
50,,0,1,6,4,2
50,,1,1,6,1,5
50,,2,1,6,4,2
50,,3,1,6,6,0
50,,4,1,6,2,4
50,,5,1,6,2,4
50,,6,1,6,1,5
50,,7,1,6,1,5
50,,8,1,6,1,5
50,,9,1,6,1,5
50,,10,1,6,1,5
50,,11,1,6,0,6
50,,12,1,6,3,3
50,,13,1,6,1,5
50,,14,1,6,3,3
50,,15,1,6,5,1
50,,0,1,6,3,3
50,,1,1,6,4,2
50,,2,1,6,3,3
50,,3,1,6,5,1
50,,4,1,6,0,6
50,,5,1,6,1,5
50,,6,1,6,1,5
50,,7,1,6,0,6
50,,8,1,6,4,2
50,,9,1,6,1,5
50,,10,1,6,6,0
50,,11,1,6,1,5
50,,12,1,6,1,5
50,,13,1,6,1,5
50,,14,1,6,3,3
50,,15,1,6,5,1
50,,0,1,6,1,5
50,,1,1,6,2,4
50,,2,1,6,3,3
50,,3,1,6,5,1
50,,4,1,6,1,5
50,,5,1,6,1,5
50,,6,1,6,5,1
50,,7,1,6,1,5
50,,8,1,6,2,4
50,,9,1,6,3,3
50,,10,1,6,3,3
50,,11,1,6,3,3
50,,12,1,6,1,5
50,,13,1,6,2,4
50,,14,1,6,5,1
50,,15,1,6,5,1
50,,0,1,6,1,5
50,,1,1,6,4,2
50,,2,1,6,2,4
50,,3,1,6,3,3
50,,4,1,6,1,5
50,,5,1,6,0,6
50,,6,1,6,6,0
50,,7,1,6,1,5
50,,8,1,6,4,2
50,,9,1,6,3,3
50,,10,1,6,5,1
50,,11,1,6,3,3
50,,12,1,6,1,5
50,,13,1,6,1,5
50,,14,1,6,4,2
50,,15,1,6,2,4
50,,0,1,6,2,4
50,,1,1,6,0,6
50,,2,1,6,2,4
50,,3,1,6,5,1
50,,4,1,6,0,6
50,,5,1,6,4,2
50,,6,1,6,3,3
50,,7,1,6,1,5
50,,8,1,6,2,4
50,,9,1,6,2,4
50,,10,1,6,5,1
50,,11,1,6,4,2
50,,12,1,6,1,5
50,,13,1,6,2,4
50,,14,1,6,5,1
50,,15,1,6,4,2
50,,0,1,6,3,3
50,,1,1,6,1,5
50,,2,1,6,3,3
50,,3,1,6,3,3
50,,4,1,6,2,4
50,,5,1,6,3,3
50,,6,1,6,3,3
50,,7,1,6,0,6
50,,8,1,6,5,1
50,,9,1,6,2,4
50,,10,1,6,2,4
50,,11,1,6,0,6
50,,12,1,6,0,6
50,,13,1,6,1,5
50,,14,1,6,6,0
50,,15,1,6,5,1
50,,0,1,6,1,5
50,,1,1,6,1,5
50,,2,1,6,1,5
50,,3,1,6,5,1
50,,4,1,6,2,4
50,,5,1,6,0,6
50,,6,1,6,3,3
50,,7,1,6,2,4
50,,8,1,6,3,3
50,,9,1,6,3,3
50,,10,1,6,5,1
50,,11,1,6,1,5
50,,12,1,6,4,2
50,,13,1,6,4,2
50,,14,1,6,3,3
50,,15,1,6,4,2
50,,0,1,6,1,5
50,,1,1,6,2,4
50,,2,1,6,0,6
50,,3,1,6,4,2
50,,4,1,6,2,4
50,,5,1,6,0,6
50,,6,1,6,1,5
50,,7,1,6,1,5
50,,8,1,6,4,2
50,,9,1,6,1,5
50,,10,1,6,6,0
50,,11,1,6,1,5
50,,12,1,6,5,1
50,,13,1,6,1,5
50,,14,1,6,3,3
50,,15,1,6,4,2
50,,0,1,6,2,4
50,,1,1,6,2,4
50,,2,1,6,0,6
50,,3,1,6,5,1
50,,4,1,6,2,4
50,,5,1,6,4,2
50,,6,1,6,0,6
50,,7,1,6,2,4
50,,8,1,6,6,0
50,,9,1,6,2,4
50,,10,1,6,6,0
50,,11,1,6,0,6
50,,12,1,6,0,6
50,,13,1,6,2,4
50,,14,1,6,2,4
50,,15,1,6,5,1
50,,0,1,6,3,3
50,,1,1,6,2,4
50,,2,1,6,0,6
50,,3,1,6,5,1
50,,4,1,6,3,3
50,,5,1,6,1,5
50,,6,1,6,4,2
50,,7,1,6,3,3
50,,8,1,6,5,1
50,,9,1,6,2,4
50,,10,1,6,5,1
50,,11,1,6,0,6
50,,12,1,6,0,6
50,,13,1,6,1,5
50,,14,1,6,4,2
50,,15,1,6,5,1
50,,0,1,6,1,5
50,,1,1,6,3,3
50,,2,1,6,0,6
50,,3,1,6,5,1
50,,4,1,6,1,5
50,,5,1,6,0,6
50,,6,1,6,2,4
50,,7,1,6,2,4
50,,8,1,6,1,5
50,,9,1,6,3,3
50,,10,1,6,3,3
50,,11,1,6,0,6
50,,12,1,6,1,5
50,,13,1,6,2,4
50,,14,1,6,5,1
50,,15,1,6,3,3
50,,0,1,6,2,4
50,,1,1,6,5,1
50,,2,1,6,5,1
50,,3,1,6,4,2
50,,4,1,6,3,3
50,,5,1,6,2,4
50,,6,1,6,1,5
50,,7,1,6,2,4
50,,8,1,6,4,2
50,,9,1,6,0,6
50,,10,1,6,5,1
50,,11,1,6,2,4
50,,12,1,6,4,2
50,,13,1,6,4,2
50,,14,1,6,6,0
50,,15,1,6,4,2
50,,0,1,6,2,4
50,,1,1,6,3,3
50,,2,1,6,2,4
50,,3,1,6,5,1
50,,4,1,6,2,4
50,,5,1,6,1,5
50,,6,1,6,4,2
50,,7,1,6,2,4
50,,8,1,6,6,0
50,,9,1,6,1,5
50,,10,1,6,5,1
50,,11,1,6,1,5
50,,12,1,6,2,4
50,,13,1,6,3,3
50,,14,1,6,4,2
50,,15,1,6,4,2
50,,0,1,6,1,5
50,,1,1,6,4,2
50,,2,1,6,6,0
50,,3,1,6,5,1
50,,4,1,6,5,1
50,,5,1,6,3,3
50,,6,1,6,2,4
50,,7,1,6,3,3
50,,8,1,6,1,5
50,,9,1,6,0,6
50,,10,1,6,4,2
50,,11,1,6,3,3
50,,12,1,6,5,1
50,,13,1,6,3,3
50,,14,1,6,4,2
50,,15,1,6,3,3
50,,0,1,6,1,5
50,,1,1,6,2,4
50,,2,1,6,4,2
50,,3,1,6,4,2
50,,4,1,6,5,1
50,,5,1,6,5,1
50,,6,1,6,3,3
50,,7,1,6,4,2
50,,8,1,6,5,1
50,,9,1,6,3,3
50,,10,1,6,5,1
50,,11,1,6,0,6
50,,12,1,6,5,1
50,,13,1,6,4,2
50,,14,1,6,4,2
50,,15,1,6,5,1
50,,0,1,6,2,4
50,,1,1,6,4,2
50,,2,1,6,5,1
50,,3,1,6,6,0
50,,4,1,6,1,5
50,,5,1,6,5,1
50,,6,1,6,2,4
50,,7,1,6,1,5
50,,8,1,6,5,1
50,,9,1,6,1,5
50,,10,1,6,5,1
50,,11,1,6,1,5
50,,12,1,6,3,3
50,,13,1,6,6,0
50,,14,1,6,5,1
50,,15,1,6,6,0
50,,0,1,6,1,5
50,,1,1,6,3,3
50,,2,1,6,1,5
50,,3,1,6,4,2
50,,4,1,6,5,1
50,,5,1,6,3,3
50,,6,1,6,1,5
50,,7,1,6,1,5
50,,8,1,6,4,2
50,,9,1,6,2,4
50,,10,1,6,4,2
50,,11,1,6,2,4
50,,12,1,6,5,1
50,,13,1,6,2,4
50,,14,1,6,5,1
50,,15,1,6,4,2
50,,0,1,6,3,3
50,,1,1,6,2,4
50,,2,1,6,6,0
50,,3,1,6,6,0
50,,4,1,6,4,2
50,,5,1,6,3,3
50,,6,1,6,5,1
50,,7,1,6,4,2
50,,8,1,6,3,3
50,,9,1,6,3,3
50,,10,1,6,5,1
50,,11,1,6,6,0
50,,12,1,6,4,2
50,,13,1,6,5,1
50,,14,1,6,6,0
50,,15,1,6,5,1
50,,0,1,6,2,4
50,,1,1,6,2,4
50,,2,1,6,6,0
50,,3,1,6,6,0
50,,4,1,6,4,2
50,,5,1,6,4,2
50,,6,1,6,3,3
50,,7,1,6,3,3
50,,8,1,6,3,3
50,,9,1,6,5,1
50,,10,1,6,6,0
50,,11,1,6,3,3
50,,12,1,6,4,2
50,,13,1,6,1,5
50,,14,1,6,5,1
50,,15,1,6,6,0
50,,0,1,6,4,2
50,,1,1,6,4,2
50,,2,1,6,6,0
50,,3,1,6,5,1
50,,4,1,6,3,3
50,,5,1,6,3,3
50,,6,1,6,2,4
50,,7,1,6,3,3
50,,8,1,6,6,0
50,,9,1,6,3,3
50,,10,1,6,6,0
50,,11,1,6,3,3
50,,12,1,6,3,3
50,,13,1,6,4,2
50,,14,1,6,4,2
50,,15,1,6,3,3
50,,0,1,6,4,2
50,,1,1,6,6,0
50,,2,1,6,6,0
50,,3,1,6,5,1
50,,4,1,6,4,2
50,,5,1,6,3,3
50,,6,1,6,4,2
50,,7,1,6,3,3
50,,8,1,6,3,3
50,,9,1,6,1,5
50,,10,1,6,6,0
50,,11,1,6,6,0
50,,12,1,6,4,2
50,,13,1,6,6,0
50,,14,1,6,5,1
50,,15,1,6,6,0
50,,0,1,6,5,1
50,,1,1,6,1,5
50,,2,1,6,6,0
50,,3,1,6,5,1
50,,4,1,6,4,2
50,,5,1,6,4,2
50,,6,1,6,5,1
50,,7,1,6,5,1
50,,8,1,6,4,2
50,,9,1,6,6,0
50,,10,1,6,5,1
50,,11,1,6,6,0
50,,12,1,6,5,1
50,,13,1,6,4,2
50,,14,1,6,4,2
50,,15,1,6,4,2
50,,0,1,6,6,0
50,,1,1,6,4,2
50,,2,1,6,6,0
50,,3,1,6,4,2
50,,4,1,6,3,3
50,,5,1,6,3,3
50,,6,1,6,4,2
50,,7,1,6,5,1
50,,8,1,6,3,3
50,,9,1,6,5,1
50,,10,1,6,5,1
50,,11,1,6,4,2
50,,12,1,6,5,1
50,,13,1,6,4,2
50,,14,1,6,3,3
50,,15,1,6,5,1
50,,0,1,6,6,0
50,,1,1,6,5,1
50,,2,1,6,5,1
50,,3,1,6,3,3
50,,4,1,6,5,1
50,,5,1,6,4,2
50,,6,1,6,3,3
50,,7,1,6,6,0
50,,8,1,6,4,2
50,,9,1,6,6,0
50,,10,1,6,4,2
50,,11,1,6,4,2
50,,12,1,6,5,1
50,,13,1,6,4,2
50,,14,1,6,3,3
50,,15,1,6,5,1
50,,0,1,6,6,0
50,,1,1,6,6,0
50,,2,1,6,6,0
50,,3,1,6,6,0
50,,4,1,6,5,1
50,,5,1,6,4,2
50,,6,1,6,4,2
50,,7,1,6,4,2
50,,8,1,6,4,2
50,,9,1,6,4,2
50,,10,1,6,5,1
50,,11,1,6,6,0
50,,12,1,6,5,1
50,,13,1,6,6,0
50,,14,1,6,6,0
50,,15,1,6,5,1
50,,0,1,6,6,0
50,,1,1,6,6,0
50,,2,1,6,6,0
50,,3,1,6,3,3
50,,4,1,6,1,5
50,,5,1,6,4,2
50,,6,1,6,4,2
50,,7,1,6,4,2
50,,8,1,6,4,2
50,,9,1,6,6,0
50,,10,1,6,5,1
50,,11,1,6,3,3
50,,12,1,6,4,2
50,,13,1,6,5,1
50,,14,1,6,4,2
50,,15,1,6,5,1
50,,0,1,6,6,0
50,,1,1,6,5,1
50,,2,1,6,5,1
50,,3,1,6,4,2
50,,4,1,6,1,5
50,,5,1,6,5,1
50,,6,1,6,5,1
50,,7,1,6,3,3
50,,8,1,6,2,4
50,,9,1,6,6,0
50,,10,1,6,4,2
50,,11,1,6,4,2
50,,12,1,6,5,1
50,,13,1,6,4,2
50,,14,1,6,6,0
50,,15,1,6,4,2
50,,0,1,6,3,3
50,,1,1,6,4,2
50,,2,1,6,2,4
50,,3,1,6,3,3
50,,4,1,6,2,4
50,,5,1,6,5,1
50,,6,1,6,2,4
50,,7,1,6,6,0
50,,8,1,6,4,2
50,,9,1,6,6,0
50,,10,1,6,5,1
50,,11,1,6,6,0
50,,12,1,6,5,1
50,,13,1,6,4,2
50,,14,1,6,5,1
50,,15,1,6,5,1
50,,0,1,6,5,1
50,,1,1,6,5,1
50,,2,1,6,6,0
50,,3,1,6,6,0
50,,4,1,6,2,4
50,,5,1,6,4,2
50,,6,1,6,4,2
50,,7,1,6,5,1
50,,8,1,6,5,1
50,,9,1,6,4,2
50,,10,1,6,6,0
50,,11,1,6,5,1
50,,12,1,6,4,2
50,,13,1,6,5,1
50,,14,1,6,5,1
50,,15,1,6,5,1
50,,0,1,6,4,2
50,,1,1,6,5,1
50,,2,1,6,4,2
50,,3,1,6,6,0
50,,4,1,6,4,2
50,,5,1,6,5,1
50,,6,1,6,4,2
50,,7,1,6,5,1
50,,8,1,6,5,1
50,,9,1,6,5,1
50,,10,1,6,5,1
50,,11,1,6,5,1
50,,12,1,6,5,1
50,,13,1,6,5,1
50,,14,1,6,2,4
50,,15,1,6,5,1
50,,0,1,6,5,1
50,,1,1,6,4,2
50,,2,1,6,5,1
50,,3,1,6,4,2
50,,4,1,6,4,2
50,,5,1,6,5,1
50,,6,1,6,4,2
50,,7,1,6,5,1
50,,8,1,6,3,3
50,,9,1,6,6,0
50,,10,1,6,3,3
50,,11,1,6,5,1
50,,12,1,6,2,4
50,,13,1,6,2,4
50,,14,1,6,5,1
50,,15,1,6,3,3
50,,0,1,6,5,1
50,,1,1,6,6,0
50,,2,1,6,5,1
50,,3,1,6,4,2
50,,4,1,6,1,5
50,,5,1,6,5,1
50,,6,1,6,5,1
50,,7,1,6,6,0
50,,8,1,6,6,0
50,,9,1,6,5,1
50,,10,1,6,5,1
50,,11,1,6,5,1
50,,12,1,6,6,0
50,,13,1,6,4,2
50,,14,1,6,3,3
50,,15,1,6,3,3
50,,0,1,6,5,1
50,,1,1,6,4,2
50,,2,1,6,6,0
50,,3,1,6,5,1
50,,4,1,6,2,4
50,,5,1,6,6,0
50,,6,1,6,4,2
50,,7,1,6,6,0
50,,8,1,6,4,2
50,,9,1,6,6,0
50,,10,1,6,4,2
50,,11,1,6,6,0
50,,12,1,6,5,1
50,,13,1,6,6,0
50,,14,1,6,4,2
50,,15,1,6,4,2
50,,0,1,6,5,1
50,,1,1,6,6,0
50,,2,1,6,5,1
50,,3,1,6,6,0
50,,4,1,6,1,5
50,,5,1,6,5,1
50,,6,1,6,2,4
50,,7,1,6,6,0
50,,8,1,6,4,2
50,,9,1,6,6,0
50,,10,1,6,5,1
50,,11,1,6,5,1
50,,12,1,6,6,0
50,,13,1,6,4,2
50,,14,1,6,6,0
50,,15,1,6,5,1
50,,0,1,6,3,3
50,,1,1,6,4,2
50,,2,1,6,2,4
50,,3,1,6,6,0
50,,4,1,6,5,1
50,,5,1,6,4,2
50,,6,1,6,3,3
50,,7,1,6,3,3
50,,8,1,6,4,2
50,,9,1,6,4,2
50,,10,1,6,4,2
50,,11,1,6,3,3
50,,12,1,6,5,1
50,,13,1,6,2,4
50,,14,1,6,5,1
50,,15,1,6,6,0
50,,0,1,6,5,1
50,,1,1,6,5,1
50,,2,1,6,6,0
50,,3,1,6,3,3
50,,4,1,6,2,4
50,,5,1,6,6,0
50,,6,1,6,4,2
50,,7,1,6,4,2
50,,8,1,6,5,1
50,,9,1,6,5,1
50,,10,1,6,6,0
50,,11,1,6,5,1
50,,12,1,6,4,2
50,,13,1,6,6,0
50,,14,1,6,4,2
50,,15,1,6,5,1
50,,0,1,6,3,3
50,,1,1,6,6,0
50,,2,1,6,5,1
50,,3,1,6,3,3
50,,4,1,6,2,4
50,,5,1,6,4,2
50,,6,1,6,2,4
50,,7,1,6,4,2
50,,8,1,6,5,1
50,,9,1,6,6,0
50,,10,1,6,4,2
50,,11,1,6,6,0
50,,12,1,6,5,1
50,,13,1,6,4,2
50,,14,1,6,6,0
50,,15,1,6,6,0
50,,0,1,6,3,3
50,,1,1,6,5,1
50,,2,1,6,4,2
50,,3,1,6,6,0
50,,4,1,6,1,5
50,,5,1,6,5,1
50,,6,1,6,5,1
50,,7,1,6,3,3
50,,8,1,6,5,1
50,,9,1,6,5,1
50,,10,1,6,5,1
50,,11,1,6,5,1
50,,12,1,6,6,0
50,,13,1,6,4,2
50,,14,1,6,2,4
50,,15,1,6,5,1
50,,0,1,6,6,0
50,,1,1,6,4,2
50,,2,1,6,4,2
50,,3,1,6,4,2
50,,4,1,6,1,5
50,,5,1,6,6,0
50,,6,1,6,6,0
50,,7,1,6,3,3
50,,8,1,6,5,1
50,,9,1,6,4,2
50,,10,1,6,5,1
50,,11,1,6,4,2
50,,12,1,6,4,2
50,,13,1,6,6,0
50,,14,1,6,4,2
50,,15,1,6,6,0
50,,0,1,6,4,2
50,,1,1,6,3,3
50,,2,1,6,5,1
50,,3,1,6,6,0
50,,4,1,6,2,4
50,,5,1,6,4,2
50,,6,1,6,6,0
50,,7,1,6,6,0
50,,8,1,6,6,0
50,,9,1,6,5,1
50,,10,1,6,6,0
50,,11,1,6,3,3
50,,12,1,6,5,1
50,,13,1,6,5,1
50,,14,1,6,4,2
50,,15,1,6,6,0
50,,0,1,6,5,1
50,,1,1,6,5,1
50,,2,1,6,4,2
50,,3,1,6,6,0
50,,4,1,6,4,2
50,,5,1,6,5,1
50,,6,1,6,5,1
50,,7,1,6,4,2
50,,8,1,6,3,3
50,,9,1,6,5,1
50,,10,1,6,5,1
50,,11,1,6,3,3
50,,12,1,6,5,1
50,,13,1,6,5,1
50,,14,1,6,3,3
50,,15,1,6,5,1
50,,0,1,6,6,0
50,,1,1,6,4,2
50,,2,1,6,5,1
50,,3,1,6,5,1
50,,4,1,6,4,2
50,,5,1,6,5,1
50,,6,1,6,6,0
50,,7,1,6,5,1
50,,8,1,6,6,0
50,,9,1,6,5,1
50,,10,1,6,2,4
50,,11,1,6,6,0
50,,12,1,6,3,3
50,,13,1,6,5,1
50,,14,1,6,3,3
50,,15,1,6,6,0
50,,0,1,6,2,4
50,,1,1,6,5,1
50,,2,1,6,6,0
50,,3,1,6,5,1
50,,4,1,6,6,0
50,,5,1,6,5,1
50,,6,1,6,3,3
50,,7,1,6,6,0
50,,8,1,6,6,0
50,,9,1,6,4,2
50,,10,1,6,5,1
50,,11,1,6,4,2
50,,12,1,6,5,1
50,,13,1,6,4,2
50,,14,1,6,4,2
50,,15,1,6,5,1
50,,0,1,6,4,2
50,,1,1,6,6,0
50,,2,1,6,3,3
50,,3,1,6,5,1
50,,4,1,6,4,2
50,,5,1,6,5,1
50,,6,1,6,3,3
50,,7,1,6,5,1
50,,8,1,6,4,2
50,,9,1,6,4,2
50,,10,1,6,5,1
50,,11,1,6,5,1
50,,12,1,6,3,3
50,,13,1,6,2,4
50,,14,1,6,2,4
50,,15,1,6,6,0
50,,0,1,6,3,3
50,,1,1,6,5,1
50,,2,1,6,3,3
50,,3,1,6,5,1
50,,4,1,6,3,3
50,,5,1,6,6,0
50,,6,1,6,2,4
50,,7,1,6,4,2
50,,8,1,6,4,2
50,,9,1,6,3,3
50,,10,1,6,5,1
50,,11,1,6,6,0
50,,12,1,6,4,2
50,,13,1,6,2,4
50,,14,1,6,1,5
50,,15,1,6,5,1
50,,0,1,6,3,3
50,,1,1,6,5,1
50,,2,1,6,6,0
50,,3,1,6,6,0
50,,4,1,6,3,3
50,,5,1,6,6,0
50,,6,1,6,3,3
50,,7,1,6,4,2
50,,8,1,6,1,5
50,,9,1,6,5,1
50,,10,1,6,4,2
50,,11,1,6,3,3
50,,12,1,6,2,4
50,,13,1,6,3,3
50,,14,1,6,2,4
50,,15,1,6,6,0
50,,0,1,6,5,1
50,,1,1,6,5,1
50,,2,1,6,3,3
50,,3,1,6,5,1
50,,4,1,6,2,4
50,,5,1,6,5,1
50,,6,1,6,5,1
50,,7,1,6,2,4
50,,8,1,6,4,2
50,,9,1,6,3,3
50,,10,1,6,6,0
50,,11,1,6,3,3
50,,12,1,6,5,1
50,,13,1,6,3,3
50,,14,1,6,3,3
50,,15,1,6,5,1
50,,0,1,6,2,4
50,,1,1,6,5,1
50,,2,1,6,5,1
50,,3,1,6,5,1
50,,4,1,6,5,1
50,,5,1,6,5,1
50,,6,1,6,3,3
50,,7,1,6,4,2
50,,8,1,6,5,1
50,,9,1,6,5,1
50,,10,1,6,5,1
50,,11,1,6,5,1
50,,12,1,6,4,2
50,,13,1,6,5,1
50,,14,1,6,3,3
50,,15,1,6,4,2
50,,0,1,6,3,3
50,,1,1,6,5,1
50,,2,1,6,2,4
50,,3,1,6,5,1
50,,4,1,6,5,1
50,,5,1,6,4,2
50,,6,1,6,4,2
50,,7,1,6,3,3
50,,8,1,6,1,5
50,,9,1,6,4,2
50,,10,1,6,5,1
50,,11,1,6,3,3
50,,12,1,6,3,3
50,,13,1,6,6,0
50,,14,1,6,2,4
50,,15,1,6,5,1
50,,0,1,6,5,1
50,,1,1,6,5,1
50,,2,1,6,2,4
50,,3,1,6,6,0
50,,4,1,6,6,0
50,,5,1,6,6,0
50,,6,1,6,3,3
50,,7,1,6,2,4
50,,8,1,6,5,1
50,,9,1,6,4,2
50,,10,1,6,4,2
50,,11,1,6,5,1
50,,12,1,6,4,2
50,,13,1,6,5,1
50,,14,1,6,2,4
50,,15,1,6,6,0
50,,0,1,6,3,3
50,,1,1,6,4,2
50,,2,1,6,2,4
50,,3,1,6,4,2
50,,4,1,6,3,3
50,,5,1,6,5,1
50,,6,1,6,3,3
50,,7,1,6,1,5
50,,8,1,6,4,2
50,,9,1,6,3,3
50,,10,1,6,5,1
50,,11,1,6,3,3
50,,12,1,6,3,3
50,,13,1,6,6,0
50,,14,1,6,2,4
50,,15,1,6,5,1
50,,0,1,6,5,1
50,,1,1,6,3,3
50,,2,1,6,2,4
50,,3,1,6,4,2
50,,4,1,6,5,1
50,,5,1,6,6,0
50,,6,1,6,4,2
50,,7,1,6,4,2
50,,8,1,6,4,2
50,,9,1,6,5,1
50,,10,1,6,4,2
50,,11,1,6,3,3
50,,12,1,6,5,1
50,,13,1,6,5,1
50,,14,1,6,0,6
50,,15,1,6,6,0
50,,0,1,6,3,3
50,,1,1,6,3,3
50,,2,1,6,3,3
50,,3,1,6,6,0
50,,4,1,6,1,5
50,,5,1,6,4,2
50,,6,1,6,4,2
50,,7,1,6,3,3
50,,8,1,6,2,4
50,,9,1,6,3,3
50,,10,1,6,5,1
50,,11,1,6,4,2
50,,12,1,6,4,2
50,,13,1,6,5,1
50,,14,1,6,3,3
50,,15,1,6,3,3
50,,0,1,6,4,2
50,,1,1,6,5,1
50,,2,1,6,4,2
50,,3,1,6,5,1
50,,4,1,6,3,3
50,,5,1,6,3,3
50,,6,1,6,3,3
50,,7,1,6,4,2
50,,8,1,6,4,2
50,,9,1,6,4,2
50,,10,1,6,1,5
50,,11,1,6,1,5
50,,12,1,6,3,3
50,,13,1,6,6,0
50,,14,1,6,1,5
50,,15,1,6,5,1
50,,0,1,6,4,2
50,,1,1,6,5,1
50,,2,1,6,1,5
50,,3,1,6,5,1
50,,4,1,6,3,3
50,,5,1,6,4,2
50,,6,1,6,3,3
50,,7,1,6,3,3
50,,8,1,6,4,2
50,,9,1,6,2,4
50,,10,1,6,3,3
50,,11,1,6,1,5
50,,12,1,6,0,6
50,,13,1,6,4,2
50,,14,1,6,2,4
50,,15,1,6,4,2
100,,0,1,6,1,5
100,,1,1,6,2,4
100,,2,1,6,1,5
100,,3,1,6,0,6
100,,4,1,6,1,5
100,,5,1,6,0,6
100,,6,1,6,1,5
100,,7,1,6,1,5
100,,8,1,6,0,6
100,,9,1,6,1,5
100,,10,1,6,0,6
100,,11,1,6,1,5
100,,12,1,6,2,4
100,,13,1,6,1,5
100,,14,1,6,4,2
100,,15,1,6,2,4
100,,0,1,6,1,5
100,,1,1,6,0,6
100,,2,1,6,3,3
100,,3,1,6,2,4
100,,4,1,6,3,3
100,,5,1,6,1,5
100,,6,1,6,1,5
100,,7,1,6,2,4
100,,8,1,6,4,2
100,,9,1,6,2,4
100,,10,1,6,1,5
100,,11,1,6,0,6
100,,12,1,6,5,1
100,,13,1,6,4,2
100,,14,1,6,3,3
100,,15,1,6,0,6
100,,0,1,6,2,4
100,,1,1,6,3,3
100,,2,1,6,0,6
100,,3,1,6,1,5
100,,4,1,6,1,5
100,,5,1,6,1,5
100,,6,1,6,2,4
100,,7,1,6,2,4
100,,8,1,6,2,4
100,,9,1,6,1,5
100,,10,1,6,5,1
100,,11,1,6,1,5
100,,12,1,6,1,5
100,,13,1,6,3,3
100,,14,1,6,4,2
100,,15,1,6,3,3
100,,0,1,6,5,1
100,,1,1,6,2,4
100,,2,1,6,2,4
100,,3,1,6,4,2
100,,4,1,6,0,6
100,,5,1,6,6,0
100,,6,1,6,5,1
100,,7,1,6,1,5
100,,8,1,6,0,6
100,,9,1,6,2,4
100,,10,1,6,4,2
100,,11,1,6,2,4
100,,12,1,6,5,1
100,,13,1,6,6,0
100,,14,1,6,2,4
100,,15,1,6,5,1
100,,0,1,6,2,4
100,,1,1,6,1,5
100,,2,1,6,1,5
100,,3,1,6,4,2
100,,4,1,6,4,2
100,,5,1,6,3,3
100,,6,1,6,4,2
100,,7,1,6,2,4
100,,8,1,6,2,4
100,,9,1,6,2,4
100,,10,1,6,2,4
100,,11,1,6,3,3
100,,12,1,6,3,3
100,,13,1,6,2,4
100,,14,1,6,3,3
100,,15,1,6,3,3
100,,0,1,6,5,1
100,,1,1,6,2,4
100,,2,1,6,0,6
100,,3,1,6,4,2
100,,4,1,6,3,3
100,,5,1,6,1,5
100,,6,1,6,5,1
100,,7,1,6,2,4
100,,8,1,6,3,3
100,,9,1,6,0,6
100,,10,1,6,4,2
100,,11,1,6,0,6
100,,12,1,6,3,3
100,,13,1,6,5,1
100,,14,1,6,2,4
100,,15,1,6,4,2
100,,0,1,6,3,3
100,,1,1,6,1,5
100,,2,1,6,2,4
100,,3,1,6,4,2
100,,4,1,6,4,2
100,,5,1,6,4,2
100,,6,1,6,4,2
100,,7,1,6,2,4
100,,8,1,6,2,4
100,,9,1,6,2,4
100,,10,1,6,4,2
100,,11,1,6,1,5
100,,12,1,6,3,3
100,,13,1,6,4,2
100,,14,1,6,6,0
100,,15,1,6,5,1
100,,0,1,6,4,2
100,,1,1,6,5,1
100,,2,1,6,1,5
100,,3,1,6,4,2
100,,4,1,6,2,4
100,,5,1,6,5,1
100,,6,1,6,4,2
100,,7,1,6,4,2
100,,8,1,6,2,4
100,,9,1,6,1,5
100,,10,1,6,3,3
100,,11,1,6,1,5
100,,12,1,6,3,3
100,,13,1,6,2,4
100,,14,1,6,4,2
100,,15,1,6,5,1
100,,0,1,6,1,5
100,,1,1,6,1,5
100,,2,1,6,4,2
100,,3,1,6,4,2
100,,4,1,6,1,5
100,,5,1,6,5,1
100,,6,1,6,2,4
100,,7,1,6,1,5
100,,8,1,6,2,4
100,,9,1,6,0,6
100,,10,1,6,2,4
100,,11,1,6,2,4
100,,12,1,6,4,2
100,,13,1,6,5,1
100,,14,1,6,5,1
100,,15,1,6,2,4
100,,0,1,6,4,2
100,,1,1,6,1,5
100,,2,1,6,0,6
100,,3,1,6,5,1
100,,4,1,6,5,1
100,,5,1,6,4,2
100,,6,1,6,2,4
100,,7,1,6,1,5
100,,8,1,6,5,1
100,,9,1,6,1,5
100,,10,1,6,5,1
100,,11,1,6,1,5
100,,12,1,6,2,4
100,,13,1,6,5,1
100,,14,1,6,6,0
100,,15,1,6,4,2
100,,0,1,6,3,3
100,,1,1,6,3,3
100,,2,1,6,5,1
100,,3,1,6,2,4
100,,4,1,6,3,3
100,,5,1,6,3,3
100,,6,1,6,3,3
100,,7,1,6,1,5
100,,8,1,6,1,5
100,,9,1,6,5,1
100,,10,1,6,3,3
100,,11,1,6,2,4
100,,12,1,6,2,4
100,,13,1,6,5,1
100,,14,1,6,5,1
100,,15,1,6,1,5
100,,0,1,6,2,4
100,,1,1,6,2,4
100,,2,1,6,1,5
100,,3,1,6,2,4
100,,4,1,6,1,5
100,,5,1,6,3,3
100,,6,1,6,1,5
100,,7,1,6,2,4
100,,8,1,6,4,2
100,,9,1,6,3,3
100,,10,1,6,2,4
100,,11,1,6,3,3
100,,12,1,6,5,1
100,,13,1,6,1,5
100,,14,1,6,3,3
100,,15,1,6,3,3
100,,0,1,6,4,2
100,,1,1,6,3,3
100,,2,1,6,3,3
100,,3,1,6,1,5
100,,4,1,6,4,2
100,,5,1,6,2,4
100,,6,1,6,3,3
100,,7,1,6,2,4
100,,8,1,6,1,5
100,,9,1,6,2,4
100,,10,1,6,3,3
100,,11,1,6,2,4
100,,12,1,6,3,3
100,,13,1,6,4,2
100,,14,1,6,5,1
100,,15,1,6,4,2
100,,0,1,6,6,0
100,,1,1,6,2,4
100,,2,1,6,3,3
100,,3,1,6,4,2
100,,4,1,6,2,4
100,,5,1,6,2,4
100,,6,1,6,5,1
100,,7,1,6,2,4
100,,8,1,6,2,4
100,,9,1,6,3,3
100,,10,1,6,4,2
100,,11,1,6,0,6
100,,12,1,6,4,2
100,,13,1,6,5,1
100,,14,1,6,6,0
100,,15,1,6,1,5
100,,0,1,6,3,3
100,,1,1,6,2,4
100,,2,1,6,1,5
100,,3,1,6,2,4
100,,4,1,6,3,3
100,,5,1,6,0,6
100,,6,1,6,5,1
100,,7,1,6,0,6
100,,8,1,6,4,2
100,,9,1,6,3,3
100,,10,1,6,5,1
100,,11,1,6,3,3
100,,12,1,6,3,3
100,,13,1,6,6,0
100,,14,1,6,5,1
100,,15,1,6,6,0
100,,0,1,6,4,2
100,,1,1,6,2,4
100,,2,1,6,0,6
100,,3,1,6,0,6
100,,4,1,6,6,0
100,,5,1,6,3,3
100,,6,1,6,4,2
100,,7,1,6,2,4
100,,8,1,6,6,0
100,,9,1,6,4,2
100,,10,1,6,2,4
100,,11,1,6,3,3
100,,12,1,6,1,5
100,,13,1,6,4,2
100,,14,1,6,2,4
100,,15,1,6,4,2
100,,0,1,6,3,3
100,,1,1,6,1,5
100,,2,1,6,1,5
100,,3,1,6,5,1
100,,4,1,6,6,0
100,,5,1,6,5,1
100,,6,1,6,2,4
100,,7,1,6,2,4
100,,8,1,6,3,3
100,,9,1,6,3,3
100,,10,1,6,5,1
100,,11,1,6,1,5
100,,12,1,6,2,4
100,,13,1,6,5,1
100,,14,1,6,6,0
100,,15,1,6,5,1
100,,0,1,6,3,3
100,,1,1,6,3,3
100,,2,1,6,3,3
100,,3,1,6,3,3
100,,4,1,6,5,1
100,,5,1,6,3,3
100,,6,1,6,4,2
100,,7,1,6,1,5
100,,8,1,6,5,1
100,,9,1,6,5,1
100,,10,1,6,4,2
100,,11,1,6,1,5
100,,12,1,6,5,1
100,,13,1,6,4,2
100,,14,1,6,4,2
100,,15,1,6,3,3
100,,0,1,6,2,4
100,,1,1,6,3,3
100,,2,1,6,4,2
100,,3,1,6,3,3
100,,4,1,6,5,1
100,,5,1,6,2,4
100,,6,1,6,5,1
100,,7,1,6,4,2
100,,8,1,6,4,2
100,,9,1,6,5,1
100,,10,1,6,4,2
100,,11,1,6,3,3
100,,12,1,6,6,0
100,,13,1,6,6,0
100,,14,1,6,5,1
100,,15,1,6,4,2
100,,0,1,6,3,3
100,,1,1,6,2,4
100,,2,1,6,3,3
100,,3,1,6,5,1
100,,4,1,6,6,0
100,,5,1,6,2,4
100,,6,1,6,4,2
100,,7,1,6,2,4
100,,8,1,6,4,2
100,,9,1,6,3,3
100,,10,1,6,4,2
100,,11,1,6,2,4
100,,12,1,6,5,1
100,,13,1,6,6,0
100,,14,1,6,4,2
100,,15,1,6,4,2
100,,0,1,6,4,2
100,,1,1,6,2,4
100,,2,1,6,5,1
100,,3,1,6,5,1
100,,4,1,6,5,1
100,,5,1,6,3,3
100,,6,1,6,6,0
100,,7,1,6,5,1
100,,8,1,6,3,3
100,,9,1,6,3,3
100,,10,1,6,4,2
100,,11,1,6,1,5
100,,12,1,6,6,0
100,,13,1,6,5,1
100,,14,1,6,5,1
100,,15,1,6,5,1
100,,0,1,6,5,1
100,,1,1,6,2,4
100,,2,1,6,5,1
100,,3,1,6,4,2
100,,4,1,6,3,3
100,,5,1,6,3,3
100,,6,1,6,6,0
100,,7,1,6,3,3
100,,8,1,6,5,1
100,,9,1,6,5,1
100,,10,1,6,5,1
100,,11,1,6,1,5
100,,12,1,6,5,1
100,,13,1,6,4,2
100,,14,1,6,6,0
100,,15,1,6,5,1
100,,0,1,6,3,3
100,,1,1,6,1,5
100,,2,1,6,3,3
100,,3,1,6,5,1
100,,4,1,6,6,0
100,,5,1,6,5,1
100,,6,1,6,5,1
100,,7,1,6,6,0
100,,8,1,6,6,0
100,,9,1,6,4,2
100,,10,1,6,6,0
100,,11,1,6,2,4
100,,12,1,6,5,1
100,,13,1,6,6,0
100,,14,1,6,4,2
100,,15,1,6,4,2
100,,0,1,6,3,3
100,,1,1,6,3,3
100,,2,1,6,5,1
100,,3,1,6,5,1
100,,4,1,6,3,3
100,,5,1,6,5,1
100,,6,1,6,5,1
100,,7,1,6,1,5
100,,8,1,6,4,2
100,,9,1,6,5,1
100,,10,1,6,4,2
100,,11,1,6,4,2
100,,12,1,6,4,2
100,,13,1,6,6,0
100,,14,1,6,6,0
100,,15,1,6,5,1
100,,0,1,6,4,2
100,,1,1,6,3,3
100,,2,1,6,3,3
100,,3,1,6,4,2
100,,4,1,6,4,2
100,,5,1,6,4,2
100,,6,1,6,6,0
100,,7,1,6,5,1
100,,8,1,6,3,3
100,,9,1,6,3,3
100,,10,1,6,4,2
100,,11,1,6,2,4
100,,12,1,6,5,1
100,,13,1,6,5,1
100,,14,1,6,5,1
100,,15,1,6,5,1
100,,0,1,6,5,1
100,,1,1,6,5,1
100,,2,1,6,2,4
100,,3,1,6,2,4
100,,4,1,6,5,1
100,,5,1,6,1,5
100,,6,1,6,4,2
100,,7,1,6,0,6
100,,8,1,6,4,2
100,,9,1,6,5,1
100,,10,1,6,5,1
100,,11,1,6,2,4
100,,12,1,6,6,0
100,,13,1,6,5,1
100,,14,1,6,3,3
100,,15,1,6,5,1
100,,0,1,6,2,4
100,,1,1,6,3,3
100,,2,1,6,6,0
100,,3,1,6,5,1
100,,4,1,6,5,1
100,,5,1,6,4,2
100,,6,1,6,4,2
100,,7,1,6,4,2
100,,8,1,6,5,1
100,,9,1,6,3,3
100,,10,1,6,3,3
100,,11,1,6,3,3
100,,12,1,6,5,1
100,,13,1,6,6,0
100,,14,1,6,2,4
100,,15,1,6,5,1
100,,0,1,6,6,0
100,,1,1,6,6,0
100,,2,1,6,4,2
100,,3,1,6,5,1
100,,4,1,6,4,2
100,,5,1,6,6,0
100,,6,1,6,5,1
100,,7,1,6,5,1
100,,8,1,6,5,1
100,,9,1,6,4,2
100,,10,1,6,5,1
100,,11,1,6,4,2
100,,12,1,6,4,2
100,,13,1,6,5,1
100,,14,1,6,2,4
100,,15,1,6,6,0
100,,0,1,6,4,2
100,,1,1,6,3,3
100,,2,1,6,5,1
100,,3,1,6,5,1
100,,4,1,6,5,1
100,,5,1,6,5,1
100,,6,1,6,6,0
100,,7,1,6,6,0
100,,8,1,6,5,1
100,,9,1,6,4,2
100,,10,1,6,6,0
100,,11,1,6,0,6
100,,12,1,6,6,0
100,,13,1,6,6,0
100,,14,1,6,4,2
100,,15,1,6,6,0
100,,0,1,6,5,1
100,,1,1,6,5,1
100,,2,1,6,5,1
100,,3,1,6,3,3
100,,4,1,6,5,1
100,,5,1,6,2,4
100,,6,1,6,5,1
100,,7,1,6,4,2
100,,8,1,6,4,2
100,,9,1,6,4,2
100,,10,1,6,6,0
100,,11,1,6,5,1
100,,12,1,6,5,1
100,,13,1,6,5,1
100,,14,1,6,1,5
100,,15,1,6,4,2
100,,0,1,6,4,2
100,,1,1,6,6,0
100,,2,1,6,6,0
100,,3,1,6,5,1
100,,4,1,6,4,2
100,,5,1,6,4,2
100,,6,1,6,5,1
100,,7,1,6,4,2
100,,8,1,6,5,1
100,,9,1,6,1,5
100,,10,1,6,6,0
100,,11,1,6,2,4
100,,12,1,6,6,0
100,,13,1,6,5,1
100,,14,1,6,5,1
100,,15,1,6,6,0
100,,0,1,6,4,2
100,,1,1,6,5,1
100,,2,1,6,5,1
100,,3,1,6,4,2
100,,4,1,6,2,4
100,,5,1,6,6,0
100,,6,1,6,5,1
100,,7,1,6,2,4
100,,8,1,6,4,2
100,,9,1,6,6,0
100,,10,1,6,4,2
100,,11,1,6,4,2
100,,12,1,6,6,0
100,,13,1,6,5,1
100,,14,1,6,3,3
100,,15,1,6,5,1
100,,0,1,6,5,1
100,,1,1,6,3,3
100,,2,1,6,6,0
100,,3,1,6,5,1
100,,4,1,6,4,2
100,,5,1,6,6,0
100,,6,1,6,5,1
100,,7,1,6,2,4
100,,8,1,6,3,3
100,,9,1,6,6,0
100,,10,1,6,5,1
100,,11,1,6,5,1
100,,12,1,6,4,2
100,,13,1,6,5,1
100,,14,1,6,5,1
100,,15,1,6,3,3
100,,0,1,6,6,0
100,,1,1,6,4,2
100,,2,1,6,4,2
100,,3,1,6,6,0
100,,4,1,6,5,1
100,,5,1,6,4,2
100,,6,1,6,6,0
100,,7,1,6,6,0
100,,8,1,6,4,2
100,,9,1,6,4,2
100,,10,1,6,5,1
100,,11,1,6,5,1
100,,12,1,6,3,3
100,,13,1,6,5,1
100,,14,1,6,3,3
100,,15,1,6,4,2
100,,0,1,6,5,1
100,,1,1,6,6,0
100,,2,1,6,5,1
100,,3,1,6,5,1
100,,4,1,6,2,4
100,,5,1,6,5,1
100,,6,1,6,5,1
100,,7,1,6,5,1
100,,8,1,6,3,3
100,,9,1,6,2,4
100,,10,1,6,6,0
100,,11,1,6,6,0
100,,12,1,6,6,0
100,,13,1,6,6,0
100,,14,1,6,1,5
100,,15,1,6,4,2
100,,0,1,6,4,2
100,,1,1,6,4,2
100,,2,1,6,5,1
100,,3,1,6,5,1
100,,4,1,6,4,2
100,,5,1,6,2,4
100,,6,1,6,5,1
100,,7,1,6,6,0
100,,8,1,6,6,0
100,,9,1,6,5,1
100,,10,1,6,5,1
100,,11,1,6,3,3
100,,12,1,6,4,2
100,,13,1,6,5,1
100,,14,1,6,3,3
100,,15,1,6,4,2
100,,0,1,6,4,2
100,,1,1,6,3,3
100,,2,1,6,5,1
100,,3,1,6,6,0
100,,4,1,6,4,2
100,,5,1,6,3,3
100,,6,1,6,6,0
100,,7,1,6,4,2
100,,8,1,6,4,2
100,,9,1,6,3,3
100,,10,1,6,6,0
100,,11,1,6,5,1
100,,12,1,6,4,2
100,,13,1,6,5,1
100,,14,1,6,5,1
100,,15,1,6,5,1
100,,0,1,6,5,1
100,,1,1,6,3,3
100,,2,1,6,4,2
100,,3,1,6,4,2
100,,4,1,6,3,3
100,,5,1,6,4,2
100,,6,1,6,5,1
100,,7,1,6,6,0
100,,8,1,6,4,2
100,,9,1,6,4,2
100,,10,1,6,4,2
100,,11,1,6,4,2
100,,12,1,6,3,3
100,,13,1,6,6,0
100,,14,1,6,2,4
100,,15,1,6,6,0
100,,0,1,6,4,2
100,,1,1,6,5,1
100,,2,1,6,6,0
100,,3,1,6,5,1
100,,4,1,6,3,3
100,,5,1,6,3,3
100,,6,1,6,5,1
100,,7,1,6,6,0
100,,8,1,6,5,1
100,,9,1,6,3,3
100,,10,1,6,6,0
100,,11,1,6,4,2
100,,12,1,6,6,0
100,,13,1,6,5,1
100,,14,1,6,2,4
100,,15,1,6,3,3
100,,0,1,6,5,1
100,,1,1,6,6,0
100,,2,1,6,5,1
100,,3,1,6,2,4
100,,4,1,6,4,2
100,,5,1,6,4,2
100,,6,1,6,6,0
100,,7,1,6,3,3
100,,8,1,6,5,1
100,,9,1,6,6,0
100,,10,1,6,6,0
100,,11,1,6,5,1
100,,12,1,6,4,2
100,,13,1,6,5,1
100,,14,1,6,4,2
100,,15,1,6,4,2
100,,0,1,6,3,3
100,,1,1,6,5,1
100,,2,1,6,4,2
100,,3,1,6,5,1
100,,4,1,6,6,0
100,,5,1,6,4,2
100,,6,1,6,5,1
100,,7,1,6,4,2
100,,8,1,6,5,1
100,,9,1,6,4,2
100,,10,1,6,5,1
100,,11,1,6,6,0
100,,12,1,6,4,2
100,,13,1,6,4,2
100,,14,1,6,3,3
100,,15,1,6,4,2
100,,0,1,6,2,4
100,,1,1,6,5,1
100,,2,1,6,6,0
100,,3,1,6,6,0
100,,4,1,6,3,3
100,,5,1,6,4,2
100,,6,1,6,1,5
100,,7,1,6,1,5
100,,8,1,6,5,1
100,,9,1,6,6,0
100,,10,1,6,6,0
100,,11,1,6,4,2
100,,12,1,6,3,3
100,,13,1,6,3,3
100,,14,1,6,2,4
100,,15,1,6,5,1
100,,0,1,6,4,2
100,,1,1,6,5,1
100,,2,1,6,5,1
100,,3,1,6,6,0
100,,4,1,6,5,1
100,,5,1,6,4,2
100,,6,1,6,6,0
100,,7,1,6,4,2
100,,8,1,6,2,4
100,,9,1,6,1,5
100,,10,1,6,5,1
100,,11,1,6,4,2
100,,12,1,6,4,2
100,,13,1,6,5,1
100,,14,1,6,4,2
100,,15,1,6,6,0
100,,0,1,6,1,5
100,,1,1,6,6,0
100,,2,1,6,4,2
100,,3,1,6,5,1
100,,4,1,6,5,1
100,,5,1,6,3,3
100,,6,1,6,4,2
100,,7,1,6,6,0
100,,8,1,6,6,0
100,,9,1,6,3,3
100,,10,1,6,6,0
100,,11,1,6,6,0
100,,12,1,6,3,3
100,,13,1,6,6,0
100,,14,1,6,3,3
100,,15,1,6,5,1
100,,0,1,6,4,2
100,,1,1,6,6,0
100,,2,1,6,2,4
100,,3,1,6,6,0
100,,4,1,6,4,2
100,,5,1,6,4,2
100,,6,1,6,4,2
100,,7,1,6,6,0
100,,8,1,6,2,4
100,,9,1,6,2,4
100,,10,1,6,5,1
100,,11,1,6,5,1
100,,12,1,6,5,1
100,,13,1,6,5,1
100,,14,1,6,3,3
100,,15,1,6,5,1
100,,0,1,6,4,2
100,,1,1,6,5,1
100,,2,1,6,4,2
100,,3,1,6,4,2
100,,4,1,6,5,1
100,,5,1,6,4,2
100,,6,1,6,3,3
100,,7,1,6,4,2
100,,8,1,6,5,1
100,,9,1,6,1,5
100,,10,1,6,4,2
100,,11,1,6,5,1
100,,12,1,6,3,3
100,,13,1,6,5,1
100,,14,1,6,6,0
100,,15,1,6,3,3
100,,0,1,6,3,3
100,,1,1,6,5,1
100,,2,1,6,3,3
100,,3,1,6,4,2
100,,4,1,6,2,4
100,,5,1,6,4,2
100,,6,1,6,5,1
100,,7,1,6,6,0
100,,8,1,6,6,0
100,,9,1,6,2,4
100,,10,1,6,5,1
100,,11,1,6,6,0
100,,12,1,6,3,3
100,,13,1,6,5,1
100,,14,1,6,6,0
100,,15,1,6,6,0
100,,0,1,6,5,1
100,,1,1,6,3,3
100,,2,1,6,5,1
100,,3,1,6,6,0
100,,4,1,6,3,3
100,,5,1,6,4,2
100,,6,1,6,5,1
100,,7,1,6,3,3
100,,8,1,6,6,0
100,,9,1,6,3,3
100,,10,1,6,4,2
100,,11,1,6,4,2
100,,12,1,6,6,0
100,,13,1,6,6,0
100,,14,1,6,2,4
100,,15,1,6,4,2
100,,0,1,6,2,4
100,,1,1,6,4,2
100,,2,1,6,3,3
100,,3,1,6,5,1
100,,4,1,6,2,4
100,,5,1,6,5,1
100,,6,1,6,5,1
100,,7,1,6,4,2
100,,8,1,6,6,0
100,,9,1,6,4,2
100,,10,1,6,5,1
100,,11,1,6,4,2
100,,12,1,6,5,1
100,,13,1,6,4,2
100,,14,1,6,6,0
100,,15,1,6,4,2
100,,0,1,6,3,3
100,,1,1,6,5,1
100,,2,1,6,5,1
100,,3,1,6,5,1
100,,4,1,6,4,2
100,,5,1,6,5,1
100,,6,1,6,4,2
100,,7,1,6,6,0
100,,8,1,6,2,4
100,,9,1,6,2,4
100,,10,1,6,6,0
100,,11,1,6,5,1
100,,12,1,6,4,2
100,,13,1,6,4,2
100,,14,1,6,2,4
100,,15,1,6,4,2
100,,0,1,6,3,3
100,,1,1,6,4,2
100,,2,1,6,2,4
100,,3,1,6,4,2
100,,4,1,6,2,4
100,,5,1,6,3,3
100,,6,1,6,6,0
100,,7,1,6,5,1
100,,8,1,6,3,3
100,,9,1,6,2,4
100,,10,1,6,4,2
100,,11,1,6,5,1
100,,12,1,6,3,3
100,,13,1,6,2,4
100,,14,1,6,5,1
100,,15,1,6,2,4
100,,0,1,6,3,3
100,,1,1,6,4,2
100,,2,1,6,4,2
100,,3,1,6,2,4
100,,4,1,6,4,2
100,,5,1,6,2,4
100,,6,1,6,4,2
100,,7,1,6,1,5
100,,8,1,6,1,5
100,,9,1,6,1,5
100,,10,1,6,3,3
100,,11,1,6,4,2
100,,12,1,6,5,1
100,,13,1,6,5,1
100,,14,1,6,5,1
100,,15,1,6,5,1
100,,0,1,6,4,2
100,,1,1,6,4,2
100,,2,1,6,3,3
100,,3,1,6,2,4
100,,4,1,6,3,3
100,,5,1,6,2,4
100,,6,1,6,4,2
100,,7,1,6,6,0
100,,8,1,6,5,1
100,,9,1,6,4,2
100,,10,1,6,6,0
100,,11,1,6,5,1
100,,12,1,6,4,2
100,,13,1,6,2,4
100,,14,1,6,4,2
100,,15,1,6,6,0
100,,0,1,6,2,4
100,,1,1,6,5,1
100,,2,1,6,5,1
100,,3,1,6,3,3
100,,4,1,6,4,2
100,,5,1,6,3,3
100,,6,1,6,1,5
100,,7,1,6,6,0
100,,8,1,6,6,0
100,,9,1,6,2,4
100,,10,1,6,4,2
100,,11,1,6,5,1
100,,12,1,6,3,3
100,,13,1,6,2,4
100,,14,1,6,3,3
100,,15,1,6,1,5
100,,0,1,6,2,4
100,,1,1,6,4,2
100,,2,1,6,4,2
100,,3,1,6,2,4
100,,4,1,6,1,5
100,,5,1,6,2,4
100,,6,1,6,3,3
100,,7,1,6,3,3
100,,8,1,6,4,2
100,,9,1,6,2,4
100,,10,1,6,3,3
100,,11,1,6,5,1
100,,12,1,6,3,3
100,,13,1,6,0,6
100,,14,1,6,4,2
100,,15,1,6,2,4
100,,0,1,6,2,4
100,,1,1,6,4,2
100,,2,1,6,3,3
100,,3,1,6,6,0
100,,4,1,6,1,5
100,,5,1,6,0,6
100,,6,1,6,5,1
100,,7,1,6,2,4
100,,8,1,6,3,3
100,,9,1,6,2,4
100,,10,1,6,6,0
100,,11,1,6,5,1
100,,12,1,6,6,0
100,,13,1,6,5,1
100,,14,1,6,6,0
100,,15,1,6,2,4
100,,0,1,6,1,5
100,,1,1,6,6,0
100,,2,1,6,3,3
100,,3,1,6,2,4
100,,4,1,6,3,3
100,,5,1,6,3,3
100,,6,1,6,5,1
100,,7,1,6,1,5
100,,8,1,6,3,3
100,,9,1,6,3,3
100,,10,1,6,3,3
100,,11,1,6,4,2
100,,12,1,6,3,3
100,,13,1,6,5,1
100,,14,1,6,3,3
100,,15,1,6,3,3
100,,0,1,6,1,5
100,,1,1,6,6,0
100,,2,1,6,6,0
100,,3,1,6,2,4
100,,4,1,6,1,5
100,,5,1,6,2,4
100,,6,1,6,6,0
100,,7,1,6,3,3
100,,8,1,6,2,4
100,,9,1,6,2,4
100,,10,1,6,6,0
100,,11,1,6,4,2
100,,12,1,6,5,1
100,,13,1,6,5,1
100,,14,1,6,5,1
100,,15,1,6,3,3
100,,0,1,6,2,4
100,,1,1,6,5,1
100,,2,1,6,2,4
100,,3,1,6,5,1
100,,4,1,6,3,3
100,,5,1,6,3,3
100,,6,1,6,2,4
100,,7,1,6,4,2
100,,8,1,6,2,4
100,,9,1,6,4,2
100,,10,1,6,4,2
100,,11,1,6,1,5
100,,12,1,6,5,1
100,,13,1,6,4,2
100,,14,1,6,3,3
100,,15,1,6,4,2
150,,0,1,6,2,4
150,,1,1,6,1,5
150,,2,1,6,3,3
150,,3,1,6,2,4
150,,4,1,6,0,6
150,,5,1,6,1,5
150,,6,1,6,3,3
150,,7,1,6,1,5
150,,8,1,6,3,3
150,,9,1,6,2,4
150,,10,1,6,1,5
150,,11,1,6,1,5
150,,12,1,6,1,5
150,,13,1,6,0,6
150,,14,1,6,0,6
150,,15,1,6,1,5
150,,0,1,6,2,4
150,,1,1,6,2,4
150,,2,1,6,0,6
150,,3,1,6,2,4
150,,4,1,6,1,5
150,,5,1,6,2,4
150,,6,1,6,1,5
150,,7,1,6,3,3
150,,8,1,6,3,3
150,,9,1,6,0,6
150,,10,1,6,2,4
150,,11,1,6,4,2
150,,12,1,6,0,6
150,,13,1,6,2,4
150,,14,1,6,0,6
150,,15,1,6,2,4
150,,0,1,6,2,4
150,,1,1,6,2,4
150,,2,1,6,1,5
150,,3,1,6,3,3
150,,4,1,6,2,4
150,,5,1,6,2,4
150,,6,1,6,1,5
150,,7,1,6,1,5
150,,8,1,6,1,5
150,,9,1,6,2,4
150,,10,1,6,1,5
150,,11,1,6,2,4
150,,12,1,6,4,2
150,,13,1,6,2,4
150,,14,1,6,2,4
150,,15,1,6,3,3
150,,0,1,6,3,3
150,,1,1,6,6,0
150,,2,1,6,1,5
150,,3,1,6,1,5
150,,4,1,6,5,1
150,,5,1,6,4,2
150,,6,1,6,4,2
150,,7,1,6,1,5
150,,8,1,6,3,3
150,,9,1,6,3,3
150,,10,1,6,1,5
150,,11,1,6,3,3
150,,12,1,6,1,5
150,,13,1,6,2,4
150,,14,1,6,0,6
150,,15,1,6,4,2
150,,0,1,6,2,4
150,,1,1,6,6,0
150,,2,1,6,2,4
150,,3,1,6,2,4
150,,4,1,6,5,1
150,,5,1,6,6,0
150,,6,1,6,4,2
150,,7,1,6,3,3
150,,8,1,6,1,5
150,,9,1,6,3,3
150,,10,1,6,3,3
150,,11,1,6,5,1
150,,12,1,6,3,3
150,,13,1,6,3,3
150,,14,1,6,1,5
150,,15,1,6,3,3
150,,0,1,6,3,3
150,,1,1,6,2,4
150,,2,1,6,2,4
150,,3,1,6,1,5
150,,4,1,6,2,4
150,,5,1,6,5,1
150,,6,1,6,2,4
150,,7,1,6,0,6
150,,8,1,6,3,3
150,,9,1,6,0,6
150,,10,1,6,1,5
150,,11,1,6,1,5
150,,12,1,6,1,5
150,,13,1,6,2,4
150,,14,1,6,1,5
150,,15,1,6,4,2
150,,0,1,6,4,2
150,,1,1,6,6,0
150,,2,1,6,5,1
150,,3,1,6,2,4
150,,4,1,6,5,1
150,,5,1,6,3,3
150,,6,1,6,2,4
150,,7,1,6,0,6
150,,8,1,6,2,4
150,,9,1,6,4,2
150,,10,1,6,2,4
150,,11,1,6,6,0
150,,12,1,6,4,2
150,,13,1,6,6,0
150,,14,1,6,0,6
150,,15,1,6,5,1
150,,0,1,6,2,4
150,,1,1,6,2,4
150,,2,1,6,5,1
150,,3,1,6,1,5
150,,4,1,6,3,3
150,,5,1,6,3,3
150,,6,1,6,5,1
150,,7,1,6,1,5
150,,8,1,6,2,4
150,,9,1,6,1,5
150,,10,1,6,1,5
150,,11,1,6,2,4
150,,12,1,6,4,2
150,,13,1,6,1,5
150,,14,1,6,1,5
150,,15,1,6,5,1
150,,0,1,6,4,2
150,,1,1,6,1,5
150,,2,1,6,2,4
150,,3,1,6,1,5
150,,4,1,6,4,2
150,,5,1,6,3,3
150,,6,1,6,2,4
150,,7,1,6,2,4
150,,8,1,6,2,4
150,,9,1,6,1,5
150,,10,1,6,3,3
150,,11,1,6,4,2
150,,12,1,6,3,3
150,,13,1,6,2,4
150,,14,1,6,3,3
150,,15,1,6,4,2
150,,0,1,6,0,6
150,,1,1,6,3,3
150,,2,1,6,3,3
150,,3,1,6,6,0
150,,4,1,6,4,2
150,,5,1,6,2,4
150,,6,1,6,2,4
150,,7,1,6,1,5
150,,8,1,6,2,4
150,,9,1,6,2,4
150,,10,1,6,1,5
150,,11,1,6,2,4
150,,12,1,6,1,5
150,,13,1,6,2,4
150,,14,1,6,3,3
150,,15,1,6,4,2
150,,0,1,6,4,2
150,,1,1,6,1,5
150,,2,1,6,4,2
150,,3,1,6,3,3
150,,4,1,6,5,1
150,,5,1,6,2,4
150,,6,1,6,2,4
150,,7,1,6,3,3
150,,8,1,6,0,6
150,,9,1,6,2,4
150,,10,1,6,2,4
150,,11,1,6,1,5
150,,12,1,6,2,4
150,,13,1,6,2,4
150,,14,1,6,2,4
150,,15,1,6,4,2
150,,0,1,6,2,4
150,,1,1,6,0,6
150,,2,1,6,4,2
150,,3,1,6,1,5
150,,4,1,6,4,2
150,,5,1,6,3,3
150,,6,1,6,4,2
150,,7,1,6,1,5
150,,8,1,6,2,4
150,,9,1,6,3,3
150,,10,1,6,1,5
150,,11,1,6,3,3
150,,12,1,6,4,2
150,,13,1,6,6,0
150,,14,1,6,2,4
150,,15,1,6,6,0
150,,0,1,6,3,3
150,,1,1,6,3,3
150,,2,1,6,6,0
150,,3,1,6,2,4
150,,4,1,6,2,4
150,,5,1,6,3,3
150,,6,1,6,4,2
150,,7,1,6,0,6
150,,8,1,6,3,3
150,,9,1,6,1,5
150,,10,1,6,2,4
150,,11,1,6,3,3
150,,12,1,6,4,2
150,,13,1,6,6,0
150,,14,1,6,5,1
150,,15,1,6,6,0
150,,0,1,6,2,4
150,,1,1,6,4,2
150,,2,1,6,5,1
150,,3,1,6,3,3
150,,4,1,6,3,3
150,,5,1,6,2,4
150,,6,1,6,4,2
150,,7,1,6,2,4
150,,8,1,6,3,3
150,,9,1,6,2,4
150,,10,1,6,2,4
150,,11,1,6,5,1
150,,12,1,6,5,1
150,,13,1,6,6,0
150,,14,1,6,1,5
150,,15,1,6,5,1
150,,0,1,6,1,5
150,,1,1,6,3,3
150,,2,1,6,1,5
150,,3,1,6,0,6
150,,4,1,6,1,5
150,,5,1,6,4,2
150,,6,1,6,1,5
150,,7,1,6,0,6
150,,8,1,6,2,4
150,,9,1,6,2,4
150,,10,1,6,2,4
150,,11,1,6,1,5
150,,12,1,6,5,1
150,,13,1,6,3,3
150,,14,1,6,4,2
150,,15,1,6,4,2
150,,0,1,6,4,2
150,,1,1,6,3,3
150,,2,1,6,3,3
150,,3,1,6,1,5
150,,4,1,6,3,3
150,,5,1,6,2,4
150,,6,1,6,4,2
150,,7,1,6,5,1
150,,8,1,6,0,6
150,,9,1,6,1,5
150,,10,1,6,2,4
150,,11,1,6,5,1
150,,12,1,6,1,5
150,,13,1,6,4,2
150,,14,1,6,4,2
150,,15,1,6,5,1
150,,0,1,6,3,3
150,,1,1,6,1,5
150,,2,1,6,3,3
150,,3,1,6,3,3
150,,4,1,6,4,2
150,,5,1,6,6,0
150,,6,1,6,6,0
150,,7,1,6,5,1
150,,8,1,6,2,4
150,,9,1,6,1,5
150,,10,1,6,2,4
150,,11,1,6,5,1
150,,12,1,6,5,1
150,,13,1,6,4,2
150,,14,1,6,4,2
150,,15,1,6,4,2
150,,0,1,6,3,3
150,,1,1,6,2,4
150,,2,1,6,1,5
150,,3,1,6,0,6
150,,4,1,6,2,4
150,,5,1,6,2,4
150,,6,1,6,3,3
150,,7,1,6,2,4
150,,8,1,6,6,0
150,,9,1,6,1,5
150,,10,1,6,3,3
150,,11,1,6,3,3
150,,12,1,6,1,5
150,,13,1,6,3,3
150,,14,1,6,4,2
150,,15,1,6,5,1
150,,0,1,6,2,4
150,,1,1,6,2,4
150,,2,1,6,3,3
150,,3,1,6,3,3
150,,4,1,6,3,3
150,,5,1,6,4,2
150,,6,1,6,6,0
150,,7,1,6,2,4
150,,8,1,6,6,0
150,,9,1,6,5,1
150,,10,1,6,2,4
150,,11,1,6,5,1
150,,12,1,6,4,2
150,,13,1,6,3,3
150,,14,1,6,4,2
150,,15,1,6,5,1
150,,0,1,6,3,3
150,,1,1,6,6,0
150,,2,1,6,1,5
150,,3,1,6,1,5
150,,4,1,6,4,2
150,,5,1,6,4,2
150,,6,1,6,5,1
150,,7,1,6,1,5
150,,8,1,6,4,2
150,,9,1,6,0,6
150,,10,1,6,2,4
150,,11,1,6,2,4
150,,12,1,6,1,5
150,,13,1,6,4,2
150,,14,1,6,4,2
150,,15,1,6,3,3
150,,0,1,6,4,2
150,,1,1,6,5,1
150,,2,1,6,3,3
150,,3,1,6,2,4
150,,4,1,6,3,3
150,,5,1,6,2,4
150,,6,1,6,4,2
150,,7,1,6,6,0
150,,8,1,6,5,1
150,,9,1,6,3,3
150,,10,1,6,2,4
150,,11,1,6,2,4
150,,12,1,6,2,4
150,,13,1,6,5,1
150,,14,1,6,3,3
150,,15,1,6,5,1
150,,0,1,6,2,4
150,,1,1,6,3,3
150,,2,1,6,3,3
150,,3,1,6,1,5
150,,4,1,6,1,5
150,,5,1,6,1,5
150,,6,1,6,3,3
150,,7,1,6,3,3
150,,8,1,6,5,1
150,,9,1,6,5,1
150,,10,1,6,2,4
150,,11,1,6,3,3
150,,12,1,6,6,0
150,,13,1,6,5,1
150,,14,1,6,4,2
150,,15,1,6,6,0
150,,0,1,6,3,3
150,,1,1,6,4,2
150,,2,1,6,6,0
150,,3,1,6,4,2
150,,4,1,6,4,2
150,,5,1,6,5,1
150,,6,1,6,4,2
150,,7,1,6,6,0
150,,8,1,6,5,1
150,,9,1,6,3,3
150,,10,1,6,3,3
150,,11,1,6,6,0
150,,12,1,6,3,3
150,,13,1,6,6,0
150,,14,1,6,4,2
150,,15,1,6,5,1
150,,0,1,6,5,1
150,,1,1,6,4,2
150,,2,1,6,6,0
150,,3,1,6,4,2
150,,4,1,6,3,3
150,,5,1,6,5,1
150,,6,1,6,4,2
150,,7,1,6,4,2
150,,8,1,6,5,1
150,,9,1,6,1,5
150,,10,1,6,2,4
150,,11,1,6,2,4
150,,12,1,6,4,2
150,,13,1,6,4,2
150,,14,1,6,5,1
150,,15,1,6,5,1
150,,0,1,6,6,0
150,,1,1,6,4,2
150,,2,1,6,3,3
150,,3,1,6,1,5
150,,4,1,6,4,2
150,,5,1,6,5,1
150,,6,1,6,6,0
150,,7,1,6,3,3
150,,8,1,6,6,0
150,,9,1,6,1,5
150,,10,1,6,3,3
150,,11,1,6,4,2
150,,12,1,6,3,3
150,,13,1,6,5,1
150,,14,1,6,4,2
150,,15,1,6,6,0
150,,0,1,6,2,4
150,,1,1,6,6,0
150,,2,1,6,2,4
150,,3,1,6,5,1
150,,4,1,6,3,3
150,,5,1,6,5,1
150,,6,1,6,5,1
150,,7,1,6,3,3
150,,8,1,6,5,1
150,,9,1,6,5,1
150,,10,1,6,1,5
150,,11,1,6,4,2
150,,12,1,6,4,2
150,,13,1,6,4,2
150,,14,1,6,3,3
150,,15,1,6,6,0
150,,0,1,6,4,2
150,,1,1,6,5,1
150,,2,1,6,1,5
150,,3,1,6,3,3
150,,4,1,6,4,2
150,,5,1,6,4,2
150,,6,1,6,5,1
150,,7,1,6,2,4
150,,8,1,6,4,2
150,,9,1,6,5,1
150,,10,1,6,2,4
150,,11,1,6,4,2
150,,12,1,6,5,1
150,,13,1,6,6,0
150,,14,1,6,3,3
150,,15,1,6,5,1
150,,0,1,6,3,3
150,,1,1,6,4,2
150,,2,1,6,2,4
150,,3,1,6,3,3
150,,4,1,6,5,1
150,,5,1,6,4,2
150,,6,1,6,5,1
150,,7,1,6,2,4
150,,8,1,6,6,0
150,,9,1,6,2,4
150,,10,1,6,2,4
150,,11,1,6,3,3
150,,12,1,6,2,4
150,,13,1,6,4,2
150,,14,1,6,4,2
150,,15,1,6,5,1
150,,0,1,6,2,4
150,,1,1,6,4,2
150,,2,1,6,4,2
150,,3,1,6,5,1
150,,4,1,6,6,0
150,,5,1,6,5,1
150,,6,1,6,5,1
150,,7,1,6,3,3
150,,8,1,6,3,3
150,,9,1,6,6,0
150,,10,1,6,2,4
150,,11,1,6,1,5
150,,12,1,6,2,4
150,,13,1,6,4,2
150,,14,1,6,3,3
150,,15,1,6,5,1
150,,0,1,6,3,3
150,,1,1,6,3,3
150,,2,1,6,3,3
150,,3,1,6,6,0
150,,4,1,6,5,1
150,,5,1,6,5,1
150,,6,1,6,5,1
150,,7,1,6,4,2
150,,8,1,6,2,4
150,,9,1,6,6,0
150,,10,1,6,4,2
150,,11,1,6,2,4
150,,12,1,6,4,2
150,,13,1,6,5,1
150,,14,1,6,5,1
150,,15,1,6,2,4
150,,0,1,6,2,4
150,,1,1,6,4,2
150,,2,1,6,4,2
150,,3,1,6,3,3
150,,4,1,6,6,0
150,,5,1,6,5,1
150,,6,1,6,3,3
150,,7,1,6,2,4
150,,8,1,6,4,2
150,,9,1,6,5,1
150,,10,1,6,4,2
150,,11,1,6,1,5
150,,12,1,6,5,1
150,,13,1,6,5,1
150,,14,1,6,5,1
150,,15,1,6,3,3
150,,0,1,6,4,2
150,,1,1,6,4,2
150,,2,1,6,6,0
150,,3,1,6,6,0
150,,4,1,6,5,1
150,,5,1,6,5,1
150,,6,1,6,5,1
150,,7,1,6,4,2
150,,8,1,6,5,1
150,,9,1,6,4,2
150,,10,1,6,1,5
150,,11,1,6,3,3
150,,12,1,6,3,3
150,,13,1,6,5,1
150,,14,1,6,4,2
150,,15,1,6,5,1
150,,0,1,6,3,3
150,,1,1,6,5,1
150,,2,1,6,4,2
150,,3,1,6,6,0
150,,4,1,6,6,0
150,,5,1,6,4,2
150,,6,1,6,5,1
150,,7,1,6,4,2
150,,8,1,6,3,3
150,,9,1,6,5,1
150,,10,1,6,4,2
150,,11,1,6,2,4
150,,12,1,6,2,4
150,,13,1,6,5,1
150,,14,1,6,4,2
150,,15,1,6,2,4
150,,0,1,6,4,2
150,,1,1,6,4,2
150,,2,1,6,6,0
150,,3,1,6,6,0
150,,4,1,6,5,1
150,,5,1,6,6,0
150,,6,1,6,4,2
150,,7,1,6,6,0
150,,8,1,6,5,1
150,,9,1,6,6,0
150,,10,1,6,3,3
150,,11,1,6,6,0
150,,12,1,6,3,3
150,,13,1,6,2,4
150,,14,1,6,4,2
150,,15,1,6,6,0
150,,0,1,6,3,3
150,,1,1,6,6,0
150,,2,1,6,4,2
150,,3,1,6,6,0
150,,4,1,6,4,2
150,,5,1,6,6,0
150,,6,1,6,6,0
150,,7,1,6,2,4
150,,8,1,6,6,0
150,,9,1,6,5,1
150,,10,1,6,1,5
150,,11,1,6,3,3
150,,12,1,6,2,4
150,,13,1,6,3,3
150,,14,1,6,3,3
150,,15,1,6,6,0
150,,0,1,6,1,5
150,,1,1,6,3,3
150,,2,1,6,5,1
150,,3,1,6,5,1
150,,4,1,6,3,3
150,,5,1,6,3,3
150,,6,1,6,5,1
150,,7,1,6,6,0
150,,8,1,6,5,1
150,,9,1,6,5,1
150,,10,1,6,1,5
150,,11,1,6,1,5
150,,12,1,6,3,3
150,,13,1,6,6,0
150,,14,1,6,5,1
150,,15,1,6,3,3
150,,0,1,6,1,5
150,,1,1,6,4,2
150,,2,1,6,6,0
150,,3,1,6,5,1
150,,4,1,6,4,2
150,,5,1,6,6,0
150,,6,1,6,3,3
150,,7,1,6,4,2
150,,8,1,6,4,2
150,,9,1,6,5,1
150,,10,1,6,3,3
150,,11,1,6,3,3
150,,12,1,6,6,0
150,,13,1,6,4,2
150,,14,1,6,5,1
150,,15,1,6,5,1
150,,0,1,6,2,4
150,,1,1,6,5,1
150,,2,1,6,4,2
150,,3,1,6,6,0
150,,4,1,6,4,2
150,,5,1,6,6,0
150,,6,1,6,6,0
150,,7,1,6,4,2
150,,8,1,6,4,2
150,,9,1,6,5,1
150,,10,1,6,3,3
150,,11,1,6,0,6
150,,12,1,6,2,4
150,,13,1,6,5,1
150,,14,1,6,1,5
150,,15,1,6,5,1
150,,0,1,6,1,5
150,,1,1,6,5,1
150,,2,1,6,4,2
150,,3,1,6,6,0
150,,4,1,6,4,2
150,,5,1,6,4,2
150,,6,1,6,6,0
150,,7,1,6,5,1
150,,8,1,6,3,3
150,,9,1,6,4,2
150,,10,1,6,4,2
150,,11,1,6,4,2
150,,12,1,6,2,4
150,,13,1,6,6,0
150,,14,1,6,3,3
150,,15,1,6,6,0
150,,0,1,6,0,6
150,,1,1,6,5,1
150,,2,1,6,5,1
150,,3,1,6,6,0
150,,4,1,6,5,1
150,,5,1,6,6,0
150,,6,1,6,3,3
150,,7,1,6,6,0
150,,8,1,6,4,2
150,,9,1,6,4,2
150,,10,1,6,2,4
150,,11,1,6,1,5
150,,12,1,6,3,3
150,,13,1,6,6,0
150,,14,1,6,4,2
150,,15,1,6,5,1
150,,0,1,6,3,3
150,,1,1,6,5,1
150,,2,1,6,6,0
150,,3,1,6,5,1
150,,4,1,6,6,0
150,,5,1,6,5,1
150,,6,1,6,4,2
150,,7,1,6,6,0
150,,8,1,6,5,1
150,,9,1,6,4,2
150,,10,1,6,1,5
150,,11,1,6,5,1
150,,12,1,6,1,5
150,,13,1,6,5,1
150,,14,1,6,2,4
150,,15,1,6,5,1
150,,0,1,6,1,5
150,,1,1,6,5,1
150,,2,1,6,5,1
150,,3,1,6,6,0
150,,4,1,6,3,3
150,,5,1,6,5,1
150,,6,1,6,3,3
150,,7,1,6,6,0
150,,8,1,6,6,0
150,,9,1,6,5,1
150,,10,1,6,5,1
150,,11,1,6,2,4
150,,12,1,6,3,3
150,,13,1,6,4,2
150,,14,1,6,5,1
150,,15,1,6,6,0
150,,0,1,6,2,4
150,,1,1,6,4,2
150,,2,1,6,6,0
150,,3,1,6,4,2
150,,4,1,6,5,1
150,,5,1,6,4,2
150,,6,1,6,5,1
150,,7,1,6,6,0
150,,8,1,6,4,2
150,,9,1,6,5,1
150,,10,1,6,2,4
150,,11,1,6,4,2
150,,12,1,6,1,5
150,,13,1,6,3,3
150,,14,1,6,2,4
150,,15,1,6,5,1
150,,0,1,6,4,2
150,,1,1,6,5,1
150,,2,1,6,5,1
150,,3,1,6,4,2
150,,4,1,6,3,3
150,,5,1,6,5,1
150,,6,1,6,4,2
150,,7,1,6,5,1
150,,8,1,6,4,2
150,,9,1,6,6,0
150,,10,1,6,0,6
150,,11,1,6,3,3
150,,12,1,6,3,3
150,,13,1,6,5,1
150,,14,1,6,2,4
150,,15,1,6,5,1
150,,0,1,6,5,1
150,,1,1,6,6,0
150,,2,1,6,2,4
150,,3,1,6,5,1
150,,4,1,6,5,1
150,,5,1,6,5,1
150,,6,1,6,6,0
150,,7,1,6,6,0
150,,8,1,6,5,1
150,,9,1,6,5,1
150,,10,1,6,1,5
150,,11,1,6,3,3
150,,12,1,6,4,2
150,,13,1,6,5,1
150,,14,1,6,2,4
150,,15,1,6,6,0
150,,0,1,6,4,2
150,,1,1,6,2,4
150,,2,1,6,4,2
150,,3,1,6,4,2
150,,4,1,6,2,4
150,,5,1,6,6,0
150,,6,1,6,4,2
150,,7,1,6,5,1
150,,8,1,6,4,2
150,,9,1,6,5,1
150,,10,1,6,3,3
150,,11,1,6,5,1
150,,12,1,6,3,3
150,,13,1,6,4,2
150,,14,1,6,4,2
150,,15,1,6,5,1
150,,0,1,6,3,3
150,,1,1,6,5,1
150,,2,1,6,4,2
150,,3,1,6,6,0
150,,4,1,6,3,3
150,,5,1,6,6,0
150,,6,1,6,6,0
150,,7,1,6,4,2
150,,8,1,6,3,3
150,,9,1,6,2,4
150,,10,1,6,1,5
150,,11,1,6,2,4
150,,12,1,6,0,6
150,,13,1,6,3,3
150,,14,1,6,4,2
150,,15,1,6,4,2
150,,0,1,6,4,2
150,,1,1,6,5,1
150,,2,1,6,6,0
150,,3,1,6,4,2
150,,4,1,6,3,3
150,,5,1,6,4,2
150,,6,1,6,4,2
150,,7,1,6,1,5
150,,8,1,6,4,2
150,,9,1,6,4,2
150,,10,1,6,2,4
150,,11,1,6,5,1
150,,12,1,6,4,2
150,,13,1,6,3,3
150,,14,1,6,6,0
150,,15,1,6,6,0
150,,0,1,6,3,3
150,,1,1,6,2,4
150,,2,1,6,5,1
150,,3,1,6,6,0
150,,4,1,6,3,3
150,,5,1,6,5,1
150,,6,1,6,6,0
150,,7,1,6,4,2
150,,8,1,6,6,0
150,,9,1,6,4,2
150,,10,1,6,3,3
150,,11,1,6,1,5
150,,12,1,6,3,3
150,,13,1,6,3,3
150,,14,1,6,0,6
150,,15,1,6,4,2
150,,0,1,6,4,2
150,,1,1,6,3,3
150,,2,1,6,6,0
150,,3,1,6,5,1
150,,4,1,6,4,2
150,,5,1,6,5,1
150,,6,1,6,4,2
150,,7,1,6,3,3
150,,8,1,6,5,1
150,,9,1,6,2,4
150,,10,1,6,2,4
150,,11,1,6,3,3
150,,12,1,6,4,2
150,,13,1,6,3,3
150,,14,1,6,2,4
150,,15,1,6,5,1
150,,0,1,6,2,4
150,,1,1,6,5,1
150,,2,1,6,3,3
150,,3,1,6,4,2
150,,4,1,6,1,5
150,,5,1,6,5,1
150,,6,1,6,4,2
150,,7,1,6,5,1
150,,8,1,6,5,1
150,,9,1,6,3,3
150,,10,1,6,1,5
150,,11,1,6,4,2
150,,12,1,6,3,3
150,,13,1,6,6,0
150,,14,1,6,5,1
150,,15,1,6,5,1
150,,0,1,6,2,4
150,,1,1,6,4,2
150,,2,1,6,4,2
150,,3,1,6,4,2
150,,4,1,6,2,4
150,,5,1,6,4,2
150,,6,1,6,5,1
150,,7,1,6,4,2
150,,8,1,6,1,5
150,,9,1,6,4,2
150,,10,1,6,1,5
150,,11,1,6,2,4
150,,12,1,6,3,3
150,,13,1,6,3,3
150,,14,1,6,2,4
150,,15,1,6,5,1
150,,0,1,6,0,6
150,,1,1,6,6,0
150,,2,1,6,3,3
150,,3,1,6,6,0
150,,4,1,6,5,1
150,,5,1,6,4,2
150,,6,1,6,6,0
150,,7,1,6,3,3
150,,8,1,6,6,0
150,,9,1,6,5,1
150,,10,1,6,1,5
150,,11,1,6,3,3
150,,12,1,6,2,4
150,,13,1,6,6,0
150,,14,1,6,3,3
150,,15,1,6,4,2
150,,0,1,6,2,4
150,,1,1,6,4,2
150,,2,1,6,6,0
150,,3,1,6,3,3
150,,4,1,6,3,3
150,,5,1,6,0,6
150,,6,1,6,5,1
150,,7,1,6,3,3
150,,8,1,6,5,1
150,,9,1,6,4,2
150,,10,1,6,4,2
150,,11,1,6,3,3
150,,12,1,6,3,3
150,,13,1,6,5,1
150,,14,1,6,4,2
150,,15,1,6,5,1
150,,0,1,6,2,4
150,,1,1,6,5,1
150,,2,1,6,5,1
150,,3,1,6,3,3
150,,4,1,6,3,3
150,,5,1,6,3,3
150,,6,1,6,4,2
150,,7,1,6,2,4
150,,8,1,6,4,2
150,,9,1,6,2,4
150,,10,1,6,3,3
150,,11,1,6,3,3
150,,12,1,6,4,2
150,,13,1,6,3,3
150,,14,1,6,0,6
150,,15,1,6,6,0
150,,0,1,6,1,5
150,,1,1,6,3,3
150,,2,1,6,4,2
150,,3,1,6,3,3
150,,4,1,6,2,4
150,,5,1,6,2,4
150,,6,1,6,6,0
150,,7,1,6,5,1
150,,8,1,6,4,2
150,,9,1,6,4,2
150,,10,1,6,4,2
150,,11,1,6,2,4
150,,12,1,6,4,2
150,,13,1,6,4,2
150,,14,1,6,1,5
150,,15,1,6,4,2
150,,0,1,6,4,2
150,,1,1,6,5,1
150,,2,1,6,4,2
150,,3,1,6,4,2
150,,4,1,6,1,5
150,,5,1,6,3,3
150,,6,1,6,5,1
150,,7,1,6,3,3
150,,8,1,6,5,1
150,,9,1,6,2,4
150,,10,1,6,5,1
150,,11,1,6,2,4
150,,12,1,6,1,5
150,,13,1,6,4,2
150,,14,1,6,2,4
150,,15,1,6,5,1
150,,0,1,6,3,3
150,,1,1,6,3,3
150,,2,1,6,5,1
150,,3,1,6,4,2
150,,4,1,6,1,5
150,,5,1,6,2,4
150,,6,1,6,5,1
150,,7,1,6,4,2
150,,8,1,6,4,2
150,,9,1,6,2,4
150,,10,1,6,2,4
150,,11,1,6,6,0
150,,12,1,6,4,2
150,,13,1,6,3,3
150,,14,1,6,2,4
150,,15,1,6,5,1
150,,0,1,6,2,4
150,,1,1,6,3,3
150,,2,1,6,4,2
150,,3,1,6,2,4
150,,4,1,6,1,5
150,,5,1,6,3,3
150,,6,1,6,3,3
150,,7,1,6,0,6
150,,8,1,6,4,2
150,,9,1,6,1,5
150,,10,1,6,1,5
150,,11,1,6,3,3
150,,12,1,6,1,5
150,,13,1,6,0,6
150,,14,1,6,2,4
150,,15,1,6,6,0
200,,0,1,6,2,4
200,,1,1,6,1,5
200,,2,1,6,1,5
200,,3,1,6,0,6
200,,4,1,6,1,5
200,,5,1,6,2,4
200,,6,1,6,2,4
200,,7,1,6,0,6
200,,8,1,6,3,3
200,,9,1,6,1,5
200,,10,1,6,0,6
200,,11,1,6,4,2
200,,12,1,6,0,6
200,,13,1,6,0,6
200,,14,1,6,0,6
200,,15,1,6,1,5
200,,0,1,6,3,3
200,,1,1,6,6,0
200,,2,1,6,1,5
200,,3,1,6,5,1
200,,4,1,6,0,6
200,,5,1,6,6,0
200,,6,1,6,0,6
200,,7,1,6,0,6
200,,8,1,6,1,5
200,,9,1,6,2,4
200,,10,1,6,1,5
200,,11,1,6,2,4
200,,12,1,6,1,5
200,,13,1,6,4,2
200,,14,1,6,0,6
200,,15,1,6,1,5
200,,0,1,6,2,4
200,,1,1,6,4,2
200,,2,1,6,2,4
200,,3,1,6,2,4
200,,4,1,6,3,3
200,,5,1,6,2,4
200,,6,1,6,4,2
200,,7,1,6,2,4
200,,8,1,6,3,3
200,,9,1,6,2,4
200,,10,1,6,0,6
200,,11,1,6,1,5
200,,12,1,6,0,6
200,,13,1,6,4,2
200,,14,1,6,0,6
200,,15,1,6,5,1
200,,0,1,6,3,3
200,,1,1,6,5,1
200,,2,1,6,2,4
200,,3,1,6,5,1
200,,4,1,6,4,2
200,,5,1,6,4,2
200,,6,1,6,6,0
200,,7,1,6,3,3
200,,8,1,6,4,2
200,,9,1,6,0,6
200,,10,1,6,1,5
200,,11,1,6,2,4
200,,12,1,6,1,5
200,,13,1,6,6,0
200,,14,1,6,2,4
200,,15,1,6,5,1
200,,0,1,6,4,2
200,,1,1,6,5,1
200,,2,1,6,3,3
200,,3,1,6,5,1
200,,4,1,6,2,4
200,,5,1,6,3,3
200,,6,1,6,2,4
200,,7,1,6,1,5
200,,8,1,6,1,5
200,,9,1,6,4,2
200,,10,1,6,1,5
200,,11,1,6,3,3
200,,12,1,6,2,4
200,,13,1,6,2,4
200,,14,1,6,2,4
200,,15,1,6,5,1
200,,0,1,6,3,3
200,,1,1,6,2,4
200,,2,1,6,5,1
200,,3,1,6,2,4
200,,4,1,6,2,4
200,,5,1,6,3,3
200,,6,1,6,3,3
200,,7,1,6,4,2
200,,8,1,6,3,3
200,,9,1,6,2,4
200,,10,1,6,2,4
200,,11,1,6,2,4
200,,12,1,6,0,6
200,,13,1,6,3,3
200,,14,1,6,1,5
200,,15,1,6,1,5
200,,0,1,6,3,3
200,,1,1,6,5,1
200,,2,1,6,3,3
200,,3,1,6,2,4
200,,4,1,6,2,4
200,,5,1,6,1,5
200,,6,1,6,4,2
200,,7,1,6,1,5
200,,8,1,6,1,5
200,,9,1,6,3,3
200,,10,1,6,2,4
200,,11,1,6,6,0
200,,12,1,6,2,4
200,,13,1,6,3,3
200,,14,1,6,4,2
200,,15,1,6,5,1
200,,0,1,6,4,2
200,,1,1,6,6,0
200,,2,1,6,2,4
200,,3,1,6,1,5
200,,4,1,6,1,5
200,,5,1,6,4,2
200,,6,1,6,0,6
200,,7,1,6,2,4
200,,8,1,6,2,4
200,,9,1,6,3,3
200,,10,1,6,3,3
200,,11,1,6,1,5
200,,12,1,6,1,5
200,,13,1,6,1,5
200,,14,1,6,2,4
200,,15,1,6,6,0
200,,0,1,6,2,4
200,,1,1,6,2,4
200,,2,1,6,2,4
200,,3,1,6,3,3
200,,4,1,6,0,6
200,,5,1,6,1,5
200,,6,1,6,0,6
200,,7,1,6,5,1
200,,8,1,6,1,5
200,,9,1,6,3,3
200,,10,1,6,3,3
200,,11,1,6,2,4
200,,12,1,6,1,5
200,,13,1,6,4,2
200,,14,1,6,4,2
200,,15,1,6,3,3
200,,0,1,6,2,4
200,,1,1,6,1,5
200,,2,1,6,2,4
200,,3,1,6,3,3
200,,4,1,6,0,6
200,,5,1,6,1,5
200,,6,1,6,0,6
200,,7,1,6,0,6
200,,8,1,6,3,3
200,,9,1,6,4,2
200,,10,1,6,1,5
200,,11,1,6,2,4
200,,12,1,6,2,4
200,,13,1,6,3,3
200,,14,1,6,1,5
200,,15,1,6,6,0
200,,0,1,6,6,0
200,,1,1,6,3,3
200,,2,1,6,4,2
200,,3,1,6,6,0
200,,4,1,6,1,5
200,,5,1,6,0,6
200,,6,1,6,0,6
200,,7,1,6,4,2
200,,8,1,6,3,3
200,,9,1,6,5,1
200,,10,1,6,2,4
200,,11,1,6,3,3
200,,12,1,6,0,6
200,,13,1,6,5,1
200,,14,1,6,3,3
200,,15,1,6,5,1
200,,0,1,6,0,6
200,,1,1,6,3,3
200,,2,1,6,6,0
200,,3,1,6,0,6
200,,4,1,6,2,4
200,,5,1,6,1,5
200,,6,1,6,1,5
200,,7,1,6,3,3
200,,8,1,6,2,4
200,,9,1,6,3,3
200,,10,1,6,2,4
200,,11,1,6,0,6
200,,12,1,6,1,5
200,,13,1,6,5,1
200,,14,1,6,3,3
200,,15,1,6,4,2
200,,0,1,6,1,5
200,,1,1,6,5,1
200,,2,1,6,3,3
200,,3,1,6,5,1
200,,4,1,6,3,3
200,,5,1,6,2,4
200,,6,1,6,0,6
200,,7,1,6,0,6
200,,8,1,6,2,4
200,,9,1,6,4,2
200,,10,1,6,3,3
200,,11,1,6,1,5
200,,12,1,6,1,5
200,,13,1,6,4,2
200,,14,1,6,2,4
200,,15,1,6,6,0
200,,0,1,6,1,5
200,,1,1,6,0,6
200,,2,1,6,5,1
200,,3,1,6,2,4
200,,4,1,6,4,2
200,,5,1,6,1,5
200,,6,1,6,1,5
200,,7,1,6,3,3
200,,8,1,6,3,3
200,,9,1,6,6,0
200,,10,1,6,1,5
200,,11,1,6,2,4
200,,12,1,6,3,3
200,,13,1,6,1,5
200,,14,1,6,0,6
200,,15,1,6,5,1
200,,0,1,6,4,2
200,,1,1,6,4,2
200,,2,1,6,5,1
200,,3,1,6,5,1
200,,4,1,6,1,5
200,,5,1,6,1,5
200,,6,1,6,0,6
200,,7,1,6,3,3
200,,8,1,6,1,5
200,,9,1,6,2,4
200,,10,1,6,6,0
200,,11,1,6,0,6
200,,12,1,6,0,6
200,,13,1,6,3,3
200,,14,1,6,2,4
200,,15,1,6,4,2
200,,0,1,6,4,2
200,,1,1,6,3,3
200,,2,1,6,5,1
200,,3,1,6,3,3
200,,4,1,6,1,5
200,,5,1,6,0,6
200,,6,1,6,0,6
200,,7,1,6,0,6
200,,8,1,6,2,4
200,,9,1,6,6,0
200,,10,1,6,0,6
200,,11,1,6,5,1
200,,12,1,6,2,4
200,,13,1,6,2,4
200,,14,1,6,0,6
200,,15,1,6,5,1
200,,0,1,6,4,2
200,,1,1,6,5,1
200,,2,1,6,4,2
200,,3,1,6,3,3
200,,4,1,6,3,3
200,,5,1,6,2,4
200,,6,1,6,0,6
200,,7,1,6,3,3
200,,8,1,6,1,5
200,,9,1,6,5,1
200,,10,1,6,3,3
200,,11,1,6,1,5
200,,12,1,6,2,4
200,,13,1,6,3,3
200,,14,1,6,1,5
200,,15,1,6,1,5
200,,0,1,6,2,4
200,,1,1,6,4,2
200,,2,1,6,3,3
200,,3,1,6,6,0
200,,4,1,6,3,3
200,,5,1,6,0,6
200,,6,1,6,1,5
200,,7,1,6,2,4
200,,8,1,6,1,5
200,,9,1,6,2,4
200,,10,1,6,4,2
200,,11,1,6,2,4
200,,12,1,6,3,3
200,,13,1,6,6,0
200,,14,1,6,5,1
200,,15,1,6,4,2
200,,0,1,6,3,3
200,,1,1,6,6,0
200,,2,1,6,2,4
200,,3,1,6,4,2
200,,4,1,6,2,4
200,,5,1,6,4,2
200,,6,1,6,1,5
200,,7,1,6,4,2
200,,8,1,6,5,1
200,,9,1,6,4,2
200,,10,1,6,4,2
200,,11,1,6,3,3
200,,12,1,6,4,2
200,,13,1,6,3,3
200,,14,1,6,1,5
200,,15,1,6,4,2
200,,0,1,6,3,3
200,,1,1,6,5,1
200,,2,1,6,3,3
200,,3,1,6,5,1
200,,4,1,6,2,4
200,,5,1,6,0,6
200,,6,1,6,0,6
200,,7,1,6,2,4
200,,8,1,6,5,1
200,,9,1,6,4,2
200,,10,1,6,3,3
200,,11,1,6,3,3
200,,12,1,6,2,4
200,,13,1,6,6,0
200,,14,1,6,5,1
200,,15,1,6,5,1
200,,0,1,6,2,4
200,,1,1,6,5,1
200,,2,1,6,6,0
200,,3,1,6,5,1
200,,4,1,6,3,3
200,,5,1,6,2,4
200,,6,1,6,2,4
200,,7,1,6,4,2
200,,8,1,6,4,2
200,,9,1,6,5,1
200,,10,1,6,4,2
200,,11,1,6,2,4
200,,12,1,6,3,3
200,,13,1,6,5,1
200,,14,1,6,6,0
200,,15,1,6,6,0
200,,0,1,6,3,3
200,,1,1,6,4,2
200,,2,1,6,4,2
200,,3,1,6,5,1
200,,4,1,6,1,5
200,,5,1,6,2,4
200,,6,1,6,0,6
200,,7,1,6,6,0
200,,8,1,6,4,2
200,,9,1,6,5,1
200,,10,1,6,6,0
200,,11,1,6,4,2
200,,12,1,6,3,3
200,,13,1,6,6,0
200,,14,1,6,3,3
200,,15,1,6,6,0
200,,0,1,6,5,1
200,,1,1,6,6,0
200,,2,1,6,6,0
200,,3,1,6,5,1
200,,4,1,6,3,3
200,,5,1,6,2,4
200,,6,1,6,3,3
200,,7,1,6,3,3
200,,8,1,6,2,4
200,,9,1,6,6,0
200,,10,1,6,3,3
200,,11,1,6,3,3
200,,12,1,6,5,1
200,,13,1,6,3,3
200,,14,1,6,3,3
200,,15,1,6,6,0
200,,0,1,6,3,3
200,,1,1,6,4,2
200,,2,1,6,5,1
200,,3,1,6,6,0
200,,4,1,6,5,1
200,,5,1,6,1,5
200,,6,1,6,4,2
200,,7,1,6,4,2
200,,8,1,6,3,3
200,,9,1,6,4,2
200,,10,1,6,5,1
200,,11,1,6,3,3
200,,12,1,6,4,2
200,,13,1,6,6,0
200,,14,1,6,5,1
200,,15,1,6,5,1
200,,0,1,6,4,2
200,,1,1,6,6,0
200,,2,1,6,6,0
200,,3,1,6,5,1
200,,4,1,6,1,5
200,,5,1,6,4,2
200,,6,1,6,2,4
200,,7,1,6,0,6
200,,8,1,6,5,1
200,,9,1,6,3,3
200,,10,1,6,5,1
200,,11,1,6,4,2
200,,12,1,6,3,3
200,,13,1,6,3,3
200,,14,1,6,5,1
200,,15,1,6,6,0
200,,0,1,6,2,4
200,,1,1,6,3,3
200,,2,1,6,6,0
200,,3,1,6,3,3
200,,4,1,6,6,0
200,,5,1,6,2,4
200,,6,1,6,3,3
200,,7,1,6,6,0
200,,8,1,6,3,3
200,,9,1,6,4,2
200,,10,1,6,5,1
200,,11,1,6,6,0
200,,12,1,6,4,2
200,,13,1,6,6,0
200,,14,1,6,5,1
200,,15,1,6,4,2
200,,0,1,6,6,0
200,,1,1,6,5,1
200,,2,1,6,6,0
200,,3,1,6,3,3
200,,4,1,6,4,2
200,,5,1,6,6,0
200,,6,1,6,6,0
200,,7,1,6,2,4
200,,8,1,6,6,0
200,,9,1,6,4,2
200,,10,1,6,5,1
200,,11,1,6,4,2
200,,12,1,6,6,0
200,,13,1,6,3,3
200,,14,1,6,4,2
200,,15,1,6,4,2
200,,0,1,6,5,1
200,,1,1,6,5,1
200,,2,1,6,3,3
200,,3,1,6,5,1
200,,4,1,6,6,0
200,,5,1,6,1,5
200,,6,1,6,6,0
200,,7,1,6,1,5
200,,8,1,6,2,4
200,,9,1,6,4,2
200,,10,1,6,3,3
200,,11,1,6,4,2
200,,12,1,6,5,1
200,,13,1,6,5,1
200,,14,1,6,5,1
200,,15,1,6,6,0
200,,0,1,6,5,1
200,,1,1,6,6,0
200,,2,1,6,5,1
200,,3,1,6,4,2
200,,4,1,6,4,2
200,,5,1,6,3,3
200,,6,1,6,2,4
200,,7,1,6,3,3
200,,8,1,6,5,1
200,,9,1,6,5,1
200,,10,1,6,6,0
200,,11,1,6,4,2
200,,12,1,6,5,1
200,,13,1,6,5,1
200,,14,1,6,4,2
200,,15,1,6,4,2
200,,0,1,6,4,2
200,,1,1,6,5,1
200,,2,1,6,1,5
200,,3,1,6,4,2
200,,4,1,6,5,1
200,,5,1,6,2,4
200,,6,1,6,4,2
200,,7,1,6,4,2
200,,8,1,6,2,4
200,,9,1,6,4,2
200,,10,1,6,4,2
200,,11,1,6,6,0
200,,12,1,6,4,2
200,,13,1,6,5,1
200,,14,1,6,5,1
200,,15,1,6,4,2
200,,0,1,6,4,2
200,,1,1,6,6,0
200,,2,1,6,3,3
200,,3,1,6,6,0
200,,4,1,6,4,2
200,,5,1,6,3,3
200,,6,1,6,4,2
200,,7,1,6,3,3
200,,8,1,6,4,2
200,,9,1,6,5,1
200,,10,1,6,3,3
200,,11,1,6,1,5
200,,12,1,6,4,2
200,,13,1,6,6,0
200,,14,1,6,4,2
200,,15,1,6,4,2
200,,0,1,6,1,5
200,,1,1,6,5,1
200,,2,1,6,4,2
200,,3,1,6,2,4
200,,4,1,6,4,2
200,,5,1,6,2,4
200,,6,1,6,4,2
200,,7,1,6,1,5
200,,8,1,6,3,3
200,,9,1,6,3,3
200,,10,1,6,4,2
200,,11,1,6,6,0
200,,12,1,6,6,0
200,,13,1,6,1,5
200,,14,1,6,5,1
200,,15,1,6,5,1
200,,0,1,6,6,0
200,,1,1,6,5,1
200,,2,1,6,5,1
200,,3,1,6,4,2
200,,4,1,6,5,1
200,,5,1,6,1,5
200,,6,1,6,6,0
200,,7,1,6,4,2
200,,8,1,6,3,3
200,,9,1,6,4,2
200,,10,1,6,5,1
200,,11,1,6,6,0
200,,12,1,6,6,0
200,,13,1,6,4,2
200,,14,1,6,6,0
200,,15,1,6,5,1
200,,0,1,6,5,1
200,,1,1,6,5,1
200,,2,1,6,2,4
200,,3,1,6,4,2
200,,4,1,6,5,1
200,,5,1,6,4,2
200,,6,1,6,6,0
200,,7,1,6,4,2
200,,8,1,6,4,2
200,,9,1,6,5,1
200,,10,1,6,4,2
200,,11,1,6,3,3
200,,12,1,6,6,0
200,,13,1,6,5,1
200,,14,1,6,5,1
200,,15,1,6,2,4
200,,0,1,6,4,2
200,,1,1,6,4,2
200,,2,1,6,5,1
200,,3,1,6,5,1
200,,4,1,6,4,2
200,,5,1,6,3,3
200,,6,1,6,4,2
200,,7,1,6,3,3
200,,8,1,6,3,3
200,,9,1,6,4,2
200,,10,1,6,5,1
200,,11,1,6,4,2
200,,12,1,6,6,0
200,,13,1,6,6,0
200,,14,1,6,4,2
200,,15,1,6,3,3
200,,0,1,6,4,2
200,,1,1,6,4,2
200,,2,1,6,5,1
200,,3,1,6,5,1
200,,4,1,6,4,2
200,,5,1,6,2,4
200,,6,1,6,5,1
200,,7,1,6,5,1
200,,8,1,6,3,3
200,,9,1,6,3,3
200,,10,1,6,5,1
200,,11,1,6,4,2
200,,12,1,6,5,1
200,,13,1,6,3,3
200,,14,1,6,5,1
200,,15,1,6,5,1
200,,0,1,6,6,0
200,,1,1,6,4,2
200,,2,1,6,3,3
200,,3,1,6,6,0
200,,4,1,6,5,1
200,,5,1,6,1,5
200,,6,1,6,5,1
200,,7,1,6,2,4
200,,8,1,6,6,0
200,,9,1,6,4,2
200,,10,1,6,6,0
200,,11,1,6,3,3
200,,12,1,6,5,1
200,,13,1,6,6,0
200,,14,1,6,6,0
200,,15,1,6,4,2
200,,0,1,6,6,0
200,,1,1,6,5,1
200,,2,1,6,6,0
200,,3,1,6,5,1
200,,4,1,6,6,0
200,,5,1,6,4,2
200,,6,1,6,4,2
200,,7,1,6,3,3
200,,8,1,6,3,3
200,,9,1,6,4,2
200,,10,1,6,6,0
200,,11,1,6,5,1
200,,12,1,6,6,0
200,,13,1,6,5,1
200,,14,1,6,3,3
200,,15,1,6,4,2
200,,0,1,6,6,0
200,,1,1,6,6,0
200,,2,1,6,5,1
200,,3,1,6,5,1
200,,4,1,6,5,1
200,,5,1,6,4,2
200,,6,1,6,5,1
200,,7,1,6,5,1
200,,8,1,6,4,2
200,,9,1,6,5,1
200,,10,1,6,5,1
200,,11,1,6,5,1
200,,12,1,6,5,1
200,,13,1,6,5,1
200,,14,1,6,5,1
200,,15,1,6,5,1
200,,0,1,6,3,3
200,,1,1,6,5,1
200,,2,1,6,5,1
200,,3,1,6,5,1
200,,4,1,6,3,3
200,,5,1,6,1,5
200,,6,1,6,4,2
200,,7,1,6,2,4
200,,8,1,6,4,2
200,,9,1,6,5,1
200,,10,1,6,6,0
200,,11,1,6,3,3
200,,12,1,6,6,0
200,,13,1,6,5,1
200,,14,1,6,5,1
200,,15,1,6,4,2
200,,0,1,6,5,1
200,,1,1,6,5,1
200,,2,1,6,6,0
200,,3,1,6,5,1
200,,4,1,6,4,2
200,,5,1,6,3,3
200,,6,1,6,5,1
200,,7,1,6,5,1
200,,8,1,6,5,1
200,,9,1,6,3,3
200,,10,1,6,5,1
200,,11,1,6,2,4
200,,12,1,6,6,0
200,,13,1,6,6,0
200,,14,1,6,5,1
200,,15,1,6,5,1
200,,0,1,6,6,0
200,,1,1,6,6,0
200,,2,1,6,5,1
200,,3,1,6,5,1
200,,4,1,6,3,3
200,,5,1,6,1,5
200,,6,1,6,3,3
200,,7,1,6,4,2
200,,8,1,6,5,1
200,,9,1,6,4,2
200,,10,1,6,4,2
200,,11,1,6,6,0
200,,12,1,6,5,1
200,,13,1,6,6,0
200,,14,1,6,3,3
200,,15,1,6,5,1
200,,0,1,6,4,2
200,,1,1,6,4,2
200,,2,1,6,5,1
200,,3,1,6,3,3
200,,4,1,6,5,1
200,,5,1,6,3,3
200,,6,1,6,6,0
200,,7,1,6,4,2
200,,8,1,6,5,1
200,,9,1,6,6,0
200,,10,1,6,4,2
200,,11,1,6,5,1
200,,12,1,6,5,1
200,,13,1,6,6,0
200,,14,1,6,6,0
200,,15,1,6,6,0
200,,0,1,6,3,3
200,,1,1,6,5,1
200,,2,1,6,5,1
200,,3,1,6,6,0
200,,4,1,6,5,1
200,,5,1,6,4,2
200,,6,1,6,2,4
200,,7,1,6,5,1
200,,8,1,6,3,3
200,,9,1,6,2,4
200,,10,1,6,4,2
200,,11,1,6,3,3
200,,12,1,6,5,1
200,,13,1,6,6,0
200,,14,1,6,5,1
200,,15,1,6,6,0
200,,0,1,6,4,2
200,,1,1,6,6,0
200,,2,1,6,5,1
200,,3,1,6,5,1
200,,4,1,6,5,1
200,,5,1,6,3,3
200,,6,1,6,3,3
200,,7,1,6,3,3
200,,8,1,6,1,5
200,,9,1,6,6,0
200,,10,1,6,4,2
200,,11,1,6,4,2
200,,12,1,6,5,1
200,,13,1,6,5,1
200,,14,1,6,4,2
200,,15,1,6,5,1
200,,0,1,6,4,2
200,,1,1,6,6,0
200,,2,1,6,4,2
200,,3,1,6,4,2
200,,4,1,6,3,3
200,,5,1,6,5,1
200,,6,1,6,4,2
200,,7,1,6,5,1
200,,8,1,6,5,1
200,,9,1,6,3,3
200,,10,1,6,6,0
200,,11,1,6,5,1
200,,12,1,6,5,1
200,,13,1,6,3,3
200,,14,1,6,4,2
200,,15,1,6,6,0
200,,0,1,6,3,3
200,,1,1,6,5,1
200,,2,1,6,6,0
200,,3,1,6,6,0
200,,4,1,6,4,2
200,,5,1,6,3,3
200,,6,1,6,2,4
200,,7,1,6,4,2
200,,8,1,6,1,5
200,,9,1,6,2,4
200,,10,1,6,4,2
200,,11,1,6,4,2
200,,12,1,6,5,1
200,,13,1,6,4,2
200,,14,1,6,4,2
200,,15,1,6,5,1
200,,0,1,6,0,6
200,,1,1,6,6,0
200,,2,1,6,4,2
200,,3,1,6,5,1
200,,4,1,6,6,0
200,,5,1,6,3,3
200,,6,1,6,1,5
200,,7,1,6,4,2
200,,8,1,6,6,0
200,,9,1,6,2,4
200,,10,1,6,6,0
200,,11,1,6,6,0
200,,12,1,6,3,3
200,,13,1,6,6,0
200,,14,1,6,3,3
200,,15,1,6,4,2
200,,0,1,6,3,3
200,,1,1,6,5,1
200,,2,1,6,6,0
200,,3,1,6,5,1
200,,4,1,6,4,2
200,,5,1,6,5,1
200,,6,1,6,2,4
200,,7,1,6,3,3
200,,8,1,6,2,4
200,,9,1,6,5,1
200,,10,1,6,6,0
200,,11,1,6,5,1
200,,12,1,6,5,1
200,,13,1,6,4,2
200,,14,1,6,5,1
200,,15,1,6,3,3
200,,0,1,6,4,2
200,,1,1,6,5,1
200,,2,1,6,5,1
200,,3,1,6,5,1
200,,4,1,6,1,5
200,,5,1,6,3,3
200,,6,1,6,1,5
200,,7,1,6,2,4
200,,8,1,6,2,4
200,,9,1,6,2,4
200,,10,1,6,6,0
200,,11,1,6,5,1
200,,12,1,6,4,2
200,,13,1,6,5,1
200,,14,1,6,5,1
200,,15,1,6,2,4
200,,0,1,6,1,5
200,,1,1,6,5,1
200,,2,1,6,1,5
200,,3,1,6,3,3
200,,4,1,6,6,0
200,,5,1,6,3,3
200,,6,1,6,2,4
200,,7,1,6,2,4
200,,8,1,6,4,2
200,,9,1,6,2,4
200,,10,1,6,3,3
200,,11,1,6,4,2
200,,12,1,6,3,3
200,,13,1,6,4,2
200,,14,1,6,4,2
200,,15,1,6,6,0
200,,0,1,6,3,3
200,,1,1,6,5,1
200,,2,1,6,5,1
200,,3,1,6,4,2
200,,4,1,6,2,4
200,,5,1,6,4,2
200,,6,1,6,1,5
200,,7,1,6,4,2
200,,8,1,6,2,4
200,,9,1,6,4,2
200,,10,1,6,3,3
200,,11,1,6,6,0
200,,12,1,6,4,2
200,,13,1,6,5,1
200,,14,1,6,2,4
200,,15,1,6,6,0
200,,0,1,6,4,2
200,,1,1,6,2,4
200,,2,1,6,5,1
200,,3,1,6,1,5
200,,4,1,6,6,0
200,,5,1,6,2,4
200,,6,1,6,1,5
200,,7,1,6,2,4
200,,8,1,6,2,4
200,,9,1,6,2,4
200,,10,1,6,4,2
200,,11,1,6,4,2
200,,12,1,6,3,3
200,,13,1,6,3,3
200,,14,1,6,5,1
200,,15,1,6,3,3
200,,0,1,6,3,3
200,,1,1,6,1,5
200,,2,1,6,5,1
200,,3,1,6,1,5
200,,4,1,6,2,4
200,,5,1,6,3,3
200,,6,1,6,2,4
200,,7,1,6,4,2
200,,8,1,6,1,5
200,,9,1,6,6,0
200,,10,1,6,4,2
200,,11,1,6,4,2
200,,12,1,6,4,2
200,,13,1,6,5,1
200,,14,1,6,3,3
200,,15,1,6,2,4
200,,0,1,6,3,3
200,,1,1,6,5,1
200,,2,1,6,2,4
200,,3,1,6,4,2
200,,4,1,6,2,4
200,,5,1,6,4,2
200,,6,1,6,2,4
200,,7,1,6,2,4
200,,8,1,6,3,3
200,,9,1,6,1,5
200,,10,1,6,5,1
200,,11,1,6,3,3
200,,12,1,6,4,2
200,,13,1,6,5,1
200,,14,1,6,5,1
200,,15,1,6,4,2
200,,0,1,6,3,3
200,,1,1,6,3,3
200,,2,1,6,5,1
200,,3,1,6,3,3
200,,4,1,6,6,0
200,,5,1,6,2,4
200,,6,1,6,3,3
200,,7,1,6,5,1
200,,8,1,6,2,4
200,,9,1,6,5,1
200,,10,1,6,3,3
200,,11,1,6,4,2
200,,12,1,6,4,2
200,,13,1,6,6,0
200,,14,1,6,6,0
200,,15,1,6,5,1
200,,0,1,6,1,5
200,,1,1,6,2,4
200,,2,1,6,5,1
200,,3,1,6,4,2
200,,4,1,6,2,4
200,,5,1,6,2,4
200,,6,1,6,2,4
200,,7,1,6,2,4
200,,8,1,6,4,2
200,,9,1,6,4,2
200,,10,1,6,5,1
200,,11,1,6,4,2
200,,12,1,6,4,2
200,,13,1,6,3,3
200,,14,1,6,3,3
200,,15,1,6,6,0
200,,0,1,6,2,4
200,,1,1,6,1,5
200,,2,1,6,5,1
200,,3,1,6,1,5
200,,4,1,6,1,5
200,,5,1,6,4,2
200,,6,1,6,0,6
200,,7,1,6,5,1
200,,8,1,6,1,5
200,,9,1,6,2,4
200,,10,1,6,3,3
200,,11,1,6,5,1
200,,12,1,6,5,1
200,,13,1,6,4,2
200,,14,1,6,2,4
200,,15,1,6,5,1
200,,0,1,6,1,5
200,,1,1,6,4,2
200,,2,1,6,6,0
200,,3,1,6,3,3
200,,4,1,6,3,3
200,,5,1,6,4,2
200,,6,1,6,1,5
200,,7,1,6,3,3
200,,8,1,6,2,4
200,,9,1,6,2,4
200,,10,1,6,3,3
200,,11,1,6,2,4
200,,12,1,6,4,2
200,,13,1,6,6,0
200,,14,1,6,6,0
200,,15,1,6,4,2
250,,0,1,6,2,4
250,,1,1,6,3,3
250,,2,1,6,1,5
250,,3,1,6,0,6
250,,4,1,6,3,3
250,,5,1,6,1,5
250,,6,1,6,1,5
250,,7,1,6,0,6
250,,8,1,6,2,4
250,,9,1,6,2,4
250,,10,1,6,0,6
250,,11,1,6,0,6
250,,12,1,6,3,3
250,,13,1,6,3,3
250,,14,1,6,0,6
250,,15,1,6,2,4
250,,0,1,6,1,5
250,,1,1,6,2,4
250,,2,1,6,0,6
250,,3,1,6,1,5
250,,4,1,6,4,2
250,,5,1,6,1,5
250,,6,1,6,1,5
250,,7,1,6,2,4
250,,8,1,6,3,3
250,,9,1,6,3,3
250,,10,1,6,0,6
250,,11,1,6,0,6
250,,12,1,6,0,6
250,,13,1,6,2,4
250,,14,1,6,1,5
250,,15,1,6,3,3
250,,0,1,6,2,4
250,,1,1,6,3,3
250,,2,1,6,1,5
250,,3,1,6,2,4
250,,4,1,6,2,4
250,,5,1,6,3,3
250,,6,1,6,5,1
250,,7,1,6,0,6
250,,8,1,6,1,5
250,,9,1,6,0,6
250,,10,1,6,3,3
250,,11,1,6,3,3
250,,12,1,6,3,3
250,,13,1,6,4,2
250,,14,1,6,1,5
250,,15,1,6,1,5
250,,0,1,6,1,5
250,,1,1,6,1,5
250,,2,1,6,2,4
250,,3,1,6,3,3
250,,4,1,6,3,3
250,,5,1,6,2,4
250,,6,1,6,0,6
250,,7,1,6,2,4
250,,8,1,6,5,1
250,,9,1,6,2,4
250,,10,1,6,1,5
250,,11,1,6,0,6
250,,12,1,6,4,2
250,,13,1,6,3,3
250,,14,1,6,2,4
250,,15,1,6,2,4
250,,0,1,6,1,5
250,,1,1,6,5,1
250,,2,1,6,1,5
250,,3,1,6,1,5
250,,4,1,6,1,5
250,,5,1,6,1,5
250,,6,1,6,4,2
250,,7,1,6,4,2
250,,8,1,6,3,3
250,,9,1,6,1,5
250,,10,1,6,1,5
250,,11,1,6,3,3
250,,12,1,6,1,5
250,,13,1,6,6,0
250,,14,1,6,3,3
250,,15,1,6,5,1
250,,0,1,6,5,1
250,,1,1,6,4,2
250,,2,1,6,4,2
250,,3,1,6,2,4
250,,4,1,6,2,4
250,,5,1,6,3,3
250,,6,1,6,1,5
250,,7,1,6,4,2
250,,8,1,6,3,3
250,,9,1,6,3,3
250,,10,1,6,2,4
250,,11,1,6,2,4
250,,12,1,6,3,3
250,,13,1,6,4,2
250,,14,1,6,3,3
250,,15,1,6,0,6
250,,0,1,6,3,3
250,,1,1,6,3,3
250,,2,1,6,2,4
250,,3,1,6,1,5
250,,4,1,6,2,4
250,,5,1,6,2,4
250,,6,1,6,2,4
250,,7,1,6,5,1
250,,8,1,6,1,5
250,,9,1,6,1,5
250,,10,1,6,2,4
250,,11,1,6,2,4
250,,12,1,6,3,3
250,,13,1,6,1,5
250,,14,1,6,5,1
250,,15,1,6,1,5
250,,0,1,6,1,5
250,,1,1,6,1,5
250,,2,1,6,1,5
250,,3,1,6,4,2
250,,4,1,6,2,4
250,,5,1,6,2,4
250,,6,1,6,2,4
250,,7,1,6,5,1
250,,8,1,6,5,1
250,,9,1,6,1,5
250,,10,1,6,1,5
250,,11,1,6,1,5
250,,12,1,6,1,5
250,,13,1,6,0,6
250,,14,1,6,6,0
250,,15,1,6,6,0
250,,0,1,6,1,5
250,,1,1,6,0,6
250,,2,1,6,3,3
250,,3,1,6,3,3
250,,4,1,6,0,6
250,,5,1,6,2,4
250,,6,1,6,1,5
250,,7,1,6,6,0
250,,8,1,6,2,4
250,,9,1,6,2,4
250,,10,1,6,3,3
250,,11,1,6,3,3
250,,12,1,6,2,4
250,,13,1,6,2,4
250,,14,1,6,2,4
250,,15,1,6,0,6
250,,0,1,6,4,2
250,,1,1,6,3,3
250,,2,1,6,4,2
250,,3,1,6,3,3
250,,4,1,6,3,3
250,,5,1,6,2,4
250,,6,1,6,5,1
250,,7,1,6,3,3
250,,8,1,6,1,5
250,,9,1,6,1,5
250,,10,1,6,1,5
250,,11,1,6,2,4
250,,12,1,6,1,5
250,,13,1,6,2,4
250,,14,1,6,5,1
250,,15,1,6,4,2
250,,0,1,6,4,2
250,,1,1,6,4,2
250,,2,1,6,5,1
250,,3,1,6,5,1
250,,4,1,6,5,1
250,,5,1,6,1,5
250,,6,1,6,5,1
250,,7,1,6,1,5
250,,8,1,6,4,2
250,,9,1,6,0,6
250,,10,1,6,2,4
250,,11,1,6,1,5
250,,12,1,6,2,4
250,,13,1,6,4,2
250,,14,1,6,4,2
250,,15,1,6,6,0
250,,0,1,6,4,2
250,,1,1,6,3,3
250,,2,1,6,3,3
250,,3,1,6,5,1
250,,4,1,6,0,6
250,,5,1,6,0,6
250,,6,1,6,3,3
250,,7,1,6,3,3
250,,8,1,6,2,4
250,,9,1,6,0,6
250,,10,1,6,3,3
250,,11,1,6,2,4
250,,12,1,6,2,4
250,,13,1,6,2,4
250,,14,1,6,2,4
250,,15,1,6,6,0
250,,0,1,6,3,3
250,,1,1,6,1,5
250,,2,1,6,1,5
250,,3,1,6,4,2
250,,4,1,6,1,5
250,,5,1,6,3,3
250,,6,1,6,2,4
250,,7,1,6,5,1
250,,8,1,6,2,4
250,,9,1,6,0,6
250,,10,1,6,4,2
250,,11,1,6,3,3
250,,12,1,6,2,4
250,,13,1,6,2,4
250,,14,1,6,6,0
250,,15,1,6,4,2
250,,0,1,6,6,0
250,,1,1,6,4,2
250,,2,1,6,2,4
250,,3,1,6,3,3
250,,4,1,6,2,4
250,,5,1,6,3,3
250,,6,1,6,3,3
250,,7,1,6,3,3
250,,8,1,6,3,3
250,,9,1,6,1,5
250,,10,1,6,3,3
250,,11,1,6,2,4
250,,12,1,6,0,6
250,,13,1,6,1,5
250,,14,1,6,4,2
250,,15,1,6,5,1
250,,0,1,6,6,0
250,,1,1,6,2,4
250,,2,1,6,5,1
250,,3,1,6,2,4
250,,4,1,6,4,2
250,,5,1,6,2,4
250,,6,1,6,5,1
250,,7,1,6,2,4
250,,8,1,6,5,1
250,,9,1,6,0,6
250,,10,1,6,2,4
250,,11,1,6,1,5
250,,12,1,6,3,3
250,,13,1,6,2,4
250,,14,1,6,4,2
250,,15,1,6,2,4
250,,0,1,6,4,2
250,,1,1,6,4,2
250,,2,1,6,3,3
250,,3,1,6,4,2
250,,4,1,6,3,3
250,,5,1,6,2,4
250,,6,1,6,4,2
250,,7,1,6,4,2
250,,8,1,6,2,4
250,,9,1,6,2,4
250,,10,1,6,1,5
250,,11,1,6,1,5
250,,12,1,6,1,5
250,,13,1,6,4,2
250,,14,1,6,5,1
250,,15,1,6,2,4
250,,0,1,6,4,2
250,,1,1,6,1,5
250,,2,1,6,4,2
250,,3,1,6,5,1
250,,4,1,6,4,2
250,,5,1,6,5,1
250,,6,1,6,3,3
250,,7,1,6,4,2
250,,8,1,6,2,4
250,,9,1,6,1,5
250,,10,1,6,0,6
250,,11,1,6,0,6
250,,12,1,6,1,5
250,,13,1,6,4,2
250,,14,1,6,6,0
250,,15,1,6,2,4
250,,0,1,6,1,5
250,,1,1,6,3,3
250,,2,1,6,5,1
250,,3,1,6,2,4
250,,4,1,6,4,2
250,,5,1,6,3,3
250,,6,1,6,6,0
250,,7,1,6,3,3
250,,8,1,6,1,5
250,,9,1,6,3,3
250,,10,1,6,2,4
250,,11,1,6,2,4
250,,12,1,6,2,4
250,,13,1,6,3,3
250,,14,1,6,6,0
250,,15,1,6,6,0
250,,0,1,6,2,4
250,,1,1,6,1,5
250,,2,1,6,3,3
250,,3,1,6,6,0
250,,4,1,6,4,2
250,,5,1,6,4,2
250,,6,1,6,3,3
250,,7,1,6,5,1
250,,8,1,6,0,6
250,,9,1,6,3,3
250,,10,1,6,1,5
250,,11,1,6,3,3
250,,12,1,6,0,6
250,,13,1,6,4,2
250,,14,1,6,5,1
250,,15,1,6,4,2
250,,0,1,6,3,3
250,,1,1,6,5,1
250,,2,1,6,3,3
250,,3,1,6,5,1
250,,4,1,6,5,1
250,,5,1,6,5,1
250,,6,1,6,2,4
250,,7,1,6,3,3
250,,8,1,6,3,3
250,,9,1,6,4,2
250,,10,1,6,4,2
250,,11,1,6,2,4
250,,12,1,6,3,3
250,,13,1,6,4,2
250,,14,1,6,6,0
250,,15,1,6,5,1
250,,0,1,6,2,4
250,,1,1,6,2,4
250,,2,1,6,5,1
250,,3,1,6,6,0
250,,4,1,6,4,2
250,,5,1,6,3,3
250,,6,1,6,3,3
250,,7,1,6,4,2
250,,8,1,6,3,3
250,,9,1,6,2,4
250,,10,1,6,2,4
250,,11,1,6,1,5
250,,12,1,6,3,3
250,,13,1,6,5,1
250,,14,1,6,5,1
250,,15,1,6,3,3
250,,0,1,6,3,3
250,,1,1,6,3,3
250,,2,1,6,5,1
250,,3,1,6,5,1
250,,4,1,6,6,0
250,,5,1,6,6,0
250,,6,1,6,3,3
250,,7,1,6,5,1
250,,8,1,6,0,6
250,,9,1,6,1,5
250,,10,1,6,1,5
250,,11,1,6,2,4
250,,12,1,6,1,5
250,,13,1,6,4,2
250,,14,1,6,6,0
250,,15,1,6,3,3
250,,0,1,6,4,2
250,,1,1,6,5,1
250,,2,1,6,3,3
250,,3,1,6,5,1
250,,4,1,6,6,0
250,,5,1,6,4,2
250,,6,1,6,5,1
250,,7,1,6,5,1
250,,8,1,6,2,4
250,,9,1,6,3,3
250,,10,1,6,3,3
250,,11,1,6,3,3
250,,12,1,6,3,3
250,,13,1,6,5,1
250,,14,1,6,4,2
250,,15,1,6,4,2
250,,0,1,6,5,1
250,,1,1,6,5,1
250,,2,1,6,3,3
250,,3,1,6,5,1
250,,4,1,6,6,0
250,,5,1,6,3,3
250,,6,1,6,5,1
250,,7,1,6,4,2
250,,8,1,6,1,5
250,,9,1,6,4,2
250,,10,1,6,6,0
250,,11,1,6,2,4
250,,12,1,6,6,0
250,,13,1,6,3,3
250,,14,1,6,6,0
250,,15,1,6,6,0
250,,0,1,6,5,1
250,,1,1,6,6,0
250,,2,1,6,3,3
250,,3,1,6,5,1
250,,4,1,6,6,0
250,,5,1,6,6,0
250,,6,1,6,3,3
250,,7,1,6,5,1
250,,8,1,6,3,3
250,,9,1,6,3,3
250,,10,1,6,3,3
250,,11,1,6,4,2
250,,12,1,6,2,4
250,,13,1,6,3,3
250,,14,1,6,4,2
250,,15,1,6,5,1
250,,0,1,6,3,3
250,,1,1,6,5,1
250,,2,1,6,4,2
250,,3,1,6,5,1
250,,4,1,6,5,1
250,,5,1,6,4,2
250,,6,1,6,4,2
250,,7,1,6,5,1
250,,8,1,6,1,5
250,,9,1,6,1,5
250,,10,1,6,3,3
250,,11,1,6,5,1
250,,12,1,6,5,1
250,,13,1,6,4,2
250,,14,1,6,5,1
250,,15,1,6,6,0
250,,0,1,6,5,1
250,,1,1,6,5,1
250,,2,1,6,3,3
250,,3,1,6,4,2
250,,4,1,6,6,0
250,,5,1,6,2,4
250,,6,1,6,4,2
250,,7,1,6,6,0
250,,8,1,6,1,5
250,,9,1,6,6,0
250,,10,1,6,2,4
250,,11,1,6,4,2
250,,12,1,6,6,0
250,,13,1,6,2,4
250,,14,1,6,6,0
250,,15,1,6,6,0
250,,0,1,6,6,0
250,,1,1,6,1,5
250,,2,1,6,6,0
250,,3,1,6,5,1
250,,4,1,6,5,1
250,,5,1,6,4,2
250,,6,1,6,6,0
250,,7,1,6,5,1
250,,8,1,6,1,5
250,,9,1,6,4,2
250,,10,1,6,3,3
250,,11,1,6,2,4
250,,12,1,6,6,0
250,,13,1,6,5,1
250,,14,1,6,5,1
250,,15,1,6,5,1
250,,0,1,6,4,2
250,,1,1,6,3,3
250,,2,1,6,6,0
250,,3,1,6,5,1
250,,4,1,6,4,2
250,,5,1,6,4,2
250,,6,1,6,5,1
250,,7,1,6,5,1
250,,8,1,6,3,3
250,,9,1,6,4,2
250,,10,1,6,6,0
250,,11,1,6,5,1
250,,12,1,6,6,0
250,,13,1,6,5,1
250,,14,1,6,6,0
250,,15,1,6,4,2
250,,0,1,6,4,2
250,,1,1,6,4,2
250,,2,1,6,4,2
250,,3,1,6,5,1
250,,4,1,6,4,2
250,,5,1,6,6,0
250,,6,1,6,4,2
250,,7,1,6,5,1
250,,8,1,6,1,5
250,,9,1,6,3,3
250,,10,1,6,4,2
250,,11,1,6,3,3
250,,12,1,6,5,1
250,,13,1,6,6,0
250,,14,1,6,5,1
250,,15,1,6,5,1
250,,0,1,6,5,1
250,,1,1,6,5,1
250,,2,1,6,5,1
250,,3,1,6,6,0
250,,4,1,6,3,3
250,,5,1,6,4,2
250,,6,1,6,3,3
250,,7,1,6,6,0
250,,8,1,6,2,4
250,,9,1,6,4,2
250,,10,1,6,1,5
250,,11,1,6,6,0
250,,12,1,6,6,0
250,,13,1,6,6,0
250,,14,1,6,6,0
250,,15,1,6,4,2
250,,0,1,6,3,3
250,,1,1,6,6,0
250,,2,1,6,5,1
250,,3,1,6,5,1
250,,4,1,6,5,1
250,,5,1,6,5,1
250,,6,1,6,5,1
250,,7,1,6,5,1
250,,8,1,6,4,2
250,,9,1,6,4,2
250,,10,1,6,4,2
250,,11,1,6,5,1
250,,12,1,6,6,0
250,,13,1,6,5,1
250,,14,1,6,5,1
250,,15,1,6,5,1
250,,0,1,6,4,2
250,,1,1,6,5,1
250,,2,1,6,5,1
250,,3,1,6,5,1
250,,4,1,6,3,3
250,,5,1,6,6,0
250,,6,1,6,5,1
250,,7,1,6,3,3
250,,8,1,6,1,5
250,,9,1,6,4,2
250,,10,1,6,6,0
250,,11,1,6,2,4
250,,12,1,6,6,0
250,,13,1,6,5,1
250,,14,1,6,5,1
250,,15,1,6,4,2
250,,0,1,6,1,5
250,,1,1,6,3,3
250,,2,1,6,5,1
250,,3,1,6,3,3
250,,4,1,6,3,3
250,,5,1,6,6,0
250,,6,1,6,5,1
250,,7,1,6,3,3
250,,8,1,6,3,3
250,,9,1,6,6,0
250,,10,1,6,6,0
250,,11,1,6,5,1
250,,12,1,6,5,1
250,,13,1,6,5,1
250,,14,1,6,5,1
250,,15,1,6,3,3
250,,0,1,6,3,3
250,,1,1,6,5,1
250,,2,1,6,2,4
250,,3,1,6,6,0
250,,4,1,6,6,0
250,,5,1,6,6,0
250,,6,1,6,6,0
250,,7,1,6,6,0
250,,8,1,6,2,4
250,,9,1,6,2,4
250,,10,1,6,3,3
250,,11,1,6,6,0
250,,12,1,6,5,1
250,,13,1,6,5,1
250,,14,1,6,6,0
250,,15,1,6,4,2
250,,0,1,6,6,0
250,,1,1,6,5,1
250,,2,1,6,3,3
250,,3,1,6,4,2
250,,4,1,6,4,2
250,,5,1,6,3,3
250,,6,1,6,5,1
250,,7,1,6,5,1
250,,8,1,6,1,5
250,,9,1,6,4,2
250,,10,1,6,6,0
250,,11,1,6,4,2
250,,12,1,6,6,0
250,,13,1,6,5,1
250,,14,1,6,6,0
250,,15,1,6,6,0
250,,0,1,6,4,2
250,,1,1,6,5,1
250,,2,1,6,2,4
250,,3,1,6,5,1
250,,4,1,6,2,4
250,,5,1,6,6,0
250,,6,1,6,4,2
250,,7,1,6,3,3
250,,8,1,6,2,4
250,,9,1,6,4,2
250,,10,1,6,5,1
250,,11,1,6,5,1
250,,12,1,6,4,2
250,,13,1,6,5,1
250,,14,1,6,5,1
250,,15,1,6,6,0
250,,0,1,6,6,0
250,,1,1,6,5,1
250,,2,1,6,0,6
250,,3,1,6,5,1
250,,4,1,6,3,3
250,,5,1,6,5,1
250,,6,1,6,4,2
250,,7,1,6,3,3
250,,8,1,6,3,3
250,,9,1,6,2,4
250,,10,1,6,6,0
250,,11,1,6,5,1
250,,12,1,6,4,2
250,,13,1,6,6,0
250,,14,1,6,5,1
250,,15,1,6,5,1
250,,0,1,6,4,2
250,,1,1,6,6,0
250,,2,1,6,3,3
250,,3,1,6,3,3
250,,4,1,6,5,1
250,,5,1,6,3,3
250,,6,1,6,6,0
250,,7,1,6,5,1
250,,8,1,6,3,3
250,,9,1,6,1,5
250,,10,1,6,3,3
250,,11,1,6,6,0
250,,12,1,6,5,1
250,,13,1,6,4,2
250,,14,1,6,5,1
250,,15,1,6,6,0
250,,0,1,6,3,3
250,,1,1,6,5,1
250,,2,1,6,6,0
250,,3,1,6,3,3
250,,4,1,6,4,2
250,,5,1,6,4,2
250,,6,1,6,4,2
250,,7,1,6,5,1
250,,8,1,6,3,3
250,,9,1,6,2,4
250,,10,1,6,6,0
250,,11,1,6,4,2
250,,12,1,6,6,0
250,,13,1,6,2,4
250,,14,1,6,5,1
250,,15,1,6,6,0
250,,0,1,6,5,1
250,,1,1,6,5,1
250,,2,1,6,2,4
250,,3,1,6,6,0
250,,4,1,6,3,3
250,,5,1,6,3,3
250,,6,1,6,6,0
250,,7,1,6,6,0
250,,8,1,6,2,4
250,,9,1,6,4,2
250,,10,1,6,6,0
250,,11,1,6,6,0
250,,12,1,6,5,1
250,,13,1,6,6,0
250,,14,1,6,6,0
250,,15,1,6,4,2
250,,0,1,6,6,0
250,,1,1,6,6,0
250,,2,1,6,5,1
250,,3,1,6,6,0
250,,4,1,6,4,2
250,,5,1,6,5,1
250,,6,1,6,6,0
250,,7,1,6,5,1
250,,8,1,6,4,2
250,,9,1,6,3,3
250,,10,1,6,6,0
250,,11,1,6,3,3
250,,12,1,6,6,0
250,,13,1,6,1,5
250,,14,1,6,5,1
250,,15,1,6,5,1
250,,0,1,6,4,2
250,,1,1,6,5,1
250,,2,1,6,5,1
250,,3,1,6,5,1
250,,4,1,6,5,1
250,,5,1,6,5,1
250,,6,1,6,3,3
250,,7,1,6,6,0
250,,8,1,6,3,3
250,,9,1,6,2,4
250,,10,1,6,5,1
250,,11,1,6,5,1
250,,12,1,6,6,0
250,,13,1,6,5,1
250,,14,1,6,5,1
250,,15,1,6,3,3
250,,0,1,6,2,4
250,,1,1,6,5,1
250,,2,1,6,5,1
250,,3,1,6,5,1
250,,4,1,6,5,1
250,,5,1,6,5,1
250,,6,1,6,5,1
250,,7,1,6,6,0
250,,8,1,6,2,4
250,,9,1,6,5,1
250,,10,1,6,6,0
250,,11,1,6,6,0
250,,12,1,6,4,2
250,,13,1,6,6,0
250,,14,1,6,3,3
250,,15,1,6,6,0
250,,0,1,6,5,1
250,,1,1,6,3,3
250,,2,1,6,1,5
250,,3,1,6,5,1
250,,4,1,6,4,2
250,,5,1,6,5,1
250,,6,1,6,6,0
250,,7,1,6,6,0
250,,8,1,6,3,3
250,,9,1,6,4,2
250,,10,1,6,6,0
250,,11,1,6,4,2
250,,12,1,6,4,2
250,,13,1,6,4,2
250,,14,1,6,5,1
250,,15,1,6,5,1
250,,0,1,6,3,3
250,,1,1,6,5,1
250,,2,1,6,6,0
250,,3,1,6,5,1
250,,4,1,6,5,1
250,,5,1,6,5,1
250,,6,1,6,4,2
250,,7,1,6,5,1
250,,8,1,6,4,2
250,,9,1,6,1,5
250,,10,1,6,5,1
250,,11,1,6,4,2
250,,12,1,6,3,3
250,,13,1,6,5,1
250,,14,1,6,4,2
250,,15,1,6,5,1
250,,0,1,6,3,3
250,,1,1,6,4,2
250,,2,1,6,6,0
250,,3,1,6,4,2
250,,4,1,6,4,2
250,,5,1,6,5,1
250,,6,1,6,3,3
250,,7,1,6,4,2
250,,8,1,6,4,2
250,,9,1,6,5,1
250,,10,1,6,4,2
250,,11,1,6,4,2
250,,12,1,6,3,3
250,,13,1,6,2,4
250,,14,1,6,4,2
250,,15,1,6,5,1
250,,0,1,6,4,2
250,,1,1,6,4,2
250,,2,1,6,4,2
250,,3,1,6,6,0
250,,4,1,6,6,0
250,,5,1,6,2,4
250,,6,1,6,1,5
250,,7,1,6,5,1
250,,8,1,6,1,5
250,,9,1,6,2,4
250,,10,1,6,3,3
250,,11,1,6,4,2
250,,12,1,6,3,3
250,,13,1,6,3,3
250,,14,1,6,5,1
250,,15,1,6,4,2
250,,0,1,6,2,4
250,,1,1,6,5,1
250,,2,1,6,6,0
250,,3,1,6,5,1
250,,4,1,6,3,3
250,,5,1,6,6,0
250,,6,1,6,5,1
250,,7,1,6,5,1
250,,8,1,6,1,5
250,,9,1,6,2,4
250,,10,1,6,2,4
250,,11,1,6,2,4
250,,12,1,6,5,1
250,,13,1,6,4,2
250,,14,1,6,3,3
250,,15,1,6,4,2
250,,0,1,6,4,2
250,,1,1,6,4,2
250,,2,1,6,4,2
250,,3,1,6,6,0
250,,4,1,6,5,1
250,,5,1,6,5,1
250,,6,1,6,4,2
250,,7,1,6,4,2
250,,8,1,6,3,3
250,,9,1,6,4,2
250,,10,1,6,3,3
250,,11,1,6,4,2
250,,12,1,6,3,3
250,,13,1,6,5,1
250,,14,1,6,5,1
250,,15,1,6,5,1
250,,0,1,6,2,4
250,,1,1,6,3,3
250,,2,1,6,1,5
250,,3,1,6,3,3
250,,4,1,6,4,2
250,,5,1,6,5,1
250,,6,1,6,4,2
250,,7,1,6,4,2
250,,8,1,6,1,5
250,,9,1,6,2,4
250,,10,1,6,6,0
250,,11,1,6,2,4
250,,12,1,6,5,1
250,,13,1,6,4,2
250,,14,1,6,5,1
250,,15,1,6,3,3
250,,0,1,6,4,2
250,,1,1,6,5,1
250,,2,1,6,5,1
250,,3,1,6,6,0
250,,4,1,6,3,3
250,,5,1,6,5,1
250,,6,1,6,2,4
250,,7,1,6,6,0
250,,8,1,6,1,5
250,,9,1,6,4,2
250,,10,1,6,5,1
250,,11,1,6,3,3
250,,12,1,6,4,2
250,,13,1,6,5,1
250,,14,1,6,6,0
250,,15,1,6,4,2
250,,0,1,6,0,6
250,,1,1,6,4,2
250,,2,1,6,5,1
250,,3,1,6,1,5
250,,4,1,6,5,1
250,,5,1,6,6,0
250,,6,1,6,3,3
250,,7,1,6,3,3
250,,8,1,6,1,5
250,,9,1,6,4,2
250,,10,1,6,4,2
250,,11,1,6,4,2
250,,12,1,6,4,2
250,,13,1,6,3,3
250,,14,1,6,6,0
250,,15,1,6,5,1
250,,0,1,6,4,2
250,,1,1,6,4,2
250,,2,1,6,5,1
250,,3,1,6,3,3
250,,4,1,6,5,1
250,,5,1,6,4,2
250,,6,1,6,4,2
250,,7,1,6,6,0
250,,8,1,6,1,5
250,,9,1,6,4,2
250,,10,1,6,2,4
250,,11,1,6,3,3
250,,12,1,6,3,3
250,,13,1,6,4,2
250,,14,1,6,6,0
250,,15,1,6,1,5
250,,0,1,6,4,2
250,,1,1,6,5,1
250,,2,1,6,4,2
250,,3,1,6,5,1
250,,4,1,6,2,4
250,,5,1,6,2,4
250,,6,1,6,3,3
250,,7,1,6,4,2
250,,8,1,6,2,4
250,,9,1,6,2,4
250,,10,1,6,4,2
250,,11,1,6,3,3
250,,12,1,6,1,5
250,,13,1,6,4,2
250,,14,1,6,4,2
250,,15,1,6,5,1
250,,0,1,6,2,4
250,,1,1,6,4,2
250,,2,1,6,3,3
250,,3,1,6,5,1
250,,4,1,6,4,2
250,,5,1,6,3,3
250,,6,1,6,5,1
250,,7,1,6,5,1
250,,8,1,6,1,5
250,,9,1,6,2,4
250,,10,1,6,3,3
250,,11,1,6,5,1
250,,12,1,6,3,3
250,,13,1,6,3,3
250,,14,1,6,4,2
250,,15,1,6,5,1
250,,0,1,6,3,3
250,,1,1,6,3,3
250,,2,1,6,4,2
250,,3,1,6,4,2
250,,4,1,6,2,4
250,,5,1,6,6,0
250,,6,1,6,2,4
250,,7,1,6,5,1
250,,8,1,6,2,4
250,,9,1,6,5,1
250,,10,1,6,5,1
250,,11,1,6,5,1
250,,12,1,6,4,2
250,,13,1,6,5,1
250,,14,1,6,6,0
250,,15,1,6,6,0
250,,0,1,6,2,4
250,,1,1,6,5,1
250,,2,1,6,6,0
250,,3,1,6,3,3
250,,4,1,6,3,3
250,,5,1,6,5,1
250,,6,1,6,0,6
250,,7,1,6,5,1
250,,8,1,6,1,5
250,,9,1,6,2,4
250,,10,1,6,2,4
250,,11,1,6,3,3
250,,12,1,6,3,3
250,,13,1,6,5,1
250,,14,1,6,5,1
250,,15,1,6,6,0
250,,0,1,6,1,5
250,,1,1,6,5,1
250,,2,1,6,5,1
250,,3,1,6,2,4
250,,4,1,6,4,2
250,,5,1,6,3,3
250,,6,1,6,1,5
250,,7,1,6,6,0
250,,8,1,6,3,3
250,,9,1,6,2,4
250,,10,1,6,3,3
250,,11,1,6,6,0
250,,12,1,6,4,2
250,,13,1,6,2,4
250,,14,1,6,6,0
250,,15,1,6,5,1
300,,0,1,6,0,6
300,,1,1,6,1,5
300,,2,1,6,2,4
300,,3,1,6,3,3
300,,4,1,6,3,3
300,,5,1,6,1,5
300,,6,1,6,3,3
300,,7,1,6,0,6
300,,8,1,6,2,4
300,,9,1,6,1,5
300,,10,1,6,2,4
300,,11,1,6,2,4
300,,12,1,6,1,5
300,,13,1,6,2,4
300,,14,1,6,2,4
300,,15,1,6,0,6
300,,0,1,6,2,4
300,,1,1,6,3,3
300,,2,1,6,4,2
300,,3,1,6,0,6
300,,4,1,6,0,6
300,,5,1,6,1,5
300,,6,1,6,0,6
300,,7,1,6,1,5
300,,8,1,6,1,5
300,,9,1,6,4,2
300,,10,1,6,1,5
300,,11,1,6,2,4
300,,12,1,6,2,4
300,,13,1,6,2,4
300,,14,1,6,0,6
300,,15,1,6,2,4
300,,0,1,6,1,5
300,,1,1,6,1,5
300,,2,1,6,4,2
300,,3,1,6,1,5
300,,4,1,6,1,5
300,,5,1,6,3,3
300,,6,1,6,2,4
300,,7,1,6,2,4
300,,8,1,6,1,5
300,,9,1,6,4,2
300,,10,1,6,1,5
300,,11,1,6,3,3
300,,12,1,6,5,1
300,,13,1,6,1,5
300,,14,1,6,2,4
300,,15,1,6,2,4
300,,0,1,6,1,5
300,,1,1,6,4,2
300,,2,1,6,5,1
300,,3,1,6,2,4
300,,4,1,6,2,4
300,,5,1,6,4,2
300,,6,1,6,3,3
300,,7,1,6,1,5
300,,8,1,6,2,4
300,,9,1,6,0,6
300,,10,1,6,2,4
300,,11,1,6,5,1
300,,12,1,6,5,1
300,,13,1,6,4,2
300,,14,1,6,4,2
300,,15,1,6,5,1
300,,0,1,6,4,2
300,,1,1,6,0,6
300,,2,1,6,3,3
300,,3,1,6,2,4
300,,4,1,6,3,3
300,,5,1,6,5,1
300,,6,1,6,2,4
300,,7,1,6,3,3
300,,8,1,6,2,4
300,,9,1,6,3,3
300,,10,1,6,3,3
300,,11,1,6,1,5
300,,12,1,6,3,3
300,,13,1,6,2,4
300,,14,1,6,2,4
300,,15,1,6,4,2
300,,0,1,6,2,4
300,,1,1,6,4,2
300,,2,1,6,6,0
300,,3,1,6,1,5
300,,4,1,6,2,4
300,,5,1,6,4,2
300,,6,1,6,2,4
300,,7,1,6,6,0
300,,8,1,6,5,1
300,,9,1,6,3,3
300,,10,1,6,3,3
300,,11,1,6,4,2
300,,12,1,6,6,0
300,,13,1,6,3,3
300,,14,1,6,1,5
300,,15,1,6,3,3
300,,0,1,6,1,5
300,,1,1,6,4,2
300,,2,1,6,2,4
300,,3,1,6,1,5
300,,4,1,6,0,6
300,,5,1,6,0,6
300,,6,1,6,2,4
300,,7,1,6,1,5
300,,8,1,6,1,5
300,,9,1,6,2,4
300,,10,1,6,0,6
300,,11,1,6,3,3
300,,12,1,6,1,5
300,,13,1,6,2,4
300,,14,1,6,2,4
300,,15,1,6,3,3
300,,0,1,6,2,4
300,,1,1,6,1,5
300,,2,1,6,4,2
300,,3,1,6,5,1
300,,4,1,6,1,5
300,,5,1,6,2,4
300,,6,1,6,2,4
300,,7,1,6,3,3
300,,8,1,6,1,5
300,,9,1,6,6,0
300,,10,1,6,1,5
300,,11,1,6,4,2
300,,12,1,6,2,4
300,,13,1,6,5,1
300,,14,1,6,2,4
300,,15,1,6,3,3
300,,0,1,6,1,5
300,,1,1,6,2,4
300,,2,1,6,4,2
300,,3,1,6,1,5
300,,4,1,6,2,4
300,,5,1,6,2,4
300,,6,1,6,1,5
300,,7,1,6,3,3
300,,8,1,6,3,3
300,,9,1,6,1,5
300,,10,1,6,3,3
300,,11,1,6,3,3
300,,12,1,6,3,3
300,,13,1,6,3,3
300,,14,1,6,3,3
300,,15,1,6,6,0
300,,0,1,6,1,5
300,,1,1,6,3,3
300,,2,1,6,5,1
300,,3,1,6,2,4
300,,4,1,6,4,2
300,,5,1,6,4,2
300,,6,1,6,3,3
300,,7,1,6,0,6
300,,8,1,6,1,5
300,,9,1,6,4,2
300,,10,1,6,2,4
300,,11,1,6,1,5
300,,12,1,6,5,1
300,,13,1,6,3,3
300,,14,1,6,4,2
300,,15,1,6,3,3
300,,0,1,6,0,6
300,,1,1,6,4,2
300,,2,1,6,4,2
300,,3,1,6,4,2
300,,4,1,6,1,5
300,,5,1,6,4,2
300,,6,1,6,2,4
300,,7,1,6,1,5
300,,8,1,6,2,4
300,,9,1,6,2,4
300,,10,1,6,3,3
300,,11,1,6,1,5
300,,12,1,6,6,0
300,,13,1,6,1,5
300,,14,1,6,3,3
300,,15,1,6,2,4
300,,0,1,6,1,5
300,,1,1,6,2,4
300,,2,1,6,6,0
300,,3,1,6,0,6
300,,4,1,6,2,4
300,,5,1,6,3,3
300,,6,1,6,2,4
300,,7,1,6,3,3
300,,8,1,6,2,4
300,,9,1,6,3,3
300,,10,1,6,1,5
300,,11,1,6,2,4
300,,12,1,6,4,2
300,,13,1,6,1,5
300,,14,1,6,1,5
300,,15,1,6,3,3
300,,0,1,6,1,5
300,,1,1,6,3,3
300,,2,1,6,4,2
300,,3,1,6,3,3
300,,4,1,6,4,2
300,,5,1,6,3,3
300,,6,1,6,3,3
300,,7,1,6,3,3
300,,8,1,6,1,5
300,,9,1,6,3,3
300,,10,1,6,3,3
300,,11,1,6,3,3
300,,12,1,6,5,1
300,,13,1,6,2,4
300,,14,1,6,1,5
300,,15,1,6,1,5
300,,0,1,6,1,5
300,,1,1,6,1,5
300,,2,1,6,4,2
300,,3,1,6,1,5
300,,4,1,6,3,3
300,,5,1,6,1,5
300,,6,1,6,1,5
300,,7,1,6,2,4
300,,8,1,6,0,6
300,,9,1,6,3,3
300,,10,1,6,3,3
300,,11,1,6,1,5
300,,12,1,6,3,3
300,,13,1,6,1,5
300,,14,1,6,1,5
300,,15,1,6,4,2
300,,0,1,6,2,4
300,,1,1,6,2,4
300,,2,1,6,4,2
300,,3,1,6,4,2
300,,4,1,6,3,3
300,,5,1,6,4,2
300,,6,1,6,3,3
300,,7,1,6,1,5
300,,8,1,6,3,3
300,,9,1,6,0,6
300,,10,1,6,0,6
300,,11,1,6,1,5
300,,12,1,6,6,0
300,,13,1,6,0,6
300,,14,1,6,2,4
300,,15,1,6,3,3
300,,0,1,6,0,6
300,,1,1,6,6,0
300,,2,1,6,6,0
300,,3,1,6,2,4
300,,4,1,6,0,6
300,,5,1,6,5,1
300,,6,1,6,2,4
300,,7,1,6,5,1
300,,8,1,6,1,5
300,,9,1,6,2,4
300,,10,1,6,3,3
300,,11,1,6,2,4
300,,12,1,6,5,1
300,,13,1,6,1,5
300,,14,1,6,1,5
300,,15,1,6,4,2
300,,0,1,6,2,4
300,,1,1,6,3,3
300,,2,1,6,4,2
300,,3,1,6,1,5
300,,4,1,6,1,5
300,,5,1,6,5,1
300,,6,1,6,2,4
300,,7,1,6,3,3
300,,8,1,6,2,4
300,,9,1,6,6,0
300,,10,1,6,5,1
300,,11,1,6,5,1
300,,12,1,6,2,4
300,,13,1,6,4,2
300,,14,1,6,2,4
300,,15,1,6,6,0
300,,0,1,6,3,3
300,,1,1,6,4,2
300,,2,1,6,3,3
300,,3,1,6,4,2
300,,4,1,6,0,6
300,,5,1,6,3,3
300,,6,1,6,5,1
300,,7,1,6,3,3
300,,8,1,6,3,3
300,,9,1,6,3,3
300,,10,1,6,5,1
300,,11,1,6,5,1
300,,12,1,6,4,2
300,,13,1,6,4,2
300,,14,1,6,3,3
300,,15,1,6,2,4
300,,0,1,6,5,1
300,,1,1,6,4,2
300,,2,1,6,6,0
300,,3,1,6,3,3
300,,4,1,6,4,2
300,,5,1,6,6,0
300,,6,1,6,2,4
300,,7,1,6,1,5
300,,8,1,6,2,4
300,,9,1,6,2,4
300,,10,1,6,3,3
300,,11,1,6,2,4
300,,12,1,6,5,1
300,,13,1,6,1,5
300,,14,1,6,4,2
300,,15,1,6,3,3
300,,0,1,6,3,3
300,,1,1,6,3,3
300,,2,1,6,5,1
300,,3,1,6,4,2
300,,4,1,6,1,5
300,,5,1,6,3,3
300,,6,1,6,4,2
300,,7,1,6,2,4
300,,8,1,6,4,2
300,,9,1,6,5,1
300,,10,1,6,1,5
300,,11,1,6,4,2
300,,12,1,6,5,1
300,,13,1,6,4,2
300,,14,1,6,4,2
300,,15,1,6,6,0
300,,0,1,6,5,1
300,,1,1,6,5,1
300,,2,1,6,4,2
300,,3,1,6,2,4
300,,4,1,6,3,3
300,,5,1,6,2,4
300,,6,1,6,2,4
300,,7,1,6,2,4
300,,8,1,6,4,2
300,,9,1,6,0,6
300,,10,1,6,4,2
50,,0,1,6,1,5
50,,1,1,6,2,4
50,,2,1,6,1,5
50,,3,1,6,2,4
50,,4,1,6,2,4
50,,5,1,6,1,5
50,,6,1,6,1,5
50,,7,1,6,3,3
50,,8,1,6,0,6
50,,9,1,6,0,6
50,,10,1,6,2,4
50,,11,1,6,0,6
50,,12,1,6,2,4
50,,13,1,6,3,3
50,,14,1,6,1,5
50,,15,1,6,1,5
50,,0,1,6,0,6
50,,1,1,6,3,3
50,,2,1,6,1,5
50,,3,1,6,3,3
50,,4,1,6,4,2
50,,5,1,6,3,3
50,,6,1,6,1,5
50,,7,1,6,1,5
50,,8,1,6,4,2
50,,9,1,6,0,6
50,,10,1,6,3,3
50,,11,1,6,1,5
50,,12,1,6,0,6
50,,13,1,6,1,5
50,,14,1,6,6,0
50,,15,1,6,2,4
50,,0,1,6,3,3
50,,1,1,6,0,6
50,,2,1,6,4,2
50,,3,1,6,4,2
50,,4,1,6,0,6
50,,5,1,6,1,5
50,,6,1,6,2,4
50,,7,1,6,1,5
50,,8,1,6,1,5
50,,9,1,6,1,5
50,,10,1,6,6,0
50,,11,1,6,2,4
50,,12,1,6,1,5
50,,13,1,6,1,5
50,,14,1,6,5,1
50,,15,1,6,3,3
50,,0,1,6,2,4
50,,1,1,6,2,4
50,,2,1,6,3,3
50,,3,1,6,4,2
50,,4,1,6,0,6
50,,5,1,6,1,5
50,,6,1,6,1,5
50,,7,1,6,4,2
50,,8,1,6,1,5
50,,9,1,6,1,5
50,,10,1,6,4,2
50,,11,1,6,1,5
50,,12,1,6,3,3
50,,13,1,6,0,6
50,,14,1,6,3,3
50,,15,1,6,0,6
50,,0,1,6,4,2
50,,1,1,6,1,5
50,,2,1,6,4,2
50,,3,1,6,6,0
50,,4,1,6,2,4
50,,5,1,6,2,4
50,,6,1,6,1,5
50,,7,1,6,1,5
50,,8,1,6,1,5
50,,9,1,6,1,5
50,,10,1,6,1,5
50,,11,1,6,0,6
50,,12,1,6,3,3
50,,13,1,6,1,5
50,,14,1,6,3,3
50,,15,1,6,5,1
50,,0,1,6,3,3
50,,1,1,6,4,2
50,,2,1,6,3,3
50,,3,1,6,5,1
50,,4,1,6,0,6
50,,5,1,6,1,5
50,,6,1,6,1,5
50,,7,1,6,0,6
50,,8,1,6,4,2
50,,9,1,6,1,5
50,,10,1,6,6,0
50,,11,1,6,1,5
50,,12,1,6,1,5
50,,13,1,6,1,5
50,,14,1,6,3,3
50,,15,1,6,5,1
50,,0,1,6,1,5
50,,1,1,6,2,4
50,,2,1,6,3,3
50,,3,1,6,5,1
50,,4,1,6,1,5
50,,5,1,6,1,5
50,,6,1,6,5,1
50,,7,1,6,1,5
50,,8,1,6,2,4
50,,9,1,6,3,3
50,,10,1,6,3,3
50,,11,1,6,3,3
50,,12,1,6,1,5
50,,13,1,6,2,4
50,,14,1,6,5,1
50,,15,1,6,5,1
50,,0,1,6,1,5
50,,1,1,6,4,2
50,,2,1,6,2,4
50,,3,1,6,3,3
50,,4,1,6,1,5
50,,5,1,6,0,6
50,,6,1,6,6,0
50,,7,1,6,1,5
50,,8,1,6,4,2
50,,9,1,6,3,3
50,,10,1,6,5,1
50,,11,1,6,3,3
50,,12,1,6,1,5
50,,13,1,6,1,5
50,,14,1,6,4,2
50,,15,1,6,2,4
50,,0,1,6,2,4
50,,1,1,6,0,6
50,,2,1,6,2,4
50,,3,1,6,5,1
50,,4,1,6,0,6
50,,5,1,6,4,2
50,,6,1,6,3,3
50,,7,1,6,1,5
50,,8,1,6,2,4
50,,9,1,6,2,4
50,,10,1,6,5,1
50,,11,1,6,4,2
50,,12,1,6,1,5
50,,13,1,6,2,4
50,,14,1,6,5,1
50,,15,1,6,4,2
50,,0,1,6,3,3
50,,1,1,6,1,5
50,,2,1,6,3,3
50,,3,1,6,3,3
50,,4,1,6,2,4
50,,5,1,6,3,3
50,,6,1,6,3,3
50,,7,1,6,0,6
50,,8,1,6,5,1
50,,9,1,6,2,4
50,,10,1,6,2,4
50,,11,1,6,0,6
50,,12,1,6,0,6
50,,13,1,6,1,5
50,,14,1,6,6,0
50,,15,1,6,5,1
50,,0,1,6,1,5
50,,1,1,6,1,5
50,,2,1,6,1,5
50,,3,1,6,5,1
50,,4,1,6,2,4
50,,5,1,6,0,6
50,,6,1,6,3,3
50,,7,1,6,2,4
50,,8,1,6,3,3
50,,9,1,6,3,3
50,,10,1,6,5,1
50,,11,1,6,1,5
50,,12,1,6,4,2
50,,13,1,6,4,2
50,,14,1,6,3,3
50,,15,1,6,4,2
50,,0,1,6,1,5
50,,1,1,6,2,4
50,,2,1,6,0,6
50,,3,1,6,4,2
50,,4,1,6,2,4
50,,5,1,6,0,6
50,,6,1,6,1,5
50,,7,1,6,1,5
50,,8,1,6,4,2
50,,9,1,6,1,5
50,,10,1,6,6,0
50,,11,1,6,1,5
50,,12,1,6,5,1
50,,13,1,6,1,5
50,,14,1,6,3,3
50,,15,1,6,4,2
50,,0,1,6,2,4
50,,1,1,6,2,4
50,,2,1,6,0,6
50,,3,1,6,5,1
50,,4,1,6,2,4
50,,5,1,6,4,2
50,,6,1,6,0,6
50,,7,1,6,2,4
50,,8,1,6,6,0
50,,9,1,6,2,4
50,,10,1,6,6,0
50,,11,1,6,0,6
50,,12,1,6,0,6
50,,13,1,6,2,4
50,,14,1,6,2,4
50,,15,1,6,5,1
50,,0,1,6,3,3
50,,1,1,6,2,4
50,,2,1,6,0,6
50,,3,1,6,5,1
50,,4,1,6,3,3
50,,5,1,6,1,5
50,,6,1,6,4,2
50,,7,1,6,3,3
50,,8,1,6,5,1
50,,9,1,6,2,4
50,,10,1,6,5,1
50,,11,1,6,0,6
50,,12,1,6,0,6
50,,13,1,6,1,5
50,,14,1,6,4,2
50,,15,1,6,5,1
50,,0,1,6,1,5
50,,1,1,6,3,3
50,,2,1,6,0,6
50,,3,1,6,5,1
50,,4,1,6,1,5
50,,5,1,6,0,6
50,,6,1,6,2,4
50,,7,1,6,2,4
50,,8,1,6,1,5
50,,9,1,6,3,3
50,,10,1,6,3,3
50,,11,1,6,0,6
50,,12,1,6,1,5
50,,13,1,6,2,4
50,,14,1,6,5,1
50,,15,1,6,3,3
50,,0,1,6,2,4
50,,1,1,6,5,1
50,,2,1,6,5,1
50,,3,1,6,4,2
50,,4,1,6,3,3
50,,5,1,6,2,4
50,,6,1,6,1,5
50,,7,1,6,2,4
50,,8,1,6,4,2
50,,9,1,6,0,6
50,,10,1,6,5,1
50,,11,1,6,2,4
50,,12,1,6,4,2
50,,13,1,6,4,2
50,,14,1,6,6,0
50,,15,1,6,4,2
50,,0,1,6,2,4
50,,1,1,6,3,3
50,,2,1,6,2,4
50,,3,1,6,5,1
50,,4,1,6,2,4
50,,5,1,6,1,5
50,,6,1,6,4,2
50,,7,1,6,2,4
50,,8,1,6,6,0
50,,9,1,6,1,5
50,,10,1,6,5,1
50,,11,1,6,1,5
50,,12,1,6,2,4
50,,13,1,6,3,3
50,,14,1,6,4,2
50,,15,1,6,4,2
50,,0,1,6,1,5
50,,1,1,6,4,2
50,,2,1,6,6,0
50,,3,1,6,5,1
50,,4,1,6,5,1
50,,5,1,6,3,3
50,,6,1,6,2,4
50,,7,1,6,3,3
50,,8,1,6,1,5
50,,9,1,6,0,6
50,,10,1,6,4,2
50,,11,1,6,3,3
50,,12,1,6,5,1
50,,13,1,6,3,3
50,,14,1,6,4,2
50,,15,1,6,3,3
50,,0,1,6,1,5
50,,1,1,6,2,4
50,,2,1,6,4,2
50,,3,1,6,4,2
50,,4,1,6,5,1
50,,5,1,6,5,1
50,,6,1,6,3,3
50,,7,1,6,4,2
50,,8,1,6,5,1
50,,9,1,6,3,3
50,,10,1,6,5,1
50,,11,1,6,0,6
50,,12,1,6,5,1
50,,13,1,6,4,2
50,,14,1,6,4,2
50,,15,1,6,5,1
50,,0,1,6,2,4
50,,1,1,6,4,2
50,,2,1,6,5,1
50,,3,1,6,6,0
50,,4,1,6,1,5
50,,5,1,6,5,1
50,,6,1,6,2,4
50,,7,1,6,1,5
50,,8,1,6,5,1
50,,9,1,6,1,5
50,,10,1,6,5,1
50,,11,1,6,1,5
50,,12,1,6,3,3
50,,13,1,6,6,0
50,,14,1,6,5,1
50,,15,1,6,6,0
50,,0,1,6,1,5
50,,1,1,6,3,3
50,,2,1,6,1,5
50,,3,1,6,4,2
50,,4,1,6,5,1
50,,5,1,6,3,3
50,,6,1,6,1,5
50,,7,1,6,1,5
50,,8,1,6,4,2
50,,9,1,6,2,4
50,,10,1,6,4,2
50,,11,1,6,2,4
50,,12,1,6,5,1
50,,13,1,6,2,4
50,,14,1,6,5,1
50,,15,1,6,4,2
50,,0,1,6,3,3
50,,1,1,6,2,4
50,,2,1,6,6,0
50,,3,1,6,6,0
50,,4,1,6,4,2
50,,5,1,6,3,3
50,,6,1,6,5,1
50,,7,1,6,4,2
50,,8,1,6,3,3
50,,9,1,6,3,3
50,,10,1,6,5,1
50,,11,1,6,6,0
50,,12,1,6,4,2
50,,13,1,6,5,1
50,,14,1,6,6,0
50,,15,1,6,5,1
50,,0,1,6,2,4
50,,1,1,6,2,4
50,,2,1,6,6,0
50,,3,1,6,6,0
50,,4,1,6,4,2
50,,5,1,6,4,2
50,,6,1,6,3,3
50,,7,1,6,3,3
50,,8,1,6,3,3
50,,9,1,6,5,1
50,,10,1,6,6,0
50,,11,1,6,3,3
50,,12,1,6,4,2
50,,13,1,6,1,5
50,,14,1,6,5,1
50,,15,1,6,6,0
50,,0,1,6,4,2
50,,1,1,6,4,2
50,,2,1,6,6,0
50,,3,1,6,5,1
50,,4,1,6,3,3
50,,5,1,6,3,3
50,,6,1,6,2,4
50,,7,1,6,3,3
50,,8,1,6,6,0
50,,9,1,6,3,3
50,,10,1,6,6,0
50,,11,1,6,3,3
50,,12,1,6,3,3
50,,13,1,6,4,2
50,,14,1,6,4,2
50,,15,1,6,3,3
50,,0,1,6,4,2
50,,1,1,6,6,0
50,,2,1,6,6,0
50,,3,1,6,5,1
50,,4,1,6,4,2
50,,5,1,6,3,3
50,,6,1,6,4,2
50,,7,1,6,3,3
50,,8,1,6,3,3
50,,9,1,6,1,5
50,,10,1,6,6,0
50,,11,1,6,6,0
50,,12,1,6,4,2
50,,13,1,6,6,0
50,,14,1,6,5,1
50,,15,1,6,6,0
50,,0,1,6,5,1
50,,1,1,6,1,5
50,,2,1,6,6,0
50,,3,1,6,5,1
50,,4,1,6,4,2
50,,5,1,6,4,2
50,,6,1,6,5,1
50,,7,1,6,5,1
50,,8,1,6,4,2
50,,9,1,6,6,0
50,,10,1,6,5,1
50,,11,1,6,6,0
50,,12,1,6,5,1
50,,13,1,6,4,2
50,,14,1,6,4,2
50,,15,1,6,4,2
50,,0,1,6,6,0
50,,1,1,6,4,2
50,,2,1,6,6,0
50,,3,1,6,4,2
50,,4,1,6,3,3
50,,5,1,6,3,3
50,,6,1,6,4,2
50,,7,1,6,5,1
50,,8,1,6,3,3
50,,9,1,6,5,1
50,,10,1,6,5,1
50,,11,1,6,4,2
50,,12,1,6,5,1
50,,13,1,6,4,2
50,,14,1,6,3,3
50,,15,1,6,5,1
50,,0,1,6,6,0
50,,1,1,6,5,1
50,,2,1,6,5,1
50,,3,1,6,3,3
50,,4,1,6,5,1
50,,5,1,6,4,2
50,,6,1,6,3,3
50,,7,1,6,6,0
50,,8,1,6,4,2
50,,9,1,6,6,0
50,,10,1,6,4,2
50,,11,1,6,4,2
50,,12,1,6,5,1
50,,13,1,6,4,2
50,,14,1,6,3,3
50,,15,1,6,5,1
50,,0,1,6,6,0
50,,1,1,6,6,0
50,,2,1,6,6,0
50,,3,1,6,6,0
50,,4,1,6,5,1
50,,5,1,6,4,2
50,,6,1,6,4,2
50,,7,1,6,4,2
50,,8,1,6,4,2
50,,9,1,6,4,2
50,,10,1,6,5,1
50,,11,1,6,6,0
50,,12,1,6,5,1
50,,13,1,6,6,0
50,,14,1,6,6,0
50,,15,1,6,5,1
50,,0,1,6,6,0
50,,1,1,6,6,0
50,,2,1,6,6,0
50,,3,1,6,3,3
50,,4,1,6,1,5
50,,5,1,6,4,2
50,,6,1,6,4,2
50,,7,1,6,4,2
50,,8,1,6,4,2
50,,9,1,6,6,0
50,,10,1,6,5,1
50,,11,1,6,3,3
50,,12,1,6,4,2
50,,13,1,6,5,1
50,,14,1,6,4,2
50,,15,1,6,5,1
50,,0,1,6,6,0
50,,1,1,6,5,1
50,,2,1,6,5,1
50,,3,1,6,4,2
50,,4,1,6,1,5
50,,5,1,6,5,1
50,,6,1,6,5,1
50,,7,1,6,3,3
50,,8,1,6,2,4
50,,9,1,6,6,0
50,,10,1,6,4,2
50,,11,1,6,4,2
50,,12,1,6,5,1
50,,13,1,6,4,2
50,,14,1,6,6,0
50,,15,1,6,4,2
50,,0,1,6,3,3
50,,1,1,6,4,2
50,,2,1,6,2,4
50,,3,1,6,3,3
50,,4,1,6,2,4
50,,5,1,6,5,1
50,,6,1,6,2,4
50,,7,1,6,6,0
50,,8,1,6,4,2
50,,9,1,6,6,0
50,,10,1,6,5,1
50,,11,1,6,6,0
50,,12,1,6,5,1
50,,13,1,6,4,2
50,,14,1,6,5,1
50,,15,1,6,5,1
50,,0,1,6,5,1
50,,1,1,6,5,1
50,,2,1,6,6,0
50,,3,1,6,6,0
50,,4,1,6,2,4
50,,5,1,6,4,2
50,,6,1,6,4,2
50,,7,1,6,5,1
50,,8,1,6,5,1
50,,9,1,6,4,2
50,,10,1,6,6,0
50,,11,1,6,5,1
50,,12,1,6,4,2
50,,13,1,6,5,1
50,,14,1,6,5,1
50,,15,1,6,5,1
50,,0,1,6,4,2
50,,1,1,6,5,1
50,,2,1,6,4,2
50,,3,1,6,6,0
300,,11,1,6,3,3
300,,12,1,6,4,2
300,,13,1,6,4,2
300,,14,1,6,3,3
300,,15,1,6,5,1
300,,0,1,6,2,4
300,,1,1,6,2,4
300,,2,1,6,2,4
300,,3,1,6,3,3
300,,4,1,6,1,5
300,,5,1,6,4,2
300,,6,1,6,3,3
300,,7,1,6,3,3
300,,8,1,6,3,3
300,,9,1,6,5,1
300,,10,1,6,3,3
300,,11,1,6,2,4
300,,12,1,6,2,4
300,,13,1,6,4,2
300,,14,1,6,6,0
300,,15,1,6,5,1
300,,0,1,6,4,2
300,,1,1,6,5,1
300,,2,1,6,5,1
300,,3,1,6,4,2
300,,4,1,6,4,2
300,,5,1,6,5,1
300,,6,1,6,3,3
300,,7,1,6,6,0
300,,8,1,6,2,4
300,,9,1,6,5,1
300,,10,1,6,6,0
300,,11,1,6,4,2
300,,12,1,6,5,1
300,,13,1,6,6,0
300,,14,1,6,6,0
300,,15,1,6,6,0
300,,0,1,6,6,0
300,,1,1,6,4,2
300,,2,1,6,6,0
300,,3,1,6,4,2
300,,4,1,6,6,0
300,,5,1,6,4,2
300,,6,1,6,3,3
300,,7,1,6,3,3
300,,8,1,6,3,3
300,,9,1,6,5,1
300,,10,1,6,4,2
300,,11,1,6,3,3
300,,12,1,6,5,1
300,,13,1,6,4,2
300,,14,1,6,2,4
300,,15,1,6,2,4
300,,0,1,6,5,1
300,,1,1,6,4,2
300,,2,1,6,6,0
300,,3,1,6,5,1
300,,4,1,6,6,0
300,,5,1,6,1,5
300,,6,1,6,3,3
300,,7,1,6,5,1
300,,8,1,6,0,6
300,,9,1,6,5,1
300,,10,1,6,6,0
300,,11,1,6,6,0
300,,12,1,6,5,1
300,,13,1,6,4,2
300,,14,1,6,5,1
300,,15,1,6,2,4
300,,0,1,6,3,3
300,,1,1,6,3,3
300,,2,1,6,6,0
300,,3,1,6,2,4
300,,4,1,6,4,2
300,,5,1,6,6,0
300,,6,1,6,4,2
300,,7,1,6,3,3
300,,8,1,6,5,1
300,,9,1,6,3,3
300,,10,1,6,4,2
300,,11,1,6,3,3
300,,12,1,6,5,1
300,,13,1,6,5,1
300,,14,1,6,6,0
300,,15,1,6,5,1
300,,0,1,6,4,2
300,,1,1,6,5,1
300,,2,1,6,4,2
300,,3,1,6,2,4
300,,4,1,6,4,2
300,,5,1,6,6,0
300,,6,1,6,5,1
300,,7,1,6,6,0
300,,8,1,6,3,3
300,,9,1,6,5,1
300,,10,1,6,6,0
300,,11,1,6,4,2
300,,12,1,6,3,3
300,,13,1,6,5,1
300,,14,1,6,5,1
300,,15,1,6,5,1
300,,0,1,6,3,3
300,,1,1,6,4,2
300,,2,1,6,5,1
300,,3,1,6,6,0
300,,4,1,6,6,0
300,,5,1,6,4,2
300,,6,1,6,5,1
300,,7,1,6,4,2
300,,8,1,6,4,2
300,,9,1,6,4,2
300,,10,1,6,3,3
300,,11,1,6,5,1
300,,12,1,6,5,1
300,,13,1,6,4,2
300,,14,1,6,1,5
300,,15,1,6,5,1
300,,0,1,6,6,0
300,,1,1,6,5,1
300,,2,1,6,6,0
300,,3,1,6,5,1
300,,4,1,6,5,1
300,,5,1,6,5,1
300,,6,1,6,6,0
300,,7,1,6,3,3
300,,8,1,6,2,4
300,,9,1,6,3,3
300,,10,1,6,5,1
300,,11,1,6,3,3
300,,12,1,6,5,1
300,,13,1,6,4,2
300,,14,1,6,5,1
300,,15,1,6,4,2
300,,0,1,6,5,1
300,,1,1,6,5,1
300,,2,1,6,4,2
300,,3,1,6,3,3
300,,4,1,6,5,1
300,,5,1,6,5,1
300,,6,1,6,3,3
300,,7,1,6,4,2
300,,8,1,6,2,4
300,,9,1,6,4,2
300,,10,1,6,6,0
300,,11,1,6,4,2
300,,12,1,6,5,1
300,,13,1,6,4,2
300,,14,1,6,5,1
300,,15,1,6,5,1
300,,0,1,6,3,3
300,,1,1,6,6,0
300,,2,1,6,4,2
300,,3,1,6,5,1
300,,4,1,6,2,4
300,,5,1,6,5,1
300,,6,1,6,5,1
300,,7,1,6,3,3
300,,8,1,6,3,3
300,,9,1,6,3,3
300,,10,1,6,4,2
300,,11,1,6,5,1
300,,12,1,6,4,2
300,,13,1,6,3,3
300,,14,1,6,4,2
300,,15,1,6,6,0
300,,0,1,6,3,3
300,,1,1,6,3,3
300,,2,1,6,4,2
300,,3,1,6,5,1
300,,4,1,6,5,1
300,,5,1,6,2,4
300,,6,1,6,5,1
300,,7,1,6,6,0
300,,8,1,6,2,4
300,,9,1,6,2,4
300,,10,1,6,6,0
300,,11,1,6,4,2
300,,12,1,6,5,1
300,,13,1,6,4,2
300,,14,1,6,5,1
300,,15,1,6,5,1
300,,0,1,6,5,1
300,,1,1,6,4,2
300,,2,1,6,3,3
300,,3,1,6,6,0
300,,4,1,6,5,1
300,,5,1,6,5,1
300,,6,1,6,5,1
300,,7,1,6,5,1
300,,8,1,6,3,3
300,,9,1,6,6,0
300,,10,1,6,5,1
300,,11,1,6,3,3
300,,12,1,6,5,1
300,,13,1,6,1,5
300,,14,1,6,3,3
300,,15,1,6,5,1
300,,0,1,6,5,1
300,,1,1,6,5,1
300,,2,1,6,5,1
300,,3,1,6,5,1
300,,4,1,6,6,0
300,,5,1,6,6,0
300,,6,1,6,4,2
300,,7,1,6,5,1
300,,8,1,6,4,2
300,,9,1,6,5,1
300,,10,1,6,4,2
300,,11,1,6,3,3
300,,12,1,6,4,2
300,,13,1,6,3,3
300,,14,1,6,5,1
300,,15,1,6,6,0
300,,0,1,6,6,0
300,,1,1,6,3,3
300,,2,1,6,5,1
300,,3,1,6,6,0
300,,4,1,6,4,2
300,,5,1,6,4,2
300,,6,1,6,4,2
300,,7,1,6,4,2
300,,8,1,6,3,3
300,,9,1,6,4,2
300,,10,1,6,6,0
300,,11,1,6,6,0
300,,12,1,6,6,0
300,,13,1,6,1,5
300,,14,1,6,5,1
300,,15,1,6,3,3
300,,0,1,6,5,1
300,,1,1,6,3,3
300,,2,1,6,4,2
300,,3,1,6,5,1
300,,4,1,6,6,0
300,,5,1,6,4,2
300,,6,1,6,5,1
300,,7,1,6,4,2
300,,8,1,6,2,4
300,,9,1,6,2,4
300,,10,1,6,4,2
300,,11,1,6,5,1
300,,12,1,6,4,2
300,,13,1,6,4,2
300,,14,1,6,3,3
300,,15,1,6,5,1
300,,0,1,6,3,3
300,,1,1,6,4,2
300,,2,1,6,3,3
300,,3,1,6,5,1
300,,4,1,6,5,1
300,,5,1,6,5,1
300,,6,1,6,6,0
300,,7,1,6,5,1
300,,8,1,6,3,3
300,,9,1,6,5,1
300,,10,1,6,5,1
300,,11,1,6,4,2
300,,12,1,6,3,3
300,,13,1,6,2,4
300,,14,1,6,5,1
300,,15,1,6,4,2
300,,0,1,6,3,3
300,,1,1,6,6,0
300,,2,1,6,5,1
300,,3,1,6,5,1
300,,4,1,6,5,1
300,,5,1,6,5,1
300,,6,1,6,6,0
300,,7,1,6,6,0
300,,8,1,6,3,3
300,,9,1,6,5,1
300,,10,1,6,5,1
300,,11,1,6,6,0
300,,12,1,6,4,2
300,,13,1,6,1,5
300,,14,1,6,5,1
300,,15,1,6,5,1
300,,0,1,6,5,1
300,,1,1,6,5,1
300,,2,1,6,5,1
300,,3,1,6,6,0
300,,4,1,6,5,1
300,,5,1,6,4,2
300,,6,1,6,5,1
300,,7,1,6,3,3
300,,8,1,6,3,3
300,,9,1,6,5,1
300,,10,1,6,6,0
300,,11,1,6,6,0
300,,12,1,6,6,0
300,,13,1,6,0,6
300,,14,1,6,5,1
300,,15,1,6,6,0
300,,0,1,6,6,0
300,,1,1,6,4,2
300,,2,1,6,4,2
300,,3,1,6,4,2
300,,4,1,6,5,1
300,,5,1,6,5,1
300,,6,1,6,4,2
300,,7,1,6,4,2
300,,8,1,6,3,3
300,,9,1,6,5,1
300,,10,1,6,5,1
300,,11,1,6,4,2
300,,12,1,6,5,1
300,,13,1,6,3,3
300,,14,1,6,5,1
300,,15,1,6,5,1
300,,0,1,6,5,1
300,,1,1,6,4,2
300,,2,1,6,6,0
300,,3,1,6,6,0
300,,4,1,6,5,1
300,,5,1,6,5,1
300,,6,1,6,5,1
300,,7,1,6,4,2
300,,8,1,6,3,3
300,,9,1,6,6,0
300,,10,1,6,5,1
300,,11,1,6,5,1
300,,12,1,6,5,1
300,,13,1,6,2,4
300,,14,1,6,5,1
300,,15,1,6,5,1
300,,0,1,6,3,3
300,,1,1,6,4,2
300,,2,1,6,3,3
300,,3,1,6,5,1
300,,4,1,6,4,2
300,,5,1,6,5,1
300,,6,1,6,5,1
300,,7,1,6,4,2
300,,8,1,6,3,3
300,,9,1,6,5,1
300,,10,1,6,4,2
300,,11,1,6,5,1
300,,12,1,6,4,2
300,,13,1,6,3,3
300,,14,1,6,5,1
300,,15,1,6,4,2
300,,0,1,6,4,2
300,,1,1,6,5,1
300,,2,1,6,6,0
300,,3,1,6,6,0
300,,4,1,6,4,2
300,,5,1,6,6,0
300,,6,1,6,5,1
300,,7,1,6,5,1
300,,8,1,6,3,3
300,,9,1,6,5,1
300,,10,1,6,6,0
300,,11,1,6,5,1
300,,12,1,6,4,2
300,,13,1,6,3,3
300,,14,1,6,5,1
300,,15,1,6,4,2
300,,0,1,6,6,0
300,,1,1,6,6,0
300,,2,1,6,6,0
300,,3,1,6,2,4
300,,4,1,6,3,3
300,,5,1,6,5,1
300,,6,1,6,6,0
300,,7,1,6,5,1
300,,8,1,6,4,2
300,,9,1,6,5,1
300,,10,1,6,6,0
300,,11,1,6,2,4
300,,12,1,6,5,1
300,,13,1,6,1,5
300,,14,1,6,5,1
300,,15,1,6,4,2
300,,0,1,6,4,2
300,,1,1,6,6,0
300,,2,1,6,6,0
300,,3,1,6,5,1
300,,4,1,6,6,0
300,,5,1,6,5,1
300,,6,1,6,5,1
300,,7,1,6,4,2
300,,8,1,6,4,2
300,,9,1,6,6,0
300,,10,1,6,4,2
300,,11,1,6,3,3
300,,12,1,6,3,3
300,,13,1,6,2,4
300,,14,1,6,6,0
300,,15,1,6,5,1
300,,0,1,6,4,2
300,,1,1,6,5,1
300,,2,1,6,3,3
300,,3,1,6,5,1
300,,4,1,6,3,3
300,,5,1,6,5,1
300,,6,1,6,6,0
300,,7,1,6,5,1
300,,8,1,6,4,2
300,,9,1,6,3,3
300,,10,1,6,4,2
300,,11,1,6,5,1
300,,12,1,6,3,3
300,,13,1,6,2,4
300,,14,1,6,3,3
300,,15,1,6,2,4
300,,0,1,6,4,2
300,,1,1,6,5,1
300,,2,1,6,5,1
300,,3,1,6,6,0
300,,4,1,6,4,2
300,,5,1,6,4,2
300,,6,1,6,5,1
300,,7,1,6,6,0
300,,8,1,6,6,0
300,,9,1,6,4,2
300,,10,1,6,1,5
300,,11,1,6,4,2
300,,12,1,6,5,1
300,,13,1,6,4,2
300,,14,1,6,4,2
300,,15,1,6,6,0
300,,0,1,6,5,1
300,,1,1,6,2,4
300,,2,1,6,4,2
300,,3,1,6,5,1
300,,4,1,6,3,3
300,,5,1,6,5,1
300,,6,1,6,6,0
300,,7,1,6,1,5
300,,8,1,6,4,2
300,,9,1,6,4,2
300,,10,1,6,3,3
300,,11,1,6,3,3
300,,12,1,6,4,2
300,,13,1,6,3,3
300,,14,1,6,4,2
300,,15,1,6,5,1
300,,0,1,6,2,4
300,,1,1,6,4,2
300,,2,1,6,6,0
300,,3,1,6,5,1
300,,4,1,6,3,3
300,,5,1,6,5,1
300,,6,1,6,3,3
300,,7,1,6,5,1
300,,8,1,6,4,2
300,,9,1,6,6,0
300,,10,1,6,6,0
300,,11,1,6,3,3
300,,12,1,6,5,1
300,,13,1,6,3,3
300,,14,1,6,2,4
300,,15,1,6,5,1
300,,0,1,6,4,2
300,,1,1,6,6,0
300,,2,1,6,4,2
300,,3,1,6,5,1
300,,4,1,6,5,1
300,,5,1,6,3,3
300,,6,1,6,6,0
300,,7,1,6,6,0
300,,8,1,6,3,3
300,,9,1,6,5,1
300,,10,1,6,5,1
300,,11,1,6,5,1
300,,12,1,6,2,4
300,,13,1,6,2,4
300,,14,1,6,4,2
300,,15,1,6,3,3
300,,0,1,6,5,1
300,,1,1,6,2,4
300,,2,1,6,3,3
300,,3,1,6,3,3
300,,4,1,6,2,4
300,,5,1,6,4,2
300,,6,1,6,3,3
300,,7,1,6,2,4
300,,8,1,6,4,2
300,,9,1,6,5,1
300,,10,1,6,4,2
300,,11,1,6,2,4
300,,12,1,6,4,2
300,,13,1,6,1,5
300,,14,1,6,5,1
300,,15,1,6,5,1
300,,0,1,6,5,1
300,,1,1,6,3,3
300,,2,1,6,6,0
300,,3,1,6,4,2
300,,4,1,6,3,3
300,,5,1,6,2,4
300,,6,1,6,4,2
300,,7,1,6,5,1
300,,8,1,6,5,1
300,,9,1,6,6,0
300,,10,1,6,1,5
300,,11,1,6,3,3
300,,12,1,6,3,3
300,,13,1,6,1,5
300,,14,1,6,2,4
300,,15,1,6,3,3
300,,0,1,6,4,2
300,,1,1,6,5,1
300,,2,1,6,3,3
300,,3,1,6,2,4
300,,4,1,6,6,0
300,,5,1,6,4,2
300,,6,1,6,4,2
300,,7,1,6,2,4
300,,8,1,6,6,0
300,,9,1,6,4,2
300,,10,1,6,3,3
300,,11,1,6,4,2
300,,12,1,6,4,2
300,,13,1,6,1,5
300,,14,1,6,4,2
300,,15,1,6,4,2
300,,0,1,6,4,2
300,,1,1,6,4,2
300,,2,1,6,6,0
300,,3,1,6,3,3
300,,4,1,6,5,1
300,,5,1,6,4,2
300,,6,1,6,4,2
300,,7,1,6,1,5
300,,8,1,6,4,2
300,,9,1,6,6,0
300,,10,1,6,3,3
300,,11,1,6,3,3
300,,12,1,6,3,3
300,,13,1,6,3,3
300,,14,1,6,3,3
300,,15,1,6,6,0
300,,0,1,6,3,3
300,,1,1,6,2,4
300,,2,1,6,4,2
300,,3,1,6,5,1
300,,4,1,6,3,3
300,,5,1,6,4,2
300,,6,1,6,3,3
300,,7,1,6,6,0
300,,8,1,6,5,1
300,,9,1,6,6,0
300,,10,1,6,2,4
300,,11,1,6,3,3
300,,12,1,6,1,5
300,,13,1,6,1,5
300,,14,1,6,3,3
300,,15,1,6,5,1
300,,0,1,6,6,0
300,,1,1,6,3,3
300,,2,1,6,5,1
300,,3,1,6,5,1
300,,4,1,6,1,5
300,,5,1,6,4,2
300,,6,1,6,3,3
300,,7,1,6,5,1
300,,8,1,6,5,1
300,,9,1,6,5,1
300,,10,1,6,5,1
300,,11,1,6,4,2
300,,12,1,6,4,2
300,,13,1,6,1,5
300,,14,1,6,4,2
300,,15,1,6,6,0
300,,0,1,6,5,1
300,,1,1,6,3,3
300,,2,1,6,4,2
300,,3,1,6,4,2
300,,4,1,6,3,3
300,,5,1,6,1,5
300,,6,1,6,5,1
300,,7,1,6,3,3
300,,8,1,6,4,2
300,,9,1,6,5,1
300,,10,1,6,3,3
300,,11,1,6,2,4
300,,12,1,6,5,1
300,,13,1,6,0,6
300,,14,1,6,4,2
300,,15,1,6,3,3
300,,0,1,6,6,0
300,,1,1,6,6,0
300,,2,1,6,3,3
300,,3,1,6,3,3
300,,4,1,6,3,3
300,,5,1,6,5,1
300,,6,1,6,4,2
300,,7,1,6,0,6
300,,8,1,6,5,1
300,,9,1,6,4,2
300,,10,1,6,3,3
300,,11,1,6,1,5
300,,12,1,6,2,4
300,,13,1,6,0,6
300,,14,1,6,1,5
300,,15,1,6,3,3
300,,0,1,6,4,2
300,,1,1,6,2,4
300,,2,1,6,5,1
300,,3,1,6,0,6
300,,4,1,6,3,3
300,,5,1,6,4,2
300,,6,1,6,4,2
300,,7,1,6,4,2
300,,8,1,6,5,1
300,,9,1,6,4,2
300,,10,1,6,3,3
300,,11,1,6,3,3
300,,12,1,6,0,6
300,,13,1,6,3,3
300,,14,1,6,2,4
300,,15,1,6,6,0
350,,0,1,6,1,5
350,,1,1,6,0,6
350,,2,1,6,1,5
350,,3,1,6,1,5
350,,4,1,6,3,3
350,,5,1,6,1,5
350,,6,1,6,3,3
350,,7,1,6,1,5
350,,8,1,6,2,4
350,,9,1,6,0,6
350,,10,1,6,1,5
350,,11,1,6,2,4
350,,12,1,6,2,4
350,,13,1,6,1,5
350,,14,1,6,1,5
350,,15,1,6,0,6
350,,0,1,6,0,6
350,,1,1,6,5,1
350,,2,1,6,4,2
350,,3,1,6,1,5
350,,4,1,6,1,5
350,,5,1,6,4,2
350,,6,1,6,2,4
350,,7,1,6,6,0
350,,8,1,6,2,4
350,,9,1,6,5,1
350,,10,1,6,1,5
350,,11,1,6,0,6
350,,12,1,6,2,4
350,,13,1,6,1,5
350,,14,1,6,1,5
350,,15,1,6,1,5
350,,0,1,6,1,5
350,,1,1,6,1,5
350,,2,1,6,0,6
350,,3,1,6,4,2
350,,4,1,6,0,6
350,,5,1,6,3,3
350,,6,1,6,0,6
350,,7,1,6,2,4
350,,8,1,6,1,5
350,,9,1,6,5,1
350,,10,1,6,1,5
350,,11,1,6,3,3
350,,12,1,6,1,5
350,,13,1,6,3,3
350,,14,1,6,1,5
350,,15,1,6,6,0
350,,0,1,6,0,6
350,,1,1,6,3,3
350,,2,1,6,3,3
350,,3,1,6,5,1
350,,4,1,6,1,5
350,,5,1,6,6,0
350,,6,1,6,6,0
350,,7,1,6,3,3
350,,8,1,6,3,3
350,,9,1,6,0,6
350,,10,1,6,1,5
350,,11,1,6,1,5
350,,12,1,6,2,4
350,,13,1,6,3,3
350,,14,1,6,1,5
350,,15,1,6,3,3
350,,0,1,6,3,3
350,,1,1,6,5,1
350,,2,1,6,1,5
350,,3,1,6,2,4
350,,4,1,6,1,5
350,,5,1,6,5,1
350,,6,1,6,2,4
350,,7,1,6,1,5
350,,8,1,6,2,4
350,,9,1,6,2,4
350,,10,1,6,3,3
350,,11,1,6,2,4
350,,12,1,6,3,3
350,,13,1,6,3,3
350,,14,1,6,2,4
350,,15,1,6,5,1
350,,0,1,6,1,5
350,,1,1,6,5,1
350,,2,1,6,3,3
350,,3,1,6,3,3
350,,4,1,6,3,3
350,,5,1,6,5,1
350,,6,1,6,2,4
350,,7,1,6,2,4
350,,8,1,6,3,3
350,,9,1,6,1,5
350,,10,1,6,1,5
350,,11,1,6,1,5
350,,12,1,6,1,5
350,,13,1,6,1,5
350,,14,1,6,1,5
350,,15,1,6,4,2
350,,0,1,6,1,5
350,,1,1,6,4,2
350,,2,1,6,0,6
350,,3,1,6,2,4
350,,4,1,6,3,3
350,,5,1,6,3,3
350,,6,1,6,2,4
350,,7,1,6,1,5
350,,8,1,6,1,5
350,,9,1,6,2,4
350,,10,1,6,2,4
350,,11,1,6,3,3
350,,12,1,6,1,5
350,,13,1,6,2,4
350,,14,1,6,0,6
350,,15,1,6,4,2
350,,0,1,6,2,4
350,,1,1,6,6,0
350,,2,1,6,1,5
350,,3,1,6,2,4
350,,4,1,6,1,5
350,,5,1,6,5,1
350,,6,1,6,4,2
350,,7,1,6,2,4
350,,8,1,6,1,5
350,,9,1,6,2,4
350,,10,1,6,1,5
350,,11,1,6,1,5
350,,12,1,6,1,5
350,,13,1,6,1,5
350,,14,1,6,4,2
350,,15,1,6,5,1
350,,0,1,6,2,4
350,,1,1,6,4,2
350,,2,1,6,2,4
350,,3,1,6,4,2
350,,4,1,6,0,6
350,,5,1,6,4,2
350,,6,1,6,4,2
350,,7,1,6,3,3
350,,8,1,6,0,6
350,,9,1,6,1,5
350,,10,1,6,4,2
350,,11,1,6,2,4
350,,12,1,6,1,5
350,,13,1,6,1,5
350,,14,1,6,2,4
350,,15,1,6,5,1
350,,0,1,6,2,4
350,,1,1,6,4,2
350,,2,1,6,3,3
350,,3,1,6,3,3
350,,4,1,6,1,5
350,,5,1,6,2,4
350,,6,1,6,2,4
350,,7,1,6,1,5
350,,8,1,6,1,5
350,,9,1,6,1,5
350,,10,1,6,4,2
350,,11,1,6,1,5
350,,12,1,6,2,4
350,,13,1,6,2,4
350,,14,1,6,3,3
350,,15,1,6,6,0
350,,0,1,6,3,3
350,,1,1,6,4,2
350,,2,1,6,1,5
350,,3,1,6,3,3
350,,4,1,6,2,4
350,,5,1,6,6,0
350,,6,1,6,2,4
350,,7,1,6,3,3
350,,8,1,6,0,6
350,,9,1,6,1,5
350,,10,1,6,0,6
350,,11,1,6,4,2
350,,12,1,6,2,4
350,,13,1,6,4,2
350,,14,1,6,2,4
350,,15,1,6,1,5
350,,0,1,6,1,5
350,,1,1,6,5,1
350,,2,1,6,5,1
350,,3,1,6,2,4
350,,4,1,6,0,6
350,,5,1,6,5,1
350,,6,1,6,1,5
350,,7,1,6,2,4
350,,8,1,6,1,5
350,,9,1,6,4,2
350,,10,1,6,2,4
350,,11,1,6,0,6
350,,12,1,6,2,4
350,,13,1,6,1,5
350,,14,1,6,1,5
350,,15,1,6,5,1
350,,0,1,6,1,5
350,,1,1,6,6,0
350,,2,1,6,3,3
350,,3,1,6,2,4
350,,4,1,6,6,0
350,,5,1,6,5,1
350,,6,1,6,1,5
350,,7,1,6,1,5
350,,8,1,6,2,4
350,,9,1,6,1,5
350,,10,1,6,5,1
350,,11,1,6,1,5
350,,12,1,6,0,6
350,,13,1,6,1,5
350,,14,1,6,0,6
350,,15,1,6,5,1
350,,0,1,6,0,6
350,,1,1,6,6,0
350,,2,1,6,1,5
350,,3,1,6,2,4
350,,4,1,6,2,4
350,,5,1,6,4,2
350,,6,1,6,1,5
350,,7,1,6,4,2
350,,8,1,6,1,5
350,,9,1,6,6,0
350,,10,1,6,3,3
350,,11,1,6,1,5
350,,12,1,6,3,3
350,,13,1,6,1,5
350,,14,1,6,1,5
350,,15,1,6,5,1
350,,0,1,6,0,6
350,,1,1,6,4,2
350,,2,1,6,2,4
350,,3,1,6,3,3
350,,4,1,6,1,5
350,,5,1,6,6,0
350,,6,1,6,1,5
350,,7,1,6,2,4
350,,8,1,6,0,6
350,,9,1,6,3,3
350,,10,1,6,6,0
350,,11,1,6,1,5
350,,12,1,6,2,4
350,,13,1,6,5,1
350,,14,1,6,1,5
350,,15,1,6,4,2
350,,0,1,6,1,5
350,,1,1,6,4,2
350,,2,1,6,5,1
350,,3,1,6,1,5
350,,4,1,6,3,3
350,,5,1,6,5,1
350,,6,1,6,3,3
350,,7,1,6,2,4
350,,8,1,6,2,4
350,,9,1,6,2,4
350,,10,1,6,3,3
350,,11,1,6,0,6
350,,12,1,6,2,4
350,,13,1,6,3,3
350,,14,1,6,2,4
350,,15,1,6,4,2
350,,0,1,6,0,6
350,,1,1,6,4,2
350,,2,1,6,4,2
350,,3,1,6,6,0
350,,4,1,6,1,5
350,,5,1,6,5,1
350,,6,1,6,5,1
350,,7,1,6,4,2
350,,8,1,6,3,3
350,,9,1,6,4,2
350,,10,1,6,6,0
350,,11,1,6,1,5
350,,12,1,6,0,6
350,,13,1,6,2,4
350,,14,1,6,1,5
350,,15,1,6,6,0
350,,0,1,6,0,6
350,,1,1,6,5,1
350,,2,1,6,6,0
350,,3,1,6,2,4
350,,4,1,6,0,6
350,,5,1,6,5,1
350,,6,1,6,2,4
350,,7,1,6,4,2
350,,8,1,6,1,5
350,,9,1,6,3,3
350,,10,1,6,4,2
350,,11,1,6,0,6
350,,12,1,6,1,5
350,,13,1,6,1,5
350,,14,1,6,1,5
350,,15,1,6,5,1
350,,0,1,6,3,3
350,,1,1,6,3,3
350,,2,1,6,4,2
350,,3,1,6,0,6
350,,4,1,6,6,0
350,,5,1,6,5,1
350,,6,1,6,4,2
350,,7,1,6,5,1
350,,8,1,6,3,3
350,,9,1,6,2,4
350,,10,1,6,6,0
350,,11,1,6,5,1
350,,12,1,6,4,2
350,,13,1,6,2,4
350,,14,1,6,0,6
350,,15,1,6,5,1
350,,0,1,6,0,6
350,,1,1,6,5,1
350,,2,1,6,5,1
350,,3,1,6,5,1
350,,4,1,6,4,2
350,,5,1,6,5,1
350,,6,1,6,4,2
350,,7,1,6,3,3
350,,8,1,6,3,3
350,,9,1,6,3,3
350,,10,1,6,6,0
350,,11,1,6,0,6
350,,12,1,6,4,2
350,,13,1,6,3,3
350,,14,1,6,3,3
350,,15,1,6,6,0
350,,0,1,6,3,3
350,,1,1,6,6,0
350,,2,1,6,5,1
350,,3,1,6,3,3
350,,4,1,6,2,4
350,,5,1,6,4,2
350,,6,1,6,5,1
350,,7,1,6,2,4
350,,8,1,6,1,5
350,,9,1,6,3,3
350,,10,1,6,5,1
350,,11,1,6,3,3
350,,12,1,6,3,3
350,,13,1,6,2,4
350,,14,1,6,5,1
350,,15,1,6,5,1
350,,0,1,6,1,5
350,,1,1,6,4,2
350,,2,1,6,6,0
350,,3,1,6,1,5
350,,4,1,6,4,2
350,,5,1,6,4,2
350,,6,1,6,5,1
350,,7,1,6,2,4
350,,8,1,6,3,3
350,,9,1,6,6,0
350,,10,1,6,5,1
350,,11,1,6,1,5
350,,12,1,6,1,5
350,,13,1,6,3,3
350,,14,1,6,3,3
350,,15,1,6,4,2
350,,0,1,6,2,4
350,,1,1,6,4,2
350,,2,1,6,4,2
350,,3,1,6,4,2
350,,4,1,6,5,1
350,,5,1,6,4,2
350,,6,1,6,3,3
350,,7,1,6,3,3
350,,8,1,6,5,1
350,,9,1,6,2,4
350,,10,1,6,4,2
350,,11,1,6,1,5
350,,12,1,6,3,3
350,,13,1,6,4,2
350,,14,1,6,4,2
350,,15,1,6,6,0
350,,0,1,6,4,2
350,,1,1,6,5,1
350,,2,1,6,6,0
350,,3,1,6,4,2
350,,4,1,6,4,2
350,,5,1,6,5,1
350,,6,1,6,5,1
350,,7,1,6,6,0
350,,8,1,6,6,0
350,,9,1,6,6,0
350,,10,1,6,6,0
350,,11,1,6,6,0
350,,12,1,6,5,1
350,,13,1,6,6,0
350,,14,1,6,4,2
350,,15,1,6,5,1
350,,0,1,6,4,2
350,,1,1,6,6,0
350,,2,1,6,6,0
50,,4,1,6,4,2
50,,5,1,6,5,1
50,,6,1,6,4,2
50,,7,1,6,5,1
50,,8,1,6,5,1
50,,9,1,6,5,1
50,,10,1,6,5,1
50,,11,1,6,5,1
50,,12,1,6,5,1
50,,13,1,6,5,1
50,,14,1,6,2,4
50,,15,1,6,5,1
50,,0,1,6,5,1
50,,1,1,6,4,2
50,,2,1,6,5,1
50,,3,1,6,4,2
50,,4,1,6,4,2
50,,5,1,6,5,1
50,,6,1,6,4,2
50,,7,1,6,5,1
50,,8,1,6,3,3
50,,9,1,6,6,0
50,,10,1,6,3,3
50,,11,1,6,5,1
50,,12,1,6,2,4
50,,13,1,6,2,4
50,,14,1,6,5,1
50,,15,1,6,3,3
50,,0,1,6,5,1
50,,1,1,6,6,0
50,,2,1,6,5,1
50,,3,1,6,4,2
50,,4,1,6,1,5
50,,5,1,6,5,1
50,,6,1,6,5,1
50,,7,1,6,6,0
50,,8,1,6,6,0
50,,9,1,6,5,1
50,,10,1,6,5,1
50,,11,1,6,5,1
50,,12,1,6,6,0
50,,13,1,6,4,2
50,,14,1,6,3,3
50,,15,1,6,3,3
50,,0,1,6,5,1
50,,1,1,6,4,2
50,,2,1,6,6,0
50,,3,1,6,5,1
50,,4,1,6,2,4
50,,5,1,6,6,0
50,,6,1,6,4,2
50,,7,1,6,6,0
50,,8,1,6,4,2
50,,9,1,6,6,0
50,,10,1,6,4,2
50,,11,1,6,6,0
50,,12,1,6,5,1
50,,13,1,6,6,0
50,,14,1,6,4,2
50,,15,1,6,4,2
50,,0,1,6,5,1
50,,1,1,6,6,0
50,,2,1,6,5,1
50,,3,1,6,6,0
50,,4,1,6,1,5
50,,5,1,6,5,1
50,,6,1,6,2,4
50,,7,1,6,6,0
50,,8,1,6,4,2
50,,9,1,6,6,0
50,,10,1,6,5,1
50,,11,1,6,5,1
50,,12,1,6,6,0
50,,13,1,6,4,2
50,,14,1,6,6,0
50,,15,1,6,5,1
50,,0,1,6,3,3
50,,1,1,6,4,2
50,,2,1,6,2,4
50,,3,1,6,6,0
50,,4,1,6,5,1
50,,5,1,6,4,2
50,,6,1,6,3,3
50,,7,1,6,3,3
50,,8,1,6,4,2
50,,9,1,6,4,2
50,,10,1,6,4,2
50,,11,1,6,3,3
50,,12,1,6,5,1
50,,13,1,6,2,4
50,,14,1,6,5,1
50,,15,1,6,6,0
50,,0,1,6,5,1
50,,1,1,6,5,1
50,,2,1,6,6,0
50,,3,1,6,3,3
50,,4,1,6,2,4
50,,5,1,6,6,0
50,,6,1,6,4,2
50,,7,1,6,4,2
50,,8,1,6,5,1
50,,9,1,6,5,1
50,,10,1,6,6,0
50,,11,1,6,5,1
50,,12,1,6,4,2
50,,13,1,6,6,0
50,,14,1,6,4,2
50,,15,1,6,5,1
50,,0,1,6,3,3
50,,1,1,6,6,0
50,,2,1,6,5,1
50,,3,1,6,3,3
50,,4,1,6,2,4
50,,5,1,6,4,2
50,,6,1,6,2,4
50,,7,1,6,4,2
50,,8,1,6,5,1
50,,9,1,6,6,0
50,,10,1,6,4,2
50,,11,1,6,6,0
50,,12,1,6,5,1
50,,13,1,6,4,2
50,,14,1,6,6,0
50,,15,1,6,6,0
50,,0,1,6,3,3
50,,1,1,6,5,1
50,,2,1,6,4,2
50,,3,1,6,6,0
50,,4,1,6,1,5
50,,5,1,6,5,1
50,,6,1,6,5,1
50,,7,1,6,3,3
50,,8,1,6,5,1
50,,9,1,6,5,1
50,,10,1,6,5,1
50,,11,1,6,5,1
50,,12,1,6,6,0
50,,13,1,6,4,2
50,,14,1,6,2,4
50,,15,1,6,5,1
50,,0,1,6,6,0
50,,1,1,6,4,2
50,,2,1,6,4,2
50,,3,1,6,4,2
50,,4,1,6,1,5
50,,5,1,6,6,0
50,,6,1,6,6,0
50,,7,1,6,3,3
50,,8,1,6,5,1
50,,9,1,6,4,2
50,,10,1,6,5,1
50,,11,1,6,4,2
50,,12,1,6,4,2
50,,13,1,6,6,0
50,,14,1,6,4,2
50,,15,1,6,6,0
50,,0,1,6,4,2
50,,1,1,6,3,3
50,,2,1,6,5,1
50,,3,1,6,6,0
50,,4,1,6,2,4
50,,5,1,6,4,2
50,,6,1,6,6,0
50,,7,1,6,6,0
50,,8,1,6,6,0
50,,9,1,6,5,1
50,,10,1,6,6,0
50,,11,1,6,3,3
50,,12,1,6,5,1
50,,13,1,6,5,1
50,,14,1,6,4,2
50,,15,1,6,6,0
50,,0,1,6,5,1
50,,1,1,6,5,1
50,,2,1,6,4,2
50,,3,1,6,6,0
50,,4,1,6,4,2
50,,5,1,6,5,1
50,,6,1,6,5,1
50,,7,1,6,4,2
50,,8,1,6,3,3
50,,9,1,6,5,1
50,,10,1,6,5,1
50,,11,1,6,3,3
50,,12,1,6,5,1
50,,13,1,6,5,1
50,,14,1,6,3,3
50,,15,1,6,5,1
50,,0,1,6,6,0
50,,1,1,6,4,2
50,,2,1,6,5,1
50,,3,1,6,5,1
50,,4,1,6,4,2
50,,5,1,6,5,1
50,,6,1,6,6,0
50,,7,1,6,5,1
50,,8,1,6,6,0
50,,9,1,6,5,1
50,,10,1,6,2,4
50,,11,1,6,6,0
50,,12,1,6,3,3
50,,13,1,6,5,1
50,,14,1,6,3,3
50,,15,1,6,6,0
50,,0,1,6,2,4
50,,1,1,6,5,1
50,,2,1,6,6,0
50,,3,1,6,5,1
50,,4,1,6,6,0
50,,5,1,6,5,1
50,,6,1,6,3,3
50,,7,1,6,6,0
50,,8,1,6,6,0
50,,9,1,6,4,2
50,,10,1,6,5,1
50,,11,1,6,4,2
50,,12,1,6,5,1
50,,13,1,6,4,2
50,,14,1,6,4,2
50,,15,1,6,5,1
50,,0,1,6,4,2
50,,1,1,6,6,0
50,,2,1,6,3,3
50,,3,1,6,5,1
50,,4,1,6,4,2
50,,5,1,6,5,1
50,,6,1,6,3,3
50,,7,1,6,5,1
50,,8,1,6,4,2
50,,9,1,6,4,2
50,,10,1,6,5,1
50,,11,1,6,5,1
50,,12,1,6,3,3
50,,13,1,6,2,4
50,,14,1,6,2,4
50,,15,1,6,6,0
50,,0,1,6,3,3
50,,1,1,6,5,1
50,,2,1,6,3,3
50,,3,1,6,5,1
50,,4,1,6,3,3
50,,5,1,6,6,0
50,,6,1,6,2,4
50,,7,1,6,4,2
50,,8,1,6,4,2
50,,9,1,6,3,3
50,,10,1,6,5,1
50,,11,1,6,6,0
50,,12,1,6,4,2
50,,13,1,6,2,4
50,,14,1,6,1,5
50,,15,1,6,5,1
50,,0,1,6,3,3
50,,1,1,6,5,1
50,,2,1,6,6,0
50,,3,1,6,6,0
50,,4,1,6,3,3
50,,5,1,6,6,0
50,,6,1,6,3,3
50,,7,1,6,4,2
50,,8,1,6,1,5
50,,9,1,6,5,1
50,,10,1,6,4,2
50,,11,1,6,3,3
50,,12,1,6,2,4
50,,13,1,6,3,3
50,,14,1,6,2,4
50,,15,1,6,6,0
50,,0,1,6,5,1
50,,1,1,6,5,1
50,,2,1,6,3,3
50,,3,1,6,5,1
50,,4,1,6,2,4
50,,5,1,6,5,1
50,,6,1,6,5,1
50,,7,1,6,2,4
50,,8,1,6,4,2
50,,9,1,6,3,3
50,,10,1,6,6,0
50,,11,1,6,3,3
50,,12,1,6,5,1
50,,13,1,6,3,3
50,,14,1,6,3,3
50,,15,1,6,5,1
50,,0,1,6,2,4
50,,1,1,6,5,1
50,,2,1,6,5,1
50,,3,1,6,5,1
50,,4,1,6,5,1
50,,5,1,6,5,1
50,,6,1,6,3,3
50,,7,1,6,4,2
50,,8,1,6,5,1
50,,9,1,6,5,1
50,,10,1,6,5,1
50,,11,1,6,5,1
50,,12,1,6,4,2
50,,13,1,6,5,1
50,,14,1,6,3,3
50,,15,1,6,4,2
50,,0,1,6,3,3
50,,1,1,6,5,1
50,,2,1,6,2,4
50,,3,1,6,5,1
50,,4,1,6,5,1
50,,5,1,6,4,2
50,,6,1,6,4,2
50,,7,1,6,3,3
50,,8,1,6,1,5
50,,9,1,6,4,2
50,,10,1,6,5,1
50,,11,1,6,3,3
50,,12,1,6,3,3
50,,13,1,6,6,0
50,,14,1,6,2,4
50,,15,1,6,5,1
50,,0,1,6,5,1
50,,1,1,6,5,1
50,,2,1,6,2,4
50,,3,1,6,6,0
50,,4,1,6,6,0
50,,5,1,6,6,0
50,,6,1,6,3,3
50,,7,1,6,2,4
50,,8,1,6,5,1
50,,9,1,6,4,2
50,,10,1,6,4,2
50,,11,1,6,5,1
50,,12,1,6,4,2
50,,13,1,6,5,1
50,,14,1,6,2,4
50,,15,1,6,6,0
50,,0,1,6,3,3
50,,1,1,6,4,2
50,,2,1,6,2,4
50,,3,1,6,4,2
50,,4,1,6,3,3
50,,5,1,6,5,1
50,,6,1,6,3,3
50,,7,1,6,1,5
50,,8,1,6,4,2
50,,9,1,6,3,3
50,,10,1,6,5,1
50,,11,1,6,3,3
50,,12,1,6,3,3
50,,13,1,6,6,0
50,,14,1,6,2,4
50,,15,1,6,5,1
50,,0,1,6,5,1
50,,1,1,6,3,3
50,,2,1,6,2,4
50,,3,1,6,4,2
50,,4,1,6,5,1
50,,5,1,6,6,0
50,,6,1,6,4,2
50,,7,1,6,4,2
50,,8,1,6,4,2
50,,9,1,6,5,1
50,,10,1,6,4,2
50,,11,1,6,3,3
50,,12,1,6,5,1
50,,13,1,6,5,1
50,,14,1,6,0,6
50,,15,1,6,6,0
50,,0,1,6,3,3
50,,1,1,6,3,3
50,,2,1,6,3,3
50,,3,1,6,6,0
50,,4,1,6,1,5
50,,5,1,6,4,2
50,,6,1,6,4,2
50,,7,1,6,3,3
50,,8,1,6,2,4
50,,9,1,6,3,3
50,,10,1,6,5,1
50,,11,1,6,4,2
50,,12,1,6,4,2
50,,13,1,6,5,1
50,,14,1,6,3,3
50,,15,1,6,3,3
50,,0,1,6,4,2
50,,1,1,6,5,1
50,,2,1,6,4,2
50,,3,1,6,5,1
50,,4,1,6,3,3
50,,5,1,6,3,3
50,,6,1,6,3,3
50,,7,1,6,4,2
50,,8,1,6,4,2
50,,9,1,6,4,2
50,,10,1,6,1,5
50,,11,1,6,1,5
50,,12,1,6,3,3
50,,13,1,6,6,0
50,,14,1,6,1,5
50,,15,1,6,5,1
50,,0,1,6,4,2
50,,1,1,6,5,1
50,,2,1,6,1,5
50,,3,1,6,5,1
50,,4,1,6,3,3
50,,5,1,6,4,2
50,,6,1,6,3,3
50,,7,1,6,3,3
50,,8,1,6,4,2
50,,9,1,6,2,4
50,,10,1,6,3,3
50,,11,1,6,1,5
50,,12,1,6,0,6
50,,13,1,6,4,2
50,,14,1,6,2,4
50,,15,1,6,4,2
100,,0,1,6,1,5
100,,1,1,6,2,4
100,,2,1,6,1,5
100,,3,1,6,0,6
100,,4,1,6,1,5
100,,5,1,6,0,6
100,,6,1,6,1,5
100,,7,1,6,1,5
100,,8,1,6,0,6
100,,9,1,6,1,5
100,,10,1,6,0,6
100,,11,1,6,1,5
100,,12,1,6,2,4
100,,13,1,6,1,5
100,,14,1,6,4,2
100,,15,1,6,2,4
100,,0,1,6,1,5
100,,1,1,6,0,6
100,,2,1,6,3,3
100,,3,1,6,2,4
100,,4,1,6,3,3
100,,5,1,6,1,5
100,,6,1,6,1,5
100,,7,1,6,2,4
100,,8,1,6,4,2
100,,9,1,6,2,4
100,,10,1,6,1,5
100,,11,1,6,0,6
100,,12,1,6,5,1
100,,13,1,6,4,2
100,,14,1,6,3,3
100,,15,1,6,0,6
100,,0,1,6,2,4
100,,1,1,6,3,3
100,,2,1,6,0,6
100,,3,1,6,1,5
100,,4,1,6,1,5
100,,5,1,6,1,5
100,,6,1,6,2,4
100,,7,1,6,2,4
100,,8,1,6,2,4
100,,9,1,6,1,5
100,,10,1,6,5,1
100,,11,1,6,1,5
100,,12,1,6,1,5
100,,13,1,6,3,3
100,,14,1,6,4,2
100,,15,1,6,3,3
100,,0,1,6,5,1
100,,1,1,6,2,4
100,,2,1,6,2,4
100,,3,1,6,4,2
100,,4,1,6,0,6
100,,5,1,6,6,0
100,,6,1,6,5,1
100,,7,1,6,1,5
100,,8,1,6,0,6
100,,9,1,6,2,4
100,,10,1,6,4,2
100,,11,1,6,2,4
100,,12,1,6,5,1
100,,13,1,6,6,0
100,,14,1,6,2,4
100,,15,1,6,5,1
100,,0,1,6,2,4
100,,1,1,6,1,5
100,,2,1,6,1,5
100,,3,1,6,4,2
100,,4,1,6,4,2
100,,5,1,6,3,3
100,,6,1,6,4,2
100,,7,1,6,2,4
100,,8,1,6,2,4
100,,9,1,6,2,4
100,,10,1,6,2,4
100,,11,1,6,3,3
100,,12,1,6,3,3
100,,13,1,6,2,4
100,,14,1,6,3,3
100,,15,1,6,3,3
100,,0,1,6,5,1
100,,1,1,6,2,4
100,,2,1,6,0,6
100,,3,1,6,4,2
100,,4,1,6,3,3
100,,5,1,6,1,5
100,,6,1,6,5,1
100,,7,1,6,2,4
100,,8,1,6,3,3
100,,9,1,6,0,6
100,,10,1,6,4,2
100,,11,1,6,0,6
100,,12,1,6,3,3
100,,13,1,6,5,1
100,,14,1,6,2,4
100,,15,1,6,4,2
100,,0,1,6,3,3
100,,1,1,6,1,5
100,,2,1,6,2,4
100,,3,1,6,4,2
100,,4,1,6,4,2
100,,5,1,6,4,2
100,,6,1,6,4,2
100,,7,1,6,2,4
100,,8,1,6,2,4
100,,9,1,6,2,4
100,,10,1,6,4,2
100,,11,1,6,1,5
100,,12,1,6,3,3
100,,13,1,6,4,2
100,,14,1,6,6,0
100,,15,1,6,5,1
100,,0,1,6,4,2
350,,3,1,6,3,3
350,,4,1,6,2,4
350,,5,1,6,6,0
350,,6,1,6,6,0
350,,7,1,6,5,1
350,,8,1,6,5,1
350,,9,1,6,5,1
350,,10,1,6,5,1
350,,11,1,6,2,4
350,,12,1,6,1,5
350,,13,1,6,4,2
350,,14,1,6,2,4
350,,15,1,6,5,1
350,,0,1,6,4,2
350,,1,1,6,6,0
350,,2,1,6,5,1
350,,3,1,6,3,3
350,,4,1,6,3,3
350,,5,1,6,5,1
350,,6,1,6,6,0
350,,7,1,6,3,3
350,,8,1,6,4,2
350,,9,1,6,3,3
350,,10,1,6,4,2
350,,11,1,6,5,1
350,,12,1,6,4,2
350,,13,1,6,3,3
350,,14,1,6,5,1
350,,15,1,6,5,1
350,,0,1,6,5,1
350,,1,1,6,5,1
350,,2,1,6,5,1
350,,3,1,6,3,3
350,,4,1,6,3,3
350,,5,1,6,6,0
350,,6,1,6,4,2
350,,7,1,6,6,0
350,,8,1,6,6,0
350,,9,1,6,5,1
350,,10,1,6,5,1
350,,11,1,6,6,0
350,,12,1,6,4,2
350,,13,1,6,3,3
350,,14,1,6,5,1
350,,15,1,6,5,1
350,,0,1,6,4,2
350,,1,1,6,5,1
350,,2,1,6,5,1
350,,3,1,6,1,5
350,,4,1,6,3,3
350,,5,1,6,6,0
350,,6,1,6,3,3
350,,7,1,6,4,2
350,,8,1,6,3,3
350,,9,1,6,4,2
350,,10,1,6,4,2
350,,11,1,6,5,1
350,,12,1,6,6,0
350,,13,1,6,5,1
350,,14,1,6,5,1
350,,15,1,6,6,0
350,,0,1,6,6,0
350,,1,1,6,3,3
350,,2,1,6,5,1
350,,3,1,6,6,0
350,,4,1,6,4,2
350,,5,1,6,5,1
350,,6,1,6,4,2
350,,7,1,6,5,1
350,,8,1,6,5,1
350,,9,1,6,4,2
350,,10,1,6,5,1
350,,11,1,6,5,1
350,,12,1,6,4,2
350,,13,1,6,5,1
350,,14,1,6,6,0
350,,15,1,6,5,1
350,,0,1,6,4,2
350,,1,1,6,5,1
350,,2,1,6,4,2
350,,3,1,6,3,3
350,,4,1,6,5,1
350,,5,1,6,5,1
350,,6,1,6,6,0
350,,7,1,6,3,3
350,,8,1,6,5,1
350,,9,1,6,6,0
350,,10,1,6,5,1
350,,11,1,6,4,2
350,,12,1,6,5,1
350,,13,1,6,5,1
350,,14,1,6,3,3
350,,15,1,6,4,2
350,,0,1,6,6,0
350,,1,1,6,6,0
350,,2,1,6,6,0
350,,3,1,6,3,3
350,,4,1,6,6,0
350,,5,1,6,6,0
350,,6,1,6,5,1
350,,7,1,6,1,5
350,,8,1,6,5,1
350,,9,1,6,4,2
350,,10,1,6,6,0
350,,11,1,6,5,1
350,,12,1,6,5,1
350,,13,1,6,5,1
350,,14,1,6,4,2
350,,15,1,6,6,0
350,,0,1,6,6,0
350,,1,1,6,6,0
350,,2,1,6,5,1
350,,3,1,6,1,5
350,,4,1,6,5,1
350,,5,1,6,3,3
350,,6,1,6,4,2
350,,7,1,6,3,3
350,,8,1,6,5,1
350,,9,1,6,5,1
350,,10,1,6,6,0
350,,11,1,6,5,1
350,,12,1,6,5,1
350,,13,1,6,6,0
350,,14,1,6,6,0
350,,15,1,6,5,1
350,,0,1,6,5,1
350,,1,1,6,2,4
350,,2,1,6,3,3
350,,3,1,6,5,1
350,,4,1,6,5,1
350,,5,1,6,4,2
350,,6,1,6,4,2
350,,7,1,6,3,3
350,,8,1,6,6,0
350,,9,1,6,5,1
350,,10,1,6,4,2
350,,11,1,6,6,0
350,,12,1,6,6,0
350,,13,1,6,5,1
350,,14,1,6,6,0
350,,15,1,6,6,0
350,,0,1,6,6,0
350,,1,1,6,4,2
350,,2,1,6,6,0
350,,3,1,6,6,0
350,,4,1,6,5,1
350,,5,1,6,4,2
350,,6,1,6,2,4
350,,7,1,6,5,1
350,,8,1,6,6,0
350,,9,1,6,3,3
350,,10,1,6,5,1
350,,11,1,6,6,0
350,,12,1,6,5,1
350,,13,1,6,5,1
350,,14,1,6,6,0
350,,15,1,6,5,1
350,,0,1,6,6,0
350,,1,1,6,5,1
350,,2,1,6,4,2
350,,3,1,6,2,4
350,,4,1,6,5,1
350,,5,1,6,4,2
350,,6,1,6,3,3
350,,7,1,6,5,1
350,,8,1,6,6,0
350,,9,1,6,4,2
350,,10,1,6,6,0
350,,11,1,6,6,0
350,,12,1,6,6,0
350,,13,1,6,5,1
350,,14,1,6,6,0
350,,15,1,6,5,1
350,,0,1,6,5,1
350,,1,1,6,6,0
350,,2,1,6,4,2
350,,3,1,6,5,1
350,,4,1,6,4,2
350,,5,1,6,6,0
350,,6,1,6,5,1
350,,7,1,6,4,2
350,,8,1,6,5,1
350,,9,1,6,5,1
350,,10,1,6,5,1
350,,11,1,6,5,1
350,,12,1,6,5,1
350,,13,1,6,6,0
350,,14,1,6,5,1
350,,15,1,6,5,1
350,,0,1,6,6,0
350,,1,1,6,3,3
350,,2,1,6,3,3
350,,3,1,6,3,3
350,,4,1,6,6,0
350,,5,1,6,6,0
350,,6,1,6,4,2
350,,7,1,6,4,2
350,,8,1,6,5,1
350,,9,1,6,5,1
350,,10,1,6,4,2
350,,11,1,6,6,0
350,,12,1,6,5,1
350,,13,1,6,5,1
350,,14,1,6,5,1
350,,15,1,6,5,1
350,,0,1,6,6,0
350,,1,1,6,3,3
350,,2,1,6,3,3
350,,3,1,6,5,1
350,,4,1,6,5,1
350,,5,1,6,5,1
350,,6,1,6,3,3
350,,7,1,6,4,2
350,,8,1,6,5,1
350,,9,1,6,6,0
350,,10,1,6,5,1
350,,11,1,6,6,0
350,,12,1,6,6,0
350,,13,1,6,4,2
350,,14,1,6,6,0
350,,15,1,6,2,4
350,,0,1,6,4,2
350,,1,1,6,3,3
350,,2,1,6,4,2
350,,3,1,6,4,2
350,,4,1,6,5,1
350,,5,1,6,5,1
350,,6,1,6,6,0
350,,7,1,6,4,2
350,,8,1,6,5,1
350,,9,1,6,4,2
350,,10,1,6,6,0
350,,11,1,6,6,0
350,,12,1,6,6,0
350,,13,1,6,6,0
350,,14,1,6,5,1
350,,15,1,6,5,1
350,,0,1,6,5,1
350,,1,1,6,6,0
350,,2,1,6,4,2
350,,3,1,6,3,3
350,,4,1,6,5,1
350,,5,1,6,6,0
350,,6,1,6,5,1
350,,7,1,6,2,4
350,,8,1,6,6,0
350,,9,1,6,4,2
350,,10,1,6,6,0
350,,11,1,6,4,2
350,,12,1,6,3,3
350,,13,1,6,6,0
350,,14,1,6,6,0
350,,15,1,6,6,0
350,,0,1,6,5,1
350,,1,1,6,4,2
350,,2,1,6,5,1
350,,3,1,6,3,3
350,,4,1,6,5,1
350,,5,1,6,5,1
350,,6,1,6,6,0
350,,7,1,6,2,4
350,,8,1,6,6,0
350,,9,1,6,5,1
350,,10,1,6,6,0
350,,11,1,6,6,0
350,,12,1,6,5,1
350,,13,1,6,6,0
350,,14,1,6,5,1
350,,15,1,6,6,0
350,,0,1,6,4,2
350,,1,1,6,5,1
350,,2,1,6,4,2
350,,3,1,6,3,3
350,,4,1,6,5,1
350,,5,1,6,6,0
350,,6,1,6,5,1
350,,7,1,6,6,0
350,,8,1,6,6,0
350,,9,1,6,4,2
350,,10,1,6,5,1
350,,11,1,6,6,0
350,,12,1,6,6,0
350,,13,1,6,5,1
350,,14,1,6,4,2
350,,15,1,6,4,2
350,,0,1,6,6,0
350,,1,1,6,5,1
350,,2,1,6,4,2
350,,3,1,6,2,4
350,,4,1,6,5,1
350,,5,1,6,6,0
350,,6,1,6,5,1
350,,7,1,6,2,4
350,,8,1,6,5,1
350,,9,1,6,5,1
350,,10,1,6,5,1
350,,11,1,6,5,1
350,,12,1,6,5,1
350,,13,1,6,6,0
350,,14,1,6,5,1
350,,15,1,6,6,0
350,,0,1,6,6,0
350,,1,1,6,5,1
350,,2,1,6,5,1
350,,3,1,6,4,2
350,,4,1,6,4,2
350,,5,1,6,4,2
350,,6,1,6,5,1
350,,7,1,6,4,2
350,,8,1,6,3,3
350,,9,1,6,4,2
350,,10,1,6,5,1
350,,11,1,6,3,3
350,,12,1,6,4,2
350,,13,1,6,4,2
350,,14,1,6,4,2
350,,15,1,6,6,0
350,,0,1,6,6,0
350,,1,1,6,6,0
350,,2,1,6,4,2
350,,3,1,6,6,0
350,,4,1,6,6,0
350,,5,1,6,6,0
350,,6,1,6,3,3
350,,7,1,6,5,1
350,,8,1,6,3,3
350,,9,1,6,6,0
350,,10,1,6,6,0
350,,11,1,6,6,0
350,,12,1,6,5,1
350,,13,1,6,4,2
350,,14,1,6,6,0
350,,15,1,6,5,1
350,,0,1,6,3,3
350,,1,1,6,5,1
350,,2,1,6,6,0
350,,3,1,6,3,3
350,,4,1,6,4,2
350,,5,1,6,5,1
350,,6,1,6,4,2
350,,7,1,6,3,3
350,,8,1,6,3,3
350,,9,1,6,3,3
350,,10,1,6,6,0
350,,11,1,6,4,2
350,,12,1,6,5,1
350,,13,1,6,4,2
350,,14,1,6,4,2
350,,15,1,6,5,1
350,,0,1,6,5,1
350,,1,1,6,4,2
350,,2,1,6,5,1
350,,3,1,6,5,1
350,,4,1,6,6,0
350,,5,1,6,5,1
350,,6,1,6,4,2
350,,7,1,6,4,2
350,,8,1,6,4,2
350,,9,1,6,4,2
350,,10,1,6,5,1
350,,11,1,6,5,1
350,,12,1,6,4,2
350,,13,1,6,5,1
350,,14,1,6,6,0
350,,15,1,6,6,0
350,,0,1,6,5,1
350,,1,1,6,5,1
350,,2,1,6,5,1
350,,3,1,6,5,1
350,,4,1,6,5,1
350,,5,1,6,5,1
350,,6,1,6,6,0
350,,7,1,6,1,5
350,,8,1,6,5,1
350,,9,1,6,2,4
350,,10,1,6,3,3
350,,11,1,6,5,1
350,,12,1,6,4,2
350,,13,1,6,4,2
350,,14,1,6,4,2
350,,15,1,6,4,2
350,,0,1,6,6,0
350,,1,1,6,4,2
350,,2,1,6,6,0
350,,3,1,6,5,1
350,,4,1,6,4,2
350,,5,1,6,6,0
350,,6,1,6,2,4
350,,7,1,6,2,4
350,,8,1,6,4,2
350,,9,1,6,2,4
350,,10,1,6,5,1
350,,11,1,6,6,0
350,,12,1,6,5,1
350,,13,1,6,5,1
350,,14,1,6,3,3
350,,15,1,6,5,1
350,,0,1,6,5,1
350,,1,1,6,5,1
350,,2,1,6,5,1
350,,3,1,6,1,5
350,,4,1,6,3,3
350,,5,1,6,3,3
350,,6,1,6,6,0
350,,7,1,6,1,5
350,,8,1,6,2,4
350,,9,1,6,5,1
350,,10,1,6,6,0
350,,11,1,6,6,0
350,,12,1,6,3,3
350,,13,1,6,5,1
350,,14,1,6,4,2
350,,15,1,6,5,1
350,,0,1,6,2,4
350,,1,1,6,3,3
350,,2,1,6,2,4
350,,3,1,6,5,1
350,,4,1,6,3,3
350,,5,1,6,4,2
350,,6,1,6,4,2
350,,7,1,6,3,3
350,,8,1,6,3,3
350,,9,1,6,3,3
350,,10,1,6,4,2
350,,11,1,6,3,3
350,,12,1,6,4,2
350,,13,1,6,5,1
350,,14,1,6,5,1
350,,15,1,6,4,2
350,,0,1,6,2,4
350,,1,1,6,5,1
350,,2,1,6,4,2
350,,3,1,6,4,2
350,,4,1,6,3,3
350,,5,1,6,4,2
350,,6,1,6,4,2
350,,7,1,6,4,2
350,,8,1,6,3,3
350,,9,1,6,5,1
350,,10,1,6,6,0
350,,11,1,6,6,0
350,,12,1,6,5,1
350,,13,1,6,3,3
350,,14,1,6,4,2
350,,15,1,6,4,2
350,,0,1,6,6,0
350,,1,1,6,4,2
350,,2,1,6,3,3
350,,3,1,6,3,3
350,,4,1,6,1,5
350,,5,1,6,1,5
350,,6,1,6,2,4
350,,7,1,6,2,4
350,,8,1,6,3,3
350,,9,1,6,2,4
350,,10,1,6,6,0
350,,11,1,6,4,2
350,,12,1,6,5,1
350,,13,1,6,0,6
350,,14,1,6,3,3
350,,15,1,6,1,5
350,,0,1,6,2,4
350,,1,1,6,5,1
350,,2,1,6,3,3
350,,3,1,6,4,2
350,,4,1,6,3,3
350,,5,1,6,5,1
350,,6,1,6,5,1
350,,7,1,6,1,5
350,,8,1,6,3,3
350,,9,1,6,5,1
350,,10,1,6,3,3
350,,11,1,6,6,0
350,,12,1,6,6,0
350,,13,1,6,2,4
350,,14,1,6,2,4
350,,15,1,6,6,0
350,,0,1,6,2,4
350,,1,1,6,3,3
350,,2,1,6,6,0
350,,3,1,6,4,2
350,,4,1,6,2,4
350,,5,1,6,4,2
350,,6,1,6,4,2
350,,7,1,6,1,5
350,,8,1,6,5,1
350,,9,1,6,3,3
350,,10,1,6,2,4
350,,11,1,6,3,3
350,,12,1,6,3,3
350,,13,1,6,6,0
350,,14,1,6,6,0
350,,15,1,6,3,3
350,,0,1,6,2,4
350,,1,1,6,6,0
350,,2,1,6,3,3
350,,3,1,6,5,1
350,,4,1,6,4,2
350,,5,1,6,3,3
350,,6,1,6,3,3
350,,7,1,6,0,6
350,,8,1,6,3,3
350,,9,1,6,3,3
350,,10,1,6,3,3
350,,11,1,6,3,3
350,,12,1,6,2,4
350,,13,1,6,4,2
350,,14,1,6,3,3
350,,15,1,6,4,2
350,,0,1,6,6,0
350,,1,1,6,4,2
350,,2,1,6,2,4
350,,3,1,6,2,4
350,,4,1,6,3,3
350,,5,1,6,4,2
350,,6,1,6,1,5
350,,7,1,6,1,5
350,,8,1,6,2,4
350,,9,1,6,1,5
350,,10,1,6,5,1
350,,11,1,6,3,3
350,,12,1,6,5,1
350,,13,1,6,5,1
350,,14,1,6,1,5
350,,15,1,6,4,2
350,,0,1,6,5,1
350,,1,1,6,3,3
350,,2,1,6,5,1
350,,3,1,6,4,2
350,,4,1,6,3,3
350,,5,1,6,3,3
350,,6,1,6,3,3
350,,7,1,6,1,5
350,,8,1,6,4,2
350,,9,1,6,1,5
350,,10,1,6,2,4
350,,11,1,6,6,0
350,,12,1,6,6,0
350,,13,1,6,5,1
350,,14,1,6,4,2
350,,15,1,6,5,1
350,,0,1,6,3,3
350,,1,1,6,6,0
350,,2,1,6,5,1
350,,3,1,6,2,4
350,,4,1,6,0,6
350,,5,1,6,5,1
350,,6,1,6,2,4
350,,7,1,6,1,5
350,,8,1,6,2,4
350,,9,1,6,1,5
350,,10,1,6,5,1
350,,11,1,6,3,3
350,,12,1,6,2,4
350,,13,1,6,3,3
350,,14,1,6,3,3
350,,15,1,6,5,1
400,,0,1,6,2,4
400,,1,1,6,0,6
400,,2,1,6,2,4
400,,3,1,6,2,4
400,,4,1,6,3,3
400,,5,1,6,0,6
400,,6,1,6,2,4
400,,7,1,6,1,5
400,,8,1,6,0,6
400,,9,1,6,4,2
400,,10,1,6,3,3
400,,11,1,6,0,6
400,,12,1,6,0,6
400,,13,1,6,1,5
400,,14,1,6,0,6
400,,15,1,6,1,5
400,,0,1,6,4,2
400,,1,1,6,0,6
400,,2,1,6,3,3
400,,3,1,6,2,4
400,,4,1,6,2,4
400,,5,1,6,0,6
400,,6,1,6,2,4
400,,7,1,6,1,5
400,,8,1,6,0,6
400,,9,1,6,2,4
400,,10,1,6,0,6
400,,11,1,6,0,6
400,,12,1,6,2,4
400,,13,1,6,3,3
400,,14,1,6,2,4
400,,15,1,6,6,0
400,,0,1,6,2,4
400,,1,1,6,0,6
400,,2,1,6,5,1
400,,3,1,6,5,1
400,,4,1,6,3,3
400,,5,1,6,0,6
400,,6,1,6,4,2
400,,7,1,6,0,6
400,,8,1,6,3,3
400,,9,1,6,3,3
400,,10,1,6,2,4
400,,11,1,6,0,6
400,,12,1,6,1,5
400,,13,1,6,2,4
400,,14,1,6,4,2
400,,15,1,6,0,6
400,,0,1,6,3,3
400,,1,1,6,0,6
400,,2,1,6,1,5
400,,3,1,6,5,1
400,,4,1,6,1,5
400,,5,1,6,1,5
400,,6,1,6,3,3
400,,7,1,6,1,5
400,,8,1,6,1,5
400,,9,1,6,3,3
400,,10,1,6,0,6
400,,11,1,6,3,3
400,,12,1,6,1,5
400,,13,1,6,1,5
400,,14,1,6,6,0
400,,15,1,6,4,2
400,,0,1,6,2,4
400,,1,1,6,0,6
400,,2,1,6,1,5
400,,3,1,6,5,1
400,,4,1,6,3,3
400,,5,1,6,1,5
400,,6,1,6,6,0
400,,7,1,6,2,4
400,,8,1,6,4,2
400,,9,1,6,3,3
400,,10,1,6,1,5
400,,11,1,6,3,3
400,,12,1,6,1,5
400,,13,1,6,2,4
400,,14,1,6,3,3
400,,15,1,6,0,6
400,,0,1,6,3,3
400,,1,1,6,2,4
400,,2,1,6,4,2
400,,3,1,6,5,1
400,,4,1,6,4,2
400,,5,1,6,0,6
400,,6,1,6,5,1
400,,7,1,6,2,4
400,,8,1,6,0,6
400,,9,1,6,2,4
400,,10,1,6,1,5
400,,11,1,6,1,5
400,,12,1,6,1,5
400,,13,1,6,1,5
400,,14,1,6,5,1
400,,15,1,6,4,2
400,,0,1,6,6,0
400,,1,1,6,3,3
400,,2,1,6,2,4
400,,3,1,6,2,4
400,,4,1,6,4,2
400,,5,1,6,3,3
400,,6,1,6,4,2
400,,7,1,6,5,1
400,,8,1,6,0,6
400,,9,1,6,5,1
400,,10,1,6,2,4
400,,11,1,6,4,2
400,,12,1,6,3,3
400,,13,1,6,3,3
400,,14,1,6,6,0
400,,15,1,6,3,3
400,,0,1,6,5,1
400,,1,1,6,2,4
400,,2,1,6,0,6
400,,3,1,6,3,3
400,,4,1,6,4,2
400,,5,1,6,1,5
400,,6,1,6,3,3
400,,7,1,6,0,6
400,,8,1,6,2,4
400,,9,1,6,3,3
400,,10,1,6,1,5
400,,11,1,6,0,6
400,,12,1,6,0,6
400,,13,1,6,2,4
400,,14,1,6,6,0
400,,15,1,6,0,6
400,,0,1,6,4,2
400,,1,1,6,1,5
400,,2,1,6,2,4
400,,3,1,6,4,2
400,,4,1,6,2,4
400,,5,1,6,1,5
400,,6,1,6,3,3
400,,7,1,6,1,5
400,,8,1,6,1,5
400,,9,1,6,2,4
400,,10,1,6,1,5
400,,11,1,6,3,3
400,,12,1,6,3,3
400,,13,1,6,2,4
400,,14,1,6,3,3
400,,15,1,6,4,2
400,,0,1,6,3,3
400,,1,1,6,2,4
400,,2,1,6,3,3
400,,3,1,6,1,5
400,,4,1,6,5,1
400,,5,1,6,2,4
400,,6,1,6,2,4
400,,7,1,6,2,4
400,,8,1,6,3,3
400,,9,1,6,2,4
400,,10,1,6,5,1
400,,11,1,6,1,5
400,,12,1,6,1,5
400,,13,1,6,5,1
400,,14,1,6,5,1
400,,15,1,6,1,5
400,,0,1,6,2,4
400,,1,1,6,1,5
400,,2,1,6,5,1
400,,3,1,6,4,2
400,,4,1,6,5,1
400,,5,1,6,2,4
400,,6,1,6,5,1
400,,7,1,6,2,4
400,,8,1,6,1,5
400,,9,1,6,3,3
400,,10,1,6,6,0
400,,11,1,6,2,4
400,,12,1,6,1,5
400,,13,1,6,4,2
400,,14,1,6,5,1
400,,15,1,6,2,4
400,,0,1,6,2,4
400,,1,1,6,1,5
400,,2,1,6,3,3
400,,3,1,6,3,3
400,,4,1,6,4,2
400,,5,1,6,1,5
400,,6,1,6,6,0
400,,7,1,6,1,5
400,,8,1,6,3,3
400,,9,1,6,0,6
400,,10,1,6,3,3
400,,11,1,6,3,3
400,,12,1,6,1,5
400,,13,1,6,2,4
400,,14,1,6,3,3
400,,15,1,6,2,4
400,,0,1,6,5,1
400,,1,1,6,2,4
400,,2,1,6,1,5
400,,3,1,6,3,3
400,,4,1,6,5,1
400,,5,1,6,5,1
400,,6,1,6,2,4
400,,7,1,6,1,5
400,,8,1,6,2,4
400,,9,1,6,4,2
400,,10,1,6,1,5
400,,11,1,6,2,4
400,,12,1,6,0,6
400,,13,1,6,1,5
400,,14,1,6,3,3
400,,15,1,6,3,3
400,,0,1,6,2,4
400,,1,1,6,0,6
400,,2,1,6,2,4
400,,3,1,6,1,5
400,,4,1,6,1,5
400,,5,1,6,2,4
400,,6,1,6,1,5
400,,7,1,6,0,6
400,,8,1,6,0,6
400,,9,1,6,3,3
400,,10,1,6,0,6
400,,11,1,6,1,5
400,,12,1,6,1,5
400,,13,1,6,2,4
400,,14,1,6,3,3
400,,15,1,6,0,6
400,,0,1,6,3,3
400,,1,1,6,2,4
400,,2,1,6,5,1
400,,3,1,6,5,1
400,,4,1,6,5,1
400,,5,1,6,2,4
400,,6,1,6,5,1
400,,7,1,6,5,1
400,,8,1,6,2,4
400,,9,1,6,3,3
400,,10,1,6,5,1
400,,11,1,6,1,5
400,,12,1,6,3,3
400,,13,1,6,2,4
400,,14,1,6,5,1
400,,15,1,6,0,6
400,,0,1,6,4,2
400,,1,1,6,1,5
400,,2,1,6,5,1
400,,3,1,6,3,3
400,,4,1,6,4,2
400,,5,1,6,2,4
400,,6,1,6,4,2
400,,7,1,6,3,3
400,,8,1,6,4,2
400,,9,1,6,4,2
400,,10,1,6,1,5
400,,11,1,6,2,4
400,,12,1,6,6,0
400,,13,1,6,2,4
400,,14,1,6,4,2
400,,15,1,6,3,3
400,,0,1,6,2,4
400,,1,1,6,3,3
400,,2,1,6,4,2
400,,3,1,6,1,5
400,,4,1,6,4,2
400,,5,1,6,2,4
400,,6,1,6,5,1
400,,7,1,6,5,1
400,,8,1,6,1,5
400,,9,1,6,3,3
400,,10,1,6,1,5
400,,11,1,6,1,5
400,,12,1,6,1,5
400,,13,1,6,4,2
400,,14,1,6,6,0
400,,15,1,6,4,2
400,,0,1,6,2,4
400,,1,1,6,1,5
400,,2,1,6,5,1
400,,3,1,6,2,4
400,,4,1,6,4,2
400,,5,1,6,2,4
400,,6,1,6,2,4
400,,7,1,6,2,4
400,,8,1,6,1,5
400,,9,1,6,0,6
400,,10,1,6,2,4
400,,11,1,6,4,2
400,,12,1,6,5,1
400,,13,1,6,3,3
400,,14,1,6,5,1
400,,15,1,6,3,3
400,,0,1,6,4,2
400,,1,1,6,2,4
400,,2,1,6,4,2
400,,3,1,6,3,3
400,,4,1,6,6,0
400,,5,1,6,4,2
400,,6,1,6,4,2
400,,7,1,6,2,4
400,,8,1,6,2,4
400,,9,1,6,3,3
400,,10,1,6,4,2
400,,11,1,6,1,5
400,,12,1,6,4,2
400,,13,1,6,3,3
400,,14,1,6,6,0
400,,15,1,6,4,2
400,,0,1,6,6,0
400,,1,1,6,5,1
400,,2,1,6,5,1
400,,3,1,6,1,5
400,,4,1,6,6,0
400,,5,1,6,3,3
400,,6,1,6,4,2
400,,7,1,6,3,3
400,,8,1,6,1,5
400,,9,1,6,6,0
400,,10,1,6,1,5
400,,11,1,6,1,5
400,,12,1,6,4,2
400,,13,1,6,5,1
400,,14,1,6,4,2
400,,15,1,6,3,3
400,,0,1,6,5,1
400,,1,1,6,1,5
400,,2,1,6,4,2
400,,3,1,6,3,3
400,,4,1,6,5,1
400,,5,1,6,2,4
400,,6,1,6,4,2
400,,7,1,6,5,1
400,,8,1,6,2,4
400,,9,1,6,5,1
400,,10,1,6,5,1
400,,11,1,6,1,5
400,,12,1,6,4,2
400,,13,1,6,3,3
400,,14,1,6,1,5
400,,15,1,6,5,1
400,,0,1,6,2,4
400,,1,1,6,1,5
400,,2,1,6,5,1
400,,3,1,6,3,3
400,,4,1,6,4,2
400,,5,1,6,4,2
400,,6,1,6,3,3
400,,7,1,6,6,0
400,,8,1,6,2,4
400,,9,1,6,5,1
400,,10,1,6,3,3
400,,11,1,6,2,4
400,,12,1,6,5,1
400,,13,1,6,4,2
400,,14,1,6,2,4
400,,15,1,6,3,3
400,,0,1,6,4,2
400,,1,1,6,4,2
400,,2,1,6,4,2
400,,3,1,6,4,2
400,,4,1,6,4,2
400,,5,1,6,4,2
400,,6,1,6,6,0
400,,7,1,6,6,0
400,,8,1,6,2,4
400,,9,1,6,5,1
400,,10,1,6,5,1
400,,11,1,6,3,3
400,,12,1,6,6,0
400,,13,1,6,4,2
400,,14,1,6,3,3
400,,15,1,6,5,1
400,,0,1,6,6,0
400,,1,1,6,3,3
400,,2,1,6,5,1
400,,3,1,6,2,4
400,,4,1,6,5,1
400,,5,1,6,5,1
400,,6,1,6,6,0
400,,7,1,6,6,0
400,,8,1,6,6,0
400,,9,1,6,5,1
400,,10,1,6,2,4
400,,11,1,6,5,1
400,,12,1,6,6,0
400,,13,1,6,5,1
400,,14,1,6,3,3
400,,15,1,6,3,3
400,,0,1,6,4,2
400,,1,1,6,5,1
400,,2,1,6,5,1
400,,3,1,6,6,0
400,,4,1,6,5,1
400,,5,1,6,6,0
400,,6,1,6,2,4
400,,7,1,6,3,3
400,,8,1,6,3,3
400,,9,1,6,6,0
400,,10,1,6,2,4
400,,11,1,6,3,3
400,,12,1,6,5,1
400,,13,1,6,3,3
400,,14,1,6,5,1
400,,15,1,6,3,3
400,,0,1,6,5,1
400,,1,1,6,3,3
400,,2,1,6,4,2
400,,3,1,6,2,4
400,,4,1,6,5,1
400,,5,1,6,5,1
400,,6,1,6,2,4
400,,7,1,6,5,1
400,,8,1,6,3,3
400,,9,1,6,5,1
400,,10,1,6,1,5
400,,11,1,6,6,0
400,,12,1,6,5,1
400,,13,1,6,3,3
400,,14,1,6,6,0
400,,15,1,6,3,3
400,,0,1,6,4,2
400,,1,1,6,4,2
400,,2,1,6,4,2
400,,3,1,6,3,3
400,,4,1,6,5,1
400,,5,1,6,6,0
400,,6,1,6,6,0
400,,7,1,6,2,4
400,,8,1,6,4,2
400,,9,1,6,4,2
400,,10,1,6,3,3
400,,11,1,6,5,1
400,,12,1,6,6,0
400,,13,1,6,3,3
400,,14,1,6,2,4
400,,15,1,6,6,0
400,,0,1,6,5,1
400,,1,1,6,3,3
400,,2,1,6,4,2
400,,3,1,6,4,2
400,,4,1,6,5,1
400,,5,1,6,5,1
400,,6,1,6,3,3
400,,7,1,6,1,5
400,,8,1,6,3,3
400,,9,1,6,3,3
400,,10,1,6,2,4
400,,11,1,6,4,2
400,,12,1,6,6,0
400,,13,1,6,4,2
400,,14,1,6,6,0
400,,15,1,6,4,2
400,,0,1,6,4,2
400,,1,1,6,5,1
400,,2,1,6,5,1
400,,3,1,6,5,1
400,,4,1,6,5,1
400,,5,1,6,5,1
400,,6,1,6,4,2
400,,7,1,6,3,3
400,,8,1,6,6,0
400,,9,1,6,6,0
400,,10,1,6,5,1
400,,11,1,6,4,2
400,,12,1,6,5,1
400,,13,1,6,5,1
400,,14,1,6,4,2
400,,15,1,6,3,3
400,,0,1,6,3,3
400,,1,1,6,4,2
400,,2,1,6,5,1
400,,3,1,6,2,4
400,,4,1,6,6,0
400,,5,1,6,4,2
400,,6,1,6,3,3
400,,7,1,6,2,4
400,,8,1,6,4,2
400,,9,1,6,4,2
400,,10,1,6,3,3
400,,11,1,6,5,1
400,,12,1,6,6,0
400,,13,1,6,5,1
400,,14,1,6,4,2
400,,15,1,6,5,1
400,,0,1,6,4,2
400,,1,1,6,3,3
400,,2,1,6,3,3
400,,3,1,6,1,5
400,,4,1,6,4,2
400,,5,1,6,4,2
400,,6,1,6,4,2
400,,7,1,6,2,4
400,,8,1,6,4,2
400,,9,1,6,4,2
400,,10,1,6,3,3
400,,11,1,6,6,0
400,,12,1,6,6,0
400,,13,1,6,5,1
400,,14,1,6,4,2
400,,15,1,6,5,1
400,,0,1,6,5,1
400,,1,1,6,3,3
400,,2,1,6,5,1
400,,3,1,6,2,4
400,,4,1,6,5,1
400,,5,1,6,2,4
400,,6,1,6,3,3
400,,7,1,6,1,5
400,,8,1,6,3,3
400,,9,1,6,4,2
400,,10,1,6,4,2
400,,11,1,6,3,3
400,,12,1,6,1,5
400,,13,1,6,3,3
400,,14,1,6,4,2
400,,15,1,6,4,2
400,,0,1,6,5,1
400,,1,1,6,6,0
400,,2,1,6,6,0
400,,3,1,6,3,3
400,,4,1,6,5,1
400,,5,1,6,3,3
400,,6,1,6,4,2
400,,7,1,6,1,5
400,,8,1,6,4,2
400,,9,1,6,5,1
400,,10,1,6,6,0
400,,11,1,6,5,1
400,,12,1,6,5,1
400,,13,1,6,3,3
400,,14,1,6,2,4
400,,15,1,6,5,1
400,,0,1,6,5,1
400,,1,1,6,4,2
400,,2,1,6,4,2
400,,3,1,6,3,3
400,,4,1,6,4,2
400,,5,1,6,5,1
400,,6,1,6,2,4
400,,7,1,6,6,0
400,,8,1,6,3,3
400,,9,1,6,5,1
400,,10,1,6,4,2
400,,11,1,6,5,1
400,,12,1,6,5,1
400,,13,1,6,4,2
400,,14,1,6,5,1
400,,15,1,6,4,2
400,,0,1,6,3,3
400,,1,1,6,3,3
400,,2,1,6,2,4
400,,3,1,6,5,1
400,,4,1,6,5,1
400,,5,1,6,5,1
400,,6,1,6,4,2
400,,7,1,6,5,1
400,,8,1,6,5,1
400,,9,1,6,5,1
400,,10,1,6,3,3
400,,11,1,6,4,2
400,,12,1,6,5,1
400,,13,1,6,5,1
400,,14,1,6,5,1
400,,15,1,6,5,1
400,,0,1,6,4,2
400,,1,1,6,6,0
400,,2,1,6,4,2
400,,3,1,6,5,1
400,,4,1,6,5,1
400,,5,1,6,3,3
400,,6,1,6,6,0
400,,7,1,6,4,2
400,,8,1,6,4,2
400,,9,1,6,6,0
400,,10,1,6,4,2
400,,11,1,6,5,1
400,,12,1,6,6,0
400,,13,1,6,5,1
400,,14,1,6,5,1
400,,15,1,6,4,2
400,,0,1,6,1,5
400,,1,1,6,5,1
400,,2,1,6,3,3
400,,3,1,6,1,5
400,,4,1,6,4,2
400,,5,1,6,3,3
400,,6,1,6,4,2
400,,7,1,6,5,1
400,,8,1,6,5,1
400,,9,1,6,6,0
400,,10,1,6,4,2
400,,11,1,6,5,1
400,,12,1,6,5,1
400,,13,1,6,6,0
400,,14,1,6,6,0
400,,15,1,6,6,0
400,,0,1,6,6,0
400,,1,1,6,5,1
400,,2,1,6,4,2
400,,3,1,6,4,2
400,,4,1,6,6,0
400,,5,1,6,5,1
400,,6,1,6,5,1
400,,7,1,6,4,2
400,,8,1,6,4,2
400,,9,1,6,3,3
400,,10,1,6,5,1
400,,11,1,6,5,1
400,,12,1,6,6,0
400,,13,1,6,6,0
400,,14,1,6,2,4
400,,15,1,6,6,0
400,,0,1,6,6,0
400,,1,1,6,5,1
400,,2,1,6,6,0
400,,3,1,6,3,3
400,,4,1,6,6,0
400,,5,1,6,5,1
400,,6,1,6,5,1
400,,7,1,6,5,1
400,,8,1,6,4,2
400,,9,1,6,5,1
400,,10,1,6,5,1
400,,11,1,6,6,0
400,,12,1,6,5,1
400,,13,1,6,6,0
400,,14,1,6,5,1
400,,15,1,6,5,1
400,,0,1,6,5,1
400,,1,1,6,4,2
400,,2,1,6,4,2
400,,3,1,6,4,2
400,,4,1,6,6,0
400,,5,1,6,5,1
400,,6,1,6,6,0
400,,7,1,6,4,2
400,,8,1,6,4,2
400,,9,1,6,5,1
400,,10,1,6,3,3
400,,11,1,6,6,0
400,,12,1,6,5,1
400,,13,1,6,4,2
400,,14,1,6,6,0
400,,15,1,6,6,0
400,,0,1,6,6,0
400,,1,1,6,5,1
400,,2,1,6,3,3
400,,3,1,6,3,3
400,,4,1,6,6,0
400,,5,1,6,3,3
400,,6,1,6,4,2
400,,7,1,6,4,2
400,,8,1,6,6,0
400,,9,1,6,4,2
400,,10,1,6,5,1
400,,11,1,6,4,2
400,,12,1,6,2,4
400,,13,1,6,4,2
400,,14,1,6,3,3
400,,15,1,6,2,4
400,,0,1,6,5,1
400,,1,1,6,5,1
400,,2,1,6,4,2
400,,3,1,6,4,2
400,,4,1,6,6,0
400,,5,1,6,5,1
400,,6,1,6,4,2
400,,7,1,6,2,4
400,,8,1,6,3,3
400,,9,1,6,5,1
400,,10,1,6,4,2
400,,11,1,6,6,0
400,,12,1,6,5,1
400,,13,1,6,6,0
400,,14,1,6,3,3
400,,15,1,6,6,0
400,,0,1,6,6,0
400,,1,1,6,6,0
400,,2,1,6,3,3
400,,3,1,6,2,4
400,,4,1,6,4,2
400,,5,1,6,1,5
400,,6,1,6,4,2
400,,7,1,6,3,3
400,,8,1,6,4,2
400,,9,1,6,4,2
400,,10,1,6,3,3
400,,11,1,6,6,0
400,,12,1,6,4,2
400,,13,1,6,6,0
400,,14,1,6,6,0
400,,15,1,6,5,1
400,,0,1,6,5,1
400,,1,1,6,5,1
400,,2,1,6,3,3
400,,3,1,6,6,0
400,,4,1,6,4,2
400,,5,1,6,2,4
400,,6,1,6,6,0
400,,7,1,6,5,1
400,,8,1,6,6,0
400,,9,1,6,4,2
400,,10,1,6,3,3
400,,11,1,6,5,1
400,,12,1,6,5,1
400,,13,1,6,4,2
400,,14,1,6,4,2
400,,15,1,6,3,3
400,,0,1,6,4,2
400,,1,1,6,4,2
400,,2,1,6,2,4
400,,3,1,6,3,3
400,,4,1,6,5,1
400,,5,1,6,2,4
400,,6,1,6,4,2
400,,7,1,6,5,1
400,,8,1,6,2,4
400,,9,1,6,4,2
400,,10,1,6,3,3
400,,11,1,6,6,0
400,,12,1,6,2,4
400,,13,1,6,6,0
400,,14,1,6,2,4
400,,15,1,6,4,2
400,,0,1,6,5,1
400,,1,1,6,5,1
400,,2,1,6,1,5
400,,3,1,6,5,1
400,,4,1,6,5,1
400,,5,1,6,5,1
400,,6,1,6,3,3
400,,7,1,6,5,1
400,,8,1,6,4,2
400,,9,1,6,3,3
400,,10,1,6,6,0
400,,11,1,6,5,1
400,,12,1,6,3,3
400,,13,1,6,3,3
400,,14,1,6,4,2
400,,15,1,6,5,1
400,,0,1,6,5,1
400,,1,1,6,3,3
400,,2,1,6,1,5
400,,3,1,6,3,3
400,,4,1,6,4,2
400,,5,1,6,3,3
400,,6,1,6,5,1
400,,7,1,6,3,3
400,,8,1,6,3,3
400,,9,1,6,4,2
400,,10,1,6,4,2
400,,11,1,6,4,2
400,,12,1,6,3,3
400,,13,1,6,6,0
400,,14,1,6,4,2
400,,15,1,6,5,1
400,,0,1,6,5,1
400,,1,1,6,4,2
400,,2,1,6,4,2
400,,3,1,6,3,3
400,,4,1,6,3,3
400,,5,1,6,1,5
400,,6,1,6,5,1
400,,7,1,6,6,0
400,,8,1,6,6,0
400,,9,1,6,2,4
400,,10,1,6,3,3
400,,11,1,6,5,1
400,,12,1,6,5,1
400,,13,1,6,4,2
400,,14,1,6,3,3
400,,15,1,6,5,1
400,,0,1,6,6,0
400,,1,1,6,5,1
400,,2,1,6,2,4
400,,3,1,6,4,2
400,,4,1,6,5,1
400,,5,1,6,2,4
400,,6,1,6,3,3
400,,7,1,6,2,4
400,,8,1,6,4,2
400,,9,1,6,4,2
400,,10,1,6,6,0
400,,11,1,6,5,1
400,,12,1,6,5,1
400,,13,1,6,3,3
400,,14,1,6,4,2
400,,15,1,6,3,3
400,,0,1,6,3,3
400,,1,1,6,4,2
400,,2,1,6,1,5
400,,3,1,6,4,2
400,,4,1,6,4,2
400,,5,1,6,2,4
400,,6,1,6,5,1
400,,7,1,6,3,3
400,,8,1,6,2,4
400,,9,1,6,6,0
400,,10,1,6,5,1
400,,11,1,6,6,0
400,,12,1,6,4,2
400,,13,1,6,4,2
400,,14,1,6,5,1
400,,15,1,6,6,0
400,,0,1,6,5,1
400,,1,1,6,5,1
400,,2,1,6,2,4
400,,3,1,6,5,1
400,,4,1,6,5,1
400,,5,1,6,3,3
400,,6,1,6,3,3
400,,7,1,6,2,4
400,,8,1,6,1,5
400,,9,1,6,3,3
400,,10,1,6,4,2
400,,11,1,6,5,1
400,,12,1,6,2,4
400,,13,1,6,6,0
400,,14,1,6,4,2
400,,15,1,6,3,3
400,,0,1,6,3,3
400,,1,1,6,4,2
400,,2,1,6,1,5
400,,3,1,6,2,4
400,,4,1,6,2,4
400,,5,1,6,2,4
400,,6,1,6,3,3
400,,7,1,6,2,4
400,,8,1,6,2,4
400,,9,1,6,3,3
400,,10,1,6,4,2
400,,11,1,6,2,4
400,,12,1,6,1,5
400,,13,1,6,4,2
400,,14,1,6,2,4
400,,15,1,6,4,2
400,,0,1,6,6,0
400,,1,1,6,1,5
400,,2,1,6,4,2
400,,3,1,6,1,5
400,,4,1,6,3,3
400,,5,1,6,3,3
400,,6,1,6,4,2
400,,7,1,6,4,2
400,,8,1,6,2,4
400,,9,1,6,4,2
400,,10,1,6,5,1
400,,11,1,6,2,4
400,,12,1,6,4,2
400,,13,1,6,5,1
400,,14,1,6,5,1
400,,15,1,6,4,2
400,,0,1,6,4,2
400,,1,1,6,4,2
400,,2,1,6,1,5
400,,3,1,6,2,4
400,,4,1,6,1,5
400,,5,1,6,2,4
400,,6,1,6,5,1
400,,7,1,6,4,2
400,,8,1,6,2,4
400,,9,1,6,6,0
400,,10,1,6,3,3
400,,11,1,6,3,3
400,,12,1,6,1,5
400,,13,1,6,4,2
400,,14,1,6,3,3
400,,15,1,6,2,4
400,,0,1,6,3,3
400,,1,1,6,5,1
400,,2,1,6,4,2
400,,3,1,6,3,3
400,,4,1,6,3,3
400,,5,1,6,4,2
400,,6,1,6,5,1
400,,7,1,6,6,0
400,,8,1,6,4,2
400,,9,1,6,3,3
400,,10,1,6,5,1
400,,11,1,6,6,0
400,,12,1,6,6,0
400,,13,1,6,2,4
400,,14,1,6,2,4
400,,15,1,6,5,1
400,,0,1,6,4,2
400,,1,1,6,4,2
400,,2,1,6,3,3
400,,3,1,6,4,2
400,,4,1,6,5,1
400,,5,1,6,1,5
400,,6,1,6,5,1
400,,7,1,6,3,3
400,,8,1,6,4,2
400,,9,1,6,1,5
400,,10,1,6,3,3
400,,11,1,6,5,1
400,,12,1,6,3,3
400,,13,1,6,2,4
400,,14,1,6,4,2
400,,15,1,6,3,3
400,,0,1,6,3,3
400,,1,1,6,1,5
400,,2,1,6,1,5
400,,3,1,6,1,5
400,,4,1,6,2,4
400,,5,1,6,1,5
400,,6,1,6,3,3
400,,7,1,6,4,2
400,,8,1,6,2,4
400,,9,1,6,3,3
400,,10,1,6,4,2
400,,11,1,6,4,2
400,,12,1,6,4,2
400,,13,1,6,3,3
400,,14,1,6,4,2
400,,15,1,6,4,2
400,,0,1,6,6,0
400,,1,1,6,5,1
400,,2,1,6,1,5
400,,3,1,6,2,4
400,,4,1,6,5,1
400,,5,1,6,2,4
400,,6,1,6,2,4
400,,7,1,6,6,0
400,,8,1,6,1,5
400,,9,1,6,4,2
400,,10,1,6,5,1
400,,11,1,6,4,2
400,,12,1,6,4,2
400,,13,1,6,4,2
400,,14,1,6,4,2
400,,15,1,6,4,2
400,,0,1,6,5,1
400,,1,1,6,2,4
400,,2,1,6,3,3
400,,3,1,6,1,5
400,,4,1,6,1,5
400,,5,1,6,2,4
400,,6,1,6,4,2
400,,7,1,6,3,3
400,,8,1,6,1,5
400,,9,1,6,0,6
400,,10,1,6,4,2
400,,11,1,6,6,0
400,,12,1,6,5,1
400,,13,1,6,1,5
400,,14,1,6,3,3
100,,1,1,6,5,1
100,,2,1,6,1,5
100,,3,1,6,4,2
100,,4,1,6,2,4
100,,5,1,6,5,1
100,,6,1,6,4,2
100,,7,1,6,4,2
100,,8,1,6,2,4
100,,9,1,6,1,5
100,,10,1,6,3,3
100,,11,1,6,1,5
100,,12,1,6,3,3
100,,13,1,6,2,4
100,,14,1,6,4,2
100,,15,1,6,5,1
100,,0,1,6,1,5
100,,1,1,6,1,5
100,,2,1,6,4,2
100,,3,1,6,4,2
100,,4,1,6,1,5
100,,5,1,6,5,1
100,,6,1,6,2,4
100,,7,1,6,1,5
100,,8,1,6,2,4
100,,9,1,6,0,6
100,,10,1,6,2,4
100,,11,1,6,2,4
100,,12,1,6,4,2
100,,13,1,6,5,1
100,,14,1,6,5,1
100,,15,1,6,2,4
100,,0,1,6,4,2
100,,1,1,6,1,5
100,,2,1,6,0,6
100,,3,1,6,5,1
100,,4,1,6,5,1
100,,5,1,6,4,2
100,,6,1,6,2,4
100,,7,1,6,1,5
100,,8,1,6,5,1
100,,9,1,6,1,5
100,,10,1,6,5,1
100,,11,1,6,1,5
100,,12,1,6,2,4
100,,13,1,6,5,1
100,,14,1,6,6,0
100,,15,1,6,4,2
100,,0,1,6,3,3
100,,1,1,6,3,3
100,,2,1,6,5,1
100,,3,1,6,2,4
100,,4,1,6,3,3
100,,5,1,6,3,3
100,,6,1,6,3,3
100,,7,1,6,1,5
100,,8,1,6,1,5
100,,9,1,6,5,1
100,,10,1,6,3,3
100,,11,1,6,2,4
100,,12,1,6,2,4
100,,13,1,6,5,1
100,,14,1,6,5,1
100,,15,1,6,1,5
100,,0,1,6,2,4
100,,1,1,6,2,4
100,,2,1,6,1,5
100,,3,1,6,2,4
100,,4,1,6,1,5
100,,5,1,6,3,3
100,,6,1,6,1,5
100,,7,1,6,2,4
100,,8,1,6,4,2
100,,9,1,6,3,3
100,,10,1,6,2,4
100,,11,1,6,3,3
100,,12,1,6,5,1
100,,13,1,6,1,5
100,,14,1,6,3,3
100,,15,1,6,3,3
100,,0,1,6,4,2
100,,1,1,6,3,3
100,,2,1,6,3,3
100,,3,1,6,1,5
100,,4,1,6,4,2
100,,5,1,6,2,4
100,,6,1,6,3,3
100,,7,1,6,2,4
100,,8,1,6,1,5
100,,9,1,6,2,4
100,,10,1,6,3,3
100,,11,1,6,2,4
100,,12,1,6,3,3
100,,13,1,6,4,2
100,,14,1,6,5,1
100,,15,1,6,4,2
100,,0,1,6,6,0
100,,1,1,6,2,4
100,,2,1,6,3,3
100,,3,1,6,4,2
100,,4,1,6,2,4
100,,5,1,6,2,4
100,,6,1,6,5,1
100,,7,1,6,2,4
100,,8,1,6,2,4
100,,9,1,6,3,3
100,,10,1,6,4,2
100,,11,1,6,0,6
100,,12,1,6,4,2
100,,13,1,6,5,1
100,,14,1,6,6,0
100,,15,1,6,1,5
100,,0,1,6,3,3
100,,1,1,6,2,4
100,,2,1,6,1,5
100,,3,1,6,2,4
100,,4,1,6,3,3
100,,5,1,6,0,6
100,,6,1,6,5,1
100,,7,1,6,0,6
100,,8,1,6,4,2
100,,9,1,6,3,3
100,,10,1,6,5,1
100,,11,1,6,3,3
100,,12,1,6,3,3
100,,13,1,6,6,0
100,,14,1,6,5,1
100,,15,1,6,6,0
100,,0,1,6,4,2
100,,1,1,6,2,4
100,,2,1,6,0,6
100,,3,1,6,0,6
100,,4,1,6,6,0
100,,5,1,6,3,3
100,,6,1,6,4,2
100,,7,1,6,2,4
100,,8,1,6,6,0
100,,9,1,6,4,2
100,,10,1,6,2,4
100,,11,1,6,3,3
100,,12,1,6,1,5
100,,13,1,6,4,2
100,,14,1,6,2,4
100,,15,1,6,4,2
100,,0,1,6,3,3
100,,1,1,6,1,5
100,,2,1,6,1,5
100,,3,1,6,5,1
100,,4,1,6,6,0
100,,5,1,6,5,1
100,,6,1,6,2,4
100,,7,1,6,2,4
100,,8,1,6,3,3
100,,9,1,6,3,3
100,,10,1,6,5,1
100,,11,1,6,1,5
100,,12,1,6,2,4
100,,13,1,6,5,1
100,,14,1,6,6,0
100,,15,1,6,5,1
100,,0,1,6,3,3
100,,1,1,6,3,3
100,,2,1,6,3,3
100,,3,1,6,3,3
100,,4,1,6,5,1
100,,5,1,6,3,3
100,,6,1,6,4,2
100,,7,1,6,1,5
100,,8,1,6,5,1
100,,9,1,6,5,1
100,,10,1,6,4,2
100,,11,1,6,1,5
100,,12,1,6,5,1
100,,13,1,6,4,2
100,,14,1,6,4,2
100,,15,1,6,3,3
100,,0,1,6,2,4
100,,1,1,6,3,3
100,,2,1,6,4,2
100,,3,1,6,3,3
100,,4,1,6,5,1
100,,5,1,6,2,4
100,,6,1,6,5,1
100,,7,1,6,4,2
100,,8,1,6,4,2
100,,9,1,6,5,1
100,,10,1,6,4,2
100,,11,1,6,3,3
100,,12,1,6,6,0
100,,13,1,6,6,0
100,,14,1,6,5,1
100,,15,1,6,4,2
100,,0,1,6,3,3
100,,1,1,6,2,4
100,,2,1,6,3,3
100,,3,1,6,5,1
100,,4,1,6,6,0
100,,5,1,6,2,4
100,,6,1,6,4,2
100,,7,1,6,2,4
100,,8,1,6,4,2
100,,9,1,6,3,3
100,,10,1,6,4,2
100,,11,1,6,2,4
100,,12,1,6,5,1
100,,13,1,6,6,0
100,,14,1,6,4,2
100,,15,1,6,4,2
100,,0,1,6,4,2
100,,1,1,6,2,4
100,,2,1,6,5,1
100,,3,1,6,5,1
100,,4,1,6,5,1
100,,5,1,6,3,3
100,,6,1,6,6,0
100,,7,1,6,5,1
100,,8,1,6,3,3
100,,9,1,6,3,3
100,,10,1,6,4,2
100,,11,1,6,1,5
100,,12,1,6,6,0
100,,13,1,6,5,1
100,,14,1,6,5,1
100,,15,1,6,5,1
100,,0,1,6,5,1
100,,1,1,6,2,4
100,,2,1,6,5,1
100,,3,1,6,4,2
100,,4,1,6,3,3
100,,5,1,6,3,3
100,,6,1,6,6,0
100,,7,1,6,3,3
100,,8,1,6,5,1
100,,9,1,6,5,1
100,,10,1,6,5,1
100,,11,1,6,1,5
100,,12,1,6,5,1
100,,13,1,6,4,2
100,,14,1,6,6,0
100,,15,1,6,5,1
100,,0,1,6,3,3
100,,1,1,6,1,5
100,,2,1,6,3,3
100,,3,1,6,5,1
100,,4,1,6,6,0
100,,5,1,6,5,1
100,,6,1,6,5,1
100,,7,1,6,6,0
100,,8,1,6,6,0
100,,9,1,6,4,2
100,,10,1,6,6,0
100,,11,1,6,2,4
100,,12,1,6,5,1
100,,13,1,6,6,0
100,,14,1,6,4,2
100,,15,1,6,4,2
100,,0,1,6,3,3
100,,1,1,6,3,3
100,,2,1,6,5,1
100,,3,1,6,5,1
100,,4,1,6,3,3
100,,5,1,6,5,1
100,,6,1,6,5,1
100,,7,1,6,1,5
100,,8,1,6,4,2
100,,9,1,6,5,1
100,,10,1,6,4,2
100,,11,1,6,4,2
100,,12,1,6,4,2
100,,13,1,6,6,0
100,,14,1,6,6,0
100,,15,1,6,5,1
100,,0,1,6,4,2
100,,1,1,6,3,3
100,,2,1,6,3,3
100,,3,1,6,4,2
100,,4,1,6,4,2
100,,5,1,6,4,2
100,,6,1,6,6,0
100,,7,1,6,5,1
100,,8,1,6,3,3
100,,9,1,6,3,3
100,,10,1,6,4,2
100,,11,1,6,2,4
100,,12,1,6,5,1
100,,13,1,6,5,1
100,,14,1,6,5,1
100,,15,1,6,5,1
100,,0,1,6,5,1
100,,1,1,6,5,1
100,,2,1,6,2,4
100,,3,1,6,2,4
100,,4,1,6,5,1
100,,5,1,6,1,5
100,,6,1,6,4,2
100,,7,1,6,0,6
100,,8,1,6,4,2
100,,9,1,6,5,1
100,,10,1,6,5,1
100,,11,1,6,2,4
100,,12,1,6,6,0
100,,13,1,6,5,1
100,,14,1,6,3,3
100,,15,1,6,5,1
100,,0,1,6,2,4
100,,1,1,6,3,3
100,,2,1,6,6,0
100,,3,1,6,5,1
100,,4,1,6,5,1
100,,5,1,6,4,2
100,,6,1,6,4,2
100,,7,1,6,4,2
100,,8,1,6,5,1
100,,9,1,6,3,3
100,,10,1,6,3,3
100,,11,1,6,3,3
100,,12,1,6,5,1
100,,13,1,6,6,0
100,,14,1,6,2,4
100,,15,1,6,5,1
100,,0,1,6,6,0
100,,1,1,6,6,0
100,,2,1,6,4,2
100,,3,1,6,5,1
100,,4,1,6,4,2
100,,5,1,6,6,0
100,,6,1,6,5,1
100,,7,1,6,5,1
100,,8,1,6,5,1
100,,9,1,6,4,2
100,,10,1,6,5,1
100,,11,1,6,4,2
100,,12,1,6,4,2
100,,13,1,6,5,1
100,,14,1,6,2,4
100,,15,1,6,6,0
100,,0,1,6,4,2
100,,1,1,6,3,3
100,,2,1,6,5,1
100,,3,1,6,5,1
100,,4,1,6,5,1
100,,5,1,6,5,1
100,,6,1,6,6,0
100,,7,1,6,6,0
100,,8,1,6,5,1
100,,9,1,6,4,2
100,,10,1,6,6,0
100,,11,1,6,0,6
100,,12,1,6,6,0
100,,13,1,6,6,0
100,,14,1,6,4,2
100,,15,1,6,6,0
100,,0,1,6,5,1
100,,1,1,6,5,1
100,,2,1,6,5,1
100,,3,1,6,3,3
100,,4,1,6,5,1
100,,5,1,6,2,4
100,,6,1,6,5,1
100,,7,1,6,4,2
100,,8,1,6,4,2
100,,9,1,6,4,2
100,,10,1,6,6,0
100,,11,1,6,5,1
100,,12,1,6,5,1
100,,13,1,6,5,1
100,,14,1,6,1,5
100,,15,1,6,4,2
100,,0,1,6,4,2
100,,1,1,6,6,0
100,,2,1,6,6,0
100,,3,1,6,5,1
100,,4,1,6,4,2
100,,5,1,6,4,2
100,,6,1,6,5,1
100,,7,1,6,4,2
100,,8,1,6,5,1
100,,9,1,6,1,5
100,,10,1,6,6,0
100,,11,1,6,2,4
100,,12,1,6,6,0
100,,13,1,6,5,1
100,,14,1,6,5,1
100,,15,1,6,6,0
100,,0,1,6,4,2
100,,1,1,6,5,1
100,,2,1,6,5,1
100,,3,1,6,4,2
100,,4,1,6,2,4
100,,5,1,6,6,0
100,,6,1,6,5,1
100,,7,1,6,2,4
100,,8,1,6,4,2
100,,9,1,6,6,0
100,,10,1,6,4,2
100,,11,1,6,4,2
100,,12,1,6,6,0
100,,13,1,6,5,1
100,,14,1,6,3,3
100,,15,1,6,5,1
100,,0,1,6,5,1
100,,1,1,6,3,3
100,,2,1,6,6,0
100,,3,1,6,5,1
100,,4,1,6,4,2
100,,5,1,6,6,0
100,,6,1,6,5,1
100,,7,1,6,2,4
100,,8,1,6,3,3
100,,9,1,6,6,0
100,,10,1,6,5,1
100,,11,1,6,5,1
100,,12,1,6,4,2
100,,13,1,6,5,1
100,,14,1,6,5,1
100,,15,1,6,3,3
100,,0,1,6,6,0
100,,1,1,6,4,2
100,,2,1,6,4,2
100,,3,1,6,6,0
100,,4,1,6,5,1
100,,5,1,6,4,2
100,,6,1,6,6,0
100,,7,1,6,6,0
100,,8,1,6,4,2
100,,9,1,6,4,2
100,,10,1,6,5,1
100,,11,1,6,5,1
100,,12,1,6,3,3
100,,13,1,6,5,1
100,,14,1,6,3,3
100,,15,1,6,4,2
100,,0,1,6,5,1
100,,1,1,6,6,0
100,,2,1,6,5,1
100,,3,1,6,5,1
100,,4,1,6,2,4
100,,5,1,6,5,1
100,,6,1,6,5,1
100,,7,1,6,5,1
100,,8,1,6,3,3
100,,9,1,6,2,4
100,,10,1,6,6,0
100,,11,1,6,6,0
100,,12,1,6,6,0
100,,13,1,6,6,0
100,,14,1,6,1,5
100,,15,1,6,4,2
100,,0,1,6,4,2
100,,1,1,6,4,2
100,,2,1,6,5,1
100,,3,1,6,5,1
100,,4,1,6,4,2
100,,5,1,6,2,4
100,,6,1,6,5,1
100,,7,1,6,6,0
100,,8,1,6,6,0
100,,9,1,6,5,1
100,,10,1,6,5,1
100,,11,1,6,3,3
100,,12,1,6,4,2
100,,13,1,6,5,1
100,,14,1,6,3,3
100,,15,1,6,4,2
100,,0,1,6,4,2
100,,1,1,6,3,3
100,,2,1,6,5,1
100,,3,1,6,6,0
100,,4,1,6,4,2
100,,5,1,6,3,3
100,,6,1,6,6,0
100,,7,1,6,4,2
100,,8,1,6,4,2
100,,9,1,6,3,3
100,,10,1,6,6,0
100,,11,1,6,5,1
100,,12,1,6,4,2
100,,13,1,6,5,1
100,,14,1,6,5,1
100,,15,1,6,5,1
100,,0,1,6,5,1
100,,1,1,6,3,3
100,,2,1,6,4,2
100,,3,1,6,4,2
100,,4,1,6,3,3
100,,5,1,6,4,2
100,,6,1,6,5,1
100,,7,1,6,6,0
100,,8,1,6,4,2
100,,9,1,6,4,2
100,,10,1,6,4,2
100,,11,1,6,4,2
100,,12,1,6,3,3
100,,13,1,6,6,0
100,,14,1,6,2,4
100,,15,1,6,6,0
100,,0,1,6,4,2
100,,1,1,6,5,1
100,,2,1,6,6,0
100,,3,1,6,5,1
100,,4,1,6,3,3
400,,15,1,6,4,2
450,,0,1,6,3,3
450,,1,1,6,1,5
450,,2,1,6,3,3
450,,3,1,6,1,5
450,,4,1,6,0,6
450,,5,1,6,0,6
450,,6,1,6,2,4
450,,7,1,6,0,6
450,,8,1,6,0,6
450,,9,1,6,0,6
450,,10,1,6,3,3
450,,11,1,6,0,6
450,,12,1,6,2,4
450,,13,1,6,0,6
450,,14,1,6,2,4
450,,15,1,6,3,3
450,,0,1,6,2,4
450,,1,1,6,4,2
450,,2,1,6,5,1
450,,3,1,6,2,4
450,,4,1,6,1,5
450,,5,1,6,1,5
450,,6,1,6,2,4
450,,7,1,6,2,4
450,,8,1,6,2,4
450,,9,1,6,2,4
450,,10,1,6,3,3
450,,11,1,6,2,4
450,,12,1,6,0,6
450,,13,1,6,3,3
450,,14,1,6,0,6
450,,15,1,6,2,4
450,,0,1,6,2,4
450,,1,1,6,3,3
450,,2,1,6,5,1
450,,3,1,6,2,4
450,,4,1,6,5,1
450,,5,1,6,1,5
450,,6,1,6,1,5
450,,7,1,6,5,1
450,,8,1,6,5,1
450,,9,1,6,2,4
450,,10,1,6,3,3
450,,11,1,6,5,1
450,,12,1,6,2,4
450,,13,1,6,4,2
450,,14,1,6,1,5
450,,15,1,6,5,1
450,,0,1,6,3,3
450,,1,1,6,5,1
450,,2,1,6,2,4
450,,3,1,6,5,1
450,,4,1,6,5,1
450,,5,1,6,5,1
450,,6,1,6,1,5
450,,7,1,6,1,5
450,,8,1,6,3,3
450,,9,1,6,4,2
450,,10,1,6,0,6
450,,11,1,6,5,1
450,,12,1,6,4,2
450,,13,1,6,4,2
450,,14,1,6,2,4
450,,15,1,6,4,2
450,,0,1,6,2,4
450,,1,1,6,4,2
450,,2,1,6,3,3
450,,3,1,6,2,4
450,,4,1,6,6,0
450,,5,1,6,0,6
450,,6,1,6,3,3
450,,7,1,6,1,5
450,,8,1,6,5,1
450,,9,1,6,4,2
450,,10,1,6,2,4
450,,11,1,6,3,3
450,,12,1,6,3,3
450,,13,1,6,5,1
450,,14,1,6,1,5
450,,15,1,6,4,2
450,,0,1,6,0,6
450,,1,1,6,2,4
450,,2,1,6,5,1
450,,3,1,6,0,6
450,,4,1,6,2,4
450,,5,1,6,3,3
450,,6,1,6,2,4
450,,7,1,6,4,2
450,,8,1,6,2,4
450,,9,1,6,4,2
450,,10,1,6,3,3
450,,11,1,6,4,2
450,,12,1,6,4,2
450,,13,1,6,4,2
450,,14,1,6,2,4
450,,15,1,6,4,2
450,,0,1,6,0,6
450,,1,1,6,3,3
450,,2,1,6,3,3
450,,3,1,6,0,6
450,,4,1,6,4,2
450,,5,1,6,2,4
450,,6,1,6,0,6
450,,7,1,6,6,0
450,,8,1,6,3,3
450,,9,1,6,2,4
450,,10,1,6,1,5
450,,11,1,6,2,4
450,,12,1,6,3,3
450,,13,1,6,4,2
450,,14,1,6,2,4
450,,15,1,6,3,3
450,,0,1,6,1,5
450,,1,1,6,1,5
450,,2,1,6,5,1
450,,3,1,6,0,6
450,,4,1,6,5,1
450,,5,1,6,0,6
450,,6,1,6,1,5
450,,7,1,6,4,2
450,,8,1,6,1,5
450,,9,1,6,5,1
450,,10,1,6,0,6
450,,11,1,6,4,2
450,,12,1,6,1,5
450,,13,1,6,1,5
450,,14,1,6,4,2
450,,15,1,6,3,3
450,,0,1,6,0,6
450,,1,1,6,2,4
450,,2,1,6,2,4
450,,3,1,6,2,4
450,,4,1,6,3,3
450,,5,1,6,3,3
450,,6,1,6,1,5
450,,7,1,6,0,6
450,,8,1,6,1,5
450,,9,1,6,5,1
450,,10,1,6,0,6
450,,11,1,6,4,2
450,,12,1,6,3,3
450,,13,1,6,4,2
450,,14,1,6,1,5
450,,15,1,6,3,3
450,,0,1,6,5,1
450,,1,1,6,4,2
450,,2,1,6,2,4
450,,3,1,6,2,4
450,,4,1,6,5,1
450,,5,1,6,3,3
450,,6,1,6,2,4
450,,7,1,6,4,2
450,,8,1,6,3,3
450,,9,1,6,4,2
450,,10,1,6,2,4
450,,11,1,6,2,4
450,,12,1,6,1,5
450,,13,1,6,3,3
450,,14,1,6,2,4
450,,15,1,6,4,2
450,,0,1,6,0,6
450,,1,1,6,2,4
450,,2,1,6,3,3
450,,3,1,6,0,6
450,,4,1,6,5,1
450,,5,1,6,2,4
450,,6,1,6,1,5
450,,7,1,6,3,3
450,,8,1,6,2,4
450,,9,1,6,6,0
450,,10,1,6,0,6
450,,11,1,6,5,1
450,,12,1,6,4,2
450,,13,1,6,1,5
450,,14,1,6,4,2
450,,15,1,6,3,3
450,,0,1,6,6,0
450,,1,1,6,1,5
450,,2,1,6,3,3
450,,3,1,6,1,5
450,,4,1,6,5,1
450,,5,1,6,3,3
450,,6,1,6,2,4
450,,7,1,6,4,2
450,,8,1,6,1,5
450,,9,1,6,5,1
450,,10,1,6,2,4
450,,11,1,6,2,4
450,,12,1,6,3,3
450,,13,1,6,1,5
450,,14,1,6,5,1
450,,15,1,6,2,4
450,,0,1,6,2,4
450,,1,1,6,3,3
450,,2,1,6,3,3
450,,3,1,6,0,6
450,,4,1,6,5,1
450,,5,1,6,4,2
450,,6,1,6,3,3
450,,7,1,6,5,1
450,,8,1,6,1,5
450,,9,1,6,6,0
450,,10,1,6,1,5
450,,11,1,6,2,4
450,,12,1,6,4,2
450,,13,1,6,4,2
450,,14,1,6,5,1
450,,15,1,6,3,3
450,,0,1,6,3,3
450,,1,1,6,1,5
450,,2,1,6,5,1
450,,3,1,6,2,4
450,,4,1,6,5,1
450,,5,1,6,2,4
450,,6,1,6,2,4
450,,7,1,6,4,2
450,,8,1,6,0,6
450,,9,1,6,2,4
450,,10,1,6,2,4
450,,11,1,6,4,2
450,,12,1,6,1,5
450,,13,1,6,1,5
450,,14,1,6,2,4
450,,15,1,6,3,3
450,,0,1,6,3,3
450,,1,1,6,5,1
450,,2,1,6,2,4
450,,3,1,6,1,5
450,,4,1,6,5,1
450,,5,1,6,2,4
450,,6,1,6,3,3
450,,7,1,6,5,1
450,,8,1,6,1,5
450,,9,1,6,5,1
450,,10,1,6,3,3
450,,11,1,6,3,3
450,,12,1,6,0,6
450,,13,1,6,6,0
450,,14,1,6,1,5
450,,15,1,6,5,1
450,,0,1,6,1,5
450,,1,1,6,2,4
450,,2,1,6,4,2
450,,3,1,6,0,6
450,,4,1,6,5,1
450,,5,1,6,2,4
450,,6,1,6,5,1
450,,7,1,6,3,3
450,,8,1,6,3,3
450,,9,1,6,6,0
450,,10,1,6,4,2
450,,11,1,6,3,3
450,,12,1,6,3,3
450,,13,1,6,3,3
450,,14,1,6,3,3
450,,15,1,6,4,2
450,,0,1,6,0,6
450,,1,1,6,3,3
450,,2,1,6,3,3
450,,3,1,6,3,3
450,,4,1,6,5,1
450,,5,1,6,2,4
450,,6,1,6,4,2
450,,7,1,6,6,0
450,,8,1,6,3,3
450,,9,1,6,5,1
450,,10,1,6,2,4
450,,11,1,6,5,1
450,,12,1,6,2,4
450,,13,1,6,3,3
450,,14,1,6,3,3
450,,15,1,6,6,0
450,,0,1,6,2,4
450,,1,1,6,4,2
450,,2,1,6,4,2
450,,3,1,6,2,4
450,,4,1,6,5,1
450,,5,1,6,1,5
450,,6,1,6,4,2
450,,7,1,6,5,1
450,,8,1,6,0,6
450,,9,1,6,5,1
450,,10,1,6,3,3
450,,11,1,6,6,0
450,,12,1,6,1,5
450,,13,1,6,4,2
450,,14,1,6,1,5
450,,15,1,6,2,4
450,,0,1,6,3,3
450,,1,1,6,4,2
450,,2,1,6,3,3
450,,3,1,6,1,5
450,,4,1,6,5,1
450,,5,1,6,2,4
450,,6,1,6,4,2
450,,7,1,6,3,3
450,,8,1,6,3,3
450,,9,1,6,6,0
450,,10,1,6,1,5
450,,11,1,6,4,2
450,,12,1,6,6,0
450,,13,1,6,6,0
450,,14,1,6,3,3
450,,15,1,6,3,3
450,,0,1,6,3,3
450,,1,1,6,6,0
450,,2,1,6,6,0
450,,3,1,6,3,3
450,,4,1,6,5,1
450,,5,1,6,1,5
450,,6,1,6,4,2
450,,7,1,6,3,3
450,,8,1,6,2,4
450,,9,1,6,5,1
450,,10,1,6,3,3
450,,11,1,6,5,1
450,,12,1,6,3,3
450,,13,1,6,4,2
450,,14,1,6,5,1
450,,15,1,6,6,0
450,,0,1,6,6,0
450,,1,1,6,5,1
450,,2,1,6,2,4
450,,3,1,6,3,3
450,,4,1,6,5,1
450,,5,1,6,4,2
450,,6,1,6,2,4
450,,7,1,6,5,1
450,,8,1,6,3,3
450,,9,1,6,4,2
450,,10,1,6,2,4
450,,11,1,6,3,3
450,,12,1,6,3,3
450,,13,1,6,4,2
450,,14,1,6,1,5
450,,15,1,6,5,1
450,,0,1,6,4,2
450,,1,1,6,5,1
450,,2,1,6,5,1
450,,3,1,6,1,5
450,,4,1,6,4,2
450,,5,1,6,3,3
450,,6,1,6,4,2
450,,7,1,6,5,1
450,,8,1,6,6,0
450,,9,1,6,6,0
450,,10,1,6,4,2
450,,11,1,6,2,4
450,,12,1,6,5,1
450,,13,1,6,4,2
450,,14,1,6,5,1
450,,15,1,6,5,1
450,,0,1,6,3,3
450,,1,1,6,6,0
450,,2,1,6,6,0
450,,3,1,6,2,4
450,,4,1,6,5,1
450,,5,1,6,3,3
450,,6,1,6,3,3
450,,7,1,6,5,1
450,,8,1,6,2,4
450,,9,1,6,6,0
450,,10,1,6,4,2
450,,11,1,6,5,1
450,,12,1,6,6,0
450,,13,1,6,5,1
450,,14,1,6,5,1
450,,15,1,6,6,0
450,,0,1,6,3,3
450,,1,1,6,2,4
450,,2,1,6,5,1
450,,3,1,6,2,4
450,,4,1,6,6,0
450,,5,1,6,5,1
450,,6,1,6,5,1
450,,7,1,6,4,2
450,,8,1,6,3,3
450,,9,1,6,6,0
450,,10,1,6,3,3
450,,11,1,6,6,0
450,,12,1,6,5,1
450,,13,1,6,6,0
450,,14,1,6,5,1
450,,15,1,6,4,2
450,,0,1,6,6,0
450,,1,1,6,3,3
450,,2,1,6,5,1
450,,3,1,6,3,3
450,,4,1,6,6,0
450,,5,1,6,4,2
450,,6,1,6,6,0
450,,7,1,6,3,3
450,,8,1,6,5,1
450,,9,1,6,6,0
450,,10,1,6,1,5
450,,11,1,6,4,2
450,,12,1,6,4,2
450,,13,1,6,5,1
450,,14,1,6,6,0
450,,15,1,6,3,3
450,,0,1,6,5,1
450,,1,1,6,5,1
450,,2,1,6,6,0
450,,3,1,6,1,5
450,,4,1,6,6,0
450,,5,1,6,5,1
450,,6,1,6,6,0
450,,7,1,6,4,2
450,,8,1,6,5,1
450,,9,1,6,5,1
450,,10,1,6,1,5
450,,11,1,6,6,0
450,,12,1,6,6,0
450,,13,1,6,5,1
450,,14,1,6,6,0
450,,15,1,6,4,2
450,,0,1,6,3,3
450,,1,1,6,5,1
450,,2,1,6,3,3
450,,3,1,6,4,2
450,,4,1,6,3,3
450,,5,1,6,3,3
450,,6,1,6,6,0
450,,7,1,6,4,2
450,,8,1,6,5,1
450,,9,1,6,5,1
450,,10,1,6,2,4
450,,11,1,6,5,1
450,,12,1,6,5,1
450,,13,1,6,5,1
450,,14,1,6,5,1
450,,15,1,6,4,2
450,,0,1,6,2,4
450,,1,1,6,4,2
450,,2,1,6,6,0
450,,3,1,6,2,4
450,,4,1,6,4,2
450,,5,1,6,6,0
450,,6,1,6,5,1
450,,7,1,6,5,1
450,,8,1,6,3,3
450,,9,1,6,3,3
450,,10,1,6,1,5
450,,11,1,6,5,1
450,,12,1,6,6,0
450,,13,1,6,6,0
450,,14,1,6,3,3
450,,15,1,6,6,0
450,,0,1,6,3,3
450,,1,1,6,6,0
450,,2,1,6,3,3
450,,3,1,6,6,0
450,,4,1,6,3,3
450,,5,1,6,5,1
450,,6,1,6,6,0
450,,7,1,6,5,1
450,,8,1,6,1,5
450,,9,1,6,6,0
450,,10,1,6,4,2
450,,11,1,6,3,3
450,,12,1,6,4,2
450,,13,1,6,5,1
450,,14,1,6,6,0
450,,15,1,6,4,2
450,,0,1,6,2,4
450,,1,1,6,5,1
450,,2,1,6,5,1
450,,3,1,6,4,2
450,,4,1,6,4,2
450,,5,1,6,4,2
450,,6,1,6,4,2
450,,7,1,6,5,1
450,,8,1,6,5,1
450,,9,1,6,4,2
450,,10,1,6,4,2
450,,11,1,6,5,1
450,,12,1,6,6,0
450,,13,1,6,5,1
450,,14,1,6,5,1
450,,15,1,6,6,0
450,,0,1,6,1,5
450,,1,1,6,5,1
450,,2,1,6,3,3
450,,3,1,6,5,1
450,,4,1,6,5,1
450,,5,1,6,4,2
450,,6,1,6,5,1
450,,7,1,6,3,3
450,,8,1,6,4,2
450,,9,1,6,4,2
450,,10,1,6,4,2
450,,11,1,6,3,3
450,,12,1,6,5,1
450,,13,1,6,5,1
450,,14,1,6,5,1
450,,15,1,6,6,0
450,,0,1,6,6,0
450,,1,1,6,4,2
450,,2,1,6,3,3
450,,3,1,6,6,0
450,,4,1,6,4,2
450,,5,1,6,4,2
450,,6,1,6,3,3
450,,7,1,6,5,1
450,,8,1,6,3,3
450,,9,1,6,5,1
450,,10,1,6,5,1
450,,11,1,6,4,2
450,,12,1,6,5,1
450,,13,1,6,6,0
450,,14,1,6,5,1
450,,15,1,6,5,1
450,,0,1,6,3,3
450,,1,1,6,4,2
450,,2,1,6,6,0
450,,3,1,6,2,4
450,,4,1,6,4,2
450,,5,1,6,3,3
450,,6,1,6,5,1
450,,7,1,6,4,2
450,,8,1,6,6,0
450,,9,1,6,6,0
450,,10,1,6,6,0
450,,11,1,6,3,3
450,,12,1,6,6,0
450,,13,1,6,6,0
450,,14,1,6,6,0
450,,15,1,6,5,1
450,,0,1,6,3,3
450,,1,1,6,6,0
450,,2,1,6,6,0
450,,3,1,6,3,3
450,,4,1,6,3,3
450,,5,1,6,6,0
450,,6,1,6,5,1
450,,7,1,6,5,1
450,,8,1,6,6,0
450,,9,1,6,6,0
450,,10,1,6,4,2
450,,11,1,6,3,3
450,,12,1,6,4,2
450,,13,1,6,6,0
450,,14,1,6,4,2
450,,15,1,6,6,0
450,,0,1,6,5,1
450,,1,1,6,5,1
450,,2,1,6,5,1
450,,3,1,6,4,2
450,,4,1,6,4,2
450,,5,1,6,5,1
450,,6,1,6,6,0
450,,7,1,6,5,1
450,,8,1,6,4,2
450,,9,1,6,4,2
450,,10,1,6,6,0
450,,11,1,6,6,0
450,,12,1,6,6,0
450,,13,1,6,3,3
450,,14,1,6,6,0
450,,15,1,6,4,2
450,,0,1,6,5,1
450,,1,1,6,6,0
450,,2,1,6,5,1
450,,3,1,6,5,1
450,,4,1,6,5,1
450,,5,1,6,6,0
450,,6,1,6,5,1
450,,7,1,6,4,2
450,,8,1,6,6,0
450,,9,1,6,4,2
450,,10,1,6,5,1
450,,11,1,6,6,0
450,,12,1,6,6,0
450,,13,1,6,6,0
450,,14,1,6,5,1
450,,15,1,6,6,0
450,,0,1,6,6,0
450,,1,1,6,6,0
450,,2,1,6,5,1
450,,3,1,6,4,2
450,,4,1,6,3,3
450,,5,1,6,5,1
450,,6,1,6,5,1
450,,7,1,6,5,1
450,,8,1,6,2,4
450,,9,1,6,2,4
450,,10,1,6,2,4
450,,11,1,6,4,2
450,,12,1,6,5,1
450,,13,1,6,4,2
450,,14,1,6,3,3
450,,15,1,6,5,1
450,,0,1,6,5,1
450,,1,1,6,6,0
450,,2,1,6,4,2
450,,3,1,6,5,1
450,,4,1,6,3,3
450,,5,1,6,2,4
450,,6,1,6,5,1
450,,7,1,6,2,4
450,,8,1,6,6,0
450,,9,1,6,6,0
450,,10,1,6,4,2
450,,11,1,6,5,1
450,,12,1,6,5,1
450,,13,1,6,6,0
450,,14,1,6,3,3
450,,15,1,6,6,0
450,,0,1,6,4,2
450,,1,1,6,6,0
450,,2,1,6,1,5
450,,3,1,6,3,3
450,,4,1,6,2,4
450,,5,1,6,5,1
450,,6,1,6,4,2
450,,7,1,6,4,2
450,,8,1,6,4,2
450,,9,1,6,4,2
450,,10,1,6,0,6
450,,11,1,6,3,3
450,,12,1,6,4,2
450,,13,1,6,6,0
450,,14,1,6,4,2
450,,15,1,6,5,1
450,,0,1,6,5,1
450,,1,1,6,6,0
450,,2,1,6,4,2
450,,3,1,6,3,3
450,,4,1,6,3,3
450,,5,1,6,3,3
450,,6,1,6,6,0
450,,7,1,6,5,1
450,,8,1,6,5,1
450,,9,1,6,5,1
450,,10,1,6,1,5
450,,11,1,6,5,1
450,,12,1,6,5,1
450,,13,1,6,6,0
450,,14,1,6,4,2
450,,15,1,6,5,1
450,,0,1,6,5,1
450,,1,1,6,5,1
450,,2,1,6,4,2
450,,3,1,6,4,2
450,,4,1,6,3,3
450,,5,1,6,5,1
450,,6,1,6,5,1
450,,7,1,6,5,1
450,,8,1,6,5,1
450,,9,1,6,5,1
450,,10,1,6,3,3
450,,11,1,6,4,2
450,,12,1,6,4,2
450,,13,1,6,5,1
450,,14,1,6,5,1
450,,15,1,6,6,0
450,,0,1,6,5,1
450,,1,1,6,6,0
450,,2,1,6,4,2
450,,3,1,6,4,2
450,,4,1,6,4,2
450,,5,1,6,4,2
450,,6,1,6,6,0
450,,7,1,6,3,3
450,,8,1,6,4,2
450,,9,1,6,3,3
450,,10,1,6,0,6
450,,11,1,6,6,0
450,,12,1,6,5,1
450,,13,1,6,6,0
450,,14,1,6,3,3
450,,15,1,6,6,0
450,,0,1,6,5,1
450,,1,1,6,5,1
450,,2,1,6,6,0
450,,3,1,6,3,3
450,,4,1,6,4,2
450,,5,1,6,4,2
450,,6,1,6,5,1
450,,7,1,6,5,1
450,,8,1,6,6,0
450,,9,1,6,6,0
450,,10,1,6,1,5
450,,11,1,6,5,1
450,,12,1,6,3,3
450,,13,1,6,6,0
450,,14,1,6,4,2
450,,15,1,6,4,2
450,,0,1,6,4,2
450,,1,1,6,6,0
450,,2,1,6,5,1
450,,3,1,6,3,3
450,,4,1,6,6,0
450,,5,1,6,4,2
450,,6,1,6,5,1
450,,7,1,6,6,0
450,,8,1,6,2,4
450,,9,1,6,4,2
450,,10,1,6,2,4
450,,11,1,6,4,2
450,,12,1,6,3,3
450,,13,1,6,6,0
450,,14,1,6,4,2
450,,15,1,6,3,3
450,,0,1,6,3,3
450,,1,1,6,5,1
450,,2,1,6,4,2
450,,3,1,6,4,2
450,,4,1,6,3,3
450,,5,1,6,3,3
450,,6,1,6,5,1
450,,7,1,6,6,0
450,,8,1,6,5,1
450,,9,1,6,5,1
450,,10,1,6,3,3
450,,11,1,6,5,1
450,,12,1,6,4,2
450,,13,1,6,6,0
450,,14,1,6,6,0
450,,15,1,6,6,0
450,,0,1,6,6,0
450,,1,1,6,5,1
450,,2,1,6,5,1
450,,3,1,6,4,2
450,,4,1,6,3,3
450,,5,1,6,4,2
450,,6,1,6,3,3
450,,7,1,6,2,4
450,,8,1,6,5,1
450,,9,1,6,6,0
450,,10,1,6,4,2
450,,11,1,6,2,4
450,,12,1,6,5,1
450,,13,1,6,4,2
450,,14,1,6,3,3
450,,15,1,6,6,0
450,,0,1,6,4,2
450,,1,1,6,5,1
450,,2,1,6,3,3
450,,3,1,6,5,1
450,,4,1,6,4,2
450,,5,1,6,3,3
450,,6,1,6,6,0
450,,7,1,6,5,1
450,,8,1,6,2,4
450,,9,1,6,3,3
450,,10,1,6,6,0
450,,11,1,6,5,1
450,,12,1,6,2,4
450,,13,1,6,4,2
450,,14,1,6,3,3
450,,15,1,6,6,0
450,,0,1,6,3,3
450,,1,1,6,3,3
450,,2,1,6,1,5
450,,3,1,6,4,2
450,,4,1,6,3,3
450,,5,1,6,1,5
450,,6,1,6,5,1
450,,7,1,6,3,3
450,,8,1,6,3,3
450,,9,1,6,3,3
450,,10,1,6,6,0
450,,11,1,6,5,1
450,,12,1,6,2,4
450,,13,1,6,5,1
450,,14,1,6,5,1
450,,15,1,6,4,2
450,,0,1,6,4,2
450,,1,1,6,6,0
450,,2,1,6,5,1
450,,3,1,6,6,0
450,,4,1,6,4,2
450,,5,1,6,3,3
450,,6,1,6,5,1
450,,7,1,6,5,1
450,,8,1,6,4,2
450,,9,1,6,6,0
450,,10,1,6,3,3
450,,11,1,6,4,2
450,,12,1,6,4,2
450,,13,1,6,4,2
450,,14,1,6,2,4
450,,15,1,6,6,0
450,,0,1,6,2,4
450,,1,1,6,3,3
450,,2,1,6,6,0
450,,3,1,6,6,0
450,,4,1,6,5,1
450,,5,1,6,2,4
450,,6,1,6,4,2
450,,7,1,6,3,3
450,,8,1,6,2,4
450,,9,1,6,5,1
450,,10,1,6,3,3
450,,11,1,6,6,0
450,,12,1,6,4,2
450,,13,1,6,5,1
450,,14,1,6,6,0
450,,15,1,6,4,2
450,,0,1,6,1,5
450,,1,1,6,5,1
450,,2,1,6,4,2
450,,3,1,6,1,5
450,,4,1,6,4,2
450,,5,1,6,1,5
450,,6,1,6,2,4
450,,7,1,6,2,4
450,,8,1,6,3,3
450,,9,1,6,6,0
450,,10,1,6,3,3
450,,11,1,6,4,2
450,,12,1,6,3,3
450,,13,1,6,3,3
450,,14,1,6,2,4
450,,15,1,6,6,0
450,,0,1,6,3,3
450,,1,1,6,5,1
450,,2,1,6,1,5
450,,3,1,6,4,2
450,,4,1,6,3,3
450,,5,1,6,2,4
450,,6,1,6,3,3
450,,7,1,6,3,3
450,,8,1,6,0,6
450,,9,1,6,6,0
450,,10,1,6,5,1
450,,11,1,6,4,2
450,,12,1,6,4,2
450,,13,1,6,2,4
450,,14,1,6,3,3
450,,15,1,6,5,1
450,,0,1,6,3,3
450,,1,1,6,2,4
450,,2,1,6,1,5
450,,3,1,6,2,4
450,,4,1,6,3,3
450,,5,1,6,5,1
450,,6,1,6,5,1
450,,7,1,6,4,2
450,,8,1,6,4,2
450,,9,1,6,6,0
450,,10,1,6,4,2
450,,11,1,6,5,1
450,,12,1,6,5,1
450,,13,1,6,3,3
450,,14,1,6,2,4
450,,15,1,6,6,0
450,,0,1,6,2,4
450,,1,1,6,1,5
450,,2,1,6,1,5
450,,3,1,6,2,4
450,,4,1,6,3,3
450,,5,1,6,2,4
450,,6,1,6,5,1
450,,7,1,6,4,2
450,,8,1,6,3,3
450,,9,1,6,6,0
450,,10,1,6,3,3
450,,11,1,6,3,3
450,,12,1,6,3,3
450,,13,1,6,2,4
450,,14,1,6,6,0
450,,15,1,6,1,5
450,,0,1,6,2,4
450,,1,1,6,4,2
450,,2,1,6,6,0
450,,3,1,6,2,4
450,,4,1,6,6,0
450,,5,1,6,3,3
450,,6,1,6,6,0
450,,7,1,6,4,2
450,,8,1,6,3,3
450,,9,1,6,5,1
450,,10,1,6,5,1
450,,11,1,6,5,1
450,,12,1,6,5,1
450,,13,1,6,4,2
450,,14,1,6,5,1
450,,15,1,6,5,1
450,,0,1,6,4,2
450,,1,1,6,5,1
450,,2,1,6,5,1
450,,3,1,6,5,1
450,,4,1,6,0,6
450,,5,1,6,2,4
450,,6,1,6,5,1
450,,7,1,6,5,1
450,,8,1,6,4,2
450,,9,1,6,6,0
450,,10,1,6,5,1
450,,11,1,6,6,0
450,,12,1,6,2,4
450,,13,1,6,3,3
450,,14,1,6,3,3
450,,15,1,6,5,1
450,,0,1,6,2,4
450,,1,1,6,4,2
450,,2,1,6,3,3
450,,3,1,6,4,2
450,,4,1,6,4,2
450,,5,1,6,1,5
450,,6,1,6,5,1
450,,7,1,6,3,3
450,,8,1,6,2,4
450,,9,1,6,5,1
450,,10,1,6,4,2
450,,11,1,6,6,0
450,,12,1,6,2,4
450,,13,1,6,5,1
450,,14,1,6,1,5
450,,15,1,6,4,2
450,,0,1,6,3,3
450,,1,1,6,3,3
450,,2,1,6,0,6
450,,3,1,6,1,5
450,,4,1,6,3,3
450,,5,1,6,1,5
450,,6,1,6,5,1
450,,7,1,6,4,2
450,,8,1,6,2,4
450,,9,1,6,4,2
450,,10,1,6,3,3
450,,11,1,6,6,0
450,,12,1,6,5,1
450,,13,1,6,5,1
450,,14,1,6,3,3
450,,15,1,6,4,2
450,,0,1,6,1,5
450,,1,1,6,4,2
450,,2,1,6,2,4
450,,3,1,6,5,1
450,,4,1,6,2,4
450,,5,1,6,1,5
450,,6,1,6,5,1
450,,7,1,6,1,5
450,,8,1,6,1,5
450,,9,1,6,5,1
450,,10,1,6,5,1
450,,11,1,6,6,0
450,,12,1,6,0,6
450,,13,1,6,4,2
450,,14,1,6,1,5
450,,15,1,6,5,1
500,,0,1,6,5,1
500,,1,1,6,1,5
500,,2,1,6,0,6
500,,3,1,6,3,3
500,,4,1,6,1,5
500,,5,1,6,1,5
500,,6,1,6,1,5
500,,7,1,6,0,6
500,,8,1,6,1,5
500,,9,1,6,1,5
500,,10,1,6,0,6
500,,11,1,6,4,2
500,,12,1,6,0,6
500,,13,1,6,1,5
500,,14,1,6,3,3
500,,15,1,6,0,6
500,,0,1,6,0,6
500,,1,1,6,2,4
500,,2,1,6,1,5
500,,3,1,6,2,4
500,,4,1,6,0,6
500,,5,1,6,5,1
500,,6,1,6,0,6
500,,7,1,6,1,5
500,,8,1,6,3,3
500,,9,1,6,3,3
500,,10,1,6,3,3
500,,11,1,6,0,6
500,,12,1,6,2,4
500,,13,1,6,1,5
500,,14,1,6,1,5
500,,15,1,6,2,4
500,,0,1,6,1,5
500,,1,1,6,0,6
500,,2,1,6,0,6
500,,3,1,6,0,6
500,,4,1,6,1,5
500,,5,1,6,1,5
500,,6,1,6,4,2
500,,7,1,6,2,4
500,,8,1,6,0,6
500,,9,1,6,1,5
500,,10,1,6,0,6
500,,11,1,6,4,2
500,,12,1,6,1,5
500,,13,1,6,1,5
500,,14,1,6,2,4
500,,15,1,6,2,4
500,,0,1,6,2,4
500,,1,1,6,3,3
500,,2,1,6,1,5
500,,3,1,6,1,5
500,,4,1,6,4,2
500,,5,1,6,4,2
500,,6,1,6,3,3
100,,5,1,6,3,3
100,,6,1,6,5,1
100,,7,1,6,6,0
100,,8,1,6,5,1
100,,9,1,6,3,3
100,,10,1,6,6,0
100,,11,1,6,4,2
100,,12,1,6,6,0
100,,13,1,6,5,1
100,,14,1,6,2,4
100,,15,1,6,3,3
100,,0,1,6,5,1
100,,1,1,6,6,0
100,,2,1,6,5,1
100,,3,1,6,2,4
100,,4,1,6,4,2
100,,5,1,6,4,2
100,,6,1,6,6,0
100,,7,1,6,3,3
100,,8,1,6,5,1
100,,9,1,6,6,0
100,,10,1,6,6,0
100,,11,1,6,5,1
100,,12,1,6,4,2
100,,13,1,6,5,1
100,,14,1,6,4,2
100,,15,1,6,4,2
100,,0,1,6,3,3
100,,1,1,6,5,1
100,,2,1,6,4,2
100,,3,1,6,5,1
100,,4,1,6,6,0
100,,5,1,6,4,2
100,,6,1,6,5,1
100,,7,1,6,4,2
100,,8,1,6,5,1
100,,9,1,6,4,2
100,,10,1,6,5,1
100,,11,1,6,6,0
100,,12,1,6,4,2
100,,13,1,6,4,2
100,,14,1,6,3,3
100,,15,1,6,4,2
100,,0,1,6,2,4
100,,1,1,6,5,1
100,,2,1,6,6,0
100,,3,1,6,6,0
100,,4,1,6,3,3
100,,5,1,6,4,2
100,,6,1,6,1,5
100,,7,1,6,1,5
100,,8,1,6,5,1
100,,9,1,6,6,0
100,,10,1,6,6,0
100,,11,1,6,4,2
100,,12,1,6,3,3
100,,13,1,6,3,3
100,,14,1,6,2,4
100,,15,1,6,5,1
100,,0,1,6,4,2
100,,1,1,6,5,1
100,,2,1,6,5,1
100,,3,1,6,6,0
100,,4,1,6,5,1
100,,5,1,6,4,2
100,,6,1,6,6,0
100,,7,1,6,4,2
100,,8,1,6,2,4
100,,9,1,6,1,5
100,,10,1,6,5,1
100,,11,1,6,4,2
100,,12,1,6,4,2
100,,13,1,6,5,1
100,,14,1,6,4,2
100,,15,1,6,6,0
100,,0,1,6,1,5
100,,1,1,6,6,0
100,,2,1,6,4,2
100,,3,1,6,5,1
100,,4,1,6,5,1
100,,5,1,6,3,3
100,,6,1,6,4,2
100,,7,1,6,6,0
100,,8,1,6,6,0
100,,9,1,6,3,3
100,,10,1,6,6,0
100,,11,1,6,6,0
100,,12,1,6,3,3
100,,13,1,6,6,0
100,,14,1,6,3,3
100,,15,1,6,5,1
100,,0,1,6,4,2
100,,1,1,6,6,0
100,,2,1,6,2,4
100,,3,1,6,6,0
100,,4,1,6,4,2
100,,5,1,6,4,2
100,,6,1,6,4,2
100,,7,1,6,6,0
100,,8,1,6,2,4
100,,9,1,6,2,4
100,,10,1,6,5,1
100,,11,1,6,5,1
100,,12,1,6,5,1
100,,13,1,6,5,1
100,,14,1,6,3,3
100,,15,1,6,5,1
100,,0,1,6,4,2
100,,1,1,6,5,1
100,,2,1,6,4,2
100,,3,1,6,4,2
100,,4,1,6,5,1
100,,5,1,6,4,2
100,,6,1,6,3,3
100,,7,1,6,4,2
100,,8,1,6,5,1
100,,9,1,6,1,5
100,,10,1,6,4,2
100,,11,1,6,5,1
100,,12,1,6,3,3
100,,13,1,6,5,1
100,,14,1,6,6,0
100,,15,1,6,3,3
100,,0,1,6,3,3
100,,1,1,6,5,1
100,,2,1,6,3,3
100,,3,1,6,4,2
100,,4,1,6,2,4
100,,5,1,6,4,2
100,,6,1,6,5,1
100,,7,1,6,6,0
100,,8,1,6,6,0
100,,9,1,6,2,4
100,,10,1,6,5,1
100,,11,1,6,6,0
100,,12,1,6,3,3
100,,13,1,6,5,1
100,,14,1,6,6,0
100,,15,1,6,6,0
100,,0,1,6,5,1
100,,1,1,6,3,3
100,,2,1,6,5,1
100,,3,1,6,6,0
100,,4,1,6,3,3
100,,5,1,6,4,2
100,,6,1,6,5,1
100,,7,1,6,3,3
100,,8,1,6,6,0
100,,9,1,6,3,3
100,,10,1,6,4,2
100,,11,1,6,4,2
100,,12,1,6,6,0
100,,13,1,6,6,0
100,,14,1,6,2,4
100,,15,1,6,4,2
100,,0,1,6,2,4
100,,1,1,6,4,2
100,,2,1,6,3,3
100,,3,1,6,5,1
100,,4,1,6,2,4
100,,5,1,6,5,1
100,,6,1,6,5,1
100,,7,1,6,4,2
100,,8,1,6,6,0
100,,9,1,6,4,2
100,,10,1,6,5,1
100,,11,1,6,4,2
100,,12,1,6,5,1
100,,13,1,6,4,2
100,,14,1,6,6,0
100,,15,1,6,4,2
100,,0,1,6,3,3
100,,1,1,6,5,1
100,,2,1,6,5,1
100,,3,1,6,5,1
100,,4,1,6,4,2
100,,5,1,6,5,1
100,,6,1,6,4,2
100,,7,1,6,6,0
100,,8,1,6,2,4
100,,9,1,6,2,4
100,,10,1,6,6,0
100,,11,1,6,5,1
100,,12,1,6,4,2
100,,13,1,6,4,2
100,,14,1,6,2,4
100,,15,1,6,4,2
100,,0,1,6,3,3
100,,1,1,6,4,2
100,,2,1,6,2,4
100,,3,1,6,4,2
100,,4,1,6,2,4
100,,5,1,6,3,3
100,,6,1,6,6,0
100,,7,1,6,5,1
100,,8,1,6,3,3
100,,9,1,6,2,4
100,,10,1,6,4,2
100,,11,1,6,5,1
100,,12,1,6,3,3
100,,13,1,6,2,4
100,,14,1,6,5,1
100,,15,1,6,2,4
100,,0,1,6,3,3
100,,1,1,6,4,2
100,,2,1,6,4,2
100,,3,1,6,2,4
100,,4,1,6,4,2
100,,5,1,6,2,4
100,,6,1,6,4,2
100,,7,1,6,1,5
100,,8,1,6,1,5
100,,9,1,6,1,5
100,,10,1,6,3,3
100,,11,1,6,4,2
100,,12,1,6,5,1
100,,13,1,6,5,1
100,,14,1,6,5,1
100,,15,1,6,5,1
100,,0,1,6,4,2
100,,1,1,6,4,2
100,,2,1,6,3,3
100,,3,1,6,2,4
100,,4,1,6,3,3
100,,5,1,6,2,4
100,,6,1,6,4,2
100,,7,1,6,6,0
100,,8,1,6,5,1
100,,9,1,6,4,2
100,,10,1,6,6,0
100,,11,1,6,5,1
100,,12,1,6,4,2
100,,13,1,6,2,4
100,,14,1,6,4,2
100,,15,1,6,6,0
100,,0,1,6,2,4
100,,1,1,6,5,1
100,,2,1,6,5,1
100,,3,1,6,3,3
100,,4,1,6,4,2
100,,5,1,6,3,3
100,,6,1,6,1,5
100,,7,1,6,6,0
100,,8,1,6,6,0
100,,9,1,6,2,4
100,,10,1,6,4,2
100,,11,1,6,5,1
100,,12,1,6,3,3
100,,13,1,6,2,4
100,,14,1,6,3,3
100,,15,1,6,1,5
100,,0,1,6,2,4
100,,1,1,6,4,2
100,,2,1,6,4,2
100,,3,1,6,2,4
100,,4,1,6,1,5
100,,5,1,6,2,4
100,,6,1,6,3,3
100,,7,1,6,3,3
100,,8,1,6,4,2
100,,9,1,6,2,4
100,,10,1,6,3,3
100,,11,1,6,5,1
100,,12,1,6,3,3
100,,13,1,6,0,6
100,,14,1,6,4,2
100,,15,1,6,2,4
100,,0,1,6,2,4
100,,1,1,6,4,2
100,,2,1,6,3,3
100,,3,1,6,6,0
100,,4,1,6,1,5
100,,5,1,6,0,6
100,,6,1,6,5,1
100,,7,1,6,2,4
100,,8,1,6,3,3
100,,9,1,6,2,4
100,,10,1,6,6,0
100,,11,1,6,5,1
100,,12,1,6,6,0
100,,13,1,6,5,1
100,,14,1,6,6,0
100,,15,1,6,2,4
100,,0,1,6,1,5
100,,1,1,6,6,0
100,,2,1,6,3,3
100,,3,1,6,2,4
100,,4,1,6,3,3
100,,5,1,6,3,3
100,,6,1,6,5,1
100,,7,1,6,1,5
100,,8,1,6,3,3
100,,9,1,6,3,3
100,,10,1,6,3,3
100,,11,1,6,4,2
100,,12,1,6,3,3
100,,13,1,6,5,1
100,,14,1,6,3,3
100,,15,1,6,3,3
100,,0,1,6,1,5
100,,1,1,6,6,0
100,,2,1,6,6,0
100,,3,1,6,2,4
100,,4,1,6,1,5
100,,5,1,6,2,4
100,,6,1,6,6,0
100,,7,1,6,3,3
100,,8,1,6,2,4
100,,9,1,6,2,4
100,,10,1,6,6,0
100,,11,1,6,4,2
100,,12,1,6,5,1
100,,13,1,6,5,1
100,,14,1,6,5,1
100,,15,1,6,3,3
100,,0,1,6,2,4
100,,1,1,6,5,1
100,,2,1,6,2,4
100,,3,1,6,5,1
100,,4,1,6,3,3
100,,5,1,6,3,3
100,,6,1,6,2,4
100,,7,1,6,4,2
100,,8,1,6,2,4
100,,9,1,6,4,2
100,,10,1,6,4,2
100,,11,1,6,1,5
100,,12,1,6,5,1
100,,13,1,6,4,2
100,,14,1,6,3,3
100,,15,1,6,4,2
150,,0,1,6,2,4
150,,1,1,6,1,5
150,,2,1,6,3,3
150,,3,1,6,2,4
150,,4,1,6,0,6
150,,5,1,6,1,5
150,,6,1,6,3,3
150,,7,1,6,1,5
150,,8,1,6,3,3
150,,9,1,6,2,4
150,,10,1,6,1,5
150,,11,1,6,1,5
150,,12,1,6,1,5
150,,13,1,6,0,6
150,,14,1,6,0,6
150,,15,1,6,1,5
150,,0,1,6,2,4
150,,1,1,6,2,4
150,,2,1,6,0,6
150,,3,1,6,2,4
150,,4,1,6,1,5
150,,5,1,6,2,4
150,,6,1,6,1,5
150,,7,1,6,3,3
150,,8,1,6,3,3
150,,9,1,6,0,6
150,,10,1,6,2,4
150,,11,1,6,4,2
150,,12,1,6,0,6
150,,13,1,6,2,4
150,,14,1,6,0,6
150,,15,1,6,2,4
150,,0,1,6,2,4
150,,1,1,6,2,4
150,,2,1,6,1,5
150,,3,1,6,3,3
150,,4,1,6,2,4
150,,5,1,6,2,4
150,,6,1,6,1,5
150,,7,1,6,1,5
150,,8,1,6,1,5
150,,9,1,6,2,4
150,,10,1,6,1,5
150,,11,1,6,2,4
150,,12,1,6,4,2
150,,13,1,6,2,4
150,,14,1,6,2,4
150,,15,1,6,3,3
150,,0,1,6,3,3
150,,1,1,6,6,0
150,,2,1,6,1,5
150,,3,1,6,1,5
150,,4,1,6,5,1
150,,5,1,6,4,2
150,,6,1,6,4,2
150,,7,1,6,1,5
150,,8,1,6,3,3
150,,9,1,6,3,3
150,,10,1,6,1,5
150,,11,1,6,3,3
150,,12,1,6,1,5
150,,13,1,6,2,4
150,,14,1,6,0,6
150,,15,1,6,4,2
150,,0,1,6,2,4
150,,1,1,6,6,0
150,,2,1,6,2,4
150,,3,1,6,2,4
150,,4,1,6,5,1
150,,5,1,6,6,0
150,,6,1,6,4,2
150,,7,1,6,3,3
150,,8,1,6,1,5
150,,9,1,6,3,3
150,,10,1,6,3,3
150,,11,1,6,5,1
150,,12,1,6,3,3
150,,13,1,6,3,3
150,,14,1,6,1,5
150,,15,1,6,3,3
150,,0,1,6,3,3
150,,1,1,6,2,4
150,,2,1,6,2,4
150,,3,1,6,1,5
150,,4,1,6,2,4
150,,5,1,6,5,1
150,,6,1,6,2,4
150,,7,1,6,0,6
150,,8,1,6,3,3
150,,9,1,6,0,6
150,,10,1,6,1,5
150,,11,1,6,1,5
150,,12,1,6,1,5
150,,13,1,6,2,4
150,,14,1,6,1,5
150,,15,1,6,4,2
150,,0,1,6,4,2
150,,1,1,6,6,0
150,,2,1,6,5,1
150,,3,1,6,2,4
150,,4,1,6,5,1
150,,5,1,6,3,3
150,,6,1,6,2,4
150,,7,1,6,0,6
150,,8,1,6,2,4
150,,9,1,6,4,2
150,,10,1,6,2,4
150,,11,1,6,6,0
150,,12,1,6,4,2
150,,13,1,6,6,0
150,,14,1,6,0,6
150,,15,1,6,5,1
150,,0,1,6,2,4
150,,1,1,6,2,4
150,,2,1,6,5,1
150,,3,1,6,1,5
150,,4,1,6,3,3
150,,5,1,6,3,3
150,,6,1,6,5,1
150,,7,1,6,1,5
150,,8,1,6,2,4
150,,9,1,6,1,5
150,,10,1,6,1,5
150,,11,1,6,2,4
150,,12,1,6,4,2
150,,13,1,6,1,5
150,,14,1,6,1,5
150,,15,1,6,5,1
150,,0,1,6,4,2
150,,1,1,6,1,5
150,,2,1,6,2,4
150,,3,1,6,1,5
150,,4,1,6,4,2
150,,5,1,6,3,3
150,,6,1,6,2,4
150,,7,1,6,2,4
150,,8,1,6,2,4
150,,9,1,6,1,5
150,,10,1,6,3,3
150,,11,1,6,4,2
150,,12,1,6,3,3
150,,13,1,6,2,4
150,,14,1,6,3,3
150,,15,1,6,4,2
150,,0,1,6,0,6
150,,1,1,6,3,3
150,,2,1,6,3,3
150,,3,1,6,6,0
150,,4,1,6,4,2
150,,5,1,6,2,4
150,,6,1,6,2,4
150,,7,1,6,1,5
150,,8,1,6,2,4
150,,9,1,6,2,4
150,,10,1,6,1,5
150,,11,1,6,2,4
150,,12,1,6,1,5
150,,13,1,6,2,4
150,,14,1,6,3,3
150,,15,1,6,4,2
150,,0,1,6,4,2
150,,1,1,6,1,5
150,,2,1,6,4,2
150,,3,1,6,3,3
150,,4,1,6,5,1
150,,5,1,6,2,4
150,,6,1,6,2,4
150,,7,1,6,3,3
150,,8,1,6,0,6
500,,7,1,6,1,5
500,,8,1,6,1,5
500,,9,1,6,1,5
500,,10,1,6,1,5
500,,11,1,6,1,5
500,,12,1,6,4,2
500,,13,1,6,1,5
500,,14,1,6,2,4
500,,15,1,6,1,5
500,,0,1,6,2,4
500,,1,1,6,0,6
500,,2,1,6,4,2
500,,3,1,6,0,6
500,,4,1,6,4,2
500,,5,1,6,1,5
500,,6,1,6,2,4
500,,7,1,6,1,5
500,,8,1,6,1,5
500,,9,1,6,4,2
500,,10,1,6,2,4
500,,11,1,6,3,3
500,,12,1,6,2,4
500,,13,1,6,1,5
500,,14,1,6,2,4
500,,15,1,6,3,3
500,,0,1,6,0,6
500,,1,1,6,2,4
500,,2,1,6,2,4
500,,3,1,6,1,5
500,,4,1,6,1,5
500,,5,1,6,6,0
500,,6,1,6,4,2
500,,7,1,6,1,5
500,,8,1,6,1,5
500,,9,1,6,3,3
500,,10,1,6,1,5
500,,11,1,6,1,5
500,,12,1,6,1,5
500,,13,1,6,1,5
500,,14,1,6,0,6
500,,15,1,6,5,1
500,,0,1,6,1,5
500,,1,1,6,1,5
500,,2,1,6,1,5
500,,3,1,6,0,6
500,,4,1,6,5,1
500,,5,1,6,1,5
500,,6,1,6,2,4
500,,7,1,6,1,5
500,,8,1,6,2,4
500,,9,1,6,4,2
500,,10,1,6,0,6
500,,11,1,6,2,4
500,,12,1,6,1,5
500,,13,1,6,1,5
500,,14,1,6,2,4
500,,15,1,6,3,3
500,,0,1,6,2,4
500,,1,1,6,1,5
500,,2,1,6,0,6
500,,3,1,6,2,4
500,,4,1,6,3,3
500,,5,1,6,2,4
500,,6,1,6,3,3
500,,7,1,6,1,5
500,,8,1,6,2,4
500,,9,1,6,2,4
500,,10,1,6,1,5
500,,11,1,6,0,6
500,,12,1,6,5,1
500,,13,1,6,3,3
500,,14,1,6,2,4
500,,15,1,6,2,4
500,,0,1,6,0,6
500,,1,1,6,0,6
500,,2,1,6,1,5
500,,3,1,6,1,5
500,,4,1,6,4,2
500,,5,1,6,1,5
500,,6,1,6,2,4
500,,7,1,6,4,2
500,,8,1,6,3,3
500,,9,1,6,1,5
500,,10,1,6,1,5
500,,11,1,6,1,5
500,,12,1,6,4,2
500,,13,1,6,4,2
500,,14,1,6,0,6
500,,15,1,6,2,4
500,,0,1,6,4,2
500,,1,1,6,2,4
500,,2,1,6,1,5
500,,3,1,6,2,4
500,,4,1,6,3,3
500,,5,1,6,1,5
500,,6,1,6,0,6
500,,7,1,6,0,6
500,,8,1,6,1,5
500,,9,1,6,3,3
500,,10,1,6,3,3
500,,11,1,6,2,4
500,,12,1,6,2,4
500,,13,1,6,2,4
500,,14,1,6,2,4
500,,15,1,6,0,6
500,,0,1,6,1,5
500,,1,1,6,1,5
500,,2,1,6,2,4
500,,3,1,6,2,4
500,,4,1,6,4,2
500,,5,1,6,2,4
500,,6,1,6,6,0
500,,7,1,6,0,6
500,,8,1,6,0,6
500,,9,1,6,6,0
500,,10,1,6,1,5
500,,11,1,6,5,1
500,,12,1,6,3,3
500,,13,1,6,2,4
500,,14,1,6,1,5
500,,15,1,6,1,5
500,,0,1,6,1,5
500,,1,1,6,3,3
500,,2,1,6,3,3
500,,3,1,6,1,5
500,,4,1,6,4,2
500,,5,1,6,1,5
500,,6,1,6,4,2
500,,7,1,6,0,6
500,,8,1,6,3,3
500,,9,1,6,1,5
500,,10,1,6,2,4
500,,11,1,6,1,5
500,,12,1,6,0,6
500,,13,1,6,3,3
500,,14,1,6,2,4
500,,15,1,6,1,5
500,,0,1,6,1,5
500,,1,1,6,2,4
500,,2,1,6,5,1
500,,3,1,6,4,2
500,,4,1,6,4,2
500,,5,1,6,2,4
500,,6,1,6,4,2
500,,7,1,6,2,4
500,,8,1,6,2,4
500,,9,1,6,1,5
500,,10,1,6,3,3
500,,11,1,6,2,4
500,,12,1,6,4,2
500,,13,1,6,4,2
500,,14,1,6,4,2
500,,15,1,6,1,5
500,,0,1,6,4,2
500,,1,1,6,2,4
500,,2,1,6,2,4
500,,3,1,6,2,4
500,,4,1,6,4,2
500,,5,1,6,1,5
500,,6,1,6,1,5
500,,7,1,6,0,6
500,,8,1,6,2,4
500,,9,1,6,2,4
500,,10,1,6,3,3
500,,11,1,6,1,5
500,,12,1,6,1,5
500,,13,1,6,3,3
500,,14,1,6,2,4
500,,15,1,6,1,5
500,,0,1,6,4,2
500,,1,1,6,1,5
500,,2,1,6,1,5
500,,3,1,6,1,5
500,,4,1,6,6,0
500,,5,1,6,1,5
500,,6,1,6,3,3
500,,7,1,6,0,6
500,,8,1,6,1,5
500,,9,1,6,3,3
500,,10,1,6,2,4
500,,11,1,6,3,3
500,,12,1,6,3,3
500,,13,1,6,6,0
500,,14,1,6,4,2
500,,15,1,6,2,4
500,,0,1,6,1,5
500,,1,1,6,0,6
500,,2,1,6,1,5
500,,3,1,6,0,6
500,,4,1,6,4,2
500,,5,1,6,1,5
500,,6,1,6,1,5
500,,7,1,6,2,4
500,,8,1,6,4,2
500,,9,1,6,0,6
500,,10,1,6,3,3
500,,11,1,6,4,2
500,,12,1,6,1,5
500,,13,1,6,2,4
500,,14,1,6,1,5
500,,15,1,6,0,6
500,,0,1,6,2,4
500,,1,1,6,2,4
500,,2,1,6,4,2
500,,3,1,6,2,4
500,,4,1,6,5,1
500,,5,1,6,4,2
500,,6,1,6,2,4
500,,7,1,6,3,3
500,,8,1,6,2,4
500,,9,1,6,4,2
500,,10,1,6,3,3
500,,11,1,6,1,5
500,,12,1,6,6,0
500,,13,1,6,6,0
500,,14,1,6,3,3
500,,15,1,6,3,3
500,,0,1,6,6,0
500,,1,1,6,5,1
500,,2,1,6,2,4
500,,3,1,6,1,5
500,,4,1,6,4,2
500,,5,1,6,2,4
500,,6,1,6,2,4
500,,7,1,6,3,3
500,,8,1,6,2,4
500,,9,1,6,2,4
500,,10,1,6,3,3
500,,11,1,6,3,3
500,,12,1,6,4,2
500,,13,1,6,5,1
500,,14,1,6,4,2
500,,15,1,6,2,4
500,,0,1,6,5,1
500,,1,1,6,4,2
500,,2,1,6,6,0
500,,3,1,6,5,1
500,,4,1,6,3,3
500,,5,1,6,2,4
500,,6,1,6,5,1
500,,7,1,6,1,5
500,,8,1,6,3,3
500,,9,1,6,4,2
500,,10,1,6,1,5
500,,11,1,6,2,4
500,,12,1,6,5,1
500,,13,1,6,4,2
500,,14,1,6,5,1
500,,15,1,6,4,2
500,,0,1,6,1,5
500,,1,1,6,2,4
500,,2,1,6,3,3
500,,3,1,6,0,6
500,,4,1,6,4,2
500,,5,1,6,4,2
500,,6,1,6,5,1
500,,7,1,6,6,0
500,,8,1,6,2,4
500,,9,1,6,3,3
500,,10,1,6,3,3
500,,11,1,6,1,5
500,,12,1,6,6,0
500,,13,1,6,6,0
500,,14,1,6,1,5
500,,15,1,6,1,5
500,,0,1,6,3,3
500,,1,1,6,3,3
500,,2,1,6,1,5
500,,3,1,6,3,3
500,,4,1,6,5,1
500,,5,1,6,5,1
500,,6,1,6,4,2
500,,7,1,6,3,3
500,,8,1,6,3,3
500,,9,1,6,5,1
500,,10,1,6,3,3
500,,11,1,6,4,2
500,,12,1,6,3,3
500,,13,1,6,3,3
500,,14,1,6,3,3
500,,15,1,6,1,5
500,,0,1,6,2,4
500,,1,1,6,3,3
500,,2,1,6,1,5
500,,3,1,6,4,2
500,,4,1,6,3,3
500,,5,1,6,2,4
500,,6,1,6,1,5
500,,7,1,6,3,3
500,,8,1,6,3,3
500,,9,1,6,2,4
500,,10,1,6,2,4
500,,11,1,6,3,3
500,,12,1,6,5,1
500,,13,1,6,5,1
500,,14,1,6,5,1
500,,15,1,6,2,4
500,,0,1,6,2,4
500,,1,1,6,4,2
500,,2,1,6,6,0
500,,3,1,6,4,2
500,,4,1,6,6,0
500,,5,1,6,6,0
500,,6,1,6,3,3
500,,7,1,6,2,4
500,,8,1,6,1,5
500,,9,1,6,1,5
500,,10,1,6,3,3
500,,11,1,6,3,3
500,,12,1,6,5,1
500,,13,1,6,5,1
500,,14,1,6,3,3
500,,15,1,6,4,2
500,,0,1,6,4,2
500,,1,1,6,3,3
500,,2,1,6,4,2
500,,3,1,6,4,2
500,,4,1,6,6,0
500,,5,1,6,6,0
500,,6,1,6,6,0
500,,7,1,6,3,3
500,,8,1,6,1,5
500,,9,1,6,6,0
500,,10,1,6,2,4
500,,11,1,6,6,0
500,,12,1,6,5,1
500,,13,1,6,5,1
500,,14,1,6,5,1
500,,15,1,6,5,1
500,,0,1,6,5,1
500,,1,1,6,4,2
500,,2,1,6,5,1
500,,3,1,6,5,1
500,,4,1,6,5,1
500,,5,1,6,4,2
500,,6,1,6,5,1
500,,7,1,6,4,2
500,,8,1,6,3,3
500,,9,1,6,4,2
500,,10,1,6,2,4
500,,11,1,6,4,2
500,,12,1,6,5,1
500,,13,1,6,6,0
500,,14,1,6,4,2
500,,15,1,6,4,2
500,,0,1,6,4,2
500,,1,1,6,6,0
500,,2,1,6,5,1
500,,3,1,6,5,1
500,,4,1,6,4,2
500,,5,1,6,6,0
500,,6,1,6,1,5
500,,7,1,6,4,2
500,,8,1,6,4,2
500,,9,1,6,3,3
500,,10,1,6,4,2
500,,11,1,6,1,5
500,,12,1,6,4,2
500,,13,1,6,4,2
500,,14,1,6,4,2
500,,15,1,6,4,2
500,,0,1,6,5,1
500,,1,1,6,4,2
500,,2,1,6,4,2
500,,3,1,6,3,3
500,,4,1,6,2,4
500,,5,1,6,4,2
500,,6,1,6,3,3
500,,7,1,6,3,3
500,,8,1,6,6,0
500,,9,1,6,4,2
500,,10,1,6,6,0
500,,11,1,6,3,3
500,,12,1,6,6,0
500,,13,1,6,6,0
500,,14,1,6,4,2
500,,15,1,6,3,3
500,,0,1,6,3,3
500,,1,1,6,5,1
500,,2,1,6,6,0
500,,3,1,6,3,3
500,,4,1,6,5,1
500,,5,1,6,2,4
500,,6,1,6,4,2
500,,7,1,6,1,5
500,,8,1,6,4,2
500,,9,1,6,4,2
500,,10,1,6,4,2
500,,11,1,6,3,3
500,,12,1,6,5,1
500,,13,1,6,5,1
500,,14,1,6,4,2
500,,15,1,6,1,5
500,,0,1,6,4,2
500,,1,1,6,5,1
500,,2,1,6,6,0
500,,3,1,6,5,1
500,,4,1,6,5,1
500,,5,1,6,5,1
500,,6,1,6,4,2
500,,7,1,6,3,3
500,,8,1,6,4,2
500,,9,1,6,3,3
500,,10,1,6,5,1
500,,11,1,6,4,2
500,,12,1,6,5,1
500,,13,1,6,6,0
500,,14,1,6,4,2
500,,15,1,6,5,1
500,,0,1,6,5,1
500,,1,1,6,5,1
500,,2,1,6,6,0
500,,3,1,6,5,1
500,,4,1,6,5,1
500,,5,1,6,5,1
500,,6,1,6,3,3
500,,7,1,6,6,0
500,,8,1,6,6,0
500,,9,1,6,4,2
500,,10,1,6,6,0
500,,11,1,6,2,4
500,,12,1,6,5,1
500,,13,1,6,4,2
500,,14,1,6,4,2
500,,15,1,6,4,2
500,,0,1,6,4,2
500,,1,1,6,6,0
500,,2,1,6,5,1
500,,3,1,6,5,1
500,,4,1,6,5,1
500,,5,1,6,5,1
500,,6,1,6,2,4
500,,7,1,6,4,2
500,,8,1,6,6,0
500,,9,1,6,5,1
500,,10,1,6,5,1
500,,11,1,6,0,6
500,,12,1,6,5,1
500,,13,1,6,5,1
500,,14,1,6,3,3
500,,15,1,6,4,2
500,,0,1,6,5,1
500,,1,1,6,6,0
500,,2,1,6,6,0
500,,3,1,6,6,0
500,,4,1,6,6,0
500,,5,1,6,5,1
500,,6,1,6,3,3
500,,7,1,6,3,3
500,,8,1,6,6,0
500,,9,1,6,3,3
500,,10,1,6,5,1
500,,11,1,6,2,4
500,,12,1,6,4,2
500,,13,1,6,5,1
500,,14,1,6,5,1
500,,15,1,6,2,4
500,,0,1,6,6,0
500,,1,1,6,6,0
500,,2,1,6,6,0
500,,3,1,6,4,2
500,,4,1,6,5,1
500,,5,1,6,4,2
500,,6,1,6,4,2
500,,7,1,6,3,3
500,,8,1,6,5,1
500,,9,1,6,6,0
500,,10,1,6,6,0
500,,11,1,6,3,3
500,,12,1,6,6,0
500,,13,1,6,4,2
500,,14,1,6,5,1
500,,15,1,6,4,2
500,,0,1,6,5,1
500,,1,1,6,5,1
500,,2,1,6,5,1
500,,3,1,6,4,2
500,,4,1,6,5,1
500,,5,1,6,5,1
500,,6,1,6,2,4
500,,7,1,6,2,4
500,,8,1,6,6,0
500,,9,1,6,3,3
500,,10,1,6,6,0
500,,11,1,6,5,1
500,,12,1,6,6,0
500,,13,1,6,4,2
500,,14,1,6,5,1
500,,15,1,6,4,2
500,,0,1,6,4,2
500,,1,1,6,5,1
500,,2,1,6,6,0
500,,3,1,6,5,1
500,,4,1,6,5,1
500,,5,1,6,5,1
500,,6,1,6,2,4
500,,7,1,6,1,5
500,,8,1,6,6,0
500,,9,1,6,4,2
500,,10,1,6,5,1
500,,11,1,6,4,2
500,,12,1,6,6,0
500,,13,1,6,2,4
500,,14,1,6,4,2
500,,15,1,6,5,1
500,,0,1,6,3,3
500,,1,1,6,4,2
500,,2,1,6,5,1
500,,3,1,6,4,2
500,,4,1,6,5,1
500,,5,1,6,5,1
500,,6,1,6,4,2
500,,7,1,6,2,4
500,,8,1,6,5,1
500,,9,1,6,4,2
500,,10,1,6,6,0
500,,11,1,6,4,2
500,,12,1,6,5,1
500,,13,1,6,4,2
500,,14,1,6,2,4
500,,15,1,6,3,3
500,,0,1,6,6,0
500,,1,1,6,6,0
500,,2,1,6,6,0
500,,3,1,6,3,3
500,,4,1,6,4,2
500,,5,1,6,4,2
500,,6,1,6,5,1
500,,7,1,6,2,4
500,,8,1,6,6,0
500,,9,1,6,4,2
500,,10,1,6,6,0
500,,11,1,6,6,0
500,,12,1,6,5,1
500,,13,1,6,5,1
500,,14,1,6,5,1
500,,15,1,6,5,1
500,,0,1,6,4,2
500,,1,1,6,5,1
500,,2,1,6,6,0
500,,3,1,6,4,2
500,,4,1,6,6,0
500,,5,1,6,4,2
500,,6,1,6,4,2
500,,7,1,6,3,3
500,,8,1,6,5,1
500,,9,1,6,6,0
500,,10,1,6,5,1
500,,11,1,6,5,1
500,,12,1,6,4,2
500,,13,1,6,5,1
500,,14,1,6,5,1
500,,15,1,6,3,3
500,,0,1,6,4,2
500,,1,1,6,6,0
500,,2,1,6,6,0
500,,3,1,6,3,3
500,,4,1,6,5,1
500,,5,1,6,3,3
500,,6,1,6,5,1
500,,7,1,6,5,1
500,,8,1,6,6,0
500,,9,1,6,5,1
500,,10,1,6,5,1
500,,11,1,6,3,3
500,,12,1,6,5,1
500,,13,1,6,5,1
500,,14,1,6,5,1
500,,15,1,6,4,2
500,,0,1,6,3,3
500,,1,1,6,6,0
500,,2,1,6,6,0
500,,3,1,6,4,2
500,,4,1,6,3,3
500,,5,1,6,5,1
500,,6,1,6,4,2
500,,7,1,6,3,3
500,,8,1,6,5,1
500,,9,1,6,2,4
500,,10,1,6,6,0
500,,11,1,6,6,0
500,,12,1,6,6,0
500,,13,1,6,4,2
500,,14,1,6,3,3
500,,15,1,6,5,1
500,,0,1,6,6,0
500,,1,1,6,6,0
500,,2,1,6,6,0
500,,3,1,6,4,2
500,,4,1,6,6,0
500,,5,1,6,4,2
500,,6,1,6,4,2
500,,7,1,6,0,6
500,,8,1,6,5,1
500,,9,1,6,3,3
500,,10,1,6,5,1
500,,11,1,6,3,3
500,,12,1,6,6,0
500,,13,1,6,4,2
500,,14,1,6,6,0
500,,15,1,6,5,1
500,,0,1,6,5,1
500,,1,1,6,4,2
500,,2,1,6,6,0
500,,3,1,6,4,2
500,,4,1,6,4,2
500,,5,1,6,5,1
500,,6,1,6,6,0
500,,7,1,6,3,3
500,,8,1,6,5,1
500,,9,1,6,6,0
500,,10,1,6,5,1
500,,11,1,6,4,2
500,,12,1,6,6,0
500,,13,1,6,4,2
500,,14,1,6,3,3
500,,15,1,6,4,2
500,,0,1,6,5,1
500,,1,1,6,4,2
500,,2,1,6,6,0
500,,3,1,6,6,0
500,,4,1,6,6,0
500,,5,1,6,5,1
500,,6,1,6,4,2
500,,7,1,6,1,5
500,,8,1,6,6,0
500,,9,1,6,2,4
500,,10,1,6,4,2
500,,11,1,6,5,1
500,,12,1,6,4,2
500,,13,1,6,4,2
500,,14,1,6,5,1
500,,15,1,6,3,3
500,,0,1,6,5,1
500,,1,1,6,5,1
500,,2,1,6,4,2
500,,3,1,6,1,5
500,,4,1,6,4,2
500,,5,1,6,3,3
500,,6,1,6,5,1
500,,7,1,6,2,4
500,,8,1,6,4,2
500,,9,1,6,6,0
500,,10,1,6,4,2
500,,11,1,6,6,0
500,,12,1,6,5,1
500,,13,1,6,4,2
500,,14,1,6,3,3
500,,15,1,6,3,3
500,,0,1,6,6,0
500,,1,1,6,5,1
500,,2,1,6,4,2
500,,3,1,6,2,4
500,,4,1,6,6,0
500,,5,1,6,5,1
500,,6,1,6,5,1
500,,7,1,6,1,5
500,,8,1,6,5,1
500,,9,1,6,4,2
500,,10,1,6,5,1
500,,11,1,6,5,1
500,,12,1,6,5,1
500,,13,1,6,3,3
500,,14,1,6,6,0
500,,15,1,6,6,0
500,,0,1,6,6,0
500,,1,1,6,6,0
500,,2,1,6,5,1
500,,3,1,6,4,2
500,,4,1,6,5,1
500,,5,1,6,5,1
500,,6,1,6,6,0
500,,7,1,6,1,5
500,,8,1,6,5,1
500,,9,1,6,2,4
500,,10,1,6,5,1
500,,11,1,6,4,2
500,,12,1,6,5,1
500,,13,1,6,5,1
500,,14,1,6,5,1
500,,15,1,6,5,1
500,,0,1,6,5,1
500,,1,1,6,5,1
500,,2,1,6,5,1
500,,3,1,6,6,0
500,,4,1,6,4,2
500,,5,1,6,4,2
500,,6,1,6,5,1
500,,7,1,6,2,4
500,,8,1,6,4,2
500,,9,1,6,1,5
500,,10,1,6,5,1
500,,11,1,6,5,1
500,,12,1,6,4,2
500,,13,1,6,5,1
500,,14,1,6,3,3
500,,15,1,6,4,2
500,,0,1,6,5,1
500,,1,1,6,5,1
500,,2,1,6,5,1
500,,3,1,6,4,2
500,,4,1,6,5,1
500,,5,1,6,1,5
500,,6,1,6,4,2
500,,7,1,6,2,4
500,,8,1,6,3,3
500,,9,1,6,1,5
500,,10,1,6,3,3
500,,11,1,6,4,2
500,,12,1,6,4,2
500,,13,1,6,5,1
500,,14,1,6,4,2
500,,15,1,6,4,2
500,,0,1,6,6,0
500,,1,1,6,5,1
500,,2,1,6,5,1
500,,3,1,6,5,1
500,,4,1,6,4,2
500,,5,1,6,3,3
500,,6,1,6,4,2
500,,7,1,6,2,4
500,,8,1,6,4,2
500,,9,1,6,3,3
500,,10,1,6,4,2
500,,11,1,6,3,3
500,,12,1,6,5,1
500,,13,1,6,2,4
500,,14,1,6,2,4
500,,15,1,6,3,3
500,,0,1,6,6,0
500,,1,1,6,4,2
500,,2,1,6,6,0
500,,3,1,6,2,4
500,,4,1,6,6,0
500,,5,1,6,3,3
500,,6,1,6,5,1
500,,7,1,6,2,4
500,,8,1,6,4,2
500,,9,1,6,2,4
500,,10,1,6,3,3
500,,11,1,6,2,4
500,,12,1,6,4,2
500,,13,1,6,6,0
500,,14,1,6,1,5
500,,15,1,6,4,2
500,,0,1,6,4,2
500,,1,1,6,2,4
500,,2,1,6,3,3
500,,3,1,6,2,4
500,,4,1,6,5,1
500,,5,1,6,4,2
500,,6,1,6,3,3
500,,7,1,6,1,5
500,,8,1,6,3,3
500,,9,1,6,3,3
500,,10,1,6,4,2
500,,11,1,6,4,2
500,,12,1,6,4,2
500,,13,1,6,2,4
500,,14,1,6,5,1
500,,15,1,6,4,2
500,,0,1,6,3,3
500,,1,1,6,4,2
500,,2,1,6,4,2
500,,3,1,6,3,3
500,,4,1,6,6,0
500,,5,1,6,3,3
500,,6,1,6,5,1
500,,7,1,6,2,4
500,,8,1,6,3,3
500,,9,1,6,2,4
500,,10,1,6,4,2
500,,11,1,6,5,1
500,,12,1,6,4,2
500,,13,1,6,1,5
500,,14,1,6,4,2
500,,15,1,6,5,1
500,,0,1,6,4,2
500,,1,1,6,5,1
500,,2,1,6,2,4
500,,3,1,6,1,5
500,,4,1,6,4,2
500,,5,1,6,5,1
500,,6,1,6,5,1
500,,7,1,6,1,5
500,,8,1,6,4,2
500,,9,1,6,4,2
500,,10,1,6,2,4
500,,11,1,6,6,0
500,,12,1,6,2,4
500,,13,1,6,4,2
500,,14,1,6,2,4
500,,15,1,6,3,3
500,,0,1,6,3,3
500,,1,1,6,4,2
500,,2,1,6,1,5
500,,3,1,6,1,5
500,,4,1,6,5,1
500,,5,1,6,4,2
500,,6,1,6,3,3
500,,7,1,6,1,5
500,,8,1,6,6,0
500,,9,1,6,3,3
500,,10,1,6,4,2
500,,11,1,6,4,2
500,,12,1,6,2,4
500,,13,1,6,2,4
500,,14,1,6,2,4
500,,15,1,6,4,2
500,,0,1,6,2,4
500,,1,1,6,4,2
500,,2,1,6,3,3
500,,3,1,6,0,6
500,,4,1,6,6,0
500,,5,1,6,5,1
500,,6,1,6,2,4
500,,7,1,6,0,6
500,,8,1,6,4,2
500,,9,1,6,0,6
500,,10,1,6,4,2
500,,11,1,6,6,0
500,,12,1,6,4,2
500,,13,1,6,1,5
500,,14,1,6,4,2
500,,15,1,6,5,1
500,,0,1,6,4,2
500,,1,1,6,4,2
500,,2,1,6,3,3
500,,3,1,6,0,6
500,,4,1,6,4,2
500,,5,1,6,6,0
500,,6,1,6,4,2
500,,7,1,6,1,5
500,,8,1,6,2,4
500,,9,1,6,1,5
500,,10,1,6,4,2
500,,11,1,6,5,1
500,,12,1,6,6,0
500,,13,1,6,2,4
500,,14,1,6,6,0
500,,15,1,6,6,0
500,,0,1,6,3,3
500,,1,1,6,4,2
500,,2,1,6,4,2
500,,3,1,6,0,6
500,,4,1,6,5,1
500,,5,1,6,3,3
500,,6,1,6,5,1
500,,7,1,6,1,5
500,,8,1,6,3,3
500,,9,1,6,1,5
500,,10,1,6,4,2
500,,11,1,6,6,0
500,,12,1,6,0,6
500,,13,1,6,4,2
500,,14,1,6,2,4
500,,15,1,6,3,3
500,,0,1,6,6,0
500,,1,1,6,5,1
500,,2,1,6,6,0
500,,3,1,6,3,3
500,,4,1,6,6,0
500,,5,1,6,4,2
500,,6,1,6,2,4
500,,7,1,6,0,6
500,,8,1,6,3,3
500,,9,1,6,1,5
500,,10,1,6,3,3
500,,11,1,6,5,1
500,,12,1,6,2,4
500,,13,1,6,2,4
500,,14,1,6,2,4
500,,15,1,6,3,3
500,,0,1,6,2,4
500,,1,1,6,5,1
500,,2,1,6,3,3
500,,3,1,6,2,4
500,,4,1,6,4,2
500,,5,1,6,1,5
500,,6,1,6,4,2
500,,7,1,6,2,4
500,,8,1,6,3,3
500,,9,1,6,3,3
500,,10,1,6,4,2
500,,11,1,6,2,4
500,,12,1,6,3,3
500,,13,1,6,2,4
500,,14,1,6,3,3
500,,15,1,6,3,3
550,,0,1,6,0,6
550,,1,1,6,3,3
550,,2,1,6,1,5
550,,3,1,6,0,6
550,,4,1,6,0,6
550,,5,1,6,3,3
550,,6,1,6,2,4
550,,7,1,6,1,5
550,,8,1,6,2,4
550,,9,1,6,2,4
550,,10,1,6,0,6
550,,11,1,6,2,4
550,,12,1,6,0,6
550,,13,1,6,0,6
550,,14,1,6,0,6
550,,15,1,6,0,6
550,,0,1,6,2,4
550,,1,1,6,3,3
550,,2,1,6,2,4
550,,3,1,6,0,6
550,,4,1,6,3,3
550,,5,1,6,0,6
550,,6,1,6,0,6
550,,7,1,6,3,3
550,,8,1,6,2,4
550,,9,1,6,2,4
550,,10,1,6,2,4
550,,11,1,6,3,3
550,,12,1,6,1,5
550,,13,1,6,2,4
550,,14,1,6,2,4
550,,15,1,6,3,3
550,,0,1,6,0,6
550,,1,1,6,4,2
550,,2,1,6,3,3
550,,3,1,6,1,5
550,,4,1,6,3,3
550,,5,1,6,2,4
550,,6,1,6,1,5
550,,7,1,6,4,2
550,,8,1,6,3,3
550,,9,1,6,4,2
550,,10,1,6,0,6
550,,11,1,6,2,4
550,,12,1,6,1,5
550,,13,1,6,2,4
550,,14,1,6,2,4
550,,15,1,6,4,2
550,,0,1,6,1,5
550,,1,1,6,5,1
550,,2,1,6,5,1
550,,3,1,6,1,5
550,,4,1,6,3,3
550,,5,1,6,5,1
550,,6,1,6,2,4
550,,7,1,6,4,2
550,,8,1,6,3,3
550,,9,1,6,3,3
550,,10,1,6,5,1
550,,11,1,6,5,1
550,,12,1,6,6,0
550,,13,1,6,1,5
550,,14,1,6,0,6
550,,15,1,6,4,2
550,,0,1,6,1,5
550,,1,1,6,0,6
550,,2,1,6,5,1
550,,3,1,6,1,5
550,,4,1,6,1,5
550,,5,1,6,1,5
550,,6,1,6,1,5
550,,7,1,6,2,4
550,,8,1,6,1,5
550,,9,1,6,2,4
550,,10,1,6,4,2
550,,11,1,6,1,5
550,,12,1,6,5,1
550,,13,1,6,5,1
550,,14,1,6,1,5
550,,15,1,6,3,3
550,,0,1,6,2,4
550,,1,1,6,4,2
550,,2,1,6,3,3
550,,3,1,6,2,4
550,,4,1,6,2,4
550,,5,1,6,5,1
550,,6,1,6,3,3
550,,7,1,6,5,1
550,,8,1,6,3,3
550,,9,1,6,4,2
550,,10,1,6,3,3
550,,11,1,6,5,1
550,,12,1,6,2,4
550,,13,1,6,3,3
550,,14,1,6,1,5
550,,15,1,6,5,1
550,,0,1,6,2,4
550,,1,1,6,3,3
550,,2,1,6,1,5
550,,3,1,6,3,3
550,,4,1,6,4,2
550,,5,1,6,4,2
550,,6,1,6,4,2
550,,7,1,6,4,2
550,,8,1,6,4,2
550,,9,1,6,4,2
550,,10,1,6,1,5
550,,11,1,6,1,5
550,,12,1,6,2,4
550,,13,1,6,6,0
550,,14,1,6,0,6
550,,15,1,6,1,5
550,,0,1,6,1,5
550,,1,1,6,2,4
550,,2,1,6,1,5
550,,3,1,6,5,1
550,,4,1,6,6,0
550,,5,1,6,1,5
550,,6,1,6,3,3
550,,7,1,6,6,0
550,,8,1,6,4,2
550,,9,1,6,3,3
550,,10,1,6,6,0
550,,11,1,6,4,2
550,,12,1,6,6,0
550,,13,1,6,1,5
550,,14,1,6,1,5
550,,15,1,6,2,4
550,,0,1,6,0,6
550,,1,1,6,2,4
550,,2,1,6,6,0
550,,3,1,6,4,2
550,,4,1,6,2,4
550,,5,1,6,2,4
550,,6,1,6,2,4
550,,7,1,6,2,4
550,,8,1,6,2,4
550,,9,1,6,1,5
550,,10,1,6,3,3
550,,11,1,6,4,2
550,,12,1,6,3,3
550,,13,1,6,1,5
550,,14,1,6,2,4
550,,15,1,6,5,1
550,,0,1,6,1,5
550,,1,1,6,2,4
550,,2,1,6,5,1
550,,3,1,6,2,4
550,,4,1,6,4,2
550,,5,1,6,0,6
550,,6,1,6,3,3
550,,7,1,6,3,3
550,,8,1,6,4,2
550,,9,1,6,5,1
550,,10,1,6,5,1
550,,11,1,6,3,3
550,,12,1,6,4,2
550,,13,1,6,6,0
550,,14,1,6,5,1
550,,15,1,6,2,4
550,,0,1,6,1,5
550,,1,1,6,2,4
550,,2,1,6,5,1
550,,3,1,6,3,3
550,,4,1,6,3,3
550,,5,1,6,2,4
550,,6,1,6,2,4
550,,7,1,6,4,2
550,,8,1,6,3,3
550,,9,1,6,5,1
550,,10,1,6,2,4
550,,11,1,6,1,5
550,,12,1,6,2,4
550,,13,1,6,5,1
550,,14,1,6,2,4
550,,15,1,6,3,3
550,,0,1,6,3,3
550,,1,1,6,2,4
550,,2,1,6,6,0
550,,3,1,6,3,3
550,,4,1,6,3,3
550,,5,1,6,2,4
550,,6,1,6,4,2
550,,7,1,6,4,2
550,,8,1,6,1,5
550,,9,1,6,2,4
550,,10,1,6,0,6
550,,11,1,6,5,1
550,,12,1,6,1,5
550,,13,1,6,4,2
550,,14,1,6,1,5
550,,15,1,6,2,4
550,,0,1,6,1,5
550,,1,1,6,3,3
550,,2,1,6,5,1
550,,3,1,6,3,3
550,,4,1,6,6,0
550,,5,1,6,2,4
550,,6,1,6,1,5
550,,7,1,6,2,4
550,,8,1,6,1,5
550,,9,1,6,2,4
550,,10,1,6,1,5
550,,11,1,6,3,3
550,,12,1,6,1,5
550,,13,1,6,5,1
550,,14,1,6,2,4
550,,15,1,6,3,3
550,,0,1,6,2,4
550,,1,1,6,0,6
550,,2,1,6,5,1
550,,3,1,6,6,0
550,,4,1,6,4,2
550,,5,1,6,0,6
550,,6,1,6,6,0
550,,7,1,6,5,1
550,,8,1,6,2,4
550,,9,1,6,5,1
550,,10,1,6,2,4
550,,11,1,6,6,0
550,,12,1,6,1,5
550,,13,1,6,5,1
550,,14,1,6,4,2
550,,15,1,6,0,6
550,,0,1,6,1,5
550,,1,1,6,2,4
550,,2,1,6,5,1
550,,3,1,6,4,2
550,,4,1,6,1,5
550,,5,1,6,1,5
550,,6,1,6,2,4
550,,7,1,6,1,5
550,,8,1,6,4,2
550,,9,1,6,4,2
550,,10,1,6,2,4
550,,11,1,6,4,2
550,,12,1,6,5,1
550,,13,1,6,3,3
550,,14,1,6,3,3
550,,15,1,6,5,1
550,,0,1,6,2,4
550,,1,1,6,0,6
550,,2,1,6,4,2
550,,3,1,6,3,3
550,,4,1,6,6,0
550,,5,1,6,3,3
550,,6,1,6,3,3
550,,7,1,6,5,1
550,,8,1,6,2,4
550,,9,1,6,4,2
550,,10,1,6,3,3
550,,11,1,6,5,1
550,,12,1,6,3,3
550,,13,1,6,3,3
550,,14,1,6,2,4
550,,15,1,6,3,3
550,,0,1,6,3,3
550,,1,1,6,0,6
550,,2,1,6,4,2
550,,3,1,6,2,4
550,,4,1,6,5,1
550,,5,1,6,0,6
550,,6,1,6,6,0
550,,7,1,6,5,1
550,,8,1,6,2,4
550,,9,1,6,4,2
550,,10,1,6,5,1
550,,11,1,6,5,1
550,,12,1,6,5,1
550,,13,1,6,4,2
550,,14,1,6,1,5
550,,15,1,6,6,0
550,,0,1,6,2,4
550,,1,1,6,2,4
550,,2,1,6,6,0
550,,3,1,6,4,2
550,,4,1,6,3,3
550,,5,1,6,0,6
550,,6,1,6,1,5
550,,7,1,6,3,3
550,,8,1,6,5,1
550,,9,1,6,5,1
550,,10,1,6,3,3
550,,11,1,6,4,2
550,,12,1,6,4,2
550,,13,1,6,3,3
550,,14,1,6,4,2
550,,15,1,6,2,4
550,,0,1,6,3,3
550,,1,1,6,1,5
550,,2,1,6,0,6
550,,3,1,6,4,2
550,,4,1,6,4,2
550,,5,1,6,2,4
550,,6,1,6,4,2
550,,7,1,6,1,5
550,,8,1,6,5,1
550,,9,1,6,6,0
550,,10,1,6,4,2
550,,11,1,6,4,2
550,,12,1,6,5,1
550,,13,1,6,2,4
550,,14,1,6,1,5
550,,15,1,6,4,2
550,,0,1,6,3,3
550,,1,1,6,2,4
550,,2,1,6,4,2
550,,3,1,6,5,1
550,,4,1,6,5,1
550,,5,1,6,2,4
550,,6,1,6,4,2
550,,7,1,6,5,1
550,,8,1,6,1,5
550,,9,1,6,3,3
550,,10,1,6,6,0
550,,11,1,6,5,1
550,,12,1,6,4,2
550,,13,1,6,3,3
550,,14,1,6,4,2
550,,15,1,6,3,3
550,,0,1,6,2,4
550,,1,1,6,1,5
550,,2,1,6,6,0
550,,3,1,6,3,3
550,,4,1,6,4,2
550,,5,1,6,2,4
550,,6,1,6,4,2
550,,7,1,6,6,0
550,,8,1,6,4,2
550,,9,1,6,6,0
550,,10,1,6,6,0
550,,11,1,6,4,2
550,,12,1,6,6,0
550,,13,1,6,6,0
550,,14,1,6,3,3
550,,15,1,6,4,2
550,,0,1,6,4,2
550,,1,1,6,1,5
550,,2,1,6,6,0
550,,3,1,6,5,1
550,,4,1,6,5,1
550,,5,1,6,1,5
550,,6,1,6,4,2
550,,7,1,6,6,0
550,,8,1,6,4,2
550,,9,1,6,5,1
550,,10,1,6,6,0
550,,11,1,6,4,2
550,,12,1,6,6,0
550,,13,1,6,3,3
550,,14,1,6,4,2
550,,15,1,6,4,2
550,,0,1,6,3,3
550,,1,1,6,1,5
550,,2,1,6,6,0
550,,3,1,6,5,1
550,,4,1,6,5,1
550,,5,1,6,4,2
550,,6,1,6,4,2
550,,7,1,6,4,2
550,,8,1,6,5,1
550,,9,1,6,4,2
550,,10,1,6,5,1
550,,11,1,6,4,2
550,,12,1,6,5,1
550,,13,1,6,5,1
550,,14,1,6,4,2
550,,15,1,6,5,1
550,,0,1,6,3,3
550,,1,1,6,4,2
550,,2,1,6,4,2
550,,3,1,6,4,2
550,,4,1,6,3,3
550,,5,1,6,3,3
550,,6,1,6,4,2
550,,7,1,6,3,3
550,,8,1,6,4,2
550,,9,1,6,4,2
550,,10,1,6,6,0
550,,11,1,6,4,2
550,,12,1,6,6,0
550,,13,1,6,5,1
550,,14,1,6,2,4
550,,15,1,6,4,2
550,,0,1,6,1,5
550,,1,1,6,1,5
550,,2,1,6,4,2
550,,3,1,6,3,3
550,,4,1,6,5,1
550,,5,1,6,3,3
550,,6,1,6,4,2
550,,7,1,6,5,1
550,,8,1,6,4,2
550,,9,1,6,5,1
550,,10,1,6,2,4
550,,11,1,6,3,3
550,,12,1,6,4,2
550,,13,1,6,6,0
550,,14,1,6,2,4
550,,15,1,6,3,3
550,,0,1,6,4,2
550,,1,1,6,0,6
550,,2,1,6,3,3
550,,3,1,6,6,0
550,,4,1,6,5,1
550,,5,1,6,4,2
550,,6,1,6,5,1
550,,7,1,6,5,1
550,,8,1,6,4,2
550,,9,1,6,5,1
550,,10,1,6,6,0
550,,11,1,6,6,0
550,,12,1,6,6,0
550,,13,1,6,3,3
550,,14,1,6,3,3
550,,15,1,6,4,2
550,,0,1,6,5,1
550,,1,1,6,4,2
550,,2,1,6,6,0
550,,3,1,6,6,0
550,,4,1,6,4,2
550,,5,1,6,6,0
550,,6,1,6,6,0
550,,7,1,6,5,1
550,,8,1,6,3,3
550,,9,1,6,5,1
550,,10,1,6,6,0
550,,11,1,6,5,1
550,,12,1,6,6,0
550,,13,1,6,2,4
550,,14,1,6,5,1
550,,15,1,6,6,0
550,,0,1,6,3,3
550,,1,1,6,5,1
550,,2,1,6,6,0
550,,3,1,6,6,0
550,,4,1,6,5,1
550,,5,1,6,6,0
550,,6,1,6,6,0
550,,7,1,6,5,1
550,,8,1,6,6,0
550,,9,1,6,6,0
550,,10,1,6,4,2
550,,11,1,6,6,0
550,,12,1,6,4,2
550,,13,1,6,3,3
550,,14,1,6,1,5
550,,15,1,6,2,4
550,,0,1,6,5,1
550,,1,1,6,5,1
550,,2,1,6,6,0
550,,3,1,6,3,3
550,,4,1,6,3,3
550,,5,1,6,6,0
550,,6,1,6,6,0
550,,7,1,6,6,0
550,,8,1,6,2,4
550,,9,1,6,5,1
550,,10,1,6,6,0
550,,11,1,6,3,3
550,,12,1,6,5,1
550,,13,1,6,5,1
550,,14,1,6,5,1
550,,15,1,6,5,1
550,,0,1,6,6,0
550,,1,1,6,5,1
550,,2,1,6,5,1
550,,3,1,6,2,4
550,,4,1,6,2,4
550,,5,1,6,6,0
550,,6,1,6,4,2
550,,7,1,6,6,0
550,,8,1,6,4,2
550,,9,1,6,5,1
550,,10,1,6,6,0
550,,11,1,6,1,5
550,,12,1,6,5,1
550,,13,1,6,4,2
550,,14,1,6,6,0
550,,15,1,6,6,0
550,,0,1,6,3,3
550,,1,1,6,5,1
550,,2,1,6,6,0
550,,3,1,6,5,1
550,,4,1,6,5,1
550,,5,1,6,5,1
550,,6,1,6,4,2
550,,7,1,6,5,1
550,,8,1,6,4,2
550,,9,1,6,4,2
550,,10,1,6,2,4
550,,11,1,6,5,1
550,,12,1,6,5,1
550,,13,1,6,1,5
550,,14,1,6,3,3
550,,15,1,6,5,1
550,,0,1,6,2,4
550,,1,1,6,6,0
550,,2,1,6,4,2
550,,3,1,6,5,1
550,,4,1,6,3,3
550,,5,1,6,6,0
550,,6,1,6,2,4
550,,7,1,6,6,0
550,,8,1,6,6,0
550,,9,1,6,5,1
550,,10,1,6,6,0
550,,11,1,6,4,2
550,,12,1,6,6,0
550,,13,1,6,5,1
550,,14,1,6,1,5
550,,15,1,6,4,2
550,,0,1,6,6,0
550,,1,1,6,4,2
550,,2,1,6,6,0
550,,3,1,6,6,0
550,,4,1,6,4,2
550,,5,1,6,4,2
550,,6,1,6,5,1
550,,7,1,6,6,0
550,,8,1,6,5,1
550,,9,1,6,4,2
550,,10,1,6,6,0
550,,11,1,6,3,3
550,,12,1,6,5,1
550,,13,1,6,5,1
550,,14,1,6,5,1
550,,15,1,6,6,0
550,,0,1,6,4,2
550,,1,1,6,6,0
550,,2,1,6,5,1
550,,3,1,6,6,0
550,,4,1,6,6,0
550,,5,1,6,6,0
550,,6,1,6,4,2
550,,7,1,6,5,1
550,,8,1,6,5,1
550,,9,1,6,4,2
550,,10,1,6,5,1
550,,11,1,6,5,1
550,,12,1,6,6,0
550,,13,1,6,4,2
550,,14,1,6,6,0
550,,15,1,6,5,1
550,,0,1,6,5,1
550,,1,1,6,6,0
550,,2,1,6,5,1
550,,3,1,6,5,1
550,,4,1,6,5,1
550,,5,1,6,5,1
550,,6,1,6,6,0
550,,7,1,6,6,0
550,,8,1,6,2,4
550,,9,1,6,5,1
550,,10,1,6,6,0
550,,11,1,6,2,4
550,,12,1,6,4,2
550,,13,1,6,5,1
550,,14,1,6,5,1
550,,15,1,6,5,1
550,,0,1,6,3,3
550,,1,1,6,5,1
550,,2,1,6,6,0
550,,3,1,6,4,2
550,,4,1,6,3,3
550,,5,1,6,5,1
550,,6,1,6,5,1
550,,7,1,6,5,1
550,,8,1,6,5,1
550,,9,1,6,2,4
550,,10,1,6,5,1
550,,11,1,6,4,2
550,,12,1,6,3,3
550,,13,1,6,5,1
550,,14,1,6,5,1
550,,15,1,6,4,2
550,,0,1,6,5,1
550,,1,1,6,6,0
550,,2,1,6,6,0
550,,3,1,6,4,2
550,,4,1,6,6,0
550,,5,1,6,6,0
550,,6,1,6,6,0
550,,7,1,6,5,1
550,,8,1,6,3,3
550,,9,1,6,1,5
550,,10,1,6,5,1
550,,11,1,6,6,0
550,,12,1,6,5,1
550,,13,1,6,5,1
550,,14,1,6,5,1
550,,15,1,6,4,2
550,,0,1,6,5,1
550,,1,1,6,4,2
550,,2,1,6,4,2
550,,3,1,6,6,0
550,,4,1,6,6,0
550,,5,1,6,5,1
550,,6,1,6,3,3
550,,7,1,6,6,0
550,,8,1,6,4,2
550,,9,1,6,3,3
550,,10,1,6,6,0
550,,11,1,6,5,1
550,,12,1,6,4,2
550,,13,1,6,5,1
550,,14,1,6,5,1
550,,15,1,6,5,1
550,,0,1,6,6,0
550,,1,1,6,6,0
550,,2,1,6,4,2
150,,9,1,6,2,4
150,,10,1,6,2,4
150,,11,1,6,1,5
150,,12,1,6,2,4
150,,13,1,6,2,4
150,,14,1,6,2,4
150,,15,1,6,4,2
150,,0,1,6,2,4
150,,1,1,6,0,6
150,,2,1,6,4,2
150,,3,1,6,1,5
150,,4,1,6,4,2
150,,5,1,6,3,3
150,,6,1,6,4,2
150,,7,1,6,1,5
150,,8,1,6,2,4
150,,9,1,6,3,3
150,,10,1,6,1,5
150,,11,1,6,3,3
150,,12,1,6,4,2
150,,13,1,6,6,0
150,,14,1,6,2,4
150,,15,1,6,6,0
150,,0,1,6,3,3
150,,1,1,6,3,3
150,,2,1,6,6,0
150,,3,1,6,2,4
150,,4,1,6,2,4
150,,5,1,6,3,3
150,,6,1,6,4,2
150,,7,1,6,0,6
150,,8,1,6,3,3
150,,9,1,6,1,5
150,,10,1,6,2,4
150,,11,1,6,3,3
150,,12,1,6,4,2
150,,13,1,6,6,0
150,,14,1,6,5,1
150,,15,1,6,6,0
150,,0,1,6,2,4
150,,1,1,6,4,2
150,,2,1,6,5,1
150,,3,1,6,3,3
150,,4,1,6,3,3
150,,5,1,6,2,4
150,,6,1,6,4,2
150,,7,1,6,2,4
150,,8,1,6,3,3
150,,9,1,6,2,4
150,,10,1,6,2,4
150,,11,1,6,5,1
150,,12,1,6,5,1
150,,13,1,6,6,0
150,,14,1,6,1,5
150,,15,1,6,5,1
150,,0,1,6,1,5
150,,1,1,6,3,3
150,,2,1,6,1,5
150,,3,1,6,0,6
150,,4,1,6,1,5
150,,5,1,6,4,2
150,,6,1,6,1,5
150,,7,1,6,0,6
150,,8,1,6,2,4
150,,9,1,6,2,4
150,,10,1,6,2,4
150,,11,1,6,1,5
150,,12,1,6,5,1
150,,13,1,6,3,3
150,,14,1,6,4,2
150,,15,1,6,4,2
150,,0,1,6,4,2
150,,1,1,6,3,3
150,,2,1,6,3,3
150,,3,1,6,1,5
150,,4,1,6,3,3
150,,5,1,6,2,4
150,,6,1,6,4,2
150,,7,1,6,5,1
150,,8,1,6,0,6
150,,9,1,6,1,5
150,,10,1,6,2,4
150,,11,1,6,5,1
150,,12,1,6,1,5
150,,13,1,6,4,2
150,,14,1,6,4,2
150,,15,1,6,5,1
150,,0,1,6,3,3
150,,1,1,6,1,5
150,,2,1,6,3,3
150,,3,1,6,3,3
150,,4,1,6,4,2
150,,5,1,6,6,0
150,,6,1,6,6,0
150,,7,1,6,5,1
150,,8,1,6,2,4
150,,9,1,6,1,5
150,,10,1,6,2,4
150,,11,1,6,5,1
150,,12,1,6,5,1
150,,13,1,6,4,2
150,,14,1,6,4,2
150,,15,1,6,4,2
150,,0,1,6,3,3
150,,1,1,6,2,4
150,,2,1,6,1,5
150,,3,1,6,0,6
150,,4,1,6,2,4
150,,5,1,6,2,4
150,,6,1,6,3,3
150,,7,1,6,2,4
150,,8,1,6,6,0
150,,9,1,6,1,5
150,,10,1,6,3,3
150,,11,1,6,3,3
150,,12,1,6,1,5
150,,13,1,6,3,3
150,,14,1,6,4,2
150,,15,1,6,5,1
150,,0,1,6,2,4
150,,1,1,6,2,4
150,,2,1,6,3,3
150,,3,1,6,3,3
150,,4,1,6,3,3
150,,5,1,6,4,2
150,,6,1,6,6,0
150,,7,1,6,2,4
150,,8,1,6,6,0
150,,9,1,6,5,1
150,,10,1,6,2,4
150,,11,1,6,5,1
150,,12,1,6,4,2
150,,13,1,6,3,3
150,,14,1,6,4,2
150,,15,1,6,5,1
150,,0,1,6,3,3
150,,1,1,6,6,0
150,,2,1,6,1,5
150,,3,1,6,1,5
150,,4,1,6,4,2
150,,5,1,6,4,2
150,,6,1,6,5,1
150,,7,1,6,1,5
150,,8,1,6,4,2
150,,9,1,6,0,6
150,,10,1,6,2,4
150,,11,1,6,2,4
150,,12,1,6,1,5
150,,13,1,6,4,2
150,,14,1,6,4,2
150,,15,1,6,3,3
150,,0,1,6,4,2
150,,1,1,6,5,1
150,,2,1,6,3,3
150,,3,1,6,2,4
150,,4,1,6,3,3
150,,5,1,6,2,4
150,,6,1,6,4,2
150,,7,1,6,6,0
150,,8,1,6,5,1
150,,9,1,6,3,3
150,,10,1,6,2,4
150,,11,1,6,2,4
150,,12,1,6,2,4
150,,13,1,6,5,1
150,,14,1,6,3,3
150,,15,1,6,5,1
150,,0,1,6,2,4
150,,1,1,6,3,3
150,,2,1,6,3,3
150,,3,1,6,1,5
150,,4,1,6,1,5
150,,5,1,6,1,5
150,,6,1,6,3,3
150,,7,1,6,3,3
150,,8,1,6,5,1
150,,9,1,6,5,1
150,,10,1,6,2,4
150,,11,1,6,3,3
150,,12,1,6,6,0
150,,13,1,6,5,1
150,,14,1,6,4,2
150,,15,1,6,6,0
150,,0,1,6,3,3
150,,1,1,6,4,2
150,,2,1,6,6,0
150,,3,1,6,4,2
150,,4,1,6,4,2
150,,5,1,6,5,1
150,,6,1,6,4,2
150,,7,1,6,6,0
150,,8,1,6,5,1
150,,9,1,6,3,3
150,,10,1,6,3,3
150,,11,1,6,6,0
150,,12,1,6,3,3
150,,13,1,6,6,0
150,,14,1,6,4,2
150,,15,1,6,5,1
150,,0,1,6,5,1
150,,1,1,6,4,2
150,,2,1,6,6,0
150,,3,1,6,4,2
150,,4,1,6,3,3
150,,5,1,6,5,1
150,,6,1,6,4,2
150,,7,1,6,4,2
150,,8,1,6,5,1
150,,9,1,6,1,5
150,,10,1,6,2,4
150,,11,1,6,2,4
150,,12,1,6,4,2
150,,13,1,6,4,2
150,,14,1,6,5,1
150,,15,1,6,5,1
150,,0,1,6,6,0
150,,1,1,6,4,2
150,,2,1,6,3,3
150,,3,1,6,1,5
150,,4,1,6,4,2
150,,5,1,6,5,1
150,,6,1,6,6,0
150,,7,1,6,3,3
150,,8,1,6,6,0
150,,9,1,6,1,5
150,,10,1,6,3,3
150,,11,1,6,4,2
150,,12,1,6,3,3
150,,13,1,6,5,1
150,,14,1,6,4,2
150,,15,1,6,6,0
150,,0,1,6,2,4
150,,1,1,6,6,0
150,,2,1,6,2,4
150,,3,1,6,5,1
150,,4,1,6,3,3
150,,5,1,6,5,1
150,,6,1,6,5,1
150,,7,1,6,3,3
150,,8,1,6,5,1
150,,9,1,6,5,1
150,,10,1,6,1,5
150,,11,1,6,4,2
150,,12,1,6,4,2
150,,13,1,6,4,2
150,,14,1,6,3,3
150,,15,1,6,6,0
150,,0,1,6,4,2
150,,1,1,6,5,1
150,,2,1,6,1,5
150,,3,1,6,3,3
150,,4,1,6,4,2
150,,5,1,6,4,2
150,,6,1,6,5,1
150,,7,1,6,2,4
150,,8,1,6,4,2
150,,9,1,6,5,1
150,,10,1,6,2,4
150,,11,1,6,4,2
150,,12,1,6,5,1
150,,13,1,6,6,0
150,,14,1,6,3,3
150,,15,1,6,5,1
150,,0,1,6,3,3
150,,1,1,6,4,2
150,,2,1,6,2,4
150,,3,1,6,3,3
150,,4,1,6,5,1
150,,5,1,6,4,2
150,,6,1,6,5,1
150,,7,1,6,2,4
150,,8,1,6,6,0
150,,9,1,6,2,4
150,,10,1,6,2,4
150,,11,1,6,3,3
150,,12,1,6,2,4
150,,13,1,6,4,2
150,,14,1,6,4,2
150,,15,1,6,5,1
150,,0,1,6,2,4
150,,1,1,6,4,2
150,,2,1,6,4,2
150,,3,1,6,5,1
150,,4,1,6,6,0
150,,5,1,6,5,1
150,,6,1,6,5,1
150,,7,1,6,3,3
150,,8,1,6,3,3
150,,9,1,6,6,0
150,,10,1,6,2,4
150,,11,1,6,1,5
150,,12,1,6,2,4
150,,13,1,6,4,2
150,,14,1,6,3,3
150,,15,1,6,5,1
150,,0,1,6,3,3
150,,1,1,6,3,3
150,,2,1,6,3,3
150,,3,1,6,6,0
150,,4,1,6,5,1
150,,5,1,6,5,1
150,,6,1,6,5,1
150,,7,1,6,4,2
150,,8,1,6,2,4
150,,9,1,6,6,0
150,,10,1,6,4,2
150,,11,1,6,2,4
150,,12,1,6,4,2
150,,13,1,6,5,1
150,,14,1,6,5,1
150,,15,1,6,2,4
150,,0,1,6,2,4
150,,1,1,6,4,2
150,,2,1,6,4,2
150,,3,1,6,3,3
150,,4,1,6,6,0
150,,5,1,6,5,1
150,,6,1,6,3,3
150,,7,1,6,2,4
150,,8,1,6,4,2
150,,9,1,6,5,1
150,,10,1,6,4,2
150,,11,1,6,1,5
150,,12,1,6,5,1
150,,13,1,6,5,1
150,,14,1,6,5,1
150,,15,1,6,3,3
150,,0,1,6,4,2
150,,1,1,6,4,2
150,,2,1,6,6,0
150,,3,1,6,6,0
150,,4,1,6,5,1
150,,5,1,6,5,1
150,,6,1,6,5,1
150,,7,1,6,4,2
150,,8,1,6,5,1
150,,9,1,6,4,2
150,,10,1,6,1,5
150,,11,1,6,3,3
150,,12,1,6,3,3
150,,13,1,6,5,1
150,,14,1,6,4,2
150,,15,1,6,5,1
150,,0,1,6,3,3
150,,1,1,6,5,1
150,,2,1,6,4,2
150,,3,1,6,6,0
150,,4,1,6,6,0
150,,5,1,6,4,2
150,,6,1,6,5,1
150,,7,1,6,4,2
150,,8,1,6,3,3
150,,9,1,6,5,1
150,,10,1,6,4,2
150,,11,1,6,2,4
150,,12,1,6,2,4
150,,13,1,6,5,1
150,,14,1,6,4,2
150,,15,1,6,2,4
150,,0,1,6,4,2
150,,1,1,6,4,2
150,,2,1,6,6,0
150,,3,1,6,6,0
150,,4,1,6,5,1
150,,5,1,6,6,0
150,,6,1,6,4,2
150,,7,1,6,6,0
150,,8,1,6,5,1
150,,9,1,6,6,0
150,,10,1,6,3,3
150,,11,1,6,6,0
150,,12,1,6,3,3
150,,13,1,6,2,4
150,,14,1,6,4,2
150,,15,1,6,6,0
150,,0,1,6,3,3
150,,1,1,6,6,0
150,,2,1,6,4,2
150,,3,1,6,6,0
150,,4,1,6,4,2
150,,5,1,6,6,0
150,,6,1,6,6,0
150,,7,1,6,2,4
150,,8,1,6,6,0
150,,9,1,6,5,1
150,,10,1,6,1,5
150,,11,1,6,3,3
150,,12,1,6,2,4
150,,13,1,6,3,3
150,,14,1,6,3,3
150,,15,1,6,6,0
150,,0,1,6,1,5
150,,1,1,6,3,3
150,,2,1,6,5,1
150,,3,1,6,5,1
150,,4,1,6,3,3
150,,5,1,6,3,3
150,,6,1,6,5,1
150,,7,1,6,6,0
150,,8,1,6,5,1
150,,9,1,6,5,1
150,,10,1,6,1,5
150,,11,1,6,1,5
150,,12,1,6,3,3
150,,13,1,6,6,0
150,,14,1,6,5,1
150,,15,1,6,3,3
150,,0,1,6,1,5
150,,1,1,6,4,2
150,,2,1,6,6,0
150,,3,1,6,5,1
150,,4,1,6,4,2
150,,5,1,6,6,0
150,,6,1,6,3,3
150,,7,1,6,4,2
150,,8,1,6,4,2
150,,9,1,6,5,1
150,,10,1,6,3,3
150,,11,1,6,3,3
150,,12,1,6,6,0
150,,13,1,6,4,2
150,,14,1,6,5,1
150,,15,1,6,5,1
150,,0,1,6,2,4
150,,1,1,6,5,1
150,,2,1,6,4,2
150,,3,1,6,6,0
150,,4,1,6,4,2
150,,5,1,6,6,0
150,,6,1,6,6,0
150,,7,1,6,4,2
150,,8,1,6,4,2
150,,9,1,6,5,1
150,,10,1,6,3,3
150,,11,1,6,0,6
150,,12,1,6,2,4
150,,13,1,6,5,1
150,,14,1,6,1,5
150,,15,1,6,5,1
150,,0,1,6,1,5
150,,1,1,6,5,1
150,,2,1,6,4,2
150,,3,1,6,6,0
150,,4,1,6,4,2
150,,5,1,6,4,2
150,,6,1,6,6,0
150,,7,1,6,5,1
150,,8,1,6,3,3
150,,9,1,6,4,2
150,,10,1,6,4,2
150,,11,1,6,4,2
150,,12,1,6,2,4
150,,13,1,6,6,0
150,,14,1,6,3,3
150,,15,1,6,6,0
150,,0,1,6,0,6
150,,1,1,6,5,1
150,,2,1,6,5,1
150,,3,1,6,6,0
150,,4,1,6,5,1
150,,5,1,6,6,0
150,,6,1,6,3,3
150,,7,1,6,6,0
150,,8,1,6,4,2
150,,9,1,6,4,2
150,,10,1,6,2,4
150,,11,1,6,1,5
150,,12,1,6,3,3
150,,13,1,6,6,0
150,,14,1,6,4,2
150,,15,1,6,5,1
150,,0,1,6,3,3
150,,1,1,6,5,1
150,,2,1,6,6,0
150,,3,1,6,5,1
150,,4,1,6,6,0
150,,5,1,6,5,1
150,,6,1,6,4,2
150,,7,1,6,6,0
150,,8,1,6,5,1
150,,9,1,6,4,2
150,,10,1,6,1,5
150,,11,1,6,5,1
150,,12,1,6,1,5
150,,13,1,6,5,1
150,,14,1,6,2,4
150,,15,1,6,5,1
150,,0,1,6,1,5
150,,1,1,6,5,1
150,,2,1,6,5,1
150,,3,1,6,6,0
150,,4,1,6,3,3
150,,5,1,6,5,1
150,,6,1,6,3,3
150,,7,1,6,6,0
150,,8,1,6,6,0
150,,9,1,6,5,1
150,,10,1,6,5,1
150,,11,1,6,2,4
150,,12,1,6,3,3
550,,3,1,6,6,0
550,,4,1,6,4,2
550,,5,1,6,6,0
550,,6,1,6,5,1
550,,7,1,6,5,1
550,,8,1,6,5,1
550,,9,1,6,3,3
550,,10,1,6,6,0
550,,11,1,6,3,3
550,,12,1,6,5,1
550,,13,1,6,4,2
550,,14,1,6,5,1
550,,15,1,6,4,2
550,,0,1,6,5,1
550,,1,1,6,5,1
550,,2,1,6,4,2
550,,3,1,6,5,1
550,,4,1,6,3,3
550,,5,1,6,4,2
550,,6,1,6,2,4
550,,7,1,6,4,2
550,,8,1,6,4,2
550,,9,1,6,3,3
550,,10,1,6,5,1
550,,11,1,6,2,4
550,,12,1,6,6,0
550,,13,1,6,3,3
550,,14,1,6,3,3
550,,15,1,6,2,4
550,,0,1,6,5,1
550,,1,1,6,3,3
550,,2,1,6,4,2
550,,3,1,6,6,0
550,,4,1,6,4,2
550,,5,1,6,6,0
550,,6,1,6,4,2
550,,7,1,6,4,2
550,,8,1,6,4,2
550,,9,1,6,4,2
550,,10,1,6,6,0
550,,11,1,6,2,4
550,,12,1,6,4,2
550,,13,1,6,6,0
550,,14,1,6,5,1
550,,15,1,6,5,1
550,,0,1,6,5,1
550,,1,1,6,6,0
550,,2,1,6,6,0
550,,3,1,6,3,3
550,,4,1,6,5,1
550,,5,1,6,6,0
550,,6,1,6,3,3
550,,7,1,6,1,5
550,,8,1,6,3,3
550,,9,1,6,3,3
550,,10,1,6,6,0
550,,11,1,6,5,1
550,,12,1,6,5,1
550,,13,1,6,5,1
550,,14,1,6,5,1
550,,15,1,6,5,1
550,,0,1,6,5,1
550,,1,1,6,4,2
550,,2,1,6,5,1
550,,3,1,6,4,2
550,,4,1,6,5,1
550,,5,1,6,5,1
550,,6,1,6,5,1
550,,7,1,6,5,1
550,,8,1,6,5,1
550,,9,1,6,3,3
550,,10,1,6,5,1
550,,11,1,6,5,1
550,,12,1,6,4,2
550,,13,1,6,2,4
550,,14,1,6,5,1
550,,15,1,6,5,1
550,,0,1,6,3,3
550,,1,1,6,4,2
550,,2,1,6,5,1
550,,3,1,6,5,1
550,,4,1,6,5,1
550,,5,1,6,5,1
550,,6,1,6,6,0
550,,7,1,6,3,3
550,,8,1,6,5,1
550,,9,1,6,3,3
550,,10,1,6,5,1
550,,11,1,6,4,2
550,,12,1,6,6,0
550,,13,1,6,5,1
550,,14,1,6,6,0
550,,15,1,6,6,0
550,,0,1,6,6,0
550,,1,1,6,3,3
550,,2,1,6,5,1
550,,3,1,6,4,2
550,,4,1,6,5,1
550,,5,1,6,2,4
550,,6,1,6,2,4
550,,7,1,6,5,1
550,,8,1,6,5,1
550,,9,1,6,2,4
550,,10,1,6,5,1
550,,11,1,6,5,1
550,,12,1,6,6,0
550,,13,1,6,4,2
550,,14,1,6,6,0
550,,15,1,6,4,2
550,,0,1,6,6,0
550,,1,1,6,5,1
550,,2,1,6,5,1
550,,3,1,6,5,1
550,,4,1,6,6,0
550,,5,1,6,4,2
550,,6,1,6,4,2
550,,7,1,6,5,1
550,,8,1,6,2,4
550,,9,1,6,2,4
550,,10,1,6,4,2
550,,11,1,6,6,0
550,,12,1,6,3,3
550,,13,1,6,4,2
550,,14,1,6,6,0
550,,15,1,6,5,1
550,,0,1,6,4,2
550,,1,1,6,5,1
550,,2,1,6,6,0
550,,3,1,6,5,1
550,,4,1,6,6,0
550,,5,1,6,3,3
550,,6,1,6,3,3
550,,7,1,6,5,1
550,,8,1,6,4,2
550,,9,1,6,3,3
550,,10,1,6,5,1
550,,11,1,6,2,4
550,,12,1,6,5,1
550,,13,1,6,4,2
550,,14,1,6,4,2
550,,15,1,6,5,1
550,,0,1,6,5,1
550,,1,1,6,5,1
550,,2,1,6,6,0
550,,3,1,6,5,1
550,,4,1,6,4,2
550,,5,1,6,3,3
550,,6,1,6,1,5
550,,7,1,6,4,2
550,,8,1,6,4,2
550,,9,1,6,2,4
550,,10,1,6,4,2
550,,11,1,6,2,4
550,,12,1,6,5,1
550,,13,1,6,6,0
550,,14,1,6,4,2
550,,15,1,6,5,1
550,,0,1,6,4,2
550,,1,1,6,5,1
550,,2,1,6,6,0
550,,3,1,6,5,1
550,,4,1,6,2,4
550,,5,1,6,4,2
550,,6,1,6,3,3
550,,7,1,6,4,2
550,,8,1,6,5,1
550,,9,1,6,3,3
550,,10,1,6,4,2
550,,11,1,6,2,4
550,,12,1,6,4,2
550,,13,1,6,2,4
550,,14,1,6,5,1
550,,15,1,6,5,1
550,,0,1,6,4,2
550,,1,1,6,4,2
550,,2,1,6,4,2
550,,3,1,6,4,2
550,,4,1,6,6,0
550,,5,1,6,5,1
550,,6,1,6,3,3
550,,7,1,6,5,1
550,,8,1,6,1,5
550,,9,1,6,5,1
550,,10,1,6,5,1
550,,11,1,6,2,4
550,,12,1,6,6,0
550,,13,1,6,4,2
550,,14,1,6,6,0
550,,15,1,6,4,2
550,,0,1,6,2,4
550,,1,1,6,6,0
550,,2,1,6,5,1
550,,3,1,6,6,0
550,,4,1,6,4,2
550,,5,1,6,2,4
550,,6,1,6,5,1
550,,7,1,6,4,2
550,,8,1,6,2,4
550,,9,1,6,3,3
550,,10,1,6,4,2
550,,11,1,6,2,4
550,,12,1,6,6,0
550,,13,1,6,4,2
550,,14,1,6,3,3
550,,15,1,6,3,3
550,,0,1,6,3,3
550,,1,1,6,4,2
550,,2,1,6,5,1
550,,3,1,6,5,1
550,,4,1,6,4,2
550,,5,1,6,2,4
550,,6,1,6,5,1
550,,7,1,6,2,4
550,,8,1,6,2,4
550,,9,1,6,2,4
550,,10,1,6,5,1
550,,11,1,6,1,5
550,,12,1,6,4,2
550,,13,1,6,2,4
550,,14,1,6,3,3
550,,15,1,6,3,3
550,,0,1,6,6,0
550,,1,1,6,4,2
550,,2,1,6,5,1
550,,3,1,6,4,2
550,,4,1,6,3,3
550,,5,1,6,2,4
550,,6,1,6,4,2
550,,7,1,6,3,3
550,,8,1,6,1,5
550,,9,1,6,3,3
550,,10,1,6,4,2
550,,11,1,6,3,3
550,,12,1,6,5,1
550,,13,1,6,2,4
550,,14,1,6,5,1
550,,15,1,6,4,2
550,,0,1,6,3,3
550,,1,1,6,5,1
550,,2,1,6,2,4
550,,3,1,6,4,2
550,,4,1,6,3,3
550,,5,1,6,5,1
550,,6,1,6,2,4
550,,7,1,6,0,6
550,,8,1,6,0,6
550,,9,1,6,2,4
550,,10,1,6,5,1
550,,11,1,6,1,5
550,,12,1,6,4,2
550,,13,1,6,2,4
550,,14,1,6,4,2
550,,15,1,6,3,3
550,,0,1,6,6,0
550,,1,1,6,4,2
550,,2,1,6,4,2
550,,3,1,6,5,1
550,,4,1,6,4,2
550,,5,1,6,1,5
550,,6,1,6,4,2
550,,7,1,6,3,3
550,,8,1,6,2,4
550,,9,1,6,3,3
550,,10,1,6,5,1
550,,11,1,6,5,1
550,,12,1,6,6,0
550,,13,1,6,4,2
550,,14,1,6,4,2
550,,15,1,6,6,0
550,,0,1,6,3,3
550,,1,1,6,4,2
550,,2,1,6,4,2
550,,3,1,6,4,2
550,,4,1,6,6,0
550,,5,1,6,5,1
550,,6,1,6,0,6
550,,7,1,6,2,4
550,,8,1,6,2,4
550,,9,1,6,2,4
550,,10,1,6,3,3
550,,11,1,6,1,5
550,,12,1,6,2,4
550,,13,1,6,3,3
550,,14,1,6,3,3
550,,15,1,6,3,3
550,,0,1,6,2,4
550,,1,1,6,4,2
550,,2,1,6,3,3
550,,3,1,6,3,3
550,,4,1,6,4,2
550,,5,1,6,2,4
550,,6,1,6,1,5
550,,7,1,6,3,3
550,,8,1,6,1,5
550,,9,1,6,2,4
550,,10,1,6,2,4
550,,11,1,6,2,4
550,,12,1,6,5,1
550,,13,1,6,5,1
550,,14,1,6,6,0
550,,15,1,6,4,2
550,,0,1,6,1,5
550,,1,1,6,1,5
550,,2,1,6,2,4
550,,3,1,6,3,3
550,,4,1,6,2,4
550,,5,1,6,1,5
550,,6,1,6,2,4
550,,7,1,6,2,4
550,,8,1,6,1,5
550,,9,1,6,1,5
550,,10,1,6,1,5
550,,11,1,6,3,3
550,,12,1,6,2,4
550,,13,1,6,3,3
550,,14,1,6,2,4
550,,15,1,6,1,5
550,,0,1,6,2,4
550,,1,1,6,1,5
550,,2,1,6,5,1
550,,3,1,6,4,2
550,,4,1,6,6,0
550,,5,1,6,5,1
550,,6,1,6,6,0
550,,7,1,6,0,6
550,,8,1,6,1,5
550,,9,1,6,4,2
550,,10,1,6,2,4
550,,11,1,6,5,1
550,,12,1,6,5,1
550,,13,1,6,1,5
550,,14,1,6,6,0
550,,15,1,6,4,2
600,,0,1,6,1,5
600,,1,1,6,2,4
600,,2,1,6,2,4
600,,3,1,6,2,4
600,,4,1,6,0,6
600,,5,1,6,2,4
600,,6,1,6,0,6
600,,7,1,6,2,4
600,,8,1,6,1,5
600,,9,1,6,3,3
600,,10,1,6,2,4
600,,11,1,6,0,6
600,,12,1,6,1,5
600,,13,1,6,5,1
600,,14,1,6,0,6
600,,15,1,6,2,4
600,,0,1,6,1,5
600,,1,1,6,3,3
600,,2,1,6,3,3
600,,3,1,6,3,3
600,,4,1,6,0,6
600,,5,1,6,0,6
600,,6,1,6,2,4
600,,7,1,6,2,4
600,,8,1,6,1,5
600,,9,1,6,2,4
600,,10,1,6,2,4
600,,11,1,6,2,4
600,,12,1,6,5,1
600,,13,1,6,0,6
600,,14,1,6,1,5
600,,15,1,6,2,4
600,,0,1,6,1,5
600,,1,1,6,1,5
600,,2,1,6,0,6
600,,3,1,6,1,5
600,,4,1,6,2,4
600,,5,1,6,0,6
600,,6,1,6,2,4
600,,7,1,6,1,5
600,,8,1,6,0,6
600,,9,1,6,2,4
600,,10,1,6,2,4
600,,11,1,6,0,6
600,,12,1,6,4,2
600,,13,1,6,2,4
600,,14,1,6,1,5
600,,15,1,6,4,2
600,,0,1,6,4,2
600,,1,1,6,2,4
600,,2,1,6,0,6
600,,3,1,6,4,2
600,,4,1,6,1,5
600,,5,1,6,2,4
600,,6,1,6,0,6
600,,7,1,6,4,2
600,,8,1,6,1,5
600,,9,1,6,2,4
600,,10,1,6,4,2
600,,11,1,6,4,2
600,,12,1,6,4,2
600,,13,1,6,1,5
600,,14,1,6,6,0
600,,15,1,6,5,1
600,,0,1,6,2,4
600,,1,1,6,2,4
600,,2,1,6,1,5
600,,3,1,6,5,1
600,,4,1,6,1,5
600,,5,1,6,0,6
600,,6,1,6,0,6
600,,7,1,6,5,1
600,,8,1,6,1,5
600,,9,1,6,1,5
600,,10,1,6,4,2
600,,11,1,6,3,3
600,,12,1,6,5,1
600,,13,1,6,1,5
600,,14,1,6,5,1
600,,15,1,6,3,3
600,,0,1,6,0,6
600,,1,1,6,1,5
600,,2,1,6,2,4
600,,3,1,6,1,5
600,,4,1,6,3,3
600,,5,1,6,3,3
600,,6,1,6,0,6
600,,7,1,6,0,6
600,,8,1,6,1,5
600,,9,1,6,2,4
600,,10,1,6,5,1
600,,11,1,6,2,4
600,,12,1,6,4,2
600,,13,1,6,2,4
600,,14,1,6,3,3
600,,15,1,6,3,3
600,,0,1,6,0,6
600,,1,1,6,4,2
600,,2,1,6,0,6
600,,3,1,6,2,4
600,,4,1,6,5,1
600,,5,1,6,0,6
600,,6,1,6,0,6
600,,7,1,6,2,4
600,,8,1,6,2,4
600,,9,1,6,5,1
600,,10,1,6,3,3
600,,11,1,6,4,2
600,,12,1,6,4,2
600,,13,1,6,2,4
600,,14,1,6,1,5
600,,15,1,6,3,3
600,,0,1,6,1,5
600,,1,1,6,4,2
600,,2,1,6,2,4
600,,3,1,6,0,6
600,,4,1,6,2,4
600,,5,1,6,1,5
600,,6,1,6,1,5
600,,7,1,6,1,5
600,,8,1,6,0,6
600,,9,1,6,5,1
600,,10,1,6,1,5
600,,11,1,6,4,2
600,,12,1,6,2,4
600,,13,1,6,3,3
600,,14,1,6,5,1
600,,15,1,6,4,2
600,,0,1,6,4,2
600,,1,1,6,0,6
600,,2,1,6,3,3
600,,3,1,6,2,4
600,,4,1,6,2,4
600,,5,1,6,2,4
600,,6,1,6,2,4
600,,7,1,6,1,5
600,,8,1,6,3,3
600,,9,1,6,2,4
600,,10,1,6,2,4
600,,11,1,6,1,5
600,,12,1,6,5,1
600,,13,1,6,0,6
600,,14,1,6,4,2
600,,15,1,6,4,2
600,,0,1,6,2,4
600,,1,1,6,2,4
600,,2,1,6,2,4
600,,3,1,6,3,3
600,,4,1,6,3,3
600,,5,1,6,1,5
600,,6,1,6,2,4
600,,7,1,6,2,4
600,,8,1,6,0,6
600,,9,1,6,5,1
600,,10,1,6,3,3
600,,11,1,6,1,5
600,,12,1,6,4,2
600,,13,1,6,3,3
600,,14,1,6,4,2
600,,15,1,6,4,2
600,,0,1,6,2,4
600,,1,1,6,4,2
600,,2,1,6,1,5
600,,3,1,6,4,2
600,,4,1,6,6,0
600,,5,1,6,1,5
600,,6,1,6,0,6
600,,7,1,6,4,2
600,,8,1,6,1,5
600,,9,1,6,1,5
600,,10,1,6,5,1
600,,11,1,6,3,3
600,,12,1,6,2,4
600,,13,1,6,2,4
600,,14,1,6,4,2
600,,15,1,6,3,3
600,,0,1,6,3,3
600,,1,1,6,3,3
600,,2,1,6,3,3
600,,3,1,6,1,5
600,,4,1,6,1,5
600,,5,1,6,3,3
600,,6,1,6,2,4
600,,7,1,6,1,5
600,,8,1,6,0,6
600,,9,1,6,2,4
600,,10,1,6,2,4
600,,11,1,6,3,3
600,,12,1,6,4,2
600,,13,1,6,0,6
600,,14,1,6,1,5
600,,15,1,6,3,3
600,,0,1,6,0,6
600,,1,1,6,1,5
600,,2,1,6,1,5
600,,3,1,6,1,5
600,,4,1,6,4,2
600,,5,1,6,2,4
600,,6,1,6,1,5
600,,7,1,6,2,4
600,,8,1,6,0,6
600,,9,1,6,2,4
600,,10,1,6,4,2
600,,11,1,6,5,1
600,,12,1,6,6,0
600,,13,1,6,2,4
600,,14,1,6,4,2
600,,15,1,6,2,4
600,,0,1,6,2,4
600,,1,1,6,1,5
600,,2,1,6,0,6
600,,3,1,6,4,2
600,,4,1,6,3,3
600,,5,1,6,2,4
600,,6,1,6,1,5
600,,7,1,6,2,4
600,,8,1,6,0,6
600,,9,1,6,2,4
600,,10,1,6,4,2
600,,11,1,6,1,5
600,,12,1,6,6,0
600,,13,1,6,2,4
600,,14,1,6,1,5
600,,15,1,6,1,5
600,,0,1,6,5,1
600,,1,1,6,4,2
600,,2,1,6,3,3
600,,3,1,6,2,4
600,,4,1,6,4,2
600,,5,1,6,2,4
600,,6,1,6,3,3
600,,7,1,6,3,3
600,,8,1,6,2,4
600,,9,1,6,4,2
600,,10,1,6,4,2
600,,11,1,6,5,1
600,,12,1,6,6,0
600,,13,1,6,1,5
600,,14,1,6,3,3
600,,15,1,6,5,1
600,,0,1,6,4,2
600,,1,1,6,0,6
600,,2,1,6,2,4
600,,3,1,6,2,4
600,,4,1,6,6,0
600,,5,1,6,0,6
600,,6,1,6,2,4
600,,7,1,6,2,4
600,,8,1,6,0,6
600,,9,1,6,0,6
600,,10,1,6,4,2
600,,11,1,6,3,3
600,,12,1,6,6,0
600,,13,1,6,2,4
600,,14,1,6,1,5
600,,15,1,6,4,2
600,,0,1,6,6,0
600,,1,1,6,2,4
600,,2,1,6,4,2
600,,3,1,6,6,0
600,,4,1,6,5,1
600,,5,1,6,1,5
600,,6,1,6,2,4
600,,7,1,6,6,0
600,,8,1,6,0,6
600,,9,1,6,4,2
600,,10,1,6,6,0
600,,11,1,6,5,1
600,,12,1,6,5,1
600,,13,1,6,3,3
600,,14,1,6,5,1
600,,15,1,6,3,3
600,,0,1,6,4,2
600,,1,1,6,2,4
600,,2,1,6,5,1
600,,3,1,6,6,0
600,,4,1,6,5,1
600,,5,1,6,0,6
600,,6,1,6,1,5
600,,7,1,6,4,2
600,,8,1,6,1,5
600,,9,1,6,1,5
600,,10,1,6,6,0
600,,11,1,6,4,2
600,,12,1,6,4,2
600,,13,1,6,3,3
600,,14,1,6,2,4
600,,15,1,6,5,1
600,,0,1,6,3,3
600,,1,1,6,2,4
600,,2,1,6,1,5
600,,3,1,6,3,3
600,,4,1,6,4,2
600,,5,1,6,1,5
600,,6,1,6,4,2
600,,7,1,6,2,4
600,,8,1,6,1,5
600,,9,1,6,4,2
600,,10,1,6,4,2
600,,11,1,6,2,4
600,,12,1,6,6,0
600,,13,1,6,2,4
600,,14,1,6,5,1
600,,15,1,6,3,3
600,,0,1,6,6,0
600,,1,1,6,2,4
600,,2,1,6,1,5
600,,3,1,6,5,1
600,,4,1,6,6,0
600,,5,1,6,0,6
600,,6,1,6,2,4
600,,7,1,6,4,2
600,,8,1,6,0,6
600,,9,1,6,1,5
600,,10,1,6,5,1
600,,11,1,6,4,2
600,,12,1,6,6,0
600,,13,1,6,3,3
600,,14,1,6,3,3
600,,15,1,6,5,1
600,,0,1,6,3,3
600,,1,1,6,1,5
600,,2,1,6,5,1
600,,3,1,6,6,0
600,,4,1,6,5,1
600,,5,1,6,3,3
600,,6,1,6,5,1
600,,7,1,6,5,1
600,,8,1,6,3,3
600,,9,1,6,1,5
600,,10,1,6,5,1
600,,11,1,6,3,3
600,,12,1,6,6,0
600,,13,1,6,5,1
600,,14,1,6,4,2
600,,15,1,6,3,3
600,,0,1,6,4,2
600,,1,1,6,4,2
600,,2,1,6,5,1
600,,3,1,6,5,1
600,,4,1,6,6,0
600,,5,1,6,1,5
600,,6,1,6,4,2
600,,7,1,6,5,1
600,,8,1,6,2,4
600,,9,1,6,4,2
600,,10,1,6,5,1
600,,11,1,6,5,1
600,,12,1,6,6,0
600,,13,1,6,1,5
600,,14,1,6,5,1
600,,15,1,6,5,1
600,,0,1,6,4,2
600,,1,1,6,4,2
600,,2,1,6,4,2
600,,3,1,6,4,2
600,,4,1,6,5,1
600,,5,1,6,2,4
600,,6,1,6,3,3
600,,7,1,6,4,2
600,,8,1,6,2,4
600,,9,1,6,3,3
600,,10,1,6,4,2
600,,11,1,6,2,4
600,,12,1,6,4,2
600,,13,1,6,5,1
600,,14,1,6,4,2
600,,15,1,6,5,1
600,,0,1,6,4,2
600,,1,1,6,1,5
600,,2,1,6,4,2
600,,3,1,6,5,1
600,,4,1,6,6,0
600,,5,1,6,2,4
600,,6,1,6,5,1
600,,7,1,6,4,2
600,,8,1,6,3,3
600,,9,1,6,5,1
600,,10,1,6,4,2
600,,11,1,6,6,0
600,,12,1,6,6,0
600,,13,1,6,6,0
600,,14,1,6,5,1
600,,15,1,6,4,2
600,,0,1,6,5,1
600,,1,1,6,5,1
600,,2,1,6,5,1
600,,3,1,6,5,1
600,,4,1,6,4,2
600,,5,1,6,6,0
600,,6,1,6,4,2
600,,7,1,6,4,2
600,,8,1,6,2,4
600,,9,1,6,4,2
600,,10,1,6,4,2
600,,11,1,6,4,2
600,,12,1,6,6,0
600,,13,1,6,2,4
600,,14,1,6,5,1
600,,15,1,6,4,2
600,,0,1,6,6,0
600,,1,1,6,1,5
600,,2,1,6,5,1
600,,3,1,6,6,0
600,,4,1,6,6,0
600,,5,1,6,3,3
600,,6,1,6,5,1
600,,7,1,6,6,0
600,,8,1,6,6,0
600,,9,1,6,6,0
600,,10,1,6,5,1
600,,11,1,6,4,2
600,,12,1,6,6,0
600,,13,1,6,5,1
600,,14,1,6,5,1
600,,15,1,6,6,0
600,,0,1,6,5,1
600,,1,1,6,4,2
600,,2,1,6,4,2
600,,3,1,6,5,1
600,,4,1,6,5,1
600,,5,1,6,6,0
600,,6,1,6,4,2
600,,7,1,6,5,1
600,,8,1,6,3,3
600,,9,1,6,4,2
600,,10,1,6,6,0
600,,11,1,6,6,0
600,,12,1,6,6,0
600,,13,1,6,3,3
600,,14,1,6,5,1
600,,15,1,6,3,3
600,,0,1,6,4,2
600,,1,1,6,2,4
600,,2,1,6,5,1
600,,3,1,6,6,0
600,,4,1,6,5,1
600,,5,1,6,4,2
600,,6,1,6,2,4
600,,7,1,6,6,0
600,,8,1,6,4,2
600,,9,1,6,5,1
600,,10,1,6,6,0
600,,11,1,6,5,1
600,,12,1,6,4,2
600,,13,1,6,3,3
600,,14,1,6,6,0
600,,15,1,6,5,1
600,,0,1,6,6,0
600,,1,1,6,4,2
600,,2,1,6,6,0
600,,3,1,6,4,2
600,,4,1,6,6,0
600,,5,1,6,3,3
600,,6,1,6,3,3
600,,7,1,6,6,0
600,,8,1,6,6,0
600,,9,1,6,4,2
600,,10,1,6,6,0
600,,11,1,6,5,1
600,,12,1,6,4,2
600,,13,1,6,4,2
600,,14,1,6,6,0
600,,15,1,6,6,0
600,,0,1,6,4,2
600,,1,1,6,3,3
600,,2,1,6,6,0
600,,3,1,6,4,2
600,,4,1,6,5,1
600,,5,1,6,5,1
600,,6,1,6,4,2
600,,7,1,6,5,1
600,,8,1,6,6,0
600,,9,1,6,5,1
600,,10,1,6,4,2
600,,11,1,6,4,2
600,,12,1,6,4,2
600,,13,1,6,3,3
600,,14,1,6,5,1
600,,15,1,6,5,1
600,,0,1,6,3,3
600,,1,1,6,2,4
600,,2,1,6,5,1
600,,3,1,6,3,3
600,,4,1,6,5,1
600,,5,1,6,6,0
600,,6,1,6,4,2
600,,7,1,6,5,1
600,,8,1,6,3,3
600,,9,1,6,5,1
600,,10,1,6,5,1
600,,11,1,6,6,0
600,,12,1,6,3,3
600,,13,1,6,6,0
600,,14,1,6,5,1
600,,15,1,6,5,1
600,,0,1,6,6,0
600,,1,1,6,2,4
600,,2,1,6,3,3
600,,3,1,6,4,2
600,,4,1,6,5,1
600,,5,1,6,6,0
600,,6,1,6,2,4
600,,7,1,6,6,0
600,,8,1,6,5,1
600,,9,1,6,4,2
600,,10,1,6,6,0
600,,11,1,6,5,1
600,,12,1,6,6,0
600,,13,1,6,4,2
600,,14,1,6,6,0
600,,15,1,6,5,1
600,,0,1,6,5,1
600,,1,1,6,2,4
600,,2,1,6,5,1
600,,3,1,6,6,0
600,,4,1,6,6,0
600,,5,1,6,5,1
600,,6,1,6,4,2
600,,7,1,6,4,2
600,,8,1,6,6,0
600,,9,1,6,6,0
600,,10,1,6,4,2
600,,11,1,6,4,2
600,,12,1,6,5,1
600,,13,1,6,5,1
600,,14,1,6,3,3
600,,15,1,6,4,2
600,,0,1,6,6,0
600,,1,1,6,5,1
600,,2,1,6,4,2
600,,3,1,6,5,1
600,,4,1,6,5,1
600,,5,1,6,5,1
600,,6,1,6,4,2
600,,7,1,6,4,2
600,,8,1,6,2,4
600,,9,1,6,6,0
600,,10,1,6,6,0
600,,11,1,6,5,1
600,,12,1,6,6,0
600,,13,1,6,5,1
600,,14,1,6,3,3
600,,15,1,6,6,0
600,,0,1,6,5,1
600,,1,1,6,3,3
600,,2,1,6,4,2
600,,3,1,6,5,1
600,,4,1,6,4,2
600,,5,1,6,4,2
600,,6,1,6,5,1
600,,7,1,6,5,1
600,,8,1,6,4,2
600,,9,1,6,4,2
600,,10,1,6,5,1
600,,11,1,6,5,1
600,,12,1,6,6,0
600,,13,1,6,2,4
600,,14,1,6,3,3
600,,15,1,6,4,2
600,,0,1,6,4,2
600,,1,1,6,0,6
600,,2,1,6,3,3
600,,3,1,6,4,2
600,,4,1,6,6,0
600,,5,1,6,5,1
600,,6,1,6,5,1
600,,7,1,6,5,1
600,,8,1,6,2,4
600,,9,1,6,3,3
600,,10,1,6,4,2
600,,11,1,6,4,2
600,,12,1,6,6,0
600,,13,1,6,3,3
600,,14,1,6,5,1
600,,15,1,6,5,1
600,,0,1,6,6,0
600,,1,1,6,4,2
600,,2,1,6,4,2
600,,3,1,6,5,1
600,,4,1,6,6,0
600,,5,1,6,6,0
600,,6,1,6,6,0
600,,7,1,6,5,1
600,,8,1,6,4,2
600,,9,1,6,6,0
600,,10,1,6,6,0
600,,11,1,6,5,1
600,,12,1,6,5,1
600,,13,1,6,6,0
600,,14,1,6,2,4
600,,15,1,6,5,1
600,,0,1,6,4,2
600,,1,1,6,4,2
600,,2,1,6,4,2
600,,3,1,6,4,2
600,,4,1,6,6,0
600,,5,1,6,5,1
600,,6,1,6,6,0
600,,7,1,6,6,0
600,,8,1,6,6,0
600,,9,1,6,3,3
600,,10,1,6,5,1
600,,11,1,6,5,1
600,,12,1,6,6,0
600,,13,1,6,6,0
600,,14,1,6,5,1
600,,15,1,6,5,1
600,,0,1,6,3,3
600,,1,1,6,3,3
600,,2,1,6,2,4
600,,3,1,6,5,1
600,,4,1,6,2,4
600,,5,1,6,6,0
600,,6,1,6,5,1
600,,7,1,6,4,2
600,,8,1,6,1,5
600,,9,1,6,5,1
600,,10,1,6,3,3
600,,11,1,6,6,0
600,,12,1,6,5,1
600,,13,1,6,6,0
600,,14,1,6,6,0
600,,15,1,6,4,2
600,,0,1,6,3,3
600,,1,1,6,6,0
600,,2,1,6,5,1
600,,3,1,6,5,1
600,,4,1,6,6,0
600,,5,1,6,4,2
600,,6,1,6,6,0
600,,7,1,6,5,1
600,,8,1,6,3,3
600,,9,1,6,2,4
600,,10,1,6,6,0
600,,11,1,6,5,1
600,,12,1,6,6,0
600,,13,1,6,4,2
600,,14,1,6,5,1
600,,15,1,6,4,2
600,,0,1,6,5,1
600,,1,1,6,4,2
600,,2,1,6,6,0
600,,3,1,6,6,0
600,,4,1,6,2,4
600,,5,1,6,5,1
600,,6,1,6,5,1
600,,7,1,6,5,1
600,,8,1,6,5,1
600,,9,1,6,3,3
600,,10,1,6,5,1
600,,11,1,6,3,3
600,,12,1,6,5,1
600,,13,1,6,6,0
600,,14,1,6,6,0
600,,15,1,6,6,0
600,,0,1,6,5,1
600,,1,1,6,2,4
600,,2,1,6,4,2
600,,3,1,6,5,1
600,,4,1,6,6,0
600,,5,1,6,5,1
600,,6,1,6,5,1
600,,7,1,6,5,1
600,,8,1,6,4,2
600,,9,1,6,2,4
600,,10,1,6,6,0
150,,13,1,6,4,2
150,,14,1,6,5,1
150,,15,1,6,6,0
150,,0,1,6,2,4
150,,1,1,6,4,2
150,,2,1,6,6,0
150,,3,1,6,4,2
150,,4,1,6,5,1
150,,5,1,6,4,2
150,,6,1,6,5,1
150,,7,1,6,6,0
150,,8,1,6,4,2
150,,9,1,6,5,1
150,,10,1,6,2,4
150,,11,1,6,4,2
150,,12,1,6,1,5
150,,13,1,6,3,3
150,,14,1,6,2,4
150,,15,1,6,5,1
150,,0,1,6,4,2
150,,1,1,6,5,1
150,,2,1,6,5,1
150,,3,1,6,4,2
150,,4,1,6,3,3
150,,5,1,6,5,1
150,,6,1,6,4,2
150,,7,1,6,5,1
150,,8,1,6,4,2
150,,9,1,6,6,0
150,,10,1,6,0,6
150,,11,1,6,3,3
150,,12,1,6,3,3
150,,13,1,6,5,1
150,,14,1,6,2,4
150,,15,1,6,5,1
150,,0,1,6,5,1
150,,1,1,6,6,0
150,,2,1,6,2,4
150,,3,1,6,5,1
150,,4,1,6,5,1
150,,5,1,6,5,1
150,,6,1,6,6,0
150,,7,1,6,6,0
150,,8,1,6,5,1
150,,9,1,6,5,1
150,,10,1,6,1,5
150,,11,1,6,3,3
150,,12,1,6,4,2
150,,13,1,6,5,1
150,,14,1,6,2,4
150,,15,1,6,6,0
150,,0,1,6,4,2
150,,1,1,6,2,4
150,,2,1,6,4,2
150,,3,1,6,4,2
150,,4,1,6,2,4
150,,5,1,6,6,0
150,,6,1,6,4,2
150,,7,1,6,5,1
150,,8,1,6,4,2
150,,9,1,6,5,1
150,,10,1,6,3,3
150,,11,1,6,5,1
150,,12,1,6,3,3
150,,13,1,6,4,2
150,,14,1,6,4,2
150,,15,1,6,5,1
150,,0,1,6,3,3
150,,1,1,6,5,1
150,,2,1,6,4,2
150,,3,1,6,6,0
150,,4,1,6,3,3
150,,5,1,6,6,0
150,,6,1,6,6,0
150,,7,1,6,4,2
150,,8,1,6,3,3
150,,9,1,6,2,4
150,,10,1,6,1,5
150,,11,1,6,2,4
150,,12,1,6,0,6
150,,13,1,6,3,3
150,,14,1,6,4,2
150,,15,1,6,4,2
150,,0,1,6,4,2
150,,1,1,6,5,1
150,,2,1,6,6,0
150,,3,1,6,4,2
150,,4,1,6,3,3
150,,5,1,6,4,2
150,,6,1,6,4,2
150,,7,1,6,1,5
150,,8,1,6,4,2
150,,9,1,6,4,2
150,,10,1,6,2,4
150,,11,1,6,5,1
150,,12,1,6,4,2
150,,13,1,6,3,3
150,,14,1,6,6,0
150,,15,1,6,6,0
150,,0,1,6,3,3
150,,1,1,6,2,4
150,,2,1,6,5,1
150,,3,1,6,6,0
150,,4,1,6,3,3
150,,5,1,6,5,1
150,,6,1,6,6,0
150,,7,1,6,4,2
150,,8,1,6,6,0
150,,9,1,6,4,2
150,,10,1,6,3,3
150,,11,1,6,1,5
150,,12,1,6,3,3
150,,13,1,6,3,3
150,,14,1,6,0,6
150,,15,1,6,4,2
150,,0,1,6,4,2
150,,1,1,6,3,3
150,,2,1,6,6,0
150,,3,1,6,5,1
150,,4,1,6,4,2
150,,5,1,6,5,1
150,,6,1,6,4,2
150,,7,1,6,3,3
150,,8,1,6,5,1
150,,9,1,6,2,4
150,,10,1,6,2,4
150,,11,1,6,3,3
150,,12,1,6,4,2
150,,13,1,6,3,3
150,,14,1,6,2,4
150,,15,1,6,5,1
150,,0,1,6,2,4
150,,1,1,6,5,1
150,,2,1,6,3,3
150,,3,1,6,4,2
150,,4,1,6,1,5
150,,5,1,6,5,1
150,,6,1,6,4,2
150,,7,1,6,5,1
150,,8,1,6,5,1
150,,9,1,6,3,3
150,,10,1,6,1,5
150,,11,1,6,4,2
150,,12,1,6,3,3
150,,13,1,6,6,0
150,,14,1,6,5,1
150,,15,1,6,5,1
150,,0,1,6,2,4
150,,1,1,6,4,2
150,,2,1,6,4,2
150,,3,1,6,4,2
150,,4,1,6,2,4
150,,5,1,6,4,2
150,,6,1,6,5,1
150,,7,1,6,4,2
150,,8,1,6,1,5
150,,9,1,6,4,2
150,,10,1,6,1,5
150,,11,1,6,2,4
150,,12,1,6,3,3
150,,13,1,6,3,3
150,,14,1,6,2,4
150,,15,1,6,5,1
150,,0,1,6,0,6
150,,1,1,6,6,0
150,,2,1,6,3,3
150,,3,1,6,6,0
150,,4,1,6,5,1
150,,5,1,6,4,2
150,,6,1,6,6,0
150,,7,1,6,3,3
150,,8,1,6,6,0
150,,9,1,6,5,1
150,,10,1,6,1,5
150,,11,1,6,3,3
150,,12,1,6,2,4
150,,13,1,6,6,0
150,,14,1,6,3,3
150,,15,1,6,4,2
150,,0,1,6,2,4
150,,1,1,6,4,2
150,,2,1,6,6,0
150,,3,1,6,3,3
150,,4,1,6,3,3
150,,5,1,6,0,6
150,,6,1,6,5,1
150,,7,1,6,3,3
150,,8,1,6,5,1
150,,9,1,6,4,2
150,,10,1,6,4,2
150,,11,1,6,3,3
150,,12,1,6,3,3
150,,13,1,6,5,1
150,,14,1,6,4,2
150,,15,1,6,5,1
150,,0,1,6,2,4
150,,1,1,6,5,1
150,,2,1,6,5,1
150,,3,1,6,3,3
150,,4,1,6,3,3
150,,5,1,6,3,3
150,,6,1,6,4,2
150,,7,1,6,2,4
150,,8,1,6,4,2
150,,9,1,6,2,4
150,,10,1,6,3,3
150,,11,1,6,3,3
150,,12,1,6,4,2
150,,13,1,6,3,3
150,,14,1,6,0,6
150,,15,1,6,6,0
150,,0,1,6,1,5
150,,1,1,6,3,3
150,,2,1,6,4,2
150,,3,1,6,3,3
150,,4,1,6,2,4
150,,5,1,6,2,4
150,,6,1,6,6,0
150,,7,1,6,5,1
150,,8,1,6,4,2
150,,9,1,6,4,2
150,,10,1,6,4,2
150,,11,1,6,2,4
150,,12,1,6,4,2
150,,13,1,6,4,2
150,,14,1,6,1,5
150,,15,1,6,4,2
150,,0,1,6,4,2
150,,1,1,6,5,1
150,,2,1,6,4,2
150,,3,1,6,4,2
150,,4,1,6,1,5
150,,5,1,6,3,3
150,,6,1,6,5,1
150,,7,1,6,3,3
150,,8,1,6,5,1
150,,9,1,6,2,4
150,,10,1,6,5,1
150,,11,1,6,2,4
150,,12,1,6,1,5
150,,13,1,6,4,2
150,,14,1,6,2,4
150,,15,1,6,5,1
150,,0,1,6,3,3
150,,1,1,6,3,3
150,,2,1,6,5,1
150,,3,1,6,4,2
150,,4,1,6,1,5
150,,5,1,6,2,4
150,,6,1,6,5,1
150,,7,1,6,4,2
150,,8,1,6,4,2
150,,9,1,6,2,4
150,,10,1,6,2,4
150,,11,1,6,6,0
150,,12,1,6,4,2
150,,13,1,6,3,3
150,,14,1,6,2,4
150,,15,1,6,5,1
150,,0,1,6,2,4
150,,1,1,6,3,3
150,,2,1,6,4,2
150,,3,1,6,2,4
150,,4,1,6,1,5
150,,5,1,6,3,3
150,,6,1,6,3,3
150,,7,1,6,0,6
150,,8,1,6,4,2
150,,9,1,6,1,5
150,,10,1,6,1,5
150,,11,1,6,3,3
150,,12,1,6,1,5
150,,13,1,6,0,6
150,,14,1,6,2,4
150,,15,1,6,6,0
200,,0,1,6,2,4
200,,1,1,6,1,5
200,,2,1,6,1,5
200,,3,1,6,0,6
200,,4,1,6,1,5
200,,5,1,6,2,4
200,,6,1,6,2,4
200,,7,1,6,0,6
200,,8,1,6,3,3
200,,9,1,6,1,5
200,,10,1,6,0,6
200,,11,1,6,4,2
200,,12,1,6,0,6
200,,13,1,6,0,6
200,,14,1,6,0,6
200,,15,1,6,1,5
200,,0,1,6,3,3
200,,1,1,6,6,0
200,,2,1,6,1,5
200,,3,1,6,5,1
200,,4,1,6,0,6
200,,5,1,6,6,0
200,,6,1,6,0,6
200,,7,1,6,0,6
200,,8,1,6,1,5
200,,9,1,6,2,4
200,,10,1,6,1,5
200,,11,1,6,2,4
200,,12,1,6,1,5
200,,13,1,6,4,2
200,,14,1,6,0,6
200,,15,1,6,1,5
200,,0,1,6,2,4
200,,1,1,6,4,2
200,,2,1,6,2,4
200,,3,1,6,2,4
200,,4,1,6,3,3
200,,5,1,6,2,4
200,,6,1,6,4,2
200,,7,1,6,2,4
200,,8,1,6,3,3
200,,9,1,6,2,4
200,,10,1,6,0,6
200,,11,1,6,1,5
200,,12,1,6,0,6
200,,13,1,6,4,2
200,,14,1,6,0,6
200,,15,1,6,5,1
200,,0,1,6,3,3
200,,1,1,6,5,1
200,,2,1,6,2,4
200,,3,1,6,5,1
200,,4,1,6,4,2
200,,5,1,6,4,2
200,,6,1,6,6,0
200,,7,1,6,3,3
200,,8,1,6,4,2
200,,9,1,6,0,6
200,,10,1,6,1,5
200,,11,1,6,2,4
200,,12,1,6,1,5
200,,13,1,6,6,0
200,,14,1,6,2,4
200,,15,1,6,5,1
200,,0,1,6,4,2
200,,1,1,6,5,1
200,,2,1,6,3,3
200,,3,1,6,5,1
200,,4,1,6,2,4
200,,5,1,6,3,3
200,,6,1,6,2,4
200,,7,1,6,1,5
200,,8,1,6,1,5
200,,9,1,6,4,2
200,,10,1,6,1,5
200,,11,1,6,3,3
200,,12,1,6,2,4
200,,13,1,6,2,4
200,,14,1,6,2,4
200,,15,1,6,5,1
200,,0,1,6,3,3
200,,1,1,6,2,4
200,,2,1,6,5,1
200,,3,1,6,2,4
200,,4,1,6,2,4
200,,5,1,6,3,3
200,,6,1,6,3,3
200,,7,1,6,4,2
200,,8,1,6,3,3
200,,9,1,6,2,4
200,,10,1,6,2,4
200,,11,1,6,2,4
200,,12,1,6,0,6
200,,13,1,6,3,3
200,,14,1,6,1,5
200,,15,1,6,1,5
200,,0,1,6,3,3
200,,1,1,6,5,1
200,,2,1,6,3,3
200,,3,1,6,2,4
200,,4,1,6,2,4
200,,5,1,6,1,5
200,,6,1,6,4,2
200,,7,1,6,1,5
200,,8,1,6,1,5
200,,9,1,6,3,3
200,,10,1,6,2,4
200,,11,1,6,6,0
200,,12,1,6,2,4
200,,13,1,6,3,3
200,,14,1,6,4,2
200,,15,1,6,5,1
200,,0,1,6,4,2
200,,1,1,6,6,0
200,,2,1,6,2,4
200,,3,1,6,1,5
200,,4,1,6,1,5
200,,5,1,6,4,2
200,,6,1,6,0,6
200,,7,1,6,2,4
200,,8,1,6,2,4
200,,9,1,6,3,3
200,,10,1,6,3,3
200,,11,1,6,1,5
200,,12,1,6,1,5
200,,13,1,6,1,5
200,,14,1,6,2,4
200,,15,1,6,6,0
200,,0,1,6,2,4
200,,1,1,6,2,4
200,,2,1,6,2,4
200,,3,1,6,3,3
200,,4,1,6,0,6
200,,5,1,6,1,5
200,,6,1,6,0,6
200,,7,1,6,5,1
200,,8,1,6,1,5
200,,9,1,6,3,3
200,,10,1,6,3,3
200,,11,1,6,2,4
200,,12,1,6,1,5
200,,13,1,6,4,2
200,,14,1,6,4,2
200,,15,1,6,3,3
200,,0,1,6,2,4
200,,1,1,6,1,5
200,,2,1,6,2,4
200,,3,1,6,3,3
200,,4,1,6,0,6
200,,5,1,6,1,5
200,,6,1,6,0,6
200,,7,1,6,0,6
200,,8,1,6,3,3
200,,9,1,6,4,2
200,,10,1,6,1,5
200,,11,1,6,2,4
200,,12,1,6,2,4
200,,13,1,6,3,3
200,,14,1,6,1,5
200,,15,1,6,6,0
200,,0,1,6,6,0
200,,1,1,6,3,3
200,,2,1,6,4,2
200,,3,1,6,6,0
200,,4,1,6,1,5
200,,5,1,6,0,6
200,,6,1,6,0,6
200,,7,1,6,4,2
200,,8,1,6,3,3
200,,9,1,6,5,1
200,,10,1,6,2,4
200,,11,1,6,3,3
200,,12,1,6,0,6
200,,13,1,6,5,1
200,,14,1,6,3,3
200,,15,1,6,5,1
200,,0,1,6,0,6
200,,1,1,6,3,3
200,,2,1,6,6,0
200,,3,1,6,0,6
200,,4,1,6,2,4
200,,5,1,6,1,5
200,,6,1,6,1,5
200,,7,1,6,3,3
200,,8,1,6,2,4
200,,9,1,6,3,3
200,,10,1,6,2,4
200,,11,1,6,0,6
200,,12,1,6,1,5
200,,13,1,6,5,1
200,,14,1,6,3,3
200,,15,1,6,4,2
200,,0,1,6,1,5
200,,1,1,6,5,1
200,,2,1,6,3,3
200,,3,1,6,5,1
200,,4,1,6,3,3
200,,5,1,6,2,4
200,,6,1,6,0,6
200,,7,1,6,0,6
200,,8,1,6,2,4
200,,9,1,6,4,2
200,,10,1,6,3,3
200,,11,1,6,1,5
200,,12,1,6,1,5
200,,13,1,6,4,2
200,,14,1,6,2,4
200,,15,1,6,6,0
200,,0,1,6,1,5
200,,1,1,6,0,6
200,,2,1,6,5,1
200,,3,1,6,2,4
200,,4,1,6,4,2
200,,5,1,6,1,5
200,,6,1,6,1,5
200,,7,1,6,3,3
200,,8,1,6,3,3
200,,9,1,6,6,0
200,,10,1,6,1,5
200,,11,1,6,2,4
200,,12,1,6,3,3
200,,13,1,6,1,5
200,,14,1,6,0,6
200,,15,1,6,5,1
200,,0,1,6,4,2
600,,11,1,6,6,0
600,,12,1,6,6,0
600,,13,1,6,4,2
600,,14,1,6,5,1
600,,15,1,6,5,1
600,,0,1,6,3,3
600,,1,1,6,5,1
600,,2,1,6,5,1
600,,3,1,6,4,2
600,,4,1,6,6,0
600,,5,1,6,4,2
600,,6,1,6,5,1
600,,7,1,6,2,4
600,,8,1,6,4,2
600,,9,1,6,3,3
600,,10,1,6,5,1
600,,11,1,6,5,1
600,,12,1,6,5,1
600,,13,1,6,5,1
600,,14,1,6,4,2
600,,15,1,6,4,2
600,,0,1,6,6,0
600,,1,1,6,4,2
600,,2,1,6,5,1
600,,3,1,6,5,1
600,,4,1,6,3,3
600,,5,1,6,6,0
600,,6,1,6,4,2
600,,7,1,6,5,1
600,,8,1,6,3,3
600,,9,1,6,2,4
600,,10,1,6,5,1
600,,11,1,6,4,2
600,,12,1,6,4,2
600,,13,1,6,5,1
600,,14,1,6,4,2
600,,15,1,6,6,0
600,,0,1,6,4,2
600,,1,1,6,3,3
600,,2,1,6,5,1
600,,3,1,6,3,3
600,,4,1,6,6,0
600,,5,1,6,5,1
600,,6,1,6,5,1
600,,7,1,6,5,1
600,,8,1,6,4,2
600,,9,1,6,1,5
600,,10,1,6,5,1
600,,11,1,6,5,1
600,,12,1,6,6,0
600,,13,1,6,4,2
600,,14,1,6,6,0
600,,15,1,6,6,0
600,,0,1,6,3,3
600,,1,1,6,5,1
600,,2,1,6,3,3
600,,3,1,6,5,1
600,,4,1,6,4,2
600,,5,1,6,6,0
600,,6,1,6,6,0
600,,7,1,6,6,0
600,,8,1,6,5,1
600,,9,1,6,3,3
600,,10,1,6,5,1
600,,11,1,6,2,4
600,,12,1,6,6,0
600,,13,1,6,6,0
600,,14,1,6,4,2
600,,15,1,6,4,2
600,,0,1,6,4,2
600,,1,1,6,4,2
600,,2,1,6,3,3
600,,3,1,6,5,1
600,,4,1,6,3,3
600,,5,1,6,4,2
600,,6,1,6,5,1
600,,7,1,6,5,1
600,,8,1,6,1,5
600,,9,1,6,2,4
600,,10,1,6,5,1
600,,11,1,6,3,3
600,,12,1,6,6,0
600,,13,1,6,6,0
600,,14,1,6,3,3
600,,15,1,6,6,0
600,,0,1,6,5,1
600,,1,1,6,3,3
600,,2,1,6,5,1
600,,3,1,6,4,2
600,,4,1,6,5,1
600,,5,1,6,6,0
600,,6,1,6,6,0
600,,7,1,6,5,1
600,,8,1,6,5,1
600,,9,1,6,2,4
600,,10,1,6,5,1
600,,11,1,6,4,2
600,,12,1,6,5,1
600,,13,1,6,4,2
600,,14,1,6,6,0
600,,15,1,6,4,2
600,,0,1,6,6,0
600,,1,1,6,3,3
600,,2,1,6,5,1
600,,3,1,6,4,2
600,,4,1,6,4,2
600,,5,1,6,6,0
600,,6,1,6,3,3
600,,7,1,6,2,4
600,,8,1,6,4,2
600,,9,1,6,3,3
600,,10,1,6,5,1
600,,11,1,6,5,1
600,,12,1,6,6,0
600,,13,1,6,6,0
600,,14,1,6,6,0
600,,15,1,6,5,1
600,,0,1,6,3,3
600,,1,1,6,5,1
600,,2,1,6,1,5
600,,3,1,6,5,1
600,,4,1,6,5,1
600,,5,1,6,4,2
600,,6,1,6,3,3
600,,7,1,6,5,1
600,,8,1,6,1,5
600,,9,1,6,4,2
600,,10,1,6,4,2
600,,11,1,6,5,1
600,,12,1,6,4,2
600,,13,1,6,4,2
600,,14,1,6,6,0
600,,15,1,6,4,2
600,,0,1,6,1,5
600,,1,1,6,3,3
600,,2,1,6,5,1
600,,3,1,6,3,3
600,,4,1,6,4,2
600,,5,1,6,3,3
600,,6,1,6,2,4
600,,7,1,6,2,4
600,,8,1,6,1,5
600,,9,1,6,3,3
600,,10,1,6,5,1
600,,11,1,6,3,3
600,,12,1,6,5,1
600,,13,1,6,2,4
600,,14,1,6,2,4
600,,15,1,6,4,2
600,,0,1,6,4,2
600,,1,1,6,3,3
600,,2,1,6,3,3
600,,3,1,6,6,0
600,,4,1,6,5,1
600,,5,1,6,6,0
600,,6,1,6,2,4
600,,7,1,6,4,2
600,,8,1,6,1,5
600,,9,1,6,1,5
600,,10,1,6,6,0
600,,11,1,6,3,3
600,,12,1,6,6,0
600,,13,1,6,1,5
600,,14,1,6,4,2
600,,15,1,6,5,1
600,,0,1,6,6,0
600,,1,1,6,4,2
600,,2,1,6,5,1
600,,3,1,6,3,3
600,,4,1,6,4,2
600,,5,1,6,4,2
600,,6,1,6,3,3
600,,7,1,6,4,2
600,,8,1,6,3,3
600,,9,1,6,3,3
600,,10,1,6,3,3
600,,11,1,6,5,1
600,,12,1,6,1,5
600,,13,1,6,4,2
600,,14,1,6,6,0
600,,15,1,6,4,2
600,,0,1,6,3,3
600,,1,1,6,5,1
600,,2,1,6,4,2
600,,3,1,6,1,5
600,,4,1,6,3,3
600,,5,1,6,3,3
600,,6,1,6,3,3
600,,7,1,6,0,6
600,,8,1,6,2,4
600,,9,1,6,1,5
600,,10,1,6,5,1
600,,11,1,6,5,1
600,,12,1,6,3,3
600,,13,1,6,3,3
600,,14,1,6,4,2
600,,15,1,6,3,3
600,,0,1,6,1,5
600,,1,1,6,5,1
600,,2,1,6,2,4
600,,3,1,6,3,3
600,,4,1,6,3,3
600,,5,1,6,4,2
600,,6,1,6,3,3
600,,7,1,6,2,4
600,,8,1,6,4,2
600,,9,1,6,1,5
600,,10,1,6,5,1
600,,11,1,6,2,4
600,,12,1,6,5,1
600,,13,1,6,5,1
600,,14,1,6,2,4
600,,15,1,6,4,2
600,,0,1,6,1,5
600,,1,1,6,4,2
600,,2,1,6,2,4
600,,3,1,6,4,2
600,,4,1,6,5,1
600,,5,1,6,6,0
600,,6,1,6,4,2
600,,7,1,6,5,1
600,,8,1,6,2,4
600,,9,1,6,2,4
600,,10,1,6,5,1
600,,11,1,6,2,4
600,,12,1,6,5,1
600,,13,1,6,3,3
600,,14,1,6,6,0
600,,15,1,6,5,1
600,,0,1,6,1,5
600,,1,1,6,2,4
600,,2,1,6,3,3
600,,3,1,6,4,2
600,,4,1,6,5,1
600,,5,1,6,5,1
600,,6,1,6,4,2
600,,7,1,6,4,2
600,,8,1,6,2,4
600,,9,1,6,2,4
600,,10,1,6,4,2
600,,11,1,6,2,4
600,,12,1,6,5,1
600,,13,1,6,2,4
600,,14,1,6,5,1
600,,15,1,6,6,0
600,,0,1,6,1,5
600,,1,1,6,4,2
600,,2,1,6,1,5
600,,3,1,6,2,4
600,,4,1,6,4,2
600,,5,1,6,4,2
600,,6,1,6,3,3
600,,7,1,6,4,2
600,,8,1,6,4,2
600,,9,1,6,0,6
600,,10,1,6,4,2
600,,11,1,6,1,5
600,,12,1,6,4,2
600,,13,1,6,6,0
600,,14,1,6,4,2
600,,15,1,6,5,1
600,,0,1,6,1,5
600,,1,1,6,5,1
600,,2,1,6,0,6
600,,3,1,6,0,6
600,,4,1,6,6,0
600,,5,1,6,5,1
600,,6,1,6,2,4
600,,7,1,6,0,6
600,,8,1,6,1,5
600,,9,1,6,2,4
600,,10,1,6,5,1
600,,11,1,6,1,5
600,,12,1,6,6,0
600,,13,1,6,5,1
600,,14,1,6,2,4
600,,15,1,6,6,0
650,,0,1,6,2,4
650,,1,1,6,0,6
650,,2,1,6,1,5
650,,3,1,6,2,4
650,,4,1,6,1,5
650,,5,1,6,0,6
650,,6,1,6,2,4
650,,7,1,6,1,5
650,,8,1,6,2,4
650,,9,1,6,1,5
650,,10,1,6,0,6
650,,11,1,6,1,5
650,,12,1,6,2,4
650,,13,1,6,2,4
650,,14,1,6,0,6
650,,15,1,6,0,6
650,,0,1,6,0,6
650,,1,1,6,0,6
650,,2,1,6,1,5
650,,3,1,6,1,5
650,,4,1,6,0,6
650,,5,1,6,1,5
650,,6,1,6,1,5
650,,7,1,6,1,5
650,,8,1,6,1,5
650,,9,1,6,1,5
650,,10,1,6,1,5
650,,11,1,6,2,4
650,,12,1,6,2,4
650,,13,1,6,0,6
650,,14,1,6,1,5
650,,15,1,6,1,5
650,,0,1,6,4,2
650,,1,1,6,2,4
650,,2,1,6,0,6
650,,3,1,6,1,5
650,,4,1,6,0,6
650,,5,1,6,0,6
650,,6,1,6,3,3
650,,7,1,6,2,4
650,,8,1,6,0,6
650,,9,1,6,0,6
650,,10,1,6,2,4
650,,11,1,6,4,2
650,,12,1,6,0,6
650,,13,1,6,1,5
650,,14,1,6,1,5
650,,15,1,6,1,5
650,,0,1,6,2,4
650,,1,1,6,3,3
650,,2,1,6,1,5
650,,3,1,6,0,6
650,,4,1,6,5,1
650,,5,1,6,3,3
650,,6,1,6,1,5
650,,7,1,6,4,2
650,,8,1,6,0,6
650,,9,1,6,6,0
650,,10,1,6,2,4
650,,11,1,6,2,4
650,,12,1,6,1,5
650,,13,1,6,1,5
650,,14,1,6,3,3
650,,15,1,6,2,4
650,,0,1,6,3,3
650,,1,1,6,4,2
650,,2,1,6,2,4
650,,3,1,6,1,5
650,,4,1,6,2,4
650,,5,1,6,2,4
650,,6,1,6,2,4
650,,7,1,6,2,4
650,,8,1,6,0,6
650,,9,1,6,1,5
650,,10,1,6,2,4
650,,11,1,6,2,4
650,,12,1,6,3,3
650,,13,1,6,1,5
650,,14,1,6,2,4
650,,15,1,6,2,4
650,,0,1,6,3,3
650,,1,1,6,4,2
650,,2,1,6,2,4
650,,3,1,6,1,5
650,,4,1,6,4,2
650,,5,1,6,0,6
650,,6,1,6,3,3
650,,7,1,6,2,4
650,,8,1,6,3,3
650,,9,1,6,4,2
650,,10,1,6,3,3
650,,11,1,6,4,2
650,,12,1,6,0,6
650,,13,1,6,0,6
650,,14,1,6,4,2
650,,15,1,6,4,2
650,,0,1,6,0,6
650,,1,1,6,4,2
650,,2,1,6,2,4
650,,3,1,6,2,4
650,,4,1,6,6,0
650,,5,1,6,0,6
650,,6,1,6,1,5
650,,7,1,6,2,4
650,,8,1,6,1,5
650,,9,1,6,4,2
650,,10,1,6,1,5
650,,11,1,6,1,5
650,,12,1,6,2,4
650,,13,1,6,0,6
650,,14,1,6,2,4
650,,15,1,6,1,5
650,,0,1,6,2,4
650,,1,1,6,4,2
650,,2,1,6,3,3
650,,3,1,6,2,4
650,,4,1,6,6,0
650,,5,1,6,3,3
650,,6,1,6,1,5
650,,7,1,6,3,3
650,,8,1,6,1,5
650,,9,1,6,4,2
650,,10,1,6,3,3
650,,11,1,6,3,3
650,,12,1,6,1,5
650,,13,1,6,0,6
650,,14,1,6,5,1
650,,15,1,6,2,4
650,,0,1,6,1,5
650,,1,1,6,3,3
650,,2,1,6,1,5
650,,3,1,6,2,4
650,,4,1,6,3,3
650,,5,1,6,3,3
650,,6,1,6,1,5
650,,7,1,6,5,1
650,,8,1,6,1,5
650,,9,1,6,3,3
650,,10,1,6,3,3
650,,11,1,6,1,5
650,,12,1,6,2,4
650,,13,1,6,1,5
650,,14,1,6,3,3
650,,15,1,6,2,4
650,,0,1,6,4,2
650,,1,1,6,5,1
650,,2,1,6,4,2
650,,3,1,6,1,5
650,,4,1,6,2,4
650,,5,1,6,4,2
650,,6,1,6,2,4
650,,7,1,6,3,3
650,,8,1,6,2,4
650,,9,1,6,5,1
650,,10,1,6,0,6
650,,11,1,6,4,2
650,,12,1,6,1,5
650,,13,1,6,1,5
650,,14,1,6,2,4
650,,15,1,6,4,2
650,,0,1,6,3,3
650,,1,1,6,1,5
650,,2,1,6,0,6
650,,3,1,6,4,2
650,,4,1,6,4,2
650,,5,1,6,1,5
650,,6,1,6,1,5
650,,7,1,6,2,4
650,,8,1,6,1,5
650,,9,1,6,3,3
650,,10,1,6,2,4
650,,11,1,6,3,3
650,,12,1,6,2,4
650,,13,1,6,2,4
650,,14,1,6,6,0
650,,15,1,6,0,6
650,,0,1,6,4,2
650,,1,1,6,1,5
650,,2,1,6,2,4
650,,3,1,6,6,0
650,,4,1,6,4,2
650,,5,1,6,1,5
650,,6,1,6,1,5
650,,7,1,6,3,3
650,,8,1,6,2,4
650,,9,1,6,4,2
650,,10,1,6,0,6
650,,11,1,6,5,1
650,,12,1,6,3,3
650,,13,1,6,2,4
650,,14,1,6,3,3
650,,15,1,6,1,5
650,,0,1,6,1,5
650,,1,1,6,4,2
650,,2,1,6,1,5
650,,3,1,6,2,4
650,,4,1,6,5,1
650,,5,1,6,4,2
650,,6,1,6,0,6
650,,7,1,6,1,5
650,,8,1,6,3,3
650,,9,1,6,5,1
650,,10,1,6,3,3
650,,11,1,6,2,4
650,,12,1,6,1,5
650,,13,1,6,1,5
650,,14,1,6,0,6
650,,15,1,6,3,3
650,,0,1,6,5,1
650,,1,1,6,6,0
650,,2,1,6,2,4
650,,3,1,6,3,3
650,,4,1,6,3,3
650,,5,1,6,2,4
650,,6,1,6,2,4
650,,7,1,6,3,3
650,,8,1,6,4,2
650,,9,1,6,2,4
650,,10,1,6,1,5
650,,11,1,6,4,2
650,,12,1,6,1,5
650,,13,1,6,4,2
650,,14,1,6,1,5
650,,15,1,6,5,1
650,,0,1,6,4,2
650,,1,1,6,5,1
650,,2,1,6,1,5
650,,3,1,6,1,5
650,,4,1,6,6,0
650,,5,1,6,4,2
650,,6,1,6,1,5
650,,7,1,6,1,5
650,,8,1,6,1,5
650,,9,1,6,1,5
650,,10,1,6,3,3
650,,11,1,6,5,1
650,,12,1,6,2,4
650,,13,1,6,2,4
650,,14,1,6,2,4
650,,15,1,6,3,3
650,,0,1,6,3,3
650,,1,1,6,6,0
650,,2,1,6,3,3
650,,3,1,6,4,2
650,,4,1,6,4,2
650,,5,1,6,3,3
650,,6,1,6,3,3
650,,7,1,6,4,2
650,,8,1,6,2,4
650,,9,1,6,4,2
650,,10,1,6,5,1
650,,11,1,6,3,3
650,,12,1,6,1,5
650,,13,1,6,2,4
650,,14,1,6,2,4
650,,15,1,6,1,5
650,,0,1,6,5,1
650,,1,1,6,6,0
650,,2,1,6,2,4
650,,3,1,6,5,1
650,,4,1,6,5,1
650,,5,1,6,3,3
650,,6,1,6,2,4
650,,7,1,6,2,4
650,,8,1,6,2,4
650,,9,1,6,3,3
650,,10,1,6,6,0
650,,11,1,6,5,1
650,,12,1,6,3,3
650,,13,1,6,3,3
650,,14,1,6,4,2
650,,15,1,6,2,4
650,,0,1,6,3,3
650,,1,1,6,3,3
650,,2,1,6,3,3
650,,3,1,6,4,2
650,,4,1,6,5,1
650,,5,1,6,4,2
650,,6,1,6,2,4
650,,7,1,6,3,3
650,,8,1,6,1,5
650,,9,1,6,2,4
650,,10,1,6,3,3
650,,11,1,6,4,2
650,,12,1,6,4,2
650,,13,1,6,4,2
650,,14,1,6,2,4
650,,15,1,6,1,5
650,,0,1,6,3,3
650,,1,1,6,5,1
650,,2,1,6,4,2
650,,3,1,6,5,1
650,,4,1,6,4,2
650,,5,1,6,4,2
650,,6,1,6,3,3
650,,7,1,6,4,2
650,,8,1,6,1,5
650,,9,1,6,3,3
650,,10,1,6,6,0
650,,11,1,6,4,2
650,,12,1,6,3,3
650,,13,1,6,0,6
650,,14,1,6,3,3
650,,15,1,6,4,2
650,,0,1,6,5,1
650,,1,1,6,5,1
650,,2,1,6,4,2
650,,3,1,6,5,1
650,,4,1,6,5,1
650,,5,1,6,3,3
650,,6,1,6,1,5
650,,7,1,6,5,1
650,,8,1,6,3,3
650,,9,1,6,4,2
650,,10,1,6,5,1
650,,11,1,6,4,2
650,,12,1,6,4,2
650,,13,1,6,1,5
650,,14,1,6,6,0
650,,15,1,6,3,3
650,,0,1,6,2,4
650,,1,1,6,4,2
650,,2,1,6,6,0
650,,3,1,6,4,2
650,,4,1,6,5,1
650,,5,1,6,3,3
650,,6,1,6,2,4
650,,7,1,6,4,2
650,,8,1,6,1,5
650,,9,1,6,4,2
650,,10,1,6,5,1
650,,11,1,6,3,3
650,,12,1,6,3,3
650,,13,1,6,2,4
650,,14,1,6,3,3
650,,15,1,6,5,1
650,,0,1,6,5,1
650,,1,1,6,1,5
650,,2,1,6,6,0
650,,3,1,6,5,1
650,,4,1,6,5,1
650,,5,1,6,3,3
650,,6,1,6,4,2
650,,7,1,6,3,3
650,,8,1,6,2,4
650,,9,1,6,4,2
650,,10,1,6,2,4
650,,11,1,6,5,1
650,,12,1,6,6,0
650,,13,1,6,3,3
650,,14,1,6,4,2
650,,15,1,6,1,5
650,,0,1,6,6,0
650,,1,1,6,4,2
650,,2,1,6,6,0
650,,3,1,6,5,1
650,,4,1,6,3,3
650,,5,1,6,2,4
650,,6,1,6,2,4
650,,7,1,6,4,2
650,,8,1,6,4,2
650,,9,1,6,5,1
650,,10,1,6,5,1
650,,11,1,6,6,0
650,,12,1,6,3,3
650,,13,1,6,3,3
650,,14,1,6,4,2
650,,15,1,6,3,3
650,,0,1,6,6,0
650,,1,1,6,2,4
650,,2,1,6,5,1
650,,3,1,6,3,3
650,,4,1,6,3,3
650,,5,1,6,2,4
650,,6,1,6,5,1
650,,7,1,6,4,2
650,,8,1,6,3,3
650,,9,1,6,3,3
650,,10,1,6,5,1
650,,11,1,6,6,0
650,,12,1,6,2,4
650,,13,1,6,4,2
650,,14,1,6,5,1
650,,15,1,6,3,3
650,,0,1,6,5,1
650,,1,1,6,4,2
650,,2,1,6,3,3
650,,3,1,6,5,1
650,,4,1,6,5,1
650,,5,1,6,5,1
650,,6,1,6,5,1
650,,7,1,6,4,2
650,,8,1,6,3,3
650,,9,1,6,5,1
650,,10,1,6,5,1
650,,11,1,6,6,0
650,,12,1,6,2,4
650,,13,1,6,3,3
650,,14,1,6,5,1
650,,15,1,6,3,3
650,,0,1,6,6,0
650,,1,1,6,6,0
650,,2,1,6,6,0
650,,3,1,6,4,2
650,,4,1,6,6,0
650,,5,1,6,4,2
650,,6,1,6,3,3
650,,7,1,6,4,2
650,,8,1,6,5,1
650,,9,1,6,5,1
650,,10,1,6,4,2
650,,11,1,6,6,0
650,,12,1,6,2,4
650,,13,1,6,4,2
650,,14,1,6,3,3
650,,15,1,6,5,1
650,,0,1,6,6,0
650,,1,1,6,4,2
650,,2,1,6,4,2
650,,3,1,6,5,1
650,,4,1,6,4,2
650,,5,1,6,4,2
650,,6,1,6,4,2
650,,7,1,6,3,3
650,,8,1,6,4,2
650,,9,1,6,5,1
650,,10,1,6,5,1
650,,11,1,6,6,0
650,,12,1,6,1,5
650,,13,1,6,6,0
650,,14,1,6,4,2
650,,15,1,6,4,2
650,,0,1,6,6,0
650,,1,1,6,3,3
650,,2,1,6,6,0
650,,3,1,6,5,1
650,,4,1,6,5,1
650,,5,1,6,5,1
650,,6,1,6,4,2
650,,7,1,6,5,1
650,,8,1,6,4,2
650,,9,1,6,5,1
650,,10,1,6,5,1
650,,11,1,6,5,1
650,,12,1,6,3,3
650,,13,1,6,3,3
650,,14,1,6,6,0
650,,15,1,6,5,1
650,,0,1,6,4,2
650,,1,1,6,6,0
650,,2,1,6,4,2
650,,3,1,6,5,1
650,,4,1,6,5,1
650,,5,1,6,5,1
650,,6,1,6,3,3
650,,7,1,6,4,2
650,,8,1,6,5,1
650,,9,1,6,6,0
650,,10,1,6,6,0
650,,11,1,6,5,1
650,,12,1,6,1,5
650,,13,1,6,3,3
650,,14,1,6,4,2
650,,15,1,6,3,3
650,,0,1,6,6,0
650,,1,1,6,4,2
650,,2,1,6,6,0
650,,3,1,6,3,3
650,,4,1,6,4,2
650,,5,1,6,6,0
650,,6,1,6,6,0
650,,7,1,6,3,3
650,,8,1,6,5,1
650,,9,1,6,5,1
650,,10,1,6,3,3
650,,11,1,6,5,1
650,,12,1,6,2,4
650,,13,1,6,6,0
650,,14,1,6,5,1
650,,15,1,6,4,2
650,,0,1,6,5,1
650,,1,1,6,5,1
650,,2,1,6,4,2
650,,3,1,6,5,1
650,,4,1,6,6,0
650,,5,1,6,4,2
650,,6,1,6,4,2
650,,7,1,6,5,1
650,,8,1,6,6,0
650,,9,1,6,5,1
650,,10,1,6,5,1
650,,11,1,6,6,0
650,,12,1,6,3,3
650,,13,1,6,4,2
650,,14,1,6,5,1
650,,15,1,6,6,0
650,,0,1,6,6,0
650,,1,1,6,3,3
650,,2,1,6,5,1
650,,3,1,6,5,1
650,,4,1,6,4,2
650,,5,1,6,5,1
650,,6,1,6,4,2
650,,7,1,6,4,2
650,,8,1,6,5,1
650,,9,1,6,5,1
650,,10,1,6,3,3
650,,11,1,6,5,1
650,,12,1,6,3,3
650,,13,1,6,5,1
650,,14,1,6,3,3
650,,15,1,6,4,2
650,,0,1,6,5,1
650,,1,1,6,5,1
650,,2,1,6,6,0
650,,3,1,6,5,1
650,,4,1,6,3,3
650,,5,1,6,2,4
650,,6,1,6,4,2
650,,7,1,6,2,4
650,,8,1,6,6,0
650,,9,1,6,5,1
650,,10,1,6,5,1
650,,11,1,6,6,0
650,,12,1,6,3,3
650,,13,1,6,5,1
650,,14,1,6,5,1
650,,15,1,6,5,1
650,,0,1,6,6,0
650,,1,1,6,4,2
650,,2,1,6,5,1
650,,3,1,6,4,2
650,,4,1,6,6,0
650,,5,1,6,6,0
650,,6,1,6,5,1
650,,7,1,6,4,2
650,,8,1,6,6,0
650,,9,1,6,4,2
650,,10,1,6,4,2
650,,11,1,6,6,0
650,,12,1,6,3,3
650,,13,1,6,4,2
650,,14,1,6,4,2
650,,15,1,6,6,0
650,,0,1,6,6,0
650,,1,1,6,3,3
650,,2,1,6,2,4
650,,3,1,6,3,3
650,,4,1,6,3,3
650,,5,1,6,6,0
650,,6,1,6,3,3
650,,7,1,6,3,3
650,,8,1,6,5,1
650,,9,1,6,5,1
650,,10,1,6,4,2
650,,11,1,6,6,0
650,,12,1,6,4,2
650,,13,1,6,4,2
650,,14,1,6,5,1
650,,15,1,6,3,3
650,,0,1,6,5,1
650,,1,1,6,4,2
650,,2,1,6,6,0
650,,3,1,6,5,1
650,,4,1,6,3,3
650,,5,1,6,4,2
650,,6,1,6,4,2
650,,7,1,6,6,0
650,,8,1,6,5,1
650,,9,1,6,5,1
650,,10,1,6,5,1
650,,11,1,6,5,1
650,,12,1,6,2,4
650,,13,1,6,4,2
650,,14,1,6,5,1
650,,15,1,6,4,2
650,,0,1,6,6,0
650,,1,1,6,3,3
650,,2,1,6,4,2
650,,3,1,6,4,2
650,,4,1,6,3,3
650,,5,1,6,4,2
650,,6,1,6,4,2
650,,7,1,6,6,0
650,,8,1,6,6,0
650,,9,1,6,5,1
650,,10,1,6,4,2
650,,11,1,6,5,1
650,,12,1,6,1,5
650,,13,1,6,6,0
650,,14,1,6,5,1
650,,15,1,6,6,0
650,,0,1,6,6,0
650,,1,1,6,5,1
650,,2,1,6,4,2
650,,3,1,6,5,1
650,,4,1,6,5,1
650,,5,1,6,1,5
650,,6,1,6,5,1
650,,7,1,6,3,3
650,,8,1,6,5,1
650,,9,1,6,5,1
650,,10,1,6,4,2
650,,11,1,6,5,1
650,,12,1,6,3,3
650,,13,1,6,5,1
650,,14,1,6,5,1
650,,15,1,6,6,0
650,,0,1,6,5,1
650,,1,1,6,6,0
650,,2,1,6,5,1
650,,3,1,6,5,1
650,,4,1,6,5,1
650,,5,1,6,4,2
650,,6,1,6,4,2
650,,7,1,6,3,3
650,,8,1,6,5,1
650,,9,1,6,3,3
650,,10,1,6,4,2
650,,11,1,6,5,1
650,,12,1,6,3,3
650,,13,1,6,5,1
650,,14,1,6,3,3
650,,15,1,6,6,0
650,,0,1,6,6,0
650,,1,1,6,4,2
650,,2,1,6,4,2
650,,3,1,6,4,2
650,,4,1,6,5,1
650,,5,1,6,6,0
650,,6,1,6,5,1
650,,7,1,6,2,4
650,,8,1,6,6,0
650,,9,1,6,4,2
650,,10,1,6,6,0
650,,11,1,6,5,1
650,,12,1,6,4,2
650,,13,1,6,5,1
650,,14,1,6,4,2
650,,15,1,6,5,1
650,,0,1,6,6,0
650,,1,1,6,3,3
650,,2,1,6,6,0
650,,3,1,6,5,1
650,,4,1,6,5,1
650,,5,1,6,6,0
650,,6,1,6,5,1
650,,7,1,6,6,0
650,,8,1,6,3,3
650,,9,1,6,3,3
650,,10,1,6,3,3
650,,11,1,6,6,0
650,,12,1,6,3,3
650,,13,1,6,5,1
650,,14,1,6,5,1
650,,15,1,6,3,3
650,,0,1,6,4,2
650,,1,1,6,2,4
650,,2,1,6,6,0
650,,3,1,6,4,2
650,,4,1,6,6,0
650,,5,1,6,5,1
650,,6,1,6,1,5
650,,7,1,6,6,0
650,,8,1,6,5,1
650,,9,1,6,4,2
650,,10,1,6,3,3
650,,11,1,6,6,0
650,,12,1,6,2,4
650,,13,1,6,6,0
650,,14,1,6,6,0
650,,15,1,6,6,0
650,,0,1,6,3,3
650,,1,1,6,6,0
650,,2,1,6,2,4
650,,3,1,6,3,3
650,,4,1,6,5,1
650,,5,1,6,6,0
650,,6,1,6,5,1
650,,7,1,6,5,1
650,,8,1,6,4,2
650,,9,1,6,0,6
650,,10,1,6,4,2
650,,11,1,6,5,1
650,,12,1,6,2,4
650,,13,1,6,2,4
650,,14,1,6,4,2
650,,15,1,6,4,2
650,,0,1,6,6,0
650,,1,1,6,4,2
650,,2,1,6,2,4
650,,3,1,6,4,2
650,,4,1,6,6,0
650,,5,1,6,4,2
650,,6,1,6,3,3
650,,7,1,6,4,2
650,,8,1,6,2,4
650,,9,1,6,2,4
650,,10,1,6,4,2
650,,11,1,6,6,0
650,,12,1,6,4,2
650,,13,1,6,3,3
650,,14,1,6,4,2
650,,15,1,6,4,2
650,,0,1,6,6,0
650,,1,1,6,6,0
650,,2,1,6,5,1
650,,3,1,6,5,1
650,,4,1,6,6,0
650,,5,1,6,5,1
650,,6,1,6,4,2
650,,7,1,6,4,2
650,,8,1,6,5,1
650,,9,1,6,4,2
650,,10,1,6,4,2
650,,11,1,6,6,0
650,,12,1,6,4,2
650,,13,1,6,6,0
650,,14,1,6,5,1
650,,15,1,6,2,4
650,,0,1,6,5,1
650,,1,1,6,3,3
650,,2,1,6,4,2
650,,3,1,6,4,2
650,,4,1,6,5,1
650,,5,1,6,5,1
650,,6,1,6,6,0
650,,7,1,6,6,0
650,,8,1,6,5,1
650,,9,1,6,3,3
650,,10,1,6,5,1
650,,11,1,6,6,0
650,,12,1,6,3,3
650,,13,1,6,4,2
650,,14,1,6,3,3
650,,15,1,6,6,0
650,,0,1,6,3,3
650,,1,1,6,3,3
650,,2,1,6,3,3
650,,3,1,6,6,0
650,,4,1,6,6,0
650,,5,1,6,4,2
650,,6,1,6,4,2
650,,7,1,6,5,1
650,,8,1,6,5,1
650,,9,1,6,2,4
650,,10,1,6,3,3
650,,11,1,6,5,1
650,,12,1,6,5,1
650,,13,1,6,4,2
650,,14,1,6,4,2
650,,15,1,6,3,3
650,,0,1,6,6,0
650,,1,1,6,4,2
650,,2,1,6,3,3
650,,3,1,6,6,0
650,,4,1,6,4,2
650,,5,1,6,2,4
650,,6,1,6,4,2
650,,7,1,6,6,0
650,,8,1,6,4,2
650,,9,1,6,3,3
650,,10,1,6,3,3
650,,11,1,6,4,2
650,,12,1,6,3,3
650,,13,1,6,6,0
650,,14,1,6,5,1
650,,15,1,6,4,2
650,,0,1,6,3,3
650,,1,1,6,6,0
650,,2,1,6,2,4
650,,3,1,6,2,4
650,,4,1,6,5,1
650,,5,1,6,3,3
650,,6,1,6,5,1
650,,7,1,6,4,2
650,,8,1,6,2,4
650,,9,1,6,3,3
650,,10,1,6,5,1
650,,11,1,6,6,0
650,,12,1,6,3,3
650,,13,1,6,4,2
650,,14,1,6,5,1
650,,15,1,6,4,2
650,,0,1,6,3,3
650,,1,1,6,3,3
650,,2,1,6,3,3
650,,3,1,6,4,2
650,,4,1,6,5,1
650,,5,1,6,2,4
650,,6,1,6,6,0
650,,7,1,6,6,0
650,,8,1,6,4,2
650,,9,1,6,4,2
650,,10,1,6,2,4
650,,11,1,6,5,1
650,,12,1,6,4,2
650,,13,1,6,5,1
650,,14,1,6,5,1
650,,15,1,6,6,0
650,,0,1,6,2,4
650,,1,1,6,3,3
650,,2,1,6,2,4
650,,3,1,6,5,1
650,,4,1,6,4,2
650,,5,1,6,3,3
650,,6,1,6,2,4
650,,7,1,6,4,2
650,,8,1,6,4,2
650,,9,1,6,4,2
650,,10,1,6,5,1
650,,11,1,6,3,3
650,,12,1,6,4,2
650,,13,1,6,2,4
650,,14,1,6,2,4
650,,15,1,6,4,2
650,,0,1,6,5,1
650,,1,1,6,6,0
650,,2,1,6,4,2
650,,3,1,6,4,2
650,,4,1,6,5,1
650,,5,1,6,3,3
650,,6,1,6,4,2
650,,7,1,6,3,3
650,,8,1,6,5,1
650,,9,1,6,1,5
650,,10,1,6,3,3
650,,11,1,6,6,0
650,,12,1,6,1,5
650,,13,1,6,3,3
650,,14,1,6,5,1
650,,15,1,6,2,4
650,,0,1,6,4,2
650,,1,1,6,4,2
650,,2,1,6,2,4
650,,3,1,6,5,1
650,,4,1,6,4,2
650,,5,1,6,4,2
650,,6,1,6,2,4
650,,7,1,6,3,3
650,,8,1,6,2,4
650,,9,1,6,3,3
650,,10,1,6,4,2
650,,11,1,6,3,3
650,,12,1,6,5,1
650,,13,1,6,4,2
650,,14,1,6,5,1
650,,15,1,6,3,3
650,,0,1,6,3,3
650,,1,1,6,4,2
650,,2,1,6,0,6
650,,3,1,6,5,1
650,,4,1,6,5,1
650,,5,1,6,3,3
650,,6,1,6,5,1
650,,7,1,6,5,1
650,,8,1,6,2,4
650,,9,1,6,4,2
650,,10,1,6,4,2
650,,11,1,6,6,0
650,,12,1,6,4,2
650,,13,1,6,4,2
650,,14,1,6,5,1
650,,15,1,6,6,0
650,,0,1,6,6,0
650,,1,1,6,5,1
650,,2,1,6,4,2
650,,3,1,6,3,3
650,,4,1,6,5,1
650,,5,1,6,3,3
650,,6,1,6,5,1
650,,7,1,6,4,2
650,,8,1,6,2,4
650,,9,1,6,5,1
650,,10,1,6,3,3
650,,11,1,6,4,2
650,,12,1,6,1,5
650,,13,1,6,6,0
650,,14,1,6,3,3
650,,15,1,6,5,1
650,,0,1,6,4,2
650,,1,1,6,4,2
650,,2,1,6,6,0
650,,3,1,6,2,4
650,,4,1,6,5,1
650,,5,1,6,2,4
650,,6,1,6,4,2
650,,7,1,6,3,3
650,,8,1,6,4,2
650,,9,1,6,2,4
650,,10,1,6,5,1
650,,11,1,6,4,2
650,,12,1,6,2,4
650,,13,1,6,2,4
650,,14,1,6,5,1
650,,15,1,6,4,2
650,,0,1,6,5,1
650,,1,1,6,2,4
650,,2,1,6,3,3
650,,3,1,6,6,0
650,,4,1,6,4,2
650,,5,1,6,3,3
650,,6,1,6,2,4
650,,7,1,6,4,2
650,,8,1,6,4,2
650,,9,1,6,3,3
650,,10,1,6,5,1
650,,11,1,6,5,1
650,,12,1,6,2,4
650,,13,1,6,5,1
650,,14,1,6,4,2
650,,15,1,6,5,1
650,,0,1,6,6,0
650,,1,1,6,6,0
650,,2,1,6,2,4
650,,3,1,6,6,0
650,,4,1,6,4,2
650,,5,1,6,3,3
650,,6,1,6,3,3
650,,7,1,6,2,4
650,,8,1,6,5,1
650,,9,1,6,1,5
650,,10,1,6,3,3
650,,11,1,6,5,1
650,,12,1,6,1,5
650,,13,1,6,6,0
650,,14,1,6,4,2
650,,15,1,6,4,2
650,,0,1,6,6,0
650,,1,1,6,4,2
650,,2,1,6,3,3
650,,3,1,6,2,4
650,,4,1,6,2,4
650,,5,1,6,4,2
650,,6,1,6,2,4
650,,7,1,6,2,4
650,,8,1,6,5,1
650,,9,1,6,3,3
650,,10,1,6,1,5
650,,11,1,6,6,0
650,,12,1,6,2,4
650,,13,1,6,4,2
650,,14,1,6,6,0
650,,15,1,6,5,1
700,,0,1,6,0,6
700,,1,1,6,2,4
700,,2,1,6,2,4
700,,3,1,6,2,4
700,,4,1,6,1,5
700,,5,1,6,0,6
700,,0,1,6,1,5
700,,1,1,6,1,5
700,,2,1,6,3,3
700,,3,1,6,0,6
700,,4,1,6,2,4
700,,5,1,6,0,6
700,,0,1,6,2,4
700,,1,1,6,1,5
700,,2,1,6,0,6
700,,3,1,6,0,6
700,,4,1,6,1,5
700,,5,1,6,0,6
700,,0,1,6,3,3
700,,1,1,6,4,2
700,,2,1,6,1,5
700,,3,1,6,0,6
700,,4,1,6,4,2
700,,5,1,6,0,6
700,,0,1,6,4,2
700,,1,1,6,3,3
700,,2,1,6,2,4
700,,3,1,6,0,6
700,,4,1,6,3,3
700,,5,1,6,1,5
700,,0,1,6,1,5
700,,1,1,6,2,4
700,,2,1,6,2,4
700,,3,1,6,0,6
700,,4,1,6,0,6
700,,5,1,6,1,5
700,,0,1,6,1,5
700,,1,1,6,1,5
700,,2,1,6,0,6
700,,3,1,6,1,5
700,,4,1,6,1,5
700,,5,1,6,2,4
700,,0,1,6,1,5
700,,1,1,6,1,5
700,,2,1,6,1,5
700,,3,1,6,1,5
700,,4,1,6,1,5
700,,5,1,6,3,3
700,,0,1,6,2,4
700,,1,1,6,1,5
700,,2,1,6,1,5
700,,3,1,6,5,1
700,,4,1,6,2,4
700,,5,1,6,3,3
700,,0,1,6,3,3
700,,1,1,6,4,2
700,,2,1,6,0,6
700,,3,1,6,3,3
700,,4,1,6,5,1
700,,5,1,6,4,2
700,,0,1,6,0,6
700,,1,1,6,1,5
700,,2,1,6,0,6
700,,3,1,6,1,5
700,,4,1,6,1,5
700,,5,1,6,0,6
700,,0,1,6,2,4
700,,1,1,6,1,5
700,,2,1,6,1,5
700,,3,1,6,0,6
700,,4,1,6,4,2
700,,5,1,6,1,5
700,,0,1,6,3,3
700,,1,1,6,1,5
700,,2,1,6,0,6
700,,3,1,6,1,5
700,,4,1,6,2,4
700,,5,1,6,0,6
700,,0,1,6,0,6
700,,1,1,6,1,5
700,,2,1,6,0,6
700,,3,1,6,0,6
700,,4,1,6,1,5
700,,5,1,6,1,5
700,,0,1,6,4,2
700,,1,1,6,1,5
700,,2,1,6,0,6
700,,3,1,6,2,4
700,,4,1,6,4,2
700,,5,1,6,1,5
700,,0,1,6,3,3
700,,1,1,6,0,6
700,,2,1,6,0,6
700,,3,1,6,0,6
700,,4,1,6,1,5
700,,5,1,6,2,4
700,,0,1,6,1,5
700,,1,1,6,1,5
700,,2,1,6,0,6
700,,3,1,6,0,6
700,,4,1,6,3,3
700,,5,1,6,2,4
700,,0,1,6,1,5
700,,1,1,6,1,5
700,,2,1,6,0,6
700,,3,1,6,4,2
700,,4,1,6,0,6
700,,5,1,6,0,6
700,,0,1,6,4,2
700,,1,1,6,2,4
700,,2,1,6,3,3
700,,3,1,6,0,6
700,,4,1,6,3,3
700,,5,1,6,3,3
700,,0,1,6,2,4
700,,1,1,6,0,6
700,,2,1,6,1,5
700,,3,1,6,3,3
700,,4,1,6,1,5
700,,5,1,6,2,4
700,,0,1,6,3,3
700,,1,1,6,1,5
700,,2,1,6,1,5
700,,3,1,6,1,5
700,,4,1,6,0,6
700,,5,1,6,1,5
700,,0,1,6,2,4
700,,1,1,6,3,3
700,,2,1,6,5,1
700,,3,1,6,4,2
700,,4,1,6,1,5
700,,5,1,6,2,4
700,,0,1,6,1,5
700,,1,1,6,2,4
700,,2,1,6,4,2
700,,3,1,6,0,6
700,,4,1,6,3,3
700,,5,1,6,1,5
700,,0,1,6,1,5
700,,1,1,6,4,2
700,,2,1,6,5,1
700,,3,1,6,4,2
700,,4,1,6,6,0
700,,5,1,6,3,3
700,,0,1,6,3,3
700,,1,1,6,3,3
700,,2,1,6,1,5
700,,3,1,6,3,3
700,,4,1,6,3,3
700,,5,1,6,2,4
700,,0,1,6,6,0
700,,1,1,6,4,2
700,,2,1,6,5,1
700,,3,1,6,4,2
700,,4,1,6,5,1
700,,5,1,6,4,2
700,,0,1,6,0,6
700,,1,1,6,3,3
700,,2,1,6,3,3
700,,3,1,6,4,2
700,,4,1,6,4,2
700,,5,1,6,4,2
700,,0,1,6,3,3
700,,1,1,6,0,6
700,,2,1,6,3,3
700,,3,1,6,5,1
700,,4,1,6,4,2
700,,5,1,6,3,3
700,,0,1,6,3,3
700,,1,1,6,1,5
700,,2,1,6,4,2
700,,3,1,6,5,1
700,,4,1,6,4,2
700,,5,1,6,2,4
700,,0,1,6,3,3
700,,1,1,6,2,4
700,,2,1,6,4,2
700,,3,1,6,5,1
700,,4,1,6,5,1
700,,5,1,6,6,0
700,,0,1,6,2,4
700,,1,1,6,3,3
700,,2,1,6,4,2
700,,3,1,6,5,1
700,,4,1,6,5,1
700,,5,1,6,3,3
700,,0,1,6,1,5
700,,1,1,6,2,4
700,,2,1,6,5,1
700,,3,1,6,4,2
700,,4,1,6,2,4
700,,5,1,6,3,3
700,,0,1,6,1,5
700,,1,1,6,5,1
700,,2,1,6,2,4
700,,3,1,6,4,2
700,,4,1,6,4,2
700,,5,1,6,3,3
700,,0,1,6,3,3
700,,1,1,6,3,3
700,,2,1,6,3,3
700,,3,1,6,4,2
700,,4,1,6,2,4
700,,5,1,6,5,1
700,,0,1,6,2,4
700,,1,1,6,2,4
700,,2,1,6,4,2
700,,3,1,6,3,3
700,,4,1,6,3,3
700,,5,1,6,6,0
700,,0,1,6,2,4
700,,1,1,6,3,3
700,,2,1,6,5,1
700,,3,1,6,5,1
700,,4,1,6,6,0
700,,5,1,6,3,3
700,,0,1,6,1,5
700,,1,1,6,6,0
700,,2,1,6,4,2
700,,3,1,6,5,1
700,,4,1,6,4,2
700,,5,1,6,2,4
700,,0,1,6,1,5
700,,1,1,6,3,3
700,,2,1,6,3,3
700,,3,1,6,4,2
700,,4,1,6,6,0
700,,5,1,6,3,3
700,,0,1,6,1,5
700,,1,1,6,4,2
700,,2,1,6,5,1
700,,3,1,6,6,0
700,,4,1,6,4,2
700,,5,1,6,3,3
700,,0,1,6,1,5
700,,1,1,6,2,4
700,,2,1,6,4,2
700,,3,1,6,6,0
700,,4,1,6,1,5
700,,5,1,6,4,2
700,,0,1,6,0,6
700,,1,1,6,4,2
700,,2,1,6,6,0
700,,3,1,6,5,1
700,,4,1,6,3,3
700,,5,1,6,3,3
700,,0,1,6,3,3
700,,1,1,6,4,2
700,,2,1,6,6,0
700,,3,1,6,5,1
700,,4,1,6,4,2
700,,5,1,6,4,2
700,,0,1,6,0,6
700,,1,1,6,5,1
700,,2,1,6,6,0
700,,3,1,6,6,0
700,,4,1,6,6,0
700,,5,1,6,6,0
700,,0,1,6,1,5
700,,1,1,6,4,2
700,,2,1,6,6,0
700,,3,1,6,5,1
700,,4,1,6,2,4
700,,5,1,6,4,2
700,,0,1,6,2,4
700,,1,1,6,3,3
700,,2,1,6,3,3
700,,3,1,6,6,0
700,,4,1,6,4,2
700,,5,1,6,5,1
700,,0,1,6,0,6
700,,1,1,6,5,1
700,,2,1,6,4,2
700,,3,1,6,6,0
700,,4,1,6,4,2
700,,5,1,6,4,2
700,,0,1,6,1,5
700,,1,1,6,5,1
700,,2,1,6,4,2
700,,3,1,6,6,0
700,,4,1,6,5,1
700,,5,1,6,1,5
700,,0,1,6,0,6
700,,1,1,6,6,0
700,,2,1,6,5,1
200,,1,1,6,4,2
200,,2,1,6,5,1
200,,3,1,6,5,1
200,,4,1,6,1,5
200,,5,1,6,1,5
200,,6,1,6,0,6
200,,7,1,6,3,3
200,,8,1,6,1,5
200,,9,1,6,2,4
200,,10,1,6,6,0
200,,11,1,6,0,6
200,,12,1,6,0,6
200,,13,1,6,3,3
200,,14,1,6,2,4
200,,15,1,6,4,2
200,,0,1,6,4,2
200,,1,1,6,3,3
200,,2,1,6,5,1
200,,3,1,6,3,3
200,,4,1,6,1,5
200,,5,1,6,0,6
200,,6,1,6,0,6
200,,7,1,6,0,6
200,,8,1,6,2,4
200,,9,1,6,6,0
200,,10,1,6,0,6
200,,11,1,6,5,1
200,,12,1,6,2,4
200,,13,1,6,2,4
200,,14,1,6,0,6
200,,15,1,6,5,1
200,,0,1,6,4,2
200,,1,1,6,5,1
200,,2,1,6,4,2
200,,3,1,6,3,3
200,,4,1,6,3,3
200,,5,1,6,2,4
200,,6,1,6,0,6
200,,7,1,6,3,3
200,,8,1,6,1,5
200,,9,1,6,5,1
200,,10,1,6,3,3
200,,11,1,6,1,5
200,,12,1,6,2,4
200,,13,1,6,3,3
200,,14,1,6,1,5
200,,15,1,6,1,5
200,,0,1,6,2,4
200,,1,1,6,4,2
200,,2,1,6,3,3
200,,3,1,6,6,0
200,,4,1,6,3,3
200,,5,1,6,0,6
200,,6,1,6,1,5
200,,7,1,6,2,4
200,,8,1,6,1,5
200,,9,1,6,2,4
200,,10,1,6,4,2
200,,11,1,6,2,4
200,,12,1,6,3,3
200,,13,1,6,6,0
200,,14,1,6,5,1
200,,15,1,6,4,2
200,,0,1,6,3,3
200,,1,1,6,6,0
200,,2,1,6,2,4
200,,3,1,6,4,2
200,,4,1,6,2,4
200,,5,1,6,4,2
200,,6,1,6,1,5
200,,7,1,6,4,2
200,,8,1,6,5,1
200,,9,1,6,4,2
200,,10,1,6,4,2
200,,11,1,6,3,3
200,,12,1,6,4,2
200,,13,1,6,3,3
200,,14,1,6,1,5
200,,15,1,6,4,2
200,,0,1,6,3,3
200,,1,1,6,5,1
200,,2,1,6,3,3
200,,3,1,6,5,1
200,,4,1,6,2,4
200,,5,1,6,0,6
200,,6,1,6,0,6
200,,7,1,6,2,4
200,,8,1,6,5,1
200,,9,1,6,4,2
200,,10,1,6,3,3
200,,11,1,6,3,3
200,,12,1,6,2,4
200,,13,1,6,6,0
200,,14,1,6,5,1
200,,15,1,6,5,1
200,,0,1,6,2,4
200,,1,1,6,5,1
200,,2,1,6,6,0
200,,3,1,6,5,1
200,,4,1,6,3,3
200,,5,1,6,2,4
200,,6,1,6,2,4
200,,7,1,6,4,2
200,,8,1,6,4,2
200,,9,1,6,5,1
200,,10,1,6,4,2
200,,11,1,6,2,4
200,,12,1,6,3,3
200,,13,1,6,5,1
200,,14,1,6,6,0
200,,15,1,6,6,0
200,,0,1,6,3,3
200,,1,1,6,4,2
200,,2,1,6,4,2
200,,3,1,6,5,1
200,,4,1,6,1,5
200,,5,1,6,2,4
200,,6,1,6,0,6
200,,7,1,6,6,0
200,,8,1,6,4,2
200,,9,1,6,5,1
200,,10,1,6,6,0
200,,11,1,6,4,2
200,,12,1,6,3,3
200,,13,1,6,6,0
200,,14,1,6,3,3
200,,15,1,6,6,0
200,,0,1,6,5,1
200,,1,1,6,6,0
200,,2,1,6,6,0
200,,3,1,6,5,1
200,,4,1,6,3,3
200,,5,1,6,2,4
200,,6,1,6,3,3
200,,7,1,6,3,3
200,,8,1,6,2,4
200,,9,1,6,6,0
200,,10,1,6,3,3
200,,11,1,6,3,3
200,,12,1,6,5,1
200,,13,1,6,3,3
200,,14,1,6,3,3
200,,15,1,6,6,0
200,,0,1,6,3,3
200,,1,1,6,4,2
200,,2,1,6,5,1
200,,3,1,6,6,0
200,,4,1,6,5,1
200,,5,1,6,1,5
200,,6,1,6,4,2
200,,7,1,6,4,2
200,,8,1,6,3,3
200,,9,1,6,4,2
200,,10,1,6,5,1
200,,11,1,6,3,3
200,,12,1,6,4,2
200,,13,1,6,6,0
200,,14,1,6,5,1
200,,15,1,6,5,1
200,,0,1,6,4,2
200,,1,1,6,6,0
200,,2,1,6,6,0
200,,3,1,6,5,1
200,,4,1,6,1,5
200,,5,1,6,4,2
200,,6,1,6,2,4
200,,7,1,6,0,6
200,,8,1,6,5,1
200,,9,1,6,3,3
200,,10,1,6,5,1
200,,11,1,6,4,2
200,,12,1,6,3,3
200,,13,1,6,3,3
200,,14,1,6,5,1
200,,15,1,6,6,0
200,,0,1,6,2,4
200,,1,1,6,3,3
200,,2,1,6,6,0
200,,3,1,6,3,3
200,,4,1,6,6,0
200,,5,1,6,2,4
200,,6,1,6,3,3
200,,7,1,6,6,0
200,,8,1,6,3,3
200,,9,1,6,4,2
200,,10,1,6,5,1
200,,11,1,6,6,0
200,,12,1,6,4,2
200,,13,1,6,6,0
200,,14,1,6,5,1
200,,15,1,6,4,2
200,,0,1,6,6,0
200,,1,1,6,5,1
200,,2,1,6,6,0
200,,3,1,6,3,3
200,,4,1,6,4,2
200,,5,1,6,6,0
200,,6,1,6,6,0
200,,7,1,6,2,4
200,,8,1,6,6,0
200,,9,1,6,4,2
200,,10,1,6,5,1
200,,11,1,6,4,2
200,,12,1,6,6,0
200,,13,1,6,3,3
200,,14,1,6,4,2
200,,15,1,6,4,2
200,,0,1,6,5,1
200,,1,1,6,5,1
200,,2,1,6,3,3
200,,3,1,6,5,1
200,,4,1,6,6,0
200,,5,1,6,1,5
200,,6,1,6,6,0
200,,7,1,6,1,5
200,,8,1,6,2,4
200,,9,1,6,4,2
200,,10,1,6,3,3
200,,11,1,6,4,2
200,,12,1,6,5,1
200,,13,1,6,5,1
200,,14,1,6,5,1
200,,15,1,6,6,0
200,,0,1,6,5,1
200,,1,1,6,6,0
200,,2,1,6,5,1
200,,3,1,6,4,2
200,,4,1,6,4,2
200,,5,1,6,3,3
200,,6,1,6,2,4
200,,7,1,6,3,3
200,,8,1,6,5,1
200,,9,1,6,5,1
200,,10,1,6,6,0
200,,11,1,6,4,2
200,,12,1,6,5,1
200,,13,1,6,5,1
200,,14,1,6,4,2
200,,15,1,6,4,2
200,,0,1,6,4,2
200,,1,1,6,5,1
200,,2,1,6,1,5
200,,3,1,6,4,2
200,,4,1,6,5,1
200,,5,1,6,2,4
200,,6,1,6,4,2
200,,7,1,6,4,2
200,,8,1,6,2,4
200,,9,1,6,4,2
200,,10,1,6,4,2
200,,11,1,6,6,0
200,,12,1,6,4,2
200,,13,1,6,5,1
200,,14,1,6,5,1
200,,15,1,6,4,2
200,,0,1,6,4,2
200,,1,1,6,6,0
200,,2,1,6,3,3
200,,3,1,6,6,0
200,,4,1,6,4,2
200,,5,1,6,3,3
200,,6,1,6,4,2
200,,7,1,6,3,3
200,,8,1,6,4,2
200,,9,1,6,5,1
200,,10,1,6,3,3
200,,11,1,6,1,5
200,,12,1,6,4,2
200,,13,1,6,6,0
200,,14,1,6,4,2
200,,15,1,6,4,2
200,,0,1,6,1,5
200,,1,1,6,5,1
200,,2,1,6,4,2
200,,3,1,6,2,4
200,,4,1,6,4,2
200,,5,1,6,2,4
200,,6,1,6,4,2
200,,7,1,6,1,5
200,,8,1,6,3,3
200,,9,1,6,3,3
200,,10,1,6,4,2
200,,11,1,6,6,0
200,,12,1,6,6,0
200,,13,1,6,1,5
200,,14,1,6,5,1
200,,15,1,6,5,1
200,,0,1,6,6,0
200,,1,1,6,5,1
200,,2,1,6,5,1
200,,3,1,6,4,2
200,,4,1,6,5,1
200,,5,1,6,1,5
200,,6,1,6,6,0
200,,7,1,6,4,2
200,,8,1,6,3,3
200,,9,1,6,4,2
200,,10,1,6,5,1
200,,11,1,6,6,0
200,,12,1,6,6,0
200,,13,1,6,4,2
200,,14,1,6,6,0
200,,15,1,6,5,1
200,,0,1,6,5,1
200,,1,1,6,5,1
200,,2,1,6,2,4
200,,3,1,6,4,2
200,,4,1,6,5,1
200,,5,1,6,4,2
200,,6,1,6,6,0
200,,7,1,6,4,2
200,,8,1,6,4,2
200,,9,1,6,5,1
200,,10,1,6,4,2
200,,11,1,6,3,3
200,,12,1,6,6,0
200,,13,1,6,5,1
200,,14,1,6,5,1
200,,15,1,6,2,4
200,,0,1,6,4,2
200,,1,1,6,4,2
200,,2,1,6,5,1
200,,3,1,6,5,1
200,,4,1,6,4,2
200,,5,1,6,3,3
200,,6,1,6,4,2
200,,7,1,6,3,3
200,,8,1,6,3,3
200,,9,1,6,4,2
200,,10,1,6,5,1
200,,11,1,6,4,2
200,,12,1,6,6,0
200,,13,1,6,6,0
200,,14,1,6,4,2
200,,15,1,6,3,3
200,,0,1,6,4,2
200,,1,1,6,4,2
200,,2,1,6,5,1
200,,3,1,6,5,1
200,,4,1,6,4,2
200,,5,1,6,2,4
200,,6,1,6,5,1
200,,7,1,6,5,1
200,,8,1,6,3,3
200,,9,1,6,3,3
200,,10,1,6,5,1
200,,11,1,6,4,2
200,,12,1,6,5,1
200,,13,1,6,3,3
200,,14,1,6,5,1
200,,15,1,6,5,1
200,,0,1,6,6,0
200,,1,1,6,4,2
200,,2,1,6,3,3
200,,3,1,6,6,0
200,,4,1,6,5,1
200,,5,1,6,1,5
200,,6,1,6,5,1
200,,7,1,6,2,4
200,,8,1,6,6,0
200,,9,1,6,4,2
200,,10,1,6,6,0
200,,11,1,6,3,3
200,,12,1,6,5,1
200,,13,1,6,6,0
200,,14,1,6,6,0
200,,15,1,6,4,2
200,,0,1,6,6,0
200,,1,1,6,5,1
200,,2,1,6,6,0
200,,3,1,6,5,1
200,,4,1,6,6,0
200,,5,1,6,4,2
200,,6,1,6,4,2
200,,7,1,6,3,3
200,,8,1,6,3,3
200,,9,1,6,4,2
200,,10,1,6,6,0
200,,11,1,6,5,1
200,,12,1,6,6,0
200,,13,1,6,5,1
200,,14,1,6,3,3
200,,15,1,6,4,2
200,,0,1,6,6,0
200,,1,1,6,6,0
200,,2,1,6,5,1
200,,3,1,6,5,1
200,,4,1,6,5,1
200,,5,1,6,4,2
200,,6,1,6,5,1
200,,7,1,6,5,1
200,,8,1,6,4,2
200,,9,1,6,5,1
200,,10,1,6,5,1
200,,11,1,6,5,1
200,,12,1,6,5,1
200,,13,1,6,5,1
200,,14,1,6,5,1
200,,15,1,6,5,1
200,,0,1,6,3,3
200,,1,1,6,5,1
200,,2,1,6,5,1
200,,3,1,6,5,1
200,,4,1,6,3,3
200,,5,1,6,1,5
200,,6,1,6,4,2
200,,7,1,6,2,4
200,,8,1,6,4,2
200,,9,1,6,5,1
200,,10,1,6,6,0
200,,11,1,6,3,3
200,,12,1,6,6,0
200,,13,1,6,5,1
200,,14,1,6,5,1
200,,15,1,6,4,2
200,,0,1,6,5,1
200,,1,1,6,5,1
200,,2,1,6,6,0
200,,3,1,6,5,1
200,,4,1,6,4,2
200,,5,1,6,3,3
200,,6,1,6,5,1
200,,7,1,6,5,1
200,,8,1,6,5,1
200,,9,1,6,3,3
200,,10,1,6,5,1
200,,11,1,6,2,4
200,,12,1,6,6,0
200,,13,1,6,6,0
200,,14,1,6,5,1
200,,15,1,6,5,1
200,,0,1,6,6,0
200,,1,1,6,6,0
200,,2,1,6,5,1
200,,3,1,6,5,1
200,,4,1,6,3,3
200,,5,1,6,1,5
200,,6,1,6,3,3
200,,7,1,6,4,2
200,,8,1,6,5,1
200,,9,1,6,4,2
200,,10,1,6,4,2
200,,11,1,6,6,0
200,,12,1,6,5,1
200,,13,1,6,6,0
200,,14,1,6,3,3
200,,15,1,6,5,1
200,,0,1,6,4,2
200,,1,1,6,4,2
200,,2,1,6,5,1
200,,3,1,6,3,3
200,,4,1,6,5,1
200,,5,1,6,3,3
200,,6,1,6,6,0
200,,7,1,6,4,2
200,,8,1,6,5,1
200,,9,1,6,6,0
200,,10,1,6,4,2
200,,11,1,6,5,1
200,,12,1,6,5,1
200,,13,1,6,6,0
200,,14,1,6,6,0
200,,15,1,6,6,0
200,,0,1,6,3,3
200,,1,1,6,5,1
200,,2,1,6,5,1
200,,3,1,6,6,0
200,,4,1,6,5,1
200,,5,1,6,4,2
200,,6,1,6,2,4
200,,7,1,6,5,1
200,,8,1,6,3,3
200,,9,1,6,2,4
200,,10,1,6,4,2
200,,11,1,6,3,3
200,,12,1,6,5,1
200,,13,1,6,6,0
200,,14,1,6,5,1
200,,15,1,6,6,0
200,,0,1,6,4,2
200,,1,1,6,6,0
200,,2,1,6,5,1
200,,3,1,6,5,1
200,,4,1,6,5,1
200,,5,1,6,3,3
200,,6,1,6,3,3
200,,7,1,6,3,3
200,,8,1,6,1,5
200,,9,1,6,6,0
200,,10,1,6,4,2
200,,11,1,6,4,2
200,,12,1,6,5,1
200,,13,1,6,5,1
200,,14,1,6,4,2
200,,15,1,6,5,1
200,,0,1,6,4,2
200,,1,1,6,6,0
200,,2,1,6,4,2
200,,3,1,6,4,2
200,,4,1,6,3,3
700,,3,1,6,5,1
700,,4,1,6,4,2
700,,5,1,6,3,3
700,,0,1,6,1,5
700,,1,1,6,5,1
700,,2,1,6,5,1
700,,3,1,6,4,2
700,,4,1,6,4,2
700,,5,1,6,6,0
700,,0,1,6,0,6
700,,1,1,6,5,1
700,,2,1,6,1,5
700,,3,1,6,4,2
700,,4,1,6,1,5
700,,5,1,6,5,1
700,,0,1,6,0,6
700,,1,1,6,5,1
700,,2,1,6,2,4
700,,3,1,6,2,4
700,,4,1,6,4,2
700,,5,1,6,2,4
700,,0,1,6,3,3
700,,1,1,6,3,3
700,,2,1,6,2,4
700,,3,1,6,5,1
700,,4,1,6,4,2
700,,5,1,6,6,0
700,,0,1,6,1,5
700,,1,1,6,4,2
700,,2,1,6,4,2
700,,3,1,6,3,3
700,,4,1,6,1,5
700,,5,1,6,1,5
700,,0,1,6,4,2
700,,1,1,6,3,3
700,,2,1,6,2,4
700,,3,1,6,4,2
700,,4,1,6,2,4
700,,5,1,6,2,4
700,,0,1,6,2,4
700,,1,1,6,5,1
700,,2,1,6,2,4
700,,3,1,6,4,2
700,,4,1,6,1,5
700,,5,1,6,2,4
700,,0,1,6,1,5
700,,1,1,6,3,3
700,,2,1,6,4,2
700,,3,1,6,5,1
700,,4,1,6,3,3
700,,5,1,6,3,3
700,,0,1,6,0,6
700,,1,1,6,3,3
700,,2,1,6,1,5
700,,3,1,6,5,1
700,,4,1,6,1,5
700,,5,1,6,1,5
700,,0,1,6,2,4
700,,1,1,6,2,4
700,,2,1,6,1,5
700,,3,1,6,6,0
700,,4,1,6,1,5
700,,5,1,6,2,4
700,,0,1,6,1,5
700,,1,1,6,1,5
700,,2,1,6,2,4
700,,3,1,6,4,2
700,,4,1,6,0,6
700,,5,1,6,3,3
750,,0,1,6,1,5
750,,0,1,6,0,6
750,,0,1,6,0,6
750,,0,1,6,0,6
750,,0,1,6,1,5
750,,0,1,6,1,5
750,,0,1,6,0,6
750,,0,1,6,0,6
750,,0,1,6,0,6
750,,0,1,6,0,6
750,,0,1,6,2,4
750,,0,1,6,0,6
750,,0,1,6,1,5
750,,0,1,6,0,6
750,,0,1,6,1,5
750,,0,1,6,1,5
750,,0,1,6,1,5
750,,0,1,6,0,6
750,,0,1,6,1,5
750,,0,1,6,5,1
750,,0,1,6,0,6
750,,0,1,6,3,3
750,,0,1,6,3,3
750,,0,1,6,1,5
750,,0,1,6,4,2
750,,0,1,6,2,4
750,,0,1,6,3,3
750,,0,1,6,3,3
750,,0,1,6,4,2
750,,0,1,6,5,1
750,,0,1,6,5,1
750,,0,1,6,6,0
750,,0,1,6,5,1
750,,0,1,6,3,3
750,,0,1,6,2,4
750,,0,1,6,3,3
750,,0,1,6,3,3
750,,0,1,6,2,4
750,,0,1,6,0,6
750,,0,1,6,1,5
750,,0,1,6,6,0
750,,0,1,6,3,3
750,,0,1,6,0,6
750,,0,1,6,1,5
750,,0,1,6,1,5
750,,0,1,6,1,5
750,,0,1,6,2,4
750,,0,1,6,0,6
750,,0,1,6,0,6
750,,0,1,6,1,5
750,,0,1,6,0,6
750,,0,1,6,0,6
750,,0,1,6,4,2
750,,0,1,6,0,6
750,,0,1,6,0,6
750,,0,1,6,0,6
750,,0,1,6,1,5
750,,0,1,6,5,1
750,,0,1,6,0,6
800,,0,1,6,1,5
800,,0,1,6,0,6
800,,0,1,6,2,4
800,,0,1,6,1,5
800,,0,1,6,0,6
800,,0,1,6,1,5
800,,0,1,6,0,6
800,,0,1,6,0,6
800,,0,1,6,4,2
800,,0,1,6,2,4
800,,0,1,6,1,5
800,,0,1,6,2,4
800,,0,1,6,1,5
800,,0,1,6,1,5
800,,0,1,6,0,6
800,,0,1,6,1,5
800,,0,1,6,0,6
800,,0,1,6,0,6
800,,0,1,6,0,6
800,,0,1,6,1,5
800,,0,1,6,0,6
800,,0,1,6,1,5
800,,0,1,6,1,5
800,,0,1,6,1,5
800,,0,1,6,0,6
800,,0,1,6,1,5
800,,0,1,6,1,5
800,,0,1,6,0,6
800,,0,1,6,1,5
800,,0,1,6,2,4
800,,0,1,6,2,4
800,,0,1,6,1,5
800,,0,1,6,3,3
800,,0,1,6,1,5
800,,0,1,6,2,4
800,,0,1,6,1,5
800,,0,1,6,1,5
800,,0,1,6,1,5
800,,0,1,6,2,4
800,,0,1,6,2,4
800,,0,1,6,3,3
800,,0,1,6,0,6
800,,0,1,6,2,4
800,,0,1,6,2,4
800,,0,1,6,2,4
800,,0,1,6,0,6
800,,0,1,6,0,6
800,,0,1,6,1,5
800,,0,1,6,2,4
800,,0,1,6,0,6
800,,0,1,6,1,5
800,,0,1,6,0,6
800,,0,1,6,1,5
800,,0,1,6,0,6
800,,0,1,6,1,5
800,,0,1,6,0,6
800,,0,1,6,1,5
800,,0,1,6,2,4
800,,0,1,6,1,5
850,,0,1,6,0,6
850,,0,1,6,1,5
850,,0,1,6,1,5
850,,0,1,6,0,6
850,,0,1,6,1,5
850,,0,1,6,1,5
850,,0,1,6,0,6
850,,0,1,6,1,5
850,,0,1,6,0,6
850,,0,1,6,0,6
850,,0,1,6,0,6
850,,0,1,6,5,1
850,,0,1,6,0,6
850,,0,1,6,1,5
850,,0,1,6,0,6
850,,0,1,6,2,4
850,,0,1,6,0,6
850,,0,1,6,3,3
850,,0,1,6,1,5
850,,0,1,6,1,5
850,,0,1,6,2,4
850,,0,1,6,1,5
850,,0,1,6,5,1
850,,0,1,6,0,6
850,,0,1,6,3,3
850,,0,1,6,3,3
850,,0,1,6,4,2
850,,0,1,6,0,6
850,,0,1,6,0,6
850,,0,1,6,0,6
850,,0,1,6,1,5
850,,0,1,6,0,6
850,,0,1,6,0,6
850,,0,1,6,2,4
850,,0,1,6,0,6
850,,0,1,6,1,5
850,,0,1,6,0,6
850,,0,1,6,1,5
850,,0,1,6,0,6
850,,0,1,6,1,5
850,,0,1,6,1,5
850,,0,1,6,1,5
850,,0,1,6,1,5
850,,0,1,6,1,5
850,,0,1,6,2,4
850,,0,1,6,0,6
850,,0,1,6,1,5
850,,0,1,6,0,6
850,,0,1,6,1,5
850,,0,1,6,2,4
850,,0,1,6,0,6
850,,0,1,6,2,4
850,,0,1,6,0,6
850,,0,1,6,1,5
850,,0,1,6,2,4
850,,0,1,6,0,6
850,,0,1,6,1,5
850,,0,1,6,0,6
850,,0,1,6,2,4
900,,0,1,6,2,4
900,,0,1,6,1,5
900,,0,1,6,1,5
900,,0,1,6,1,5
900,,0,1,6,1,5
900,,0,1,6,1,5
900,,0,1,6,0,6
900,,0,1,6,0,6
900,,0,1,6,1,5
900,,0,1,6,1,5
900,,0,1,6,1,5
900,,0,1,6,0,6
900,,0,1,6,0,6
900,,0,1,6,0,6
900,,0,1,6,0,6
900,,0,1,6,2,4
900,,0,1,6,0,6
900,,0,1,6,1,5
900,,0,1,6,2,4
900,,0,1,6,1,5
900,,0,1,6,0,6
900,,0,1,6,0,6
900,,0,1,6,0,6
900,,0,1,6,2,4
900,,0,1,6,3,3
900,,0,1,6,1,5
900,,0,1,6,4,2
900,,0,1,6,3,3
900,,0,1,6,0,6
900,,0,1,6,1,5
900,,0,1,6,1,5
900,,0,1,6,2,4
900,,0,1,6,1,5
900,,0,1,6,1,5
900,,0,1,6,2,4
900,,0,1,6,1,5
900,,0,1,6,1,5
900,,0,1,6,1,5
900,,0,1,6,0,6
900,,0,1,6,0,6
900,,0,1,6,1,5
900,,0,1,6,1,5
900,,0,1,6,1,5
900,,0,1,6,0,6
900,,0,1,6,0,6
900,,0,1,6,0,6
900,,0,1,6,1,5
900,,0,1,6,1,5
900,,0,1,6,0,6
900,,0,1,6,1,5
900,,0,1,6,1,5
900,,0,1,6,1,5
900,,0,1,6,0,6
900,,0,1,6,0,6
900,,0,1,6,0,6
900,,0,1,6,0,6
900,,0,1,6,1,5
900,,0,1,6,0,6
900,,0,1,6,1,5
950,,0,1,6,3,3
950,,0,1,6,1,5
950,,0,1,6,0,6
950,,0,1,6,2,4
950,,0,1,6,0,6
950,,0,1,6,1,5
950,,0,1,6,2,4
950,,0,1,6,0,6
950,,0,1,6,0,6
950,,0,1,6,1,5
950,,0,1,6,0,6
950,,0,1,6,1,5
950,,0,1,6,0,6
950,,0,1,6,0,6
950,,0,1,6,1,5
950,,0,1,6,0,6
950,,0,1,6,0,6
950,,0,1,6,0,6
950,,0,1,6,2,4
950,,0,1,6,0,6
950,,0,1,6,0,6
950,,0,1,6,0,6
950,,0,1,6,0,6
950,,0,1,6,1,5
950,,0,1,6,1,5
950,,0,1,6,1,5
950,,0,1,6,1,5
950,,0,1,6,1,5
950,,0,1,6,1,5
950,,0,1,6,1,5
950,,0,1,6,1,5
950,,0,1,6,1,5
950,,0,1,6,1,5
950,,0,1,6,2,4
950,,0,1,6,2,4
950,,0,1,6,4,2
950,,0,1,6,2,4
950,,0,1,6,0,6
950,,0,1,6,1,5
950,,0,1,6,2,4
950,,0,1,6,1,5
950,,0,1,6,0,6
950,,0,1,6,4,2
950,,0,1,6,1,5
950,,0,1,6,1,5
950,,0,1,6,1,5
950,,0,1,6,1,5
950,,0,1,6,1,5
950,,0,1,6,2,4
950,,0,1,6,1,5
950,,0,1,6,4,2
950,,0,1,6,1,5
950,,0,1,6,0,6
950,,0,1,6,0,6
950,,0,1,6,0,6
950,,0,1,6,0,6
950,,0,1,6,1,5
950,,0,1,6,1,5
950,,0,1,6,0,6
1000,,0,1,6,1,5
1000,,0,1,6,1,5
1000,,0,1,6,1,5
1000,,0,1,6,2,4
1000,,0,1,6,0,6
1000,,0,1,6,2,4
1000,,0,1,6,3,3
1000,,0,1,6,1,5
1000,,0,1,6,1,5
1000,,0,1,6,6,0
1000,,0,1,6,1,5
1000,,0,1,6,0,6
1000,,0,1,6,1,5
1000,,0,1,6,1,5
1000,,0,1,6,0,6
1000,,0,1,6,1,5
1000,,0,1,6,0,6
1000,,0,1,6,1,5
1000,,0,1,6,1,5
1000,,0,1,6,0,6
1000,,0,1,6,0,6
1000,,0,1,6,0,6
1000,,0,1,6,2,4
1000,,0,1,6,0,6
1000,,0,1,6,0,6
1000,,0,1,6,0,6
1000,,0,1,6,0,6
1000,,0,1,6,0,6
1000,,0,1,6,0,6
1000,,0,1,6,1,5
1000,,0,1,6,1,5
1000,,0,1,6,1,5
1000,,0,1,6,1,5
1000,,0,1,6,2,4
1000,,0,1,6,0,6
1000,,0,1,6,1,5
1000,,0,1,6,2,4
1000,,0,1,6,1,5
1000,,0,1,6,0,6
1000,,0,1,6,1,5
1000,,0,1,6,0,6
1000,,0,1,6,1,5
1000,,0,1,6,0,6
1000,,0,1,6,0,6
1000,,0,1,6,1,5
1000,,0,1,6,1,5
1000,,0,1,6,0,6
1000,,0,1,6,1,5
1000,,0,1,6,1,5
1000,,0,1,6,0,6
1000,,0,1,6,1,5
1000,,0,1,6,1,5
1000,,0,1,6,1,5
1000,,0,1,6,0,6
1000,,0,1,6,2,4
1000,,0,1,6,0,6
1000,,0,1,6,1,5
1000,,0,1,6,1,5
1000,,0,1,6,0,6
1050,,0,1,6,1,5
1050,,0,1,6,1,5
1050,,0,1,6,0,6
1050,,0,1,6,2,4
1050,,0,1,6,0,6
1050,,0,1,6,1,5
1050,,0,1,6,2,4
1050,,0,1,6,1,5
1050,,0,1,6,0,6
1050,,0,1,6,1,5
1050,,0,1,6,0,6
1050,,0,1,6,0,6
1050,,0,1,6,0,6
1050,,0,1,6,0,6
1050,,0,1,6,0,6
1050,,0,1,6,1,5
1050,,0,1,6,0,6
1050,,0,1,6,0,6
1050,,0,1,6,2,4
1050,,0,1,6,0,6
1050,,0,1,6,1,5
1050,,0,1,6,0,6
1050,,0,1,6,0,6
1050,,0,1,6,0,6
1050,,0,1,6,1,5
1050,,0,1,6,0,6
1050,,0,1,6,0,6
1050,,0,1,6,1,5
1050,,0,1,6,1,5
1050,,0,1,6,1,5
1050,,0,1,6,1,5
1050,,0,1,6,1,5
1050,,0,1,6,0,6
1050,,0,1,6,2,4
1050,,0,1,6,2,4
1050,,0,1,6,0,6
1050,,0,1,6,2,4
1050,,0,1,6,0,6
1050,,0,1,6,1,5
1050,,0,1,6,1,5
1050,,0,1,6,1,5
1050,,0,1,6,1,5
1050,,0,1,6,1,5
1050,,0,1,6,1,5
1050,,0,1,6,2,4
1050,,0,1,6,1,5
1050,,0,1,6,1,5
1050,,0,1,6,1,5
1050,,0,1,6,0,6
1050,,0,1,6,2,4
1050,,0,1,6,1,5
1050,,0,1,6,1,5
1050,,0,1,6,0,6
1050,,0,1,6,3,3
1050,,0,1,6,1,5
1050,,0,1,6,0,6
1050,,0,1,6,0,6
1050,,0,1,6,2,4
1050,,0,1,6,0,6
1100,,0,1,6,3,3
1100,,0,1,6,1,5
1100,,0,1,6,0,6
1100,,0,1,6,2,4
1100,,0,1,6,0,6
1100,,0,1,6,1,5
1100,,0,1,6,2,4
1100,,0,1,6,1,5
1100,,0,1,6,0,6
1100,,0,1,6,1,5
1100,,0,1,6,1,5
1100,,0,1,6,0,6
1100,,0,1,6,0,6
1100,,0,1,6,0,6
1100,,0,1,6,0,6
1100,,0,1,6,1,5
1100,,0,1,6,0,6
1100,,0,1,6,0,6
1100,,0,1,6,1,5
1100,,0,1,6,1,5
1100,,0,1,6,1,5
1100,,0,1,6,0,6
1100,,0,1,6,1,5
1100,,0,1,6,0,6
1100,,0,1,6,1,5
1100,,0,1,6,0,6
1100,,0,1,6,0,6
1100,,0,1,6,1,5
1100,,0,1,6,1,5
1100,,0,1,6,1,5
1100,,0,1,6,1,5
1100,,0,1,6,1,5
1100,,0,1,6,0,6
1100,,0,1,6,1,5
1100,,0,1,6,0,6
1100,,0,1,6,0,6
1100,,0,1,6,1,5
1100,,0,1,6,0,6
1100,,0,1,6,0,6
1100,,0,1,6,0,6
1100,,0,1,6,1,5
1100,,0,1,6,0,6
1100,,0,1,6,1,5
1100,,0,1,6,1,5
1100,,0,1,6,0,6
1100,,0,1,6,1,5
1100,,0,1,6,2,4
1100,,0,1,6,0,6
1100,,0,1,6,1,5
1100,,0,1,6,2,4
1100,,0,1,6,1,5
1100,,0,1,6,2,4
1100,,0,1,6,1,5
1100,,0,1,6,1,5
1100,,0,1,6,0,6
1100,,0,1,6,0,6
1100,,0,1,6,1,5
1100,,0,1,6,2,4
1100,,0,1,6,1,5
1150,,0,1,6,1,5
1150,,0,1,6,1,5
1150,,0,1,6,1,5
1150,,0,1,6,2,4
1150,,0,1,6,1,5
1150,,0,1,6,2,4
1150,,0,1,6,1,5
1150,,0,1,6,1,5
1150,,0,1,6,1,5
1150,,0,1,6,5,1
1150,,0,1,6,2,4
1150,,0,1,6,1,5
1150,,0,1,6,1,5
1150,,0,1,6,1,5
1150,,0,1,6,0,6
1150,,0,1,6,0,6
1150,,0,1,6,1,5
1150,,0,1,6,1,5
1150,,0,1,6,1,5
1150,,0,1,6,1,5
1150,,0,1,6,0,6
1150,,0,1,6,1,5
1150,,0,1,6,1,5
1150,,0,1,6,0,6
1150,,0,1,6,0,6
1150,,0,1,6,0,6
1150,,0,1,6,0,6
1150,,0,1,6,0,6
1150,,0,1,6,0,6
1150,,0,1,6,2,4
1150,,0,1,6,0,6
1150,,0,1,6,0,6
1150,,0,1,6,0,6
1150,,0,1,6,1,5
1150,,0,1,6,0,6
1150,,0,1,6,0,6
1150,,0,1,6,1,5
1150,,0,1,6,1,5
1150,,0,1,6,1,5
1150,,0,1,6,1,5
1150,,0,1,6,1,5
1150,,0,1,6,1,5
1150,,0,1,6,1,5
1150,,0,1,6,1,5
1150,,0,1,6,0,6
1150,,0,1,6,1,5
1150,,0,1,6,2,4
1150,,0,1,6,1,5
1150,,0,1,6,1,5
1150,,0,1,6,0,6
1150,,0,1,6,0,6
1150,,0,1,6,1,5
1150,,0,1,6,0,6
1150,,0,1,6,1,5
1150,,0,1,6,0,6
1150,,0,1,6,0,6
1150,,0,1,6,1,5
1150,,0,1,6,0,6
1150,,0,1,6,1,5
1200,,0,1,6,2,4
1200,,0,1,6,0,6
1200,,0,1,6,1,5
1200,,0,1,6,0,6
1200,,0,1,6,2,4
1200,,0,1,6,0,6
1200,,0,1,6,1,5
1200,,0,1,6,2,4
1200,,0,1,6,0,6
1200,,0,1,6,3,3
1200,,0,1,6,1,5
1200,,0,1,6,1,5
1200,,0,1,6,2,4
1200,,0,1,6,0,6
1200,,0,1,6,0,6
1200,,0,1,6,0,6
1200,,0,1,6,1,5
1200,,0,1,6,1,5
1200,,0,1,6,0,6
1200,,0,1,6,0,6
1200,,0,1,6,1,5
1200,,0,1,6,1,5
1200,,0,1,6,2,4
1200,,0,1,6,0,6
1200,,0,1,6,1,5
1200,,0,1,6,1,5
1200,,0,1,6,1,5
1200,,0,1,6,0,6
1200,,0,1,6,2,4
1200,,0,1,6,1,5
1200,,0,1,6,2,4
1200,,0,1,6,2,4
1200,,0,1,6,3,3
1200,,0,1,6,4,2
1200,,0,1,6,3,3
1200,,0,1,6,5,1
1200,,0,1,6,2,4
1200,,0,1,6,3,3
1200,,0,1,6,4,2
1200,,0,1,6,5,1
1200,,0,1,6,2,4
1200,,0,1,6,5,1
1200,,0,1,6,2,4
1200,,0,1,6,2,4
1200,,0,1,6,0,6
1200,,0,1,6,0,6
1200,,0,1,6,1,5
1200,,0,1,6,1,5
1200,,0,1,6,1,5
1200,,0,1,6,0,6
1200,,0,1,6,1,5
1200,,0,1,6,0,6
1200,,0,1,6,3,3
1200,,0,1,6,0,6
1200,,0,1,6,2,4
1200,,0,1,6,2,4
1200,,0,1,6,0,6
1200,,0,1,6,1,5
1200,,0,1,6,3,3
1250,,0,1,6,0,6
1250,,0,1,6,2,4
1250,,0,1,6,2,4
1250,,0,1,6,2,4
1250,,0,1,6,4,2
1250,,0,1,6,4,2
1250,,0,1,6,3,3
1250,,0,1,6,1,5
1250,,0,1,6,0,6
1250,,0,1,6,1,5
1250,,0,1,6,2,4
1250,,0,1,6,1,5
1250,,0,1,6,1,5
1250,,0,1,6,0,6
1250,,0,1,6,1,5
1250,,0,1,6,0,6
1250,,0,1,6,1,5
1250,,0,1,6,0,6
1250,,0,1,6,1,5
1250,,0,1,6,1,5
1250,,0,1,6,1,5
1250,,0,1,6,0,6
1250,,0,1,6,1,5
1250,,0,1,6,1,5
1250,,0,1,6,1,5
1250,,0,1,6,1,5
1250,,0,1,6,2,4
1250,,0,1,6,0,6
1250,,0,1,6,0,6
1250,,0,1,6,1,5
1250,,0,1,6,2,4
1250,,0,1,6,1,5
1250,,0,1,6,1,5
1250,,0,1,6,0,6
1250,,0,1,6,1,5
1250,,0,1,6,0,6
1250,,0,1,6,0,6
1250,,0,1,6,1,5
1250,,0,1,6,1,5
1250,,0,1,6,0,6
1250,,0,1,6,0,6
1250,,0,1,6,1,5
1250,,0,1,6,2,4
1250,,0,1,6,0,6
1250,,0,1,6,1,5
1250,,0,1,6,1,5
1250,,0,1,6,1,5
1250,,0,1,6,2,4
1250,,0,1,6,1,5
1250,,0,1,6,1,5
1250,,0,1,6,1,5
1250,,0,1,6,1,5
1250,,0,1,6,1,5
1250,,0,1,6,0,6
1250,,0,1,6,1,5
1250,,0,1,6,1,5
1250,,0,1,6,2,4
1250,,0,1,6,0,6
1250,,0,1,6,0,6
1300,,0,1,6,2,4
1300,,0,1,6,0,6
1300,,0,1,6,1,5
1300,,0,1,6,0,6
1300,,0,1,6,2,4
1300,,0,1,6,0,6
1300,,0,1,6,1,5
1300,,0,1,6,2,4
1300,,0,1,6,0,6
1300,,0,1,6,1,5
1300,,0,1,6,1,5
1300,,0,1,6,0,6
1300,,0,1,6,2,4
1300,,0,1,6,0,6
1300,,0,1,6,1,5
1300,,0,1,6,0,6
1300,,0,1,6,1,5
1300,,0,1,6,1,5
1300,,0,1,6,1,5
1300,,0,1,6,0,6
1300,,0,1,6,1,5
1300,,0,1,6,1,5
1300,,0,1,6,0,6
1300,,0,1,6,1,5
1300,,0,1,6,1,5
1300,,0,1,6,0,6
1300,,0,1,6,3,3
1300,,0,1,6,2,4
1300,,0,1,6,3,3
1300,,0,1,6,0,6
1300,,0,1,6,0,6
1300,,0,1,6,1,5
1300,,0,1,6,0,6
1300,,0,1,6,1,5
1300,,0,1,6,0,6
1300,,0,1,6,0,6
1300,,0,1,6,1,5
1300,,0,1,6,1,5
1300,,0,1,6,0,6
1300,,0,1,6,1,5
1300,,0,1,6,1,5
1300,,0,1,6,2,4
1300,,0,1,6,1,5
1300,,0,1,6,1,5
1300,,0,1,6,1,5
1300,,0,1,6,0,6
1300,,0,1,6,0,6
1300,,0,1,6,0,6
1300,,0,1,6,0,6
1300,,0,1,6,1,5
1300,,0,1,6,0,6
1300,,0,1,6,0,6
1300,,0,1,6,2,4
1300,,0,1,6,1,5
1300,,0,1,6,1,5
1300,,0,1,6,4,2
1300,,0,1,6,0,6
1300,,0,1,6,1,5
1300,,0,1,6,1,5
1350,,0,1,6,1,5
1350,,0,1,6,0,6
1350,,0,1,6,0,6
1350,,0,1,6,0,6
1350,,0,1,6,1,5
1350,,0,1,6,0,6
1350,,0,1,6,1,5
1350,,0,1,6,0,6
1350,,0,1,6,1,5
1350,,0,1,6,1,5
1350,,0,1,6,1,5
1350,,0,1,6,0,6
1350,,0,1,6,2,4
1350,,0,1,6,0,6
1350,,0,1,6,1,5
1350,,0,1,6,1,5
1350,,0,1,6,1,5
1350,,0,1,6,1,5
1350,,0,1,6,1,5
1350,,0,1,6,0,6
1350,,0,1,6,1,5
1350,,0,1,6,1,5
1350,,0,1,6,0,6
1350,,0,1,6,0,6
1350,,0,1,6,1,5
1350,,0,1,6,0,6
1350,,0,1,6,2,4
1350,,0,1,6,0,6
1350,,0,1,6,1,5
1350,,0,1,6,2,4
1350,,0,1,6,1,5
1350,,0,1,6,1,5
1350,,0,1,6,5,1
1350,,0,1,6,3,3
1350,,0,1,6,1,5
1350,,0,1,6,2,4
1350,,0,1,6,6,0
1350,,0,1,6,3,3
1350,,0,1,6,3,3
1350,,0,1,6,1,5
1350,,0,1,6,0,6
1350,,0,1,6,2,4
1350,,0,1,6,1,5
1350,,0,1,6,1,5
1350,,0,1,6,5,1
1350,,0,1,6,1,5
1350,,0,1,6,1,5
1350,,0,1,6,0,6
1350,,0,1,6,0,6
1350,,0,1,6,0,6
1350,,0,1,6,0,6
1350,,0,1,6,0,6
1350,,0,1,6,2,4
1350,,0,1,6,0,6
1350,,0,1,6,0,6
1350,,0,1,6,4,2
1350,,0,1,6,0,6
1350,,0,1,6,1,5
1350,,0,1,6,3,3
1400,,0,1,6,1,5
1400,,0,1,6,2,4
1400,,0,1,6,2,4
1400,,0,1,6,3,3
1400,,0,1,6,3,3
1400,,0,1,6,3,3
1400,,0,1,6,3,3
1400,,0,1,6,1,5
1400,,0,1,6,1,5
1400,,0,1,6,1,5
1400,,0,1,6,2,4
1400,,0,1,6,1,5
1400,,0,1,6,1,5
1400,,0,1,6,1,5
1400,,0,1,6,1,5
1400,,0,1,6,1,5
1400,,0,1,6,1,5
1400,,0,1,6,0,6
1400,,0,1,6,0,6
1400,,0,1,6,1,5
1400,,0,1,6,0,6
1400,,0,1,6,1,5
1400,,0,1,6,0,6
1400,,0,1,6,1,5
1400,,0,1,6,0,6
1400,,0,1,6,1,5
1400,,0,1,6,1,5
1400,,0,1,6,1,5
1400,,0,1,6,0,6
1400,,0,1,6,1,5
1400,,0,1,6,2,4
1400,,0,1,6,1,5
1400,,0,1,6,2,4
1400,,0,1,6,0,6
1400,,0,1,6,0,6
1400,,0,1,6,0,6
1400,,0,1,6,1,5
1400,,0,1,6,0,6
1400,,0,1,6,2,4
1400,,0,1,6,0,6
1400,,0,1,6,0,6
1400,,0,1,6,0,6
1400,,0,1,6,1,5
1400,,0,1,6,1,5
1400,,0,1,6,0,6
1400,,0,1,6,1,5
1400,,0,1,6,0,6
1400,,0,1,6,0,6
1400,,0,1,6,1,5
1400,,0,1,6,1,5
1400,,0,1,6,1,5
1400,,0,1,6,1,5
1400,,0,1,6,0,6
1400,,0,1,6,0,6
1400,,0,1,6,0,6
1400,,0,1,6,0,6
1400,,0,1,6,2,4
1400,,0,1,6,1,5
1400,,0,1,6,0,6
1450,,0,1,6,0,6
1450,,0,1,6,0,6
1450,,0,1,6,0,6
1450,,0,1,6,0,6
1450,,0,1,6,0,6
1450,,0,1,6,1,5
1450,,0,1,6,0,6
1450,,0,1,6,0,6
1450,,0,1,6,1,5
1450,,0,1,6,0,6
1450,,0,1,6,1,5
1450,,0,1,6,0,6
1450,,0,1,6,1,5
1450,,0,1,6,0,6
1450,,0,1,6,0,6
1450,,0,1,6,0,6
1450,,0,1,6,1,5
1450,,0,1,6,0,6
1450,,0,1,6,1,5
1450,,0,1,6,2,4
1450,,0,1,6,0,6
1450,,0,1,6,1,5
1450,,0,1,6,0,6
1450,,0,1,6,1,5
1450,,0,1,6,0,6
1450,,0,1,6,1,5
1450,,0,1,6,0,6
1450,,0,1,6,0,6
1450,,0,1,6,0,6
1450,,0,1,6,0,6
1450,,0,1,6,1,5
1450,,0,1,6,2,4
1450,,0,1,6,0,6
1450,,0,1,6,0,6
1450,,0,1,6,0,6
1450,,0,1,6,0,6
1450,,0,1,6,0,6
1450,,0,1,6,2,4
1450,,0,1,6,0,6
1450,,0,1,6,1,5
1450,,0,1,6,0,6
1450,,0,1,6,1,5
1450,,0,1,6,1,5
1450,,0,1,6,1,5
1450,,0,1,6,2,4
1450,,0,1,6,0,6
1450,,0,1,6,1,5
1450,,0,1,6,2,4
1450,,0,1,6,1,5
1450,,0,1,6,0,6
1450,,0,1,6,0,6
1450,,0,1,6,0,6
1450,,0,1,6,2,4
1450,,0,1,6,0,6
1450,,0,1,6,2,4
1450,,0,1,6,2,4
1450,,0,1,6,1,5
1450,,0,1,6,0,6
1450,,0,1,6,1,5
1500,,0,1,6,2,4
1500,,0,1,6,0,6
1500,,0,1,6,1,5
1500,,0,1,6,0,6
1500,,0,1,6,2,4
1500,,0,1,6,1,5
1500,,0,1,6,1,5
1500,,0,1,6,0,6
1500,,0,1,6,2,4
1500,,0,1,6,0,6
1500,,0,1,6,3,3
1500,,0,1,6,0,6
1500,,0,1,6,0,6
1500,,0,1,6,1,5
1500,,0,1,6,1,5
1500,,0,1,6,1,5
1500,,0,1,6,1,5
1500,,0,1,6,0,6
1500,,0,1,6,0,6
1500,,0,1,6,1,5
1500,,0,1,6,0,6
1500,,0,1,6,1,5
1500,,0,1,6,1,5
1500,,0,1,6,3,3
1500,,0,1,6,1,5
1500,,0,1,6,6,0
1500,,0,1,6,1,5
1500,,0,1,6,5,1
1500,,0,1,6,4,2
1500,,0,1,6,4,2
1500,,0,1,6,4,2
1500,,0,1,6,5,1
1500,,0,1,6,5,1
1500,,0,1,6,5,1
1500,,0,1,6,5,1
1500,,0,1,6,2,4
1500,,0,1,6,4,2
1500,,0,1,6,4,2
1500,,0,1,6,6,0
1500,,0,1,6,2,4
1500,,0,1,6,4,2
1500,,0,1,6,6,0
1500,,0,1,6,3,3
1500,,0,1,6,3,3
1500,,0,1,6,2,4
1500,,0,1,6,3,3
1500,,0,1,6,5,1
1500,,0,1,6,5,1
1500,,0,1,6,4,2
1500,,0,1,6,4,2
1500,,0,1,6,4,2
1500,,0,1,6,6,0
1500,,0,1,6,3,3
1500,,0,1,6,5,1
1500,,0,1,6,4,2
1500,,0,1,6,3,3
1500,,0,1,6,0,6
1500,,0,1,6,6,0
1500,,0,1,6,2,4
200,,5,1,6,5,1
200,,6,1,6,4,2
200,,7,1,6,5,1
200,,8,1,6,5,1
200,,9,1,6,3,3
200,,10,1,6,6,0
200,,11,1,6,5,1
200,,12,1,6,5,1
200,,13,1,6,3,3
200,,14,1,6,4,2
200,,15,1,6,6,0
200,,0,1,6,3,3
200,,1,1,6,5,1
200,,2,1,6,6,0
200,,3,1,6,6,0
200,,4,1,6,4,2
200,,5,1,6,3,3
200,,6,1,6,2,4
200,,7,1,6,4,2
200,,8,1,6,1,5
200,,9,1,6,2,4
200,,10,1,6,4,2
200,,11,1,6,4,2
200,,12,1,6,5,1
200,,13,1,6,4,2
200,,14,1,6,4,2
200,,15,1,6,5,1
200,,0,1,6,0,6
200,,1,1,6,6,0
200,,2,1,6,4,2
200,,3,1,6,5,1
200,,4,1,6,6,0
200,,5,1,6,3,3
200,,6,1,6,1,5
200,,7,1,6,4,2
200,,8,1,6,6,0
200,,9,1,6,2,4
200,,10,1,6,6,0
200,,11,1,6,6,0
200,,12,1,6,3,3
200,,13,1,6,6,0
200,,14,1,6,3,3
200,,15,1,6,4,2
200,,0,1,6,3,3
200,,1,1,6,5,1
200,,2,1,6,6,0
200,,3,1,6,5,1
200,,4,1,6,4,2
200,,5,1,6,5,1
200,,6,1,6,2,4
200,,7,1,6,3,3
200,,8,1,6,2,4
200,,9,1,6,5,1
200,,10,1,6,6,0
200,,11,1,6,5,1
200,,12,1,6,5,1
200,,13,1,6,4,2
200,,14,1,6,5,1
200,,15,1,6,3,3
200,,0,1,6,4,2
200,,1,1,6,5,1
200,,2,1,6,5,1
200,,3,1,6,5,1
200,,4,1,6,1,5
200,,5,1,6,3,3
200,,6,1,6,1,5
200,,7,1,6,2,4
200,,8,1,6,2,4
200,,9,1,6,2,4
200,,10,1,6,6,0
200,,11,1,6,5,1
200,,12,1,6,4,2
200,,13,1,6,5,1
200,,14,1,6,5,1
200,,15,1,6,2,4
200,,0,1,6,1,5
200,,1,1,6,5,1
200,,2,1,6,1,5
200,,3,1,6,3,3
200,,4,1,6,6,0
200,,5,1,6,3,3
200,,6,1,6,2,4
200,,7,1,6,2,4
200,,8,1,6,4,2
200,,9,1,6,2,4
200,,10,1,6,3,3
200,,11,1,6,4,2
200,,12,1,6,3,3
200,,13,1,6,4,2
200,,14,1,6,4,2
200,,15,1,6,6,0
200,,0,1,6,3,3
200,,1,1,6,5,1
200,,2,1,6,5,1
200,,3,1,6,4,2
200,,4,1,6,2,4
200,,5,1,6,4,2
200,,6,1,6,1,5
200,,7,1,6,4,2
200,,8,1,6,2,4
200,,9,1,6,4,2
200,,10,1,6,3,3
200,,11,1,6,6,0
200,,12,1,6,4,2
200,,13,1,6,5,1
200,,14,1,6,2,4
200,,15,1,6,6,0
200,,0,1,6,4,2
200,,1,1,6,2,4
200,,2,1,6,5,1
200,,3,1,6,1,5
200,,4,1,6,6,0
200,,5,1,6,2,4
200,,6,1,6,1,5
200,,7,1,6,2,4
200,,8,1,6,2,4
200,,9,1,6,2,4
200,,10,1,6,4,2
200,,11,1,6,4,2
200,,12,1,6,3,3
200,,13,1,6,3,3
200,,14,1,6,5,1
200,,15,1,6,3,3
200,,0,1,6,3,3
200,,1,1,6,1,5
200,,2,1,6,5,1
200,,3,1,6,1,5
200,,4,1,6,2,4
200,,5,1,6,3,3
200,,6,1,6,2,4
200,,7,1,6,4,2
200,,8,1,6,1,5
200,,9,1,6,6,0
200,,10,1,6,4,2
200,,11,1,6,4,2
200,,12,1,6,4,2
200,,13,1,6,5,1
200,,14,1,6,3,3
200,,15,1,6,2,4
200,,0,1,6,3,3
200,,1,1,6,5,1
200,,2,1,6,2,4
200,,3,1,6,4,2
200,,4,1,6,2,4
200,,5,1,6,4,2
200,,6,1,6,2,4
200,,7,1,6,2,4
200,,8,1,6,3,3
200,,9,1,6,1,5
200,,10,1,6,5,1
200,,11,1,6,3,3
200,,12,1,6,4,2
200,,13,1,6,5,1
200,,14,1,6,5,1
200,,15,1,6,4,2
200,,0,1,6,3,3
200,,1,1,6,3,3
200,,2,1,6,5,1
200,,3,1,6,3,3
200,,4,1,6,6,0
200,,5,1,6,2,4
200,,6,1,6,3,3
200,,7,1,6,5,1
200,,8,1,6,2,4
200,,9,1,6,5,1
200,,10,1,6,3,3
200,,11,1,6,4,2
200,,12,1,6,4,2
200,,13,1,6,6,0
200,,14,1,6,6,0
200,,15,1,6,5,1
200,,0,1,6,1,5
200,,1,1,6,2,4
200,,2,1,6,5,1
200,,3,1,6,4,2
200,,4,1,6,2,4
200,,5,1,6,2,4
200,,6,1,6,2,4
200,,7,1,6,2,4
200,,8,1,6,4,2
200,,9,1,6,4,2
200,,10,1,6,5,1
200,,11,1,6,4,2
200,,12,1,6,4,2
200,,13,1,6,3,3
200,,14,1,6,3,3
200,,15,1,6,6,0
200,,0,1,6,2,4
200,,1,1,6,1,5
200,,2,1,6,5,1
200,,3,1,6,1,5
200,,4,1,6,1,5
200,,5,1,6,4,2
200,,6,1,6,0,6
200,,7,1,6,5,1
200,,8,1,6,1,5
200,,9,1,6,2,4
200,,10,1,6,3,3
200,,11,1,6,5,1
200,,12,1,6,5,1
200,,13,1,6,4,2
200,,14,1,6,2,4
200,,15,1,6,5,1
200,,0,1,6,1,5
200,,1,1,6,4,2
200,,2,1,6,6,0
200,,3,1,6,3,3
200,,4,1,6,3,3
200,,5,1,6,4,2
200,,6,1,6,1,5
200,,7,1,6,3,3
200,,8,1,6,2,4
200,,9,1,6,2,4
200,,10,1,6,3,3
200,,11,1,6,2,4
200,,12,1,6,4,2
200,,13,1,6,6,0
200,,14,1,6,6,0
200,,15,1,6,4,2
250,,0,1,6,2,4
250,,1,1,6,3,3
250,,2,1,6,1,5
250,,3,1,6,0,6
250,,4,1,6,3,3
250,,5,1,6,1,5
250,,6,1,6,1,5
250,,7,1,6,0,6
250,,8,1,6,2,4
250,,9,1,6,2,4
250,,10,1,6,0,6
250,,11,1,6,0,6
250,,12,1,6,3,3
250,,13,1,6,3,3
250,,14,1,6,0,6
250,,15,1,6,2,4
250,,0,1,6,1,5
250,,1,1,6,2,4
250,,2,1,6,0,6
250,,3,1,6,1,5
250,,4,1,6,4,2
250,,5,1,6,1,5
250,,6,1,6,1,5
250,,7,1,6,2,4
250,,8,1,6,3,3
250,,9,1,6,3,3
250,,10,1,6,0,6
250,,11,1,6,0,6
250,,12,1,6,0,6
250,,13,1,6,2,4
250,,14,1,6,1,5
250,,15,1,6,3,3
250,,0,1,6,2,4
250,,1,1,6,3,3
250,,2,1,6,1,5
250,,3,1,6,2,4
250,,4,1,6,2,4
250,,5,1,6,3,3
250,,6,1,6,5,1
250,,7,1,6,0,6
250,,8,1,6,1,5
250,,9,1,6,0,6
250,,10,1,6,3,3
250,,11,1,6,3,3
250,,12,1,6,3,3
250,,13,1,6,4,2
250,,14,1,6,1,5
250,,15,1,6,1,5
250,,0,1,6,1,5
250,,1,1,6,1,5
250,,2,1,6,2,4
250,,3,1,6,3,3
250,,4,1,6,3,3
250,,5,1,6,2,4
250,,6,1,6,0,6
250,,7,1,6,2,4
250,,8,1,6,5,1
250,,9,1,6,2,4
250,,10,1,6,1,5
250,,11,1,6,0,6
250,,12,1,6,4,2
250,,13,1,6,3,3
250,,14,1,6,2,4
250,,15,1,6,2,4
250,,0,1,6,1,5
250,,1,1,6,5,1
250,,2,1,6,1,5
250,,3,1,6,1,5
250,,4,1,6,1,5
250,,5,1,6,1,5
250,,6,1,6,4,2
250,,7,1,6,4,2
250,,8,1,6,3,3
250,,9,1,6,1,5
250,,10,1,6,1,5
250,,11,1,6,3,3
250,,12,1,6,1,5
250,,13,1,6,6,0
250,,14,1,6,3,3
250,,15,1,6,5,1
250,,0,1,6,5,1
250,,1,1,6,4,2
250,,2,1,6,4,2
250,,3,1,6,2,4
250,,4,1,6,2,4
250,,5,1,6,3,3
250,,6,1,6,1,5
250,,7,1,6,4,2
250,,8,1,6,3,3
250,,9,1,6,3,3
250,,10,1,6,2,4
250,,11,1,6,2,4
250,,12,1,6,3,3
250,,13,1,6,4,2
250,,14,1,6,3,3
250,,15,1,6,0,6
250,,0,1,6,3,3
250,,1,1,6,3,3
250,,2,1,6,2,4
250,,3,1,6,1,5
250,,4,1,6,2,4
250,,5,1,6,2,4
250,,6,1,6,2,4
250,,7,1,6,5,1
250,,8,1,6,1,5
250,,9,1,6,1,5
250,,10,1,6,2,4
250,,11,1,6,2,4
250,,12,1,6,3,3
250,,13,1,6,1,5
250,,14,1,6,5,1
250,,15,1,6,1,5
250,,0,1,6,1,5
250,,1,1,6,1,5
250,,2,1,6,1,5
250,,3,1,6,4,2
250,,4,1,6,2,4
250,,5,1,6,2,4
250,,6,1,6,2,4
250,,7,1,6,5,1
250,,8,1,6,5,1
250,,9,1,6,1,5
250,,10,1,6,1,5
250,,11,1,6,1,5
250,,12,1,6,1,5
250,,13,1,6,0,6
250,,14,1,6,6,0
250,,15,1,6,6,0
250,,0,1,6,1,5
250,,1,1,6,0,6
250,,2,1,6,3,3
250,,3,1,6,3,3
250,,4,1,6,0,6
250,,5,1,6,2,4
250,,6,1,6,1,5
250,,7,1,6,6,0
250,,8,1,6,2,4
250,,9,1,6,2,4
250,,10,1,6,3,3
250,,11,1,6,3,3
250,,12,1,6,2,4
250,,13,1,6,2,4
250,,14,1,6,2,4
250,,15,1,6,0,6
250,,0,1,6,4,2
250,,1,1,6,3,3
250,,2,1,6,4,2
250,,3,1,6,3,3
250,,4,1,6,3,3
250,,5,1,6,2,4
250,,6,1,6,5,1
250,,7,1,6,3,3
250,,8,1,6,1,5
250,,9,1,6,1,5
250,,10,1,6,1,5
250,,11,1,6,2,4
250,,12,1,6,1,5
250,,13,1,6,2,4
250,,14,1,6,5,1
250,,15,1,6,4,2
250,,0,1,6,4,2
250,,1,1,6,4,2
250,,2,1,6,5,1
250,,3,1,6,5,1
250,,4,1,6,5,1
250,,5,1,6,1,5
250,,6,1,6,5,1
250,,7,1,6,1,5
250,,8,1,6,4,2
250,,9,1,6,0,6
250,,10,1,6,2,4
250,,11,1,6,1,5
250,,12,1,6,2,4
250,,13,1,6,4,2
250,,14,1,6,4,2
250,,15,1,6,6,0
250,,0,1,6,4,2
250,,1,1,6,3,3
250,,2,1,6,3,3
250,,3,1,6,5,1
250,,4,1,6,0,6
250,,5,1,6,0,6
250,,6,1,6,3,3
250,,7,1,6,3,3
250,,8,1,6,2,4
250,,9,1,6,0,6
250,,10,1,6,3,3
250,,11,1,6,2,4
250,,12,1,6,2,4
250,,13,1,6,2,4
250,,14,1,6,2,4
250,,15,1,6,6,0
250,,0,1,6,3,3
250,,1,1,6,1,5
250,,2,1,6,1,5
250,,3,1,6,4,2
250,,4,1,6,1,5
250,,5,1,6,3,3
250,,6,1,6,2,4
250,,7,1,6,5,1
250,,8,1,6,2,4
250,,9,1,6,0,6
250,,10,1,6,4,2
250,,11,1,6,3,3
250,,12,1,6,2,4
250,,13,1,6,2,4
250,,14,1,6,6,0
250,,15,1,6,4,2
250,,0,1,6,6,0
250,,1,1,6,4,2
250,,2,1,6,2,4
250,,3,1,6,3,3
250,,4,1,6,2,4
250,,5,1,6,3,3
250,,6,1,6,3,3
250,,7,1,6,3,3
250,,8,1,6,3,3
250,,9,1,6,1,5
250,,10,1,6,3,3
250,,11,1,6,2,4
250,,12,1,6,0,6
250,,13,1,6,1,5
250,,14,1,6,4,2
250,,15,1,6,5,1
250,,0,1,6,6,0
250,,1,1,6,2,4
250,,2,1,6,5,1
250,,3,1,6,2,4
250,,4,1,6,4,2
250,,5,1,6,2,4
250,,6,1,6,5,1
250,,7,1,6,2,4
250,,8,1,6,5,1
250,,9,1,6,0,6
250,,10,1,6,2,4
250,,11,1,6,1,5
250,,12,1,6,3,3
250,,13,1,6,2,4
250,,14,1,6,4,2
250,,15,1,6,2,4
250,,0,1,6,4,2
250,,1,1,6,4,2
250,,2,1,6,3,3
250,,3,1,6,4,2
250,,4,1,6,3,3
250,,5,1,6,2,4
250,,6,1,6,4,2
250,,7,1,6,4,2
250,,8,1,6,2,4
250,,9,1,6,2,4
250,,10,1,6,1,5
250,,11,1,6,1,5
250,,12,1,6,1,5
250,,13,1,6,4,2
250,,14,1,6,5,1
250,,15,1,6,2,4
250,,0,1,6,4,2
250,,1,1,6,1,5
250,,2,1,6,4,2
250,,3,1,6,5,1
250,,4,1,6,4,2
250,,5,1,6,5,1
250,,6,1,6,3,3
250,,7,1,6,4,2
250,,8,1,6,2,4
250,,9,1,6,1,5
250,,10,1,6,0,6
250,,11,1,6,0,6
250,,12,1,6,1,5
250,,13,1,6,4,2
250,,14,1,6,6,0
250,,15,1,6,2,4
250,,0,1,6,1,5
250,,1,1,6,3,3
250,,2,1,6,5,1
250,,3,1,6,2,4
250,,4,1,6,4,2
250,,5,1,6,3,3
250,,6,1,6,6,0
250,,7,1,6,3,3
250,,8,1,6,1,5
250,,9,1,6,3,3
250,,10,1,6,2,4
250,,11,1,6,2,4
250,,12,1,6,2,4
250,,13,1,6,3,3
250,,14,1,6,6,0
250,,15,1,6,6,0
250,,0,1,6,2,4
250,,1,1,6,1,5
250,,2,1,6,3,3
250,,3,1,6,6,0
250,,4,1,6,4,2
250,,5,1,6,4,2
250,,6,1,6,3,3
250,,7,1,6,5,1
250,,8,1,6,0,6
250,,9,1,6,3,3
250,,10,1,6,1,5
250,,11,1,6,3,3
250,,12,1,6,0,6
250,,13,1,6,4,2
250,,14,1,6,5,1
250,,15,1,6,4,2
250,,0,1,6,3,3
250,,1,1,6,5,1
250,,2,1,6,3,3
250,,3,1,6,5,1
250,,4,1,6,5,1
250,,5,1,6,5,1
250,,6,1,6,2,4
250,,7,1,6,3,3
250,,8,1,6,3,3
250,,9,1,6,4,2
250,,10,1,6,4,2
250,,11,1,6,2,4
250,,12,1,6,3,3
250,,13,1,6,4,2
250,,14,1,6,6,0
250,,15,1,6,5,1
250,,0,1,6,2,4
250,,1,1,6,2,4
250,,2,1,6,5,1
250,,3,1,6,6,0
250,,4,1,6,4,2
250,,5,1,6,3,3
250,,6,1,6,3,3
250,,7,1,6,4,2
250,,8,1,6,3,3
250,,9,1,6,2,4
250,,10,1,6,2,4
250,,11,1,6,1,5
250,,12,1,6,3,3
250,,13,1,6,5,1
250,,14,1,6,5,1
250,,15,1,6,3,3
250,,0,1,6,3,3
250,,1,1,6,3,3
250,,2,1,6,5,1
250,,3,1,6,5,1
250,,4,1,6,6,0
250,,5,1,6,6,0
250,,6,1,6,3,3
250,,7,1,6,5,1
250,,8,1,6,0,6
250,,9,1,6,1,5
250,,10,1,6,1,5
250,,11,1,6,2,4
250,,12,1,6,1,5
250,,13,1,6,4,2
250,,14,1,6,6,0
250,,15,1,6,3,3
250,,0,1,6,4,2
250,,1,1,6,5,1
250,,2,1,6,3,3
250,,3,1,6,5,1
250,,4,1,6,6,0
250,,5,1,6,4,2
250,,6,1,6,5,1
250,,7,1,6,5,1
250,,8,1,6,2,4
250,,9,1,6,3,3
250,,10,1,6,3,3
250,,11,1,6,3,3
250,,12,1,6,3,3
250,,13,1,6,5,1
250,,14,1,6,4,2
250,,15,1,6,4,2
250,,0,1,6,5,1
250,,1,1,6,5,1
250,,2,1,6,3,3
250,,3,1,6,5,1
250,,4,1,6,6,0
250,,5,1,6,3,3
250,,6,1,6,5,1
250,,7,1,6,4,2
250,,8,1,6,1,5
250,,9,1,6,4,2
250,,10,1,6,6,0
250,,11,1,6,2,4
250,,12,1,6,6,0
250,,13,1,6,3,3
250,,14,1,6,6,0
250,,15,1,6,6,0
250,,0,1,6,5,1
250,,1,1,6,6,0
250,,2,1,6,3,3
250,,3,1,6,5,1
250,,4,1,6,6,0
250,,5,1,6,6,0
250,,6,1,6,3,3
250,,7,1,6,5,1
250,,8,1,6,3,3
250,,9,1,6,3,3
250,,10,1,6,3,3
250,,11,1,6,4,2
250,,12,1,6,2,4
250,,13,1,6,3,3
250,,14,1,6,4,2
250,,15,1,6,5,1
250,,0,1,6,3,3
250,,1,1,6,5,1
250,,2,1,6,4,2
250,,3,1,6,5,1
250,,4,1,6,5,1
250,,5,1,6,4,2
250,,6,1,6,4,2
250,,7,1,6,5,1
250,,8,1,6,1,5
250,,9,1,6,1,5
250,,10,1,6,3,3
250,,11,1,6,5,1
250,,12,1,6,5,1
250,,13,1,6,4,2
250,,14,1,6,5,1
250,,15,1,6,6,0
250,,0,1,6,5,1
250,,1,1,6,5,1
250,,2,1,6,3,3
250,,3,1,6,4,2
250,,4,1,6,6,0
250,,5,1,6,2,4
250,,6,1,6,4,2
250,,7,1,6,6,0
250,,8,1,6,1,5
250,,9,1,6,6,0
250,,10,1,6,2,4
250,,11,1,6,4,2
250,,12,1,6,6,0
250,,13,1,6,2,4
250,,14,1,6,6,0
250,,15,1,6,6,0
250,,0,1,6,6,0
250,,1,1,6,1,5
250,,2,1,6,6,0
250,,3,1,6,5,1
250,,4,1,6,5,1
250,,5,1,6,4,2
250,,6,1,6,6,0
250,,7,1,6,5,1
250,,8,1,6,1,5
250,,9,1,6,4,2
250,,10,1,6,3,3
250,,11,1,6,2,4
250,,12,1,6,6,0
250,,13,1,6,5,1
250,,14,1,6,5,1
250,,15,1,6,5,1
250,,0,1,6,4,2
250,,1,1,6,3,3
250,,2,1,6,6,0
250,,3,1,6,5,1
250,,4,1,6,4,2
250,,5,1,6,4,2
250,,6,1,6,5,1
250,,7,1,6,5,1
250,,8,1,6,3,3
250,,9,1,6,4,2
250,,10,1,6,6,0
250,,11,1,6,5,1
250,,12,1,6,6,0
250,,13,1,6,5,1
250,,14,1,6,6,0
250,,15,1,6,4,2
250,,0,1,6,4,2
250,,1,1,6,4,2
250,,2,1,6,4,2
250,,3,1,6,5,1
250,,4,1,6,4,2
250,,5,1,6,6,0
250,,6,1,6,4,2
250,,7,1,6,5,1
250,,8,1,6,1,5
250,,9,1,6,3,3
250,,10,1,6,4,2
250,,11,1,6,3,3
250,,12,1,6,5,1
250,,13,1,6,6,0
250,,14,1,6,5,1
250,,15,1,6,5,1
250,,0,1,6,5,1
250,,1,1,6,5,1
250,,2,1,6,5,1
250,,3,1,6,6,0
250,,4,1,6,3,3
250,,5,1,6,4,2
250,,6,1,6,3,3
250,,7,1,6,6,0
250,,8,1,6,2,4
250,,9,1,6,4,2
250,,10,1,6,1,5
250,,11,1,6,6,0
250,,12,1,6,6,0
250,,13,1,6,6,0
250,,14,1,6,6,0
250,,15,1,6,4,2
250,,0,1,6,3,3
250,,1,1,6,6,0
250,,2,1,6,5,1
250,,3,1,6,5,1
250,,4,1,6,5,1
250,,5,1,6,5,1
250,,6,1,6,5,1
250,,7,1,6,5,1
250,,8,1,6,4,2
250,,9,1,6,4,2
250,,10,1,6,4,2
250,,11,1,6,5,1
250,,12,1,6,6,0
250,,13,1,6,5,1
250,,14,1,6,5,1
250,,15,1,6,5,1
250,,0,1,6,4,2
250,,1,1,6,5,1
250,,2,1,6,5,1
250,,3,1,6,5,1
250,,4,1,6,3,3
250,,5,1,6,6,0
250,,6,1,6,5,1
250,,7,1,6,3,3
250,,8,1,6,1,5
250,,9,1,6,4,2
250,,10,1,6,6,0
250,,11,1,6,2,4
250,,12,1,6,6,0
250,,13,1,6,5,1
250,,14,1,6,5,1
250,,15,1,6,4,2
250,,0,1,6,1,5
250,,1,1,6,3,3
250,,2,1,6,5,1
250,,3,1,6,3,3
250,,4,1,6,3,3
250,,5,1,6,6,0
250,,6,1,6,5,1
250,,7,1,6,3,3
250,,8,1,6,3,3
250,,9,1,6,6,0
250,,10,1,6,6,0
250,,11,1,6,5,1
250,,12,1,6,5,1
250,,13,1,6,5,1
250,,14,1,6,5,1
250,,15,1,6,3,3
250,,0,1,6,3,3
250,,1,1,6,5,1
250,,2,1,6,2,4
250,,3,1,6,6,0
250,,4,1,6,6,0
250,,5,1,6,6,0
250,,6,1,6,6,0
250,,7,1,6,6,0
250,,8,1,6,2,4
250,,9,1,6,2,4
250,,10,1,6,3,3
250,,11,1,6,6,0
250,,12,1,6,5,1
250,,13,1,6,5,1
250,,14,1,6,6,0
250,,15,1,6,4,2
250,,0,1,6,6,0
250,,1,1,6,5,1
250,,2,1,6,3,3
250,,3,1,6,4,2
250,,4,1,6,4,2
250,,5,1,6,3,3
250,,6,1,6,5,1
250,,7,1,6,5,1
250,,8,1,6,1,5
250,,9,1,6,4,2
250,,10,1,6,6,0
250,,11,1,6,4,2
250,,12,1,6,6,0
250,,13,1,6,5,1
250,,14,1,6,6,0
250,,15,1,6,6,0
250,,0,1,6,4,2
250,,1,1,6,5,1
250,,2,1,6,2,4
250,,3,1,6,5,1
250,,4,1,6,2,4
250,,5,1,6,6,0
250,,6,1,6,4,2
250,,7,1,6,3,3
250,,8,1,6,2,4
250,,9,1,6,4,2
250,,10,1,6,5,1
250,,11,1,6,5,1
250,,12,1,6,4,2
250,,13,1,6,5,1
250,,14,1,6,5,1
250,,15,1,6,6,0
250,,0,1,6,6,0
250,,1,1,6,5,1
250,,2,1,6,0,6
250,,3,1,6,5,1
250,,4,1,6,3,3
250,,5,1,6,5,1
250,,6,1,6,4,2
250,,7,1,6,3,3
250,,8,1,6,3,3
250,,9,1,6,2,4
250,,10,1,6,6,0
250,,11,1,6,5,1
250,,12,1,6,4,2
250,,13,1,6,6,0
250,,14,1,6,5,1
250,,15,1,6,5,1
250,,0,1,6,4,2
250,,1,1,6,6,0
250,,2,1,6,3,3
250,,3,1,6,3,3
250,,4,1,6,5,1
250,,5,1,6,3,3
250,,6,1,6,6,0
250,,7,1,6,5,1
250,,8,1,6,3,3
250,,9,1,6,1,5
250,,10,1,6,3,3
250,,11,1,6,6,0
250,,12,1,6,5,1
250,,13,1,6,4,2
250,,14,1,6,5,1
250,,15,1,6,6,0
250,,0,1,6,3,3
250,,1,1,6,5,1
250,,2,1,6,6,0
250,,3,1,6,3,3
250,,4,1,6,4,2
250,,5,1,6,4,2
250,,6,1,6,4,2
250,,7,1,6,5,1
250,,8,1,6,3,3
250,,9,1,6,2,4
250,,10,1,6,6,0
250,,11,1,6,4,2
250,,12,1,6,6,0
250,,13,1,6,2,4
250,,14,1,6,5,1
250,,15,1,6,6,0
250,,0,1,6,5,1
250,,1,1,6,5,1
250,,2,1,6,2,4
250,,3,1,6,6,0
250,,4,1,6,3,3
250,,5,1,6,3,3
250,,6,1,6,6,0
250,,7,1,6,6,0
250,,8,1,6,2,4
250,,9,1,6,4,2
250,,10,1,6,6,0
250,,11,1,6,6,0
250,,12,1,6,5,1
250,,13,1,6,6,0
250,,14,1,6,6,0
250,,15,1,6,4,2
250,,0,1,6,6,0
250,,1,1,6,6,0
250,,2,1,6,5,1
250,,3,1,6,6,0
250,,4,1,6,4,2
250,,5,1,6,5,1
250,,6,1,6,6,0
250,,7,1,6,5,1
250,,8,1,6,4,2
250,,9,1,6,3,3
250,,10,1,6,6,0
250,,11,1,6,3,3
250,,12,1,6,6,0
250,,13,1,6,1,5
250,,14,1,6,5,1
250,,15,1,6,5,1
250,,0,1,6,4,2
250,,1,1,6,5,1
250,,2,1,6,5,1
250,,3,1,6,5,1
250,,4,1,6,5,1
250,,5,1,6,5,1
250,,6,1,6,3,3
250,,7,1,6,6,0
250,,8,1,6,3,3
250,,9,1,6,2,4
250,,10,1,6,5,1
250,,11,1,6,5,1
250,,12,1,6,6,0
250,,13,1,6,5,1
250,,14,1,6,5,1
250,,15,1,6,3,3
250,,0,1,6,2,4
250,,1,1,6,5,1
250,,2,1,6,5,1
250,,3,1,6,5,1
250,,4,1,6,5,1
250,,5,1,6,5,1
250,,6,1,6,5,1
250,,7,1,6,6,0
250,,8,1,6,2,4
250,,9,1,6,5,1
250,,10,1,6,6,0
250,,11,1,6,6,0
250,,12,1,6,4,2
250,,13,1,6,6,0
250,,14,1,6,3,3
250,,15,1,6,6,0
250,,0,1,6,5,1
250,,1,1,6,3,3
250,,2,1,6,1,5
250,,3,1,6,5,1
250,,4,1,6,4,2
250,,5,1,6,5,1
250,,6,1,6,6,0
250,,7,1,6,6,0
250,,8,1,6,3,3
250,,9,1,6,4,2
250,,10,1,6,6,0
250,,11,1,6,4,2
250,,12,1,6,4,2
250,,13,1,6,4,2
250,,14,1,6,5,1
250,,15,1,6,5,1
250,,0,1,6,3,3
250,,1,1,6,5,1
250,,2,1,6,6,0
250,,3,1,6,5,1
250,,4,1,6,5,1
250,,5,1,6,5,1
250,,6,1,6,4,2
250,,7,1,6,5,1
250,,8,1,6,4,2
250,,9,1,6,1,5
250,,10,1,6,5,1
250,,11,1,6,4,2
250,,12,1,6,3,3
250,,13,1,6,5,1
250,,14,1,6,4,2
250,,15,1,6,5,1
250,,0,1,6,3,3
250,,1,1,6,4,2
250,,2,1,6,6,0
250,,3,1,6,4,2
250,,4,1,6,4,2
250,,5,1,6,5,1
250,,6,1,6,3,3
250,,7,1,6,4,2
250,,8,1,6,4,2
250,,9,1,6,5,1
250,,10,1,6,4,2
250,,11,1,6,4,2
250,,12,1,6,3,3
250,,13,1,6,2,4
250,,14,1,6,4,2
250,,15,1,6,5,1
250,,0,1,6,4,2
250,,1,1,6,4,2
250,,2,1,6,4,2
250,,3,1,6,6,0
250,,4,1,6,6,0
250,,5,1,6,2,4
250,,6,1,6,1,5
250,,7,1,6,5,1
250,,8,1,6,1,5
250,,9,1,6,2,4
250,,10,1,6,3,3
250,,11,1,6,4,2
250,,12,1,6,3,3
250,,13,1,6,3,3
250,,14,1,6,5,1
250,,15,1,6,4,2
250,,0,1,6,2,4
250,,1,1,6,5,1
250,,2,1,6,6,0
250,,3,1,6,5,1
250,,4,1,6,3,3
250,,5,1,6,6,0
250,,6,1,6,5,1
250,,7,1,6,5,1
250,,8,1,6,1,5
250,,9,1,6,2,4
250,,10,1,6,2,4
250,,11,1,6,2,4
250,,12,1,6,5,1
250,,13,1,6,4,2
250,,14,1,6,3,3
250,,15,1,6,4,2
250,,0,1,6,4,2
250,,1,1,6,4,2
250,,2,1,6,4,2
250,,3,1,6,6,0
250,,4,1,6,5,1
250,,5,1,6,5,1
250,,6,1,6,4,2
250,,7,1,6,4,2
250,,8,1,6,3,3
250,,9,1,6,4,2
250,,10,1,6,3,3
250,,11,1,6,4,2
250,,12,1,6,3,3
250,,13,1,6,5,1
250,,14,1,6,5,1
250,,15,1,6,5,1
250,,0,1,6,2,4
250,,1,1,6,3,3
250,,2,1,6,1,5
250,,3,1,6,3,3
250,,4,1,6,4,2
250,,5,1,6,5,1
250,,6,1,6,4,2
250,,7,1,6,4,2
250,,8,1,6,1,5
250,,9,1,6,2,4
250,,10,1,6,6,0
250,,11,1,6,2,4
250,,12,1,6,5,1
250,,13,1,6,4,2
250,,14,1,6,5,1
250,,15,1,6,3,3
250,,0,1,6,4,2
250,,1,1,6,5,1
250,,2,1,6,5,1
250,,3,1,6,6,0
250,,4,1,6,3,3
250,,5,1,6,5,1
250,,6,1,6,2,4
250,,7,1,6,6,0
250,,8,1,6,1,5
250,,9,1,6,4,2
250,,10,1,6,5,1
250,,11,1,6,3,3
250,,12,1,6,4,2
250,,13,1,6,5,1
250,,14,1,6,6,0
250,,15,1,6,4,2
250,,0,1,6,0,6
250,,1,1,6,4,2
250,,2,1,6,5,1
250,,3,1,6,1,5
250,,4,1,6,5,1
250,,5,1,6,6,0
250,,6,1,6,3,3
250,,7,1,6,3,3
250,,8,1,6,1,5
250,,9,1,6,4,2
250,,10,1,6,4,2
250,,11,1,6,4,2
250,,12,1,6,4,2
250,,13,1,6,3,3
250,,14,1,6,6,0
250,,15,1,6,5,1
250,,0,1,6,4,2
250,,1,1,6,4,2
250,,2,1,6,5,1
250,,3,1,6,3,3
250,,4,1,6,5,1
250,,5,1,6,4,2
250,,6,1,6,4,2
250,,7,1,6,6,0
250,,8,1,6,1,5
250,,9,1,6,4,2
250,,10,1,6,2,4
250,,11,1,6,3,3
250,,12,1,6,3,3
250,,13,1,6,4,2
250,,14,1,6,6,0
250,,15,1,6,1,5
250,,0,1,6,4,2
250,,1,1,6,5,1
250,,2,1,6,4,2
250,,3,1,6,5,1
250,,4,1,6,2,4
250,,5,1,6,2,4
250,,6,1,6,3,3
250,,7,1,6,4,2
250,,8,1,6,2,4
250,,9,1,6,2,4
250,,10,1,6,4,2
250,,11,1,6,3,3
250,,12,1,6,1,5
250,,13,1,6,4,2
250,,14,1,6,4,2
250,,15,1,6,5,1
250,,0,1,6,2,4
250,,1,1,6,4,2
250,,2,1,6,3,3
250,,3,1,6,5,1
250,,4,1,6,4,2
250,,5,1,6,3,3
250,,6,1,6,5,1
250,,7,1,6,5,1
250,,8,1,6,1,5
250,,9,1,6,2,4
250,,10,1,6,3,3
250,,11,1,6,5,1
250,,12,1,6,3,3
250,,13,1,6,3,3
250,,14,1,6,4,2
250,,15,1,6,5,1
250,,0,1,6,3,3
250,,1,1,6,3,3
250,,2,1,6,4,2
250,,3,1,6,4,2
250,,4,1,6,2,4
250,,5,1,6,6,0
250,,6,1,6,2,4
250,,7,1,6,5,1
250,,8,1,6,2,4
250,,9,1,6,5,1
250,,10,1,6,5,1
250,,11,1,6,5,1
250,,12,1,6,4,2
250,,13,1,6,5,1
250,,14,1,6,6,0
250,,15,1,6,6,0
250,,0,1,6,2,4
250,,1,1,6,5,1
250,,2,1,6,6,0
250,,3,1,6,3,3
250,,4,1,6,3,3
250,,5,1,6,5,1
250,,6,1,6,0,6
250,,7,1,6,5,1
250,,8,1,6,1,5
250,,9,1,6,2,4
250,,10,1,6,2,4
250,,11,1,6,3,3
250,,12,1,6,3,3
250,,13,1,6,5,1
250,,14,1,6,5,1
250,,15,1,6,6,0
250,,0,1,6,1,5
250,,1,1,6,5,1
250,,2,1,6,5,1
250,,3,1,6,2,4
250,,4,1,6,4,2
250,,5,1,6,3,3
250,,6,1,6,1,5
250,,7,1,6,6,0
250,,8,1,6,3,3
250,,9,1,6,2,4
250,,10,1,6,3,3
250,,11,1,6,6,0
250,,12,1,6,4,2
250,,13,1,6,2,4
250,,14,1,6,6,0
250,,15,1,6,5,1
300,,0,1,6,0,6
300,,1,1,6,1,5
300,,2,1,6,2,4
300,,3,1,6,3,3
300,,4,1,6,3,3
300,,5,1,6,1,5
300,,6,1,6,3,3
300,,7,1,6,0,6
300,,8,1,6,2,4
300,,9,1,6,1,5
300,,10,1,6,2,4
300,,11,1,6,2,4
300,,12,1,6,1,5
300,,13,1,6,2,4
300,,14,1,6,2,4
300,,15,1,6,0,6
300,,0,1,6,2,4
300,,1,1,6,3,3
300,,2,1,6,4,2
300,,3,1,6,0,6
300,,4,1,6,0,6
300,,5,1,6,1,5
300,,6,1,6,0,6
300,,7,1,6,1,5
300,,8,1,6,1,5
300,,9,1,6,4,2
300,,10,1,6,1,5
300,,11,1,6,2,4
300,,12,1,6,2,4
300,,13,1,6,2,4
300,,14,1,6,0,6
300,,15,1,6,2,4
300,,0,1,6,1,5
300,,1,1,6,1,5
300,,2,1,6,4,2
300,,3,1,6,1,5
300,,4,1,6,1,5
300,,5,1,6,3,3
300,,6,1,6,2,4
300,,7,1,6,2,4
300,,8,1,6,1,5
300,,9,1,6,4,2
300,,10,1,6,1,5
300,,11,1,6,3,3
300,,12,1,6,5,1
300,,13,1,6,1,5
300,,14,1,6,2,4
300,,15,1,6,2,4
300,,0,1,6,1,5
300,,1,1,6,4,2
300,,2,1,6,5,1
300,,3,1,6,2,4
300,,4,1,6,2,4
300,,5,1,6,4,2
300,,6,1,6,3,3
300,,7,1,6,1,5
300,,8,1,6,2,4
300,,9,1,6,0,6
300,,10,1,6,2,4
300,,11,1,6,5,1
300,,12,1,6,5,1
300,,13,1,6,4,2
300,,14,1,6,4,2
300,,15,1,6,5,1
300,,0,1,6,4,2
300,,1,1,6,0,6
300,,2,1,6,3,3
300,,3,1,6,2,4
300,,4,1,6,3,3
300,,5,1,6,5,1
300,,6,1,6,2,4
300,,7,1,6,3,3
300,,8,1,6,2,4
300,,9,1,6,3,3
300,,10,1,6,3,3
300,,11,1,6,1,5
300,,12,1,6,3,3
300,,13,1,6,2,4
300,,14,1,6,2,4
300,,15,1,6,4,2
300,,0,1,6,2,4
300,,1,1,6,4,2
300,,2,1,6,6,0
300,,3,1,6,1,5
300,,4,1,6,2,4
300,,5,1,6,4,2
300,,6,1,6,2,4
300,,7,1,6,6,0
300,,8,1,6,5,1
300,,9,1,6,3,3
300,,10,1,6,3,3
300,,11,1,6,4,2
300,,12,1,6,6,0
300,,13,1,6,3,3
300,,14,1,6,1,5
300,,15,1,6,3,3
300,,0,1,6,1,5
300,,1,1,6,4,2
300,,2,1,6,2,4
300,,3,1,6,1,5
300,,4,1,6,0,6
300,,5,1,6,0,6
300,,6,1,6,2,4
300,,7,1,6,1,5
300,,8,1,6,1,5
300,,9,1,6,2,4
300,,10,1,6,0,6
300,,11,1,6,3,3
300,,12,1,6,1,5
300,,13,1,6,2,4
300,,14,1,6,2,4
300,,15,1,6,3,3
300,,0,1,6,2,4
300,,1,1,6,1,5
300,,2,1,6,4,2
300,,3,1,6,5,1
300,,4,1,6,1,5
300,,5,1,6,2,4
300,,6,1,6,2,4
300,,7,1,6,3,3
300,,8,1,6,1,5
300,,9,1,6,6,0
300,,10,1,6,1,5
300,,11,1,6,4,2
300,,12,1,6,2,4
300,,13,1,6,5,1
300,,14,1,6,2,4
300,,15,1,6,3,3
300,,0,1,6,1,5
300,,1,1,6,2,4
300,,2,1,6,4,2
300,,3,1,6,1,5
300,,4,1,6,2,4
300,,5,1,6,2,4
300,,6,1,6,1,5
300,,7,1,6,3,3
300,,8,1,6,3,3
300,,9,1,6,1,5
300,,10,1,6,3,3
300,,11,1,6,3,3
300,,12,1,6,3,3
300,,13,1,6,3,3
300,,14,1,6,3,3
300,,15,1,6,6,0
300,,0,1,6,1,5
300,,1,1,6,3,3
300,,2,1,6,5,1
300,,3,1,6,2,4
300,,4,1,6,4,2
300,,5,1,6,4,2
300,,6,1,6,3,3
300,,7,1,6,0,6
300,,8,1,6,1,5
300,,9,1,6,4,2
300,,10,1,6,2,4
300,,11,1,6,1,5
300,,12,1,6,5,1
300,,13,1,6,3,3
300,,14,1,6,4,2
300,,15,1,6,3,3
300,,0,1,6,0,6
300,,1,1,6,4,2
300,,2,1,6,4,2
300,,3,1,6,4,2
300,,4,1,6,1,5
300,,5,1,6,4,2
300,,6,1,6,2,4
300,,7,1,6,1,5
300,,8,1,6,2,4
300,,9,1,6,2,4
300,,10,1,6,3,3
300,,11,1,6,1,5
300,,12,1,6,6,0
300,,13,1,6,1,5
300,,14,1,6,3,3
300,,15,1,6,2,4
300,,0,1,6,1,5
300,,1,1,6,2,4
300,,2,1,6,6,0
300,,3,1,6,0,6
300,,4,1,6,2,4
300,,5,1,6,3,3
300,,6,1,6,2,4
300,,7,1,6,3,3
300,,8,1,6,2,4
300,,9,1,6,3,3
300,,10,1,6,1,5
300,,11,1,6,2,4
300,,12,1,6,4,2
300,,13,1,6,1,5
300,,14,1,6,1,5
300,,15,1,6,3,3
300,,0,1,6,1,5
300,,1,1,6,3,3
300,,2,1,6,4,2
300,,3,1,6,3,3
300,,4,1,6,4,2
300,,5,1,6,3,3
300,,6,1,6,3,3
300,,7,1,6,3,3
300,,8,1,6,1,5
300,,9,1,6,3,3
300,,10,1,6,3,3
300,,11,1,6,3,3
300,,12,1,6,5,1
300,,13,1,6,2,4
300,,14,1,6,1,5
300,,15,1,6,1,5
300,,0,1,6,1,5
300,,1,1,6,1,5
300,,2,1,6,4,2
300,,3,1,6,1,5
300,,4,1,6,3,3
300,,5,1,6,1,5
300,,6,1,6,1,5
300,,7,1,6,2,4
300,,8,1,6,0,6
300,,9,1,6,3,3
300,,10,1,6,3,3
300,,11,1,6,1,5
300,,12,1,6,3,3
300,,13,1,6,1,5
300,,14,1,6,1,5
300,,15,1,6,4,2
300,,0,1,6,2,4
300,,1,1,6,2,4
300,,2,1,6,4,2
300,,3,1,6,4,2
300,,4,1,6,3,3
300,,5,1,6,4,2
300,,6,1,6,3,3
300,,7,1,6,1,5
300,,8,1,6,3,3
300,,9,1,6,0,6
300,,10,1,6,0,6
300,,11,1,6,1,5
300,,12,1,6,6,0
300,,13,1,6,0,6
300,,14,1,6,2,4
300,,15,1,6,3,3
300,,0,1,6,0,6
300,,1,1,6,6,0
300,,2,1,6,6,0
300,,3,1,6,2,4
300,,4,1,6,0,6
300,,5,1,6,5,1
300,,6,1,6,2,4
300,,7,1,6,5,1
300,,8,1,6,1,5
300,,9,1,6,2,4
300,,10,1,6,3,3
300,,11,1,6,2,4
300,,12,1,6,5,1
300,,13,1,6,1,5
300,,14,1,6,1,5
300,,15,1,6,4,2
300,,0,1,6,2,4
300,,1,1,6,3,3
300,,2,1,6,4,2
300,,3,1,6,1,5
300,,4,1,6,1,5
300,,5,1,6,5,1
300,,6,1,6,2,4
300,,7,1,6,3,3
300,,8,1,6,2,4
300,,9,1,6,6,0
300,,10,1,6,5,1
300,,11,1,6,5,1
300,,12,1,6,2,4
300,,13,1,6,4,2
300,,14,1,6,2,4
300,,15,1,6,6,0
300,,0,1,6,3,3
300,,1,1,6,4,2
300,,2,1,6,3,3
300,,3,1,6,4,2
300,,4,1,6,0,6
300,,5,1,6,3,3
300,,6,1,6,5,1
300,,7,1,6,3,3
300,,8,1,6,3,3
300,,9,1,6,3,3
300,,10,1,6,5,1
300,,11,1,6,5,1
300,,12,1,6,4,2
300,,13,1,6,4,2
300,,14,1,6,3,3
300,,15,1,6,2,4
300,,0,1,6,5,1
300,,1,1,6,4,2
300,,2,1,6,6,0
300,,3,1,6,3,3
300,,4,1,6,4,2
300,,5,1,6,6,0
300,,6,1,6,2,4
300,,7,1,6,1,5
300,,8,1,6,2,4
300,,9,1,6,2,4
300,,10,1,6,3,3
300,,11,1,6,2,4
300,,12,1,6,5,1
300,,13,1,6,1,5
300,,14,1,6,4,2
300,,15,1,6,3,3
300,,0,1,6,3,3
300,,1,1,6,3,3
300,,2,1,6,5,1
300,,3,1,6,4,2
300,,4,1,6,1,5
300,,5,1,6,3,3
300,,6,1,6,4,2
300,,7,1,6,2,4
300,,8,1,6,4,2
300,,9,1,6,5,1
300,,10,1,6,1,5
300,,11,1,6,4,2
300,,12,1,6,5,1
300,,13,1,6,4,2
300,,14,1,6,4,2
300,,15,1,6,6,0
300,,0,1,6,5,1
300,,1,1,6,5,1
300,,2,1,6,4,2
300,,3,1,6,2,4
300,,4,1,6,3,3
300,,5,1,6,2,4
300,,6,1,6,2,4
300,,7,1,6,2,4
300,,8,1,6,4,2
300,,9,1,6,0,6
300,,10,1,6,4,2
300,,11,1,6,3,3
300,,12,1,6,4,2
300,,13,1,6,4,2
300,,14,1,6,3,3
300,,15,1,6,5,1
300,,0,1,6,2,4
300,,1,1,6,2,4
300,,2,1,6,2,4
300,,3,1,6,3,3
300,,4,1,6,1,5
300,,5,1,6,4,2
300,,6,1,6,3,3
300,,7,1,6,3,3
300,,8,1,6,3,3
300,,9,1,6,5,1
300,,10,1,6,3,3
300,,11,1,6,2,4
300,,12,1,6,2,4
300,,13,1,6,4,2
300,,14,1,6,6,0
300,,15,1,6,5,1
300,,0,1,6,4,2
300,,1,1,6,5,1
300,,2,1,6,5,1
300,,3,1,6,4,2
300,,4,1,6,4,2
300,,5,1,6,5,1
300,,6,1,6,3,3
300,,7,1,6,6,0
300,,8,1,6,2,4
300,,9,1,6,5,1
300,,10,1,6,6,0
300,,11,1,6,4,2
300,,12,1,6,5,1
300,,13,1,6,6,0
300,,14,1,6,6,0
300,,15,1,6,6,0
300,,0,1,6,6,0
300,,1,1,6,4,2
300,,2,1,6,6,0
300,,3,1,6,4,2
300,,4,1,6,6,0
300,,5,1,6,4,2
300,,6,1,6,3,3
300,,7,1,6,3,3
300,,8,1,6,3,3
300,,9,1,6,5,1
300,,10,1,6,4,2
300,,11,1,6,3,3
300,,12,1,6,5,1
300,,13,1,6,4,2
300,,14,1,6,2,4
300,,15,1,6,2,4
300,,0,1,6,5,1
300,,1,1,6,4,2
300,,2,1,6,6,0
300,,3,1,6,5,1
300,,4,1,6,6,0
300,,5,1,6,1,5
300,,6,1,6,3,3
300,,7,1,6,5,1
300,,8,1,6,0,6
300,,9,1,6,5,1
300,,10,1,6,6,0
300,,11,1,6,6,0
300,,12,1,6,5,1
300,,13,1,6,4,2
300,,14,1,6,5,1
300,,15,1,6,2,4
300,,0,1,6,3,3
300,,1,1,6,3,3
300,,2,1,6,6,0
300,,3,1,6,2,4
300,,4,1,6,4,2
300,,5,1,6,6,0
300,,6,1,6,4,2
300,,7,1,6,3,3
300,,8,1,6,5,1
300,,9,1,6,3,3
300,,10,1,6,4,2
300,,11,1,6,3,3
300,,12,1,6,5,1
300,,13,1,6,5,1
300,,14,1,6,6,0
300,,15,1,6,5,1
300,,0,1,6,4,2
300,,1,1,6,5,1
300,,2,1,6,4,2
300,,3,1,6,2,4
300,,4,1,6,4,2
300,,5,1,6,6,0
300,,6,1,6,5,1
300,,7,1,6,6,0
300,,8,1,6,3,3
300,,9,1,6,5,1
300,,10,1,6,6,0
300,,11,1,6,4,2
300,,12,1,6,3,3
300,,13,1,6,5,1
300,,14,1,6,5,1
300,,15,1,6,5,1
300,,0,1,6,3,3
300,,1,1,6,4,2
300,,2,1,6,5,1
300,,3,1,6,6,0
300,,4,1,6,6,0
300,,5,1,6,4,2
300,,6,1,6,5,1
300,,7,1,6,4,2
300,,8,1,6,4,2
300,,9,1,6,4,2
300,,10,1,6,3,3
300,,11,1,6,5,1
300,,12,1,6,5,1
300,,13,1,6,4,2
300,,14,1,6,1,5
300,,15,1,6,5,1
300,,0,1,6,6,0
300,,1,1,6,5,1
300,,2,1,6,6,0
300,,3,1,6,5,1
300,,4,1,6,5,1
300,,5,1,6,5,1
300,,6,1,6,6,0
300,,7,1,6,3,3
300,,8,1,6,2,4
300,,9,1,6,3,3
300,,10,1,6,5,1
300,,11,1,6,3,3
300,,12,1,6,5,1
300,,13,1,6,4,2
300,,14,1,6,5,1
300,,15,1,6,4,2
300,,0,1,6,5,1
300,,1,1,6,5,1
300,,2,1,6,4,2
300,,3,1,6,3,3
300,,4,1,6,5,1
300,,5,1,6,5,1
300,,6,1,6,3,3
300,,7,1,6,4,2
300,,8,1,6,2,4
300,,9,1,6,4,2
300,,10,1,6,6,0
300,,11,1,6,4,2
300,,12,1,6,5,1
300,,13,1,6,4,2
300,,14,1,6,5,1
300,,15,1,6,5,1
300,,0,1,6,3,3
300,,1,1,6,6,0
300,,2,1,6,4,2
300,,3,1,6,5,1
300,,4,1,6,2,4
300,,5,1,6,5,1
300,,6,1,6,5,1
300,,7,1,6,3,3
300,,8,1,6,3,3
300,,9,1,6,3,3
300,,10,1,6,4,2
300,,11,1,6,5,1
300,,12,1,6,4,2
300,,13,1,6,3,3
300,,14,1,6,4,2
300,,15,1,6,6,0
300,,0,1,6,3,3
300,,1,1,6,3,3
300,,2,1,6,4,2
300,,3,1,6,5,1
300,,4,1,6,5,1
300,,5,1,6,2,4
300,,6,1,6,5,1
300,,7,1,6,6,0
300,,8,1,6,2,4
300,,9,1,6,2,4
300,,10,1,6,6,0
300,,11,1,6,4,2
300,,12,1,6,5,1
300,,13,1,6,4,2
300,,14,1,6,5,1
300,,15,1,6,5,1
300,,0,1,6,5,1
300,,1,1,6,4,2
300,,2,1,6,3,3
300,,3,1,6,6,0
300,,4,1,6,5,1
300,,5,1,6,5,1
300,,6,1,6,5,1
300,,7,1,6,5,1
300,,8,1,6,3,3
300,,9,1,6,6,0
300,,10,1,6,5,1
300,,11,1,6,3,3
300,,12,1,6,5,1
300,,13,1,6,1,5
300,,14,1,6,3,3
300,,15,1,6,5,1
300,,0,1,6,5,1
300,,1,1,6,5,1
300,,2,1,6,5,1
300,,3,1,6,5,1
300,,4,1,6,6,0
300,,5,1,6,6,0
300,,6,1,6,4,2
300,,7,1,6,5,1
300,,8,1,6,4,2
300,,9,1,6,5,1
300,,10,1,6,4,2
300,,11,1,6,3,3
300,,12,1,6,4,2
300,,13,1,6,3,3
300,,14,1,6,5,1
300,,15,1,6,6,0
300,,0,1,6,6,0
300,,1,1,6,3,3
300,,2,1,6,5,1
300,,3,1,6,6,0
300,,4,1,6,4,2
300,,5,1,6,4,2
300,,6,1,6,4,2
300,,7,1,6,4,2
300,,8,1,6,3,3
300,,9,1,6,4,2
300,,10,1,6,6,0
300,,11,1,6,6,0
300,,12,1,6,6,0
300,,13,1,6,1,5
300,,14,1,6,5,1
300,,15,1,6,3,3
300,,0,1,6,5,1
300,,1,1,6,3,3
300,,2,1,6,4,2
300,,3,1,6,5,1
300,,4,1,6,6,0
300,,5,1,6,4,2
300,,6,1,6,5,1
300,,7,1,6,4,2
300,,8,1,6,2,4
300,,9,1,6,2,4
300,,10,1,6,4,2
300,,11,1,6,5,1
300,,12,1,6,4,2
300,,13,1,6,4,2
300,,14,1,6,3,3
300,,15,1,6,5,1
300,,0,1,6,3,3
300,,1,1,6,4,2
300,,2,1,6,3,3
300,,3,1,6,5,1
300,,4,1,6,5,1
300,,5,1,6,5,1
300,,6,1,6,6,0
300,,7,1,6,5,1
300,,8,1,6,3,3
300,,9,1,6,5,1
300,,10,1,6,5,1
300,,11,1,6,4,2
300,,12,1,6,3,3
300,,13,1,6,2,4
300,,14,1,6,5,1
300,,15,1,6,4,2
300,,0,1,6,3,3
300,,1,1,6,6,0
300,,2,1,6,5,1
300,,3,1,6,5,1
300,,4,1,6,5,1
300,,5,1,6,5,1
300,,6,1,6,6,0
300,,7,1,6,6,0
300,,8,1,6,3,3
300,,9,1,6,5,1
300,,10,1,6,5,1
300,,11,1,6,6,0
300,,12,1,6,4,2
300,,13,1,6,1,5
300,,14,1,6,5,1
300,,15,1,6,5,1
300,,0,1,6,5,1
300,,1,1,6,5,1
300,,2,1,6,5,1
300,,3,1,6,6,0
300,,4,1,6,5,1
300,,5,1,6,4,2
300,,6,1,6,5,1
300,,7,1,6,3,3
300,,8,1,6,3,3
300,,9,1,6,5,1
300,,10,1,6,6,0
300,,11,1,6,6,0
300,,12,1,6,6,0
300,,13,1,6,0,6
300,,14,1,6,5,1
300,,15,1,6,6,0
300,,0,1,6,6,0
300,,1,1,6,4,2
300,,2,1,6,4,2
300,,3,1,6,4,2
300,,4,1,6,5,1
300,,5,1,6,5,1
300,,6,1,6,4,2
300,,7,1,6,4,2
300,,8,1,6,3,3
300,,9,1,6,5,1
300,,10,1,6,5,1
300,,11,1,6,4,2
300,,12,1,6,5,1
300,,13,1,6,3,3
300,,14,1,6,5,1
300,,15,1,6,5,1
300,,0,1,6,5,1
300,,1,1,6,4,2
300,,2,1,6,6,0
300,,3,1,6,6,0
300,,4,1,6,5,1
300,,5,1,6,5,1
300,,6,1,6,5,1
300,,7,1,6,4,2
300,,8,1,6,3,3
300,,9,1,6,6,0
300,,10,1,6,5,1
300,,11,1,6,5,1
300,,12,1,6,5,1
300,,13,1,6,2,4
300,,14,1,6,5,1
300,,15,1,6,5,1
300,,0,1,6,3,3
300,,1,1,6,4,2
300,,2,1,6,3,3
300,,3,1,6,5,1
300,,4,1,6,4,2
300,,5,1,6,5,1
300,,6,1,6,5,1
300,,7,1,6,4,2
300,,8,1,6,3,3
300,,9,1,6,5,1
300,,10,1,6,4,2
300,,11,1,6,5,1
300,,12,1,6,4,2
300,,13,1,6,3,3
300,,14,1,6,5,1
300,,15,1,6,4,2
300,,0,1,6,4,2
300,,1,1,6,5,1
300,,2,1,6,6,0
300,,3,1,6,6,0
300,,4,1,6,4,2
300,,5,1,6,6,0
300,,6,1,6,5,1
300,,7,1,6,5,1
300,,8,1,6,3,3
300,,9,1,6,5,1
300,,10,1,6,6,0
300,,11,1,6,5,1
300,,12,1,6,4,2
300,,13,1,6,3,3
300,,14,1,6,5,1
300,,15,1,6,4,2
300,,0,1,6,6,0
300,,1,1,6,6,0
300,,2,1,6,6,0
300,,3,1,6,2,4
300,,4,1,6,3,3
300,,5,1,6,5,1
300,,6,1,6,6,0
300,,7,1,6,5,1
300,,8,1,6,4,2
300,,9,1,6,5,1
300,,10,1,6,6,0
300,,11,1,6,2,4
300,,12,1,6,5,1
300,,13,1,6,1,5
300,,14,1,6,5,1
300,,15,1,6,4,2
300,,0,1,6,4,2
300,,1,1,6,6,0
300,,2,1,6,6,0
300,,3,1,6,5,1
300,,4,1,6,6,0
300,,5,1,6,5,1
300,,6,1,6,5,1
300,,7,1,6,4,2
300,,8,1,6,4,2
300,,9,1,6,6,0
300,,10,1,6,4,2
300,,11,1,6,3,3
300,,12,1,6,3,3
300,,13,1,6,2,4
300,,14,1,6,6,0
300,,15,1,6,5,1
300,,0,1,6,4,2
300,,1,1,6,5,1
300,,2,1,6,3,3
300,,3,1,6,5,1
300,,4,1,6,3,3
300,,5,1,6,5,1
300,,6,1,6,6,0
300,,7,1,6,5,1
300,,8,1,6,4,2
300,,9,1,6,3,3
300,,10,1,6,4,2
300,,11,1,6,5,1
300,,12,1,6,3,3
300,,13,1,6,2,4
300,,14,1,6,3,3
300,,15,1,6,2,4
300,,0,1,6,4,2
300,,1,1,6,5,1
300,,2,1,6,5,1
300,,3,1,6,6,0
300,,4,1,6,4,2
300,,5,1,6,4,2
300,,6,1,6,5,1
300,,7,1,6,6,0
300,,8,1,6,6,0
300,,9,1,6,4,2
300,,10,1,6,1,5
300,,11,1,6,4,2
300,,12,1,6,5,1
300,,13,1,6,4,2
300,,14,1,6,4,2
300,,15,1,6,6,0
300,,0,1,6,5,1
300,,1,1,6,2,4
300,,2,1,6,4,2
300,,3,1,6,5,1
300,,4,1,6,3,3
300,,5,1,6,5,1
300,,6,1,6,6,0
300,,7,1,6,1,5
300,,8,1,6,4,2
300,,9,1,6,4,2
300,,10,1,6,3,3
300,,11,1,6,3,3
300,,12,1,6,4,2
300,,13,1,6,3,3
300,,14,1,6,4,2
300,,15,1,6,5,1
300,,0,1,6,2,4
300,,1,1,6,4,2
300,,2,1,6,6,0
300,,3,1,6,5,1
300,,4,1,6,3,3
300,,5,1,6,5,1
300,,6,1,6,3,3
300,,7,1,6,5,1
300,,8,1,6,4,2
300,,9,1,6,6,0
300,,10,1,6,6,0
300,,11,1,6,3,3
300,,12,1,6,5,1
300,,13,1,6,3,3
300,,14,1,6,2,4
300,,15,1,6,5,1
300,,0,1,6,4,2
300,,1,1,6,6,0
300,,2,1,6,4,2
300,,3,1,6,5,1
300,,4,1,6,5,1
300,,5,1,6,3,3
300,,6,1,6,6,0
300,,7,1,6,6,0
300,,8,1,6,3,3
300,,9,1,6,5,1
300,,10,1,6,5,1
300,,11,1,6,5,1
300,,12,1,6,2,4
300,,13,1,6,2,4
300,,14,1,6,4,2
300,,15,1,6,3,3
300,,0,1,6,5,1
300,,1,1,6,2,4
300,,2,1,6,3,3
300,,3,1,6,3,3
300,,4,1,6,2,4
300,,5,1,6,4,2
300,,6,1,6,3,3
300,,7,1,6,2,4
300,,8,1,6,4,2
300,,9,1,6,5,1
300,,10,1,6,4,2
300,,11,1,6,2,4
300,,12,1,6,4,2
300,,13,1,6,1,5
300,,14,1,6,5,1
300,,15,1,6,5,1
300,,0,1,6,5,1
300,,1,1,6,3,3
300,,2,1,6,6,0
300,,3,1,6,4,2
300,,4,1,6,3,3
300,,5,1,6,2,4
300,,6,1,6,4,2
300,,7,1,6,5,1
300,,8,1,6,5,1
300,,9,1,6,6,0
300,,10,1,6,1,5
300,,11,1,6,3,3
300,,12,1,6,3,3
300,,13,1,6,1,5
300,,14,1,6,2,4
300,,15,1,6,3,3
300,,0,1,6,4,2
300,,1,1,6,5,1
300,,2,1,6,3,3
300,,3,1,6,2,4
300,,4,1,6,6,0
50,,0,1,6,1,5
50,,1,1,6,2,4
50,,2,1,6,1,5
50,,3,1,6,2,4
50,,4,1,6,2,4
50,,5,1,6,1,5
50,,6,1,6,1,5
50,,7,1,6,3,3
50,,8,1,6,0,6
50,,9,1,6,0,6
50,,10,1,6,2,4
50,,11,1,6,0,6
50,,12,1,6,2,4
50,,13,1,6,3,3
50,,14,1,6,1,5
50,,15,1,6,1,5
50,,0,1,6,0,6
50,,1,1,6,3,3
50,,2,1,6,1,5
50,,3,1,6,3,3
50,,4,1,6,4,2
50,,5,1,6,3,3
50,,6,1,6,1,5
50,,7,1,6,1,5
50,,8,1,6,4,2
50,,9,1,6,0,6
50,,10,1,6,3,3
50,,11,1,6,1,5
50,,12,1,6,0,6
50,,13,1,6,1,5
50,,14,1,6,6,0
50,,15,1,6,2,4
50,,0,1,6,3,3
50,,1,1,6,0,6
50,,2,1,6,4,2
50,,3,1,6,4,2
50,,4,1,6,0,6
50,,5,1,6,1,5
50,,6,1,6,2,4
50,,7,1,6,1,5
50,,8,1,6,1,5
50,,9,1,6,1,5
50,,10,1,6,6,0
50,,11,1,6,2,4
50,,12,1,6,1,5
50,,13,1,6,1,5
50,,14,1,6,5,1
50,,15,1,6,3,3
50,,0,1,6,2,4
50,,1,1,6,2,4
50,,2,1,6,3,3
50,,3,1,6,4,2
50,,4,1,6,0,6
50,,5,1,6,1,5
50,,6,1,6,1,5
50,,7,1,6,4,2
50,,8,1,6,1,5
50,,9,1,6,1,5
50,,10,1,6,4,2
50,,11,1,6,1,5
50,,12,1,6,3,3
50,,13,1,6,0,6
50,,14,1,6,3,3
50,,15,1,6,0,6
50,,0,1,6,4,2
50,,1,1,6,1,5
50,,2,1,6,4,2
50,,3,1,6,6,0
50,,4,1,6,2,4
50,,5,1,6,2,4
50,,6,1,6,1,5
50,,7,1,6,1,5
50,,8,1,6,1,5
50,,9,1,6,1,5
50,,10,1,6,1,5
50,,11,1,6,0,6
50,,12,1,6,3,3
50,,13,1,6,1,5
50,,14,1,6,3,3
50,,15,1,6,5,1
50,,0,1,6,3,3
50,,1,1,6,4,2
50,,2,1,6,3,3
50,,3,1,6,5,1
50,,4,1,6,0,6
50,,5,1,6,1,5
50,,6,1,6,1,5
50,,7,1,6,0,6
50,,8,1,6,4,2
50,,9,1,6,1,5
50,,10,1,6,6,0
50,,11,1,6,1,5
50,,12,1,6,1,5
50,,13,1,6,1,5
50,,14,1,6,3,3
50,,15,1,6,5,1
50,,0,1,6,1,5
50,,1,1,6,2,4
50,,2,1,6,3,3
50,,3,1,6,5,1
50,,4,1,6,1,5
50,,5,1,6,1,5
50,,6,1,6,5,1
50,,7,1,6,1,5
50,,8,1,6,2,4
50,,9,1,6,3,3
50,,10,1,6,3,3
50,,11,1,6,3,3
50,,12,1,6,1,5
50,,13,1,6,2,4
50,,14,1,6,5,1
50,,15,1,6,5,1
50,,0,1,6,1,5
50,,1,1,6,4,2
50,,2,1,6,2,4
50,,3,1,6,3,3
50,,4,1,6,1,5
50,,5,1,6,0,6
50,,6,1,6,6,0
50,,7,1,6,1,5
50,,8,1,6,4,2
50,,9,1,6,3,3
50,,10,1,6,5,1
50,,11,1,6,3,3
50,,12,1,6,1,5
50,,13,1,6,1,5
50,,14,1,6,4,2
50,,15,1,6,2,4
50,,0,1,6,2,4
50,,1,1,6,0,6
50,,2,1,6,2,4
50,,3,1,6,5,1
50,,4,1,6,0,6
50,,5,1,6,4,2
50,,6,1,6,3,3
50,,7,1,6,1,5
50,,8,1,6,2,4
50,,9,1,6,2,4
50,,10,1,6,5,1
50,,11,1,6,4,2
50,,12,1,6,1,5
50,,13,1,6,2,4
50,,14,1,6,5,1
50,,15,1,6,4,2
50,,0,1,6,3,3
50,,1,1,6,1,5
50,,2,1,6,3,3
50,,3,1,6,3,3
50,,4,1,6,2,4
50,,5,1,6,3,3
50,,6,1,6,3,3
50,,7,1,6,0,6
50,,8,1,6,5,1
50,,9,1,6,2,4
50,,10,1,6,2,4
50,,11,1,6,0,6
50,,12,1,6,0,6
50,,13,1,6,1,5
50,,14,1,6,6,0
50,,15,1,6,5,1
50,,0,1,6,1,5
50,,1,1,6,1,5
50,,2,1,6,1,5
50,,3,1,6,5,1
50,,4,1,6,2,4
50,,5,1,6,0,6
50,,6,1,6,3,3
50,,7,1,6,2,4
50,,8,1,6,3,3
50,,9,1,6,3,3
50,,10,1,6,5,1
50,,11,1,6,1,5
50,,12,1,6,4,2
50,,13,1,6,4,2
50,,14,1,6,3,3
50,,15,1,6,4,2
50,,0,1,6,1,5
50,,1,1,6,2,4
50,,2,1,6,0,6
50,,3,1,6,4,2
50,,4,1,6,2,4
50,,5,1,6,0,6
50,,6,1,6,1,5
50,,7,1,6,1,5
50,,8,1,6,4,2
50,,9,1,6,1,5
50,,10,1,6,6,0
50,,11,1,6,1,5
50,,12,1,6,5,1
50,,13,1,6,1,5
50,,14,1,6,3,3
50,,15,1,6,4,2
50,,0,1,6,2,4
50,,1,1,6,2,4
50,,2,1,6,0,6
50,,3,1,6,5,1
50,,4,1,6,2,4
50,,5,1,6,4,2
50,,6,1,6,0,6
50,,7,1,6,2,4
50,,8,1,6,6,0
50,,9,1,6,2,4
50,,10,1,6,6,0
50,,11,1,6,0,6
50,,12,1,6,0,6
50,,13,1,6,2,4
50,,14,1,6,2,4
50,,15,1,6,5,1
50,,0,1,6,3,3
50,,1,1,6,2,4
50,,2,1,6,0,6
50,,3,1,6,5,1
50,,4,1,6,3,3
50,,5,1,6,1,5
50,,6,1,6,4,2
50,,7,1,6,3,3
50,,8,1,6,5,1
50,,9,1,6,2,4
50,,10,1,6,5,1
50,,11,1,6,0,6
50,,12,1,6,0,6
50,,13,1,6,1,5
50,,14,1,6,4,2
50,,15,1,6,5,1
50,,0,1,6,1,5
50,,1,1,6,3,3
50,,2,1,6,0,6
50,,3,1,6,5,1
50,,4,1,6,1,5
50,,5,1,6,0,6
50,,6,1,6,2,4
50,,7,1,6,2,4
50,,8,1,6,1,5
50,,9,1,6,3,3
50,,10,1,6,3,3
50,,11,1,6,0,6
50,,12,1,6,1,5
50,,13,1,6,2,4
50,,14,1,6,5,1
50,,15,1,6,3,3
50,,0,1,6,2,4
50,,1,1,6,5,1
50,,2,1,6,5,1
50,,3,1,6,4,2
50,,4,1,6,3,3
50,,5,1,6,2,4
50,,6,1,6,1,5
50,,7,1,6,2,4
50,,8,1,6,4,2
50,,9,1,6,0,6
50,,10,1,6,5,1
50,,11,1,6,2,4
50,,12,1,6,4,2
50,,13,1,6,4,2
50,,14,1,6,6,0
50,,15,1,6,4,2
50,,0,1,6,2,4
50,,1,1,6,3,3
50,,2,1,6,2,4
50,,3,1,6,5,1
50,,4,1,6,2,4
50,,5,1,6,1,5
50,,6,1,6,4,2
50,,7,1,6,2,4
50,,8,1,6,6,0
50,,9,1,6,1,5
50,,10,1,6,5,1
50,,11,1,6,1,5
50,,12,1,6,2,4
50,,13,1,6,3,3
50,,14,1,6,4,2
50,,15,1,6,4,2
50,,0,1,6,1,5
50,,1,1,6,4,2
50,,2,1,6,6,0
50,,3,1,6,5,1
50,,4,1,6,5,1
50,,5,1,6,3,3
50,,6,1,6,2,4
50,,7,1,6,3,3
50,,8,1,6,1,5
50,,9,1,6,0,6
50,,10,1,6,4,2
50,,11,1,6,3,3
50,,12,1,6,5,1
50,,13,1,6,3,3
50,,14,1,6,4,2
50,,15,1,6,3,3
50,,0,1,6,1,5
50,,1,1,6,2,4
50,,2,1,6,4,2
50,,3,1,6,4,2
50,,4,1,6,5,1
50,,5,1,6,5,1
50,,6,1,6,3,3
50,,7,1,6,4,2
50,,8,1,6,5,1
50,,9,1,6,3,3
50,,10,1,6,5,1
50,,11,1,6,0,6
50,,12,1,6,5,1
50,,13,1,6,4,2
50,,14,1,6,4,2
50,,15,1,6,5,1
50,,0,1,6,2,4
50,,1,1,6,4,2
50,,2,1,6,5,1
50,,3,1,6,6,0
50,,4,1,6,1,5
50,,5,1,6,5,1
50,,6,1,6,2,4
50,,7,1,6,1,5
50,,8,1,6,5,1
50,,9,1,6,1,5
50,,10,1,6,5,1
50,,11,1,6,1,5
50,,12,1,6,3,3
50,,13,1,6,6,0
50,,14,1,6,5,1
50,,15,1,6,6,0
50,,0,1,6,1,5
50,,1,1,6,3,3
50,,2,1,6,1,5
50,,3,1,6,4,2
50,,4,1,6,5,1
50,,5,1,6,3,3
50,,6,1,6,1,5
50,,7,1,6,1,5
50,,8,1,6,4,2
50,,9,1,6,2,4
50,,10,1,6,4,2
50,,11,1,6,2,4
50,,12,1,6,5,1
50,,13,1,6,2,4
50,,14,1,6,5,1
50,,15,1,6,4,2
50,,0,1,6,3,3
50,,1,1,6,2,4
50,,2,1,6,6,0
50,,3,1,6,6,0
50,,4,1,6,4,2
50,,5,1,6,3,3
50,,6,1,6,5,1
50,,7,1,6,4,2
50,,8,1,6,3,3
50,,9,1,6,3,3
50,,10,1,6,5,1
50,,11,1,6,6,0
50,,12,1,6,4,2
50,,13,1,6,5,1
50,,14,1,6,6,0
50,,15,1,6,5,1
50,,0,1,6,2,4
50,,1,1,6,2,4
50,,2,1,6,6,0
50,,3,1,6,6,0
50,,4,1,6,4,2
50,,5,1,6,4,2
50,,6,1,6,3,3
50,,7,1,6,3,3
50,,8,1,6,3,3
50,,9,1,6,5,1
50,,10,1,6,6,0
50,,11,1,6,3,3
50,,12,1,6,4,2
50,,13,1,6,1,5
50,,14,1,6,5,1
50,,15,1,6,6,0
50,,0,1,6,4,2
50,,1,1,6,4,2
50,,2,1,6,6,0
50,,3,1,6,5,1
50,,4,1,6,3,3
50,,5,1,6,3,3
50,,6,1,6,2,4
50,,7,1,6,3,3
50,,8,1,6,6,0
50,,9,1,6,3,3
50,,10,1,6,6,0
50,,11,1,6,3,3
50,,12,1,6,3,3
50,,13,1,6,4,2
50,,14,1,6,4,2
50,,15,1,6,3,3
50,,0,1,6,4,2
50,,1,1,6,6,0
50,,2,1,6,6,0
50,,3,1,6,5,1
50,,4,1,6,4,2
50,,5,1,6,3,3
50,,6,1,6,4,2
50,,7,1,6,3,3
50,,8,1,6,3,3
50,,9,1,6,1,5
50,,10,1,6,6,0
50,,11,1,6,6,0
50,,12,1,6,4,2
50,,13,1,6,6,0
50,,14,1,6,5,1
50,,15,1,6,6,0
50,,0,1,6,5,1
50,,1,1,6,1,5
50,,2,1,6,6,0
50,,3,1,6,5,1
50,,4,1,6,4,2
50,,5,1,6,4,2
50,,6,1,6,5,1
50,,7,1,6,5,1
50,,8,1,6,4,2
50,,9,1,6,6,0
50,,10,1,6,5,1
50,,11,1,6,6,0
50,,12,1,6,5,1
50,,13,1,6,4,2
50,,14,1,6,4,2
50,,15,1,6,4,2
50,,0,1,6,6,0
50,,1,1,6,4,2
50,,2,1,6,6,0
50,,3,1,6,4,2
50,,4,1,6,3,3
50,,5,1,6,3,3
50,,6,1,6,4,2
50,,7,1,6,5,1
50,,8,1,6,3,3
50,,9,1,6,5,1
50,,10,1,6,5,1
50,,11,1,6,4,2
50,,12,1,6,5,1
50,,13,1,6,4,2
50,,14,1,6,3,3
50,,15,1,6,5,1
50,,0,1,6,6,0
50,,1,1,6,5,1
50,,2,1,6,5,1
50,,3,1,6,3,3
50,,4,1,6,5,1
50,,5,1,6,4,2
50,,6,1,6,3,3
50,,7,1,6,6,0
50,,8,1,6,4,2
50,,9,1,6,6,0
50,,10,1,6,4,2
50,,11,1,6,4,2
50,,12,1,6,5,1
50,,13,1,6,4,2
50,,14,1,6,3,3
50,,15,1,6,5,1
50,,0,1,6,6,0
50,,1,1,6,6,0
50,,2,1,6,6,0
50,,3,1,6,6,0
50,,4,1,6,5,1
50,,5,1,6,4,2
50,,6,1,6,4,2
50,,7,1,6,4,2
50,,8,1,6,4,2
50,,9,1,6,4,2
50,,10,1,6,5,1
50,,11,1,6,6,0
50,,12,1,6,5,1
50,,13,1,6,6,0
50,,14,1,6,6,0
50,,15,1,6,5,1
50,,0,1,6,6,0
50,,1,1,6,6,0
50,,2,1,6,6,0
50,,3,1,6,3,3
50,,4,1,6,1,5
50,,5,1,6,4,2
50,,6,1,6,4,2
50,,7,1,6,4,2
50,,8,1,6,4,2
50,,9,1,6,6,0
50,,10,1,6,5,1
50,,11,1,6,3,3
50,,12,1,6,4,2
50,,13,1,6,5,1
50,,14,1,6,4,2
50,,15,1,6,5,1
50,,0,1,6,6,0
50,,1,1,6,5,1
50,,2,1,6,5,1
50,,3,1,6,4,2
50,,4,1,6,1,5
50,,5,1,6,5,1
50,,6,1,6,5,1
50,,7,1,6,3,3
50,,8,1,6,2,4
50,,9,1,6,6,0
50,,10,1,6,4,2
50,,11,1,6,4,2
50,,12,1,6,5,1
50,,13,1,6,4,2
50,,14,1,6,6,0
50,,15,1,6,4,2
50,,0,1,6,3,3
50,,1,1,6,4,2
50,,2,1,6,2,4
50,,3,1,6,3,3
50,,4,1,6,2,4
50,,5,1,6,5,1
50,,6,1,6,2,4
50,,7,1,6,6,0
50,,8,1,6,4,2
50,,9,1,6,6,0
50,,10,1,6,5,1
50,,11,1,6,6,0
50,,12,1,6,5,1
50,,13,1,6,4,2
50,,14,1,6,5,1
50,,15,1,6,5,1
50,,0,1,6,5,1
50,,1,1,6,5,1
50,,2,1,6,6,0
50,,3,1,6,6,0
50,,4,1,6,2,4
50,,5,1,6,4,2
50,,6,1,6,4,2
50,,7,1,6,5,1
50,,8,1,6,5,1
50,,9,1,6,4,2
50,,10,1,6,6,0
50,,11,1,6,5,1
50,,12,1,6,4,2
50,,13,1,6,5,1
50,,14,1,6,5,1
50,,15,1,6,5,1
50,,0,1,6,4,2
50,,1,1,6,5,1
50,,2,1,6,4,2
50,,3,1,6,6,0
50,,4,1,6,4,2
50,,5,1,6,5,1
50,,6,1,6,4,2
50,,7,1,6,5,1
50,,8,1,6,5,1
50,,9,1,6,5,1
50,,10,1,6,5,1
50,,11,1,6,5,1
50,,12,1,6,5,1
50,,13,1,6,5,1
50,,14,1,6,2,4
50,,15,1,6,5,1
50,,0,1,6,5,1
50,,1,1,6,4,2
50,,2,1,6,5,1
50,,3,1,6,4,2
50,,4,1,6,4,2
50,,5,1,6,5,1
50,,6,1,6,4,2
50,,7,1,6,5,1
50,,8,1,6,3,3
50,,9,1,6,6,0
50,,10,1,6,3,3
50,,11,1,6,5,1
50,,12,1,6,2,4
50,,13,1,6,2,4
50,,14,1,6,5,1
50,,15,1,6,3,3
50,,0,1,6,5,1
50,,1,1,6,6,0
50,,2,1,6,5,1
50,,3,1,6,4,2
50,,4,1,6,1,5
50,,5,1,6,5,1
50,,6,1,6,5,1
50,,7,1,6,6,0
50,,8,1,6,6,0
50,,9,1,6,5,1
50,,10,1,6,5,1
50,,11,1,6,5,1
50,,12,1,6,6,0
50,,13,1,6,4,2
50,,14,1,6,3,3
50,,15,1,6,3,3
50,,0,1,6,5,1
50,,1,1,6,4,2
50,,2,1,6,6,0
50,,3,1,6,5,1
50,,4,1,6,2,4
50,,5,1,6,6,0
50,,6,1,6,4,2
50,,7,1,6,6,0
50,,8,1,6,4,2
50,,9,1,6,6,0
50,,10,1,6,4,2
50,,11,1,6,6,0
50,,12,1,6,5,1
50,,13,1,6,6,0
50,,14,1,6,4,2
50,,15,1,6,4,2
50,,0,1,6,5,1
50,,1,1,6,6,0
50,,2,1,6,5,1
50,,3,1,6,6,0
50,,4,1,6,1,5
50,,5,1,6,5,1
50,,6,1,6,2,4
50,,7,1,6,6,0
50,,8,1,6,4,2
50,,9,1,6,6,0
50,,10,1,6,5,1
50,,11,1,6,5,1
50,,12,1,6,6,0
50,,13,1,6,4,2
50,,14,1,6,6,0
50,,15,1,6,5,1
50,,0,1,6,3,3
50,,1,1,6,4,2
50,,2,1,6,2,4
50,,3,1,6,6,0
50,,4,1,6,5,1
50,,5,1,6,4,2
50,,6,1,6,3,3
50,,7,1,6,3,3
50,,8,1,6,4,2
50,,9,1,6,4,2
50,,10,1,6,4,2
50,,11,1,6,3,3
50,,12,1,6,5,1
50,,13,1,6,2,4
50,,14,1,6,5,1
50,,15,1,6,6,0
50,,0,1,6,5,1
50,,1,1,6,5,1
50,,2,1,6,6,0
50,,3,1,6,3,3
50,,4,1,6,2,4
50,,5,1,6,6,0
50,,6,1,6,4,2
50,,7,1,6,4,2
50,,8,1,6,5,1
50,,9,1,6,5,1
50,,10,1,6,6,0
50,,11,1,6,5,1
50,,12,1,6,4,2
50,,13,1,6,6,0
50,,14,1,6,4,2
50,,15,1,6,5,1
50,,0,1,6,3,3
50,,1,1,6,6,0
50,,2,1,6,5,1
50,,3,1,6,3,3
50,,4,1,6,2,4
50,,5,1,6,4,2
50,,6,1,6,2,4
50,,7,1,6,4,2
50,,8,1,6,5,1
50,,9,1,6,6,0
50,,10,1,6,4,2
50,,11,1,6,6,0
50,,12,1,6,5,1
50,,13,1,6,4,2
50,,14,1,6,6,0
50,,15,1,6,6,0
50,,0,1,6,3,3
50,,1,1,6,5,1
50,,2,1,6,4,2
50,,3,1,6,6,0
50,,4,1,6,1,5
50,,5,1,6,5,1
50,,6,1,6,5,1
50,,7,1,6,3,3
50,,8,1,6,5,1
50,,9,1,6,5,1
50,,10,1,6,5,1
50,,11,1,6,5,1
50,,12,1,6,6,0
50,,13,1,6,4,2
50,,14,1,6,2,4
50,,15,1,6,5,1
50,,0,1,6,6,0
50,,1,1,6,4,2
50,,2,1,6,4,2
50,,3,1,6,4,2
50,,4,1,6,1,5
50,,5,1,6,6,0
50,,6,1,6,6,0
50,,7,1,6,3,3
50,,8,1,6,5,1
50,,9,1,6,4,2
50,,10,1,6,5,1
50,,11,1,6,4,2
50,,12,1,6,4,2
50,,13,1,6,6,0
50,,14,1,6,4,2
50,,15,1,6,6,0
50,,0,1,6,4,2
50,,1,1,6,3,3
50,,2,1,6,5,1
50,,3,1,6,6,0
50,,4,1,6,2,4
50,,5,1,6,4,2
50,,6,1,6,6,0
50,,7,1,6,6,0
50,,8,1,6,6,0
50,,9,1,6,5,1
50,,10,1,6,6,0
50,,11,1,6,3,3
50,,12,1,6,5,1
50,,13,1,6,5,1
50,,14,1,6,4,2
50,,15,1,6,6,0
50,,0,1,6,5,1
50,,1,1,6,5,1
50,,2,1,6,4,2
50,,3,1,6,6,0
50,,4,1,6,4,2
50,,5,1,6,5,1
50,,6,1,6,5,1
50,,7,1,6,4,2
50,,8,1,6,3,3
50,,9,1,6,5,1
50,,10,1,6,5,1
50,,11,1,6,3,3
50,,12,1,6,5,1
50,,13,1,6,5,1
50,,14,1,6,3,3
50,,15,1,6,5,1
50,,0,1,6,6,0
50,,1,1,6,4,2
50,,2,1,6,5,1
50,,3,1,6,5,1
50,,4,1,6,4,2
50,,5,1,6,5,1
50,,6,1,6,6,0
50,,7,1,6,5,1
50,,8,1,6,6,0
50,,9,1,6,5,1
50,,10,1,6,2,4
50,,11,1,6,6,0
50,,12,1,6,3,3
50,,13,1,6,5,1
50,,14,1,6,3,3
50,,15,1,6,6,0
50,,0,1,6,2,4
50,,1,1,6,5,1
50,,2,1,6,6,0
50,,3,1,6,5,1
50,,4,1,6,6,0
50,,5,1,6,5,1
50,,6,1,6,3,3
50,,7,1,6,6,0
50,,8,1,6,6,0
50,,9,1,6,4,2
50,,10,1,6,5,1
50,,11,1,6,4,2
50,,12,1,6,5,1
50,,13,1,6,4,2
50,,14,1,6,4,2
50,,15,1,6,5,1
50,,0,1,6,4,2
50,,1,1,6,6,0
50,,2,1,6,3,3
50,,3,1,6,5,1
50,,4,1,6,4,2
50,,5,1,6,5,1
50,,6,1,6,3,3
50,,7,1,6,5,1
50,,8,1,6,4,2
50,,9,1,6,4,2
50,,10,1,6,5,1
50,,11,1,6,5,1
50,,12,1,6,3,3
50,,13,1,6,2,4
50,,14,1,6,2,4
50,,15,1,6,6,0
50,,0,1,6,3,3
50,,1,1,6,5,1
50,,2,1,6,3,3
50,,3,1,6,5,1
50,,4,1,6,3,3
50,,5,1,6,6,0
50,,6,1,6,2,4
50,,7,1,6,4,2
50,,8,1,6,4,2
50,,9,1,6,3,3
50,,10,1,6,5,1
50,,11,1,6,6,0
50,,12,1,6,4,2
50,,13,1,6,2,4
50,,14,1,6,1,5
50,,15,1,6,5,1
50,,0,1,6,3,3
50,,1,1,6,5,1
50,,2,1,6,6,0
50,,3,1,6,6,0
50,,4,1,6,3,3
50,,5,1,6,6,0
50,,6,1,6,3,3
50,,7,1,6,4,2
50,,8,1,6,1,5
50,,9,1,6,5,1
50,,10,1,6,4,2
50,,11,1,6,3,3
50,,12,1,6,2,4
50,,13,1,6,3,3
50,,14,1,6,2,4
50,,15,1,6,6,0
50,,0,1,6,5,1
50,,1,1,6,5,1
50,,2,1,6,3,3
50,,3,1,6,5,1
50,,4,1,6,2,4
50,,5,1,6,5,1
50,,6,1,6,5,1
50,,7,1,6,2,4
50,,8,1,6,4,2
50,,9,1,6,3,3
50,,10,1,6,6,0
50,,11,1,6,3,3
50,,12,1,6,5,1
50,,13,1,6,3,3
50,,14,1,6,3,3
50,,15,1,6,5,1
50,,0,1,6,2,4
50,,1,1,6,5,1
50,,2,1,6,5,1
50,,3,1,6,5,1
50,,4,1,6,5,1
50,,5,1,6,5,1
50,,6,1,6,3,3
50,,7,1,6,4,2
50,,8,1,6,5,1
50,,9,1,6,5,1
50,,10,1,6,5,1
50,,11,1,6,5,1
50,,12,1,6,4,2
50,,13,1,6,5,1
50,,14,1,6,3,3
50,,15,1,6,4,2
50,,0,1,6,3,3
50,,1,1,6,5,1
50,,2,1,6,2,4
50,,3,1,6,5,1
50,,4,1,6,5,1
50,,5,1,6,4,2
50,,6,1,6,4,2
50,,7,1,6,3,3
50,,8,1,6,1,5
50,,9,1,6,4,2
50,,10,1,6,5,1
50,,11,1,6,3,3
50,,12,1,6,3,3
50,,13,1,6,6,0
50,,14,1,6,2,4
50,,15,1,6,5,1
50,,0,1,6,5,1
50,,1,1,6,5,1
50,,2,1,6,2,4
50,,3,1,6,6,0
50,,4,1,6,6,0
50,,5,1,6,6,0
50,,6,1,6,3,3
50,,7,1,6,2,4
50,,8,1,6,5,1
50,,9,1,6,4,2
50,,10,1,6,4,2
50,,11,1,6,5,1
50,,12,1,6,4,2
50,,13,1,6,5,1
50,,14,1,6,2,4
50,,15,1,6,6,0
50,,0,1,6,3,3
50,,1,1,6,4,2
50,,2,1,6,2,4
50,,3,1,6,4,2
50,,4,1,6,3,3
50,,5,1,6,5,1
50,,6,1,6,3,3
50,,7,1,6,1,5
50,,8,1,6,4,2
50,,9,1,6,3,3
50,,10,1,6,5,1
50,,11,1,6,3,3
50,,12,1,6,3,3
50,,13,1,6,6,0
50,,14,1,6,2,4
50,,15,1,6,5,1
50,,0,1,6,5,1
50,,1,1,6,3,3
50,,2,1,6,2,4
50,,3,1,6,4,2
50,,4,1,6,5,1
50,,5,1,6,6,0
50,,6,1,6,4,2
50,,7,1,6,4,2
50,,8,1,6,4,2
50,,9,1,6,5,1
50,,10,1,6,4,2
50,,11,1,6,3,3
50,,12,1,6,5,1
50,,13,1,6,5,1
50,,14,1,6,0,6
50,,15,1,6,6,0
50,,0,1,6,3,3
50,,1,1,6,3,3
50,,2,1,6,3,3
50,,3,1,6,6,0
50,,4,1,6,1,5
50,,5,1,6,4,2
50,,6,1,6,4,2
50,,7,1,6,3,3
50,,8,1,6,2,4
50,,9,1,6,3,3
50,,10,1,6,5,1
50,,11,1,6,4,2
50,,12,1,6,4,2
50,,13,1,6,5,1
50,,14,1,6,3,3
50,,15,1,6,3,3
50,,0,1,6,4,2
50,,1,1,6,5,1
50,,2,1,6,4,2
50,,3,1,6,5,1
50,,4,1,6,3,3
50,,5,1,6,3,3
50,,6,1,6,3,3
50,,7,1,6,4,2
50,,8,1,6,4,2
50,,9,1,6,4,2
50,,10,1,6,1,5
50,,11,1,6,1,5
50,,12,1,6,3,3
50,,13,1,6,6,0
50,,14,1,6,1,5
50,,15,1,6,5,1
50,,0,1,6,4,2
50,,1,1,6,5,1
50,,2,1,6,1,5
50,,3,1,6,5,1
50,,4,1,6,3,3
50,,5,1,6,4,2
50,,6,1,6,3,3
50,,7,1,6,3,3
50,,8,1,6,4,2
50,,9,1,6,2,4
50,,10,1,6,3,3
50,,11,1,6,1,5
50,,12,1,6,0,6
50,,13,1,6,4,2
50,,14,1,6,2,4
50,,15,1,6,4,2
100,,0,1,6,1,5
100,,1,1,6,2,4
100,,2,1,6,1,5
100,,3,1,6,0,6
100,,4,1,6,1,5
100,,5,1,6,0,6
100,,6,1,6,1,5
100,,7,1,6,1,5
100,,8,1,6,0,6
100,,9,1,6,1,5
100,,10,1,6,0,6
100,,11,1,6,1,5
100,,12,1,6,2,4
100,,13,1,6,1,5
100,,14,1,6,4,2
100,,15,1,6,2,4
100,,0,1,6,1,5
100,,1,1,6,0,6
100,,2,1,6,3,3
100,,3,1,6,2,4
100,,4,1,6,3,3
100,,5,1,6,1,5
100,,6,1,6,1,5
100,,7,1,6,2,4
100,,8,1,6,4,2
100,,9,1,6,2,4
100,,10,1,6,1,5
100,,11,1,6,0,6
100,,12,1,6,5,1
100,,13,1,6,4,2
100,,14,1,6,3,3
100,,15,1,6,0,6
100,,0,1,6,2,4
100,,1,1,6,3,3
100,,2,1,6,0,6
100,,3,1,6,1,5
100,,4,1,6,1,5
100,,5,1,6,1,5
100,,6,1,6,2,4
100,,7,1,6,2,4
100,,8,1,6,2,4
100,,9,1,6,1,5
100,,10,1,6,5,1
100,,11,1,6,1,5
100,,12,1,6,1,5
100,,13,1,6,3,3
100,,14,1,6,4,2
100,,15,1,6,3,3
100,,0,1,6,5,1
100,,1,1,6,2,4
100,,2,1,6,2,4
100,,3,1,6,4,2
100,,4,1,6,0,6
100,,5,1,6,6,0
100,,6,1,6,5,1
100,,7,1,6,1,5
100,,8,1,6,0,6
100,,9,1,6,2,4
100,,10,1,6,4,2
100,,11,1,6,2,4
100,,12,1,6,5,1
100,,13,1,6,6,0
100,,14,1,6,2,4
100,,15,1,6,5,1
100,,0,1,6,2,4
100,,1,1,6,1,5
100,,2,1,6,1,5
100,,3,1,6,4,2
100,,4,1,6,4,2
100,,5,1,6,3,3
100,,6,1,6,4,2
100,,7,1,6,2,4
100,,8,1,6,2,4
100,,9,1,6,2,4
100,,10,1,6,2,4
100,,11,1,6,3,3
100,,12,1,6,3,3
100,,13,1,6,2,4
100,,14,1,6,3,3
100,,15,1,6,3,3
100,,0,1,6,5,1
100,,1,1,6,2,4
100,,2,1,6,0,6
100,,3,1,6,4,2
100,,4,1,6,3,3
100,,5,1,6,1,5
100,,6,1,6,5,1
100,,7,1,6,2,4
100,,8,1,6,3,3
100,,9,1,6,0,6
100,,10,1,6,4,2
100,,11,1,6,0,6
100,,12,1,6,3,3
100,,13,1,6,5,1
100,,14,1,6,2,4
100,,15,1,6,4,2
100,,0,1,6,3,3
100,,1,1,6,1,5
100,,2,1,6,2,4
100,,3,1,6,4,2
100,,4,1,6,4,2
100,,5,1,6,4,2
100,,6,1,6,4,2
100,,7,1,6,2,4
100,,8,1,6,2,4
100,,9,1,6,2,4
100,,10,1,6,4,2
100,,11,1,6,1,5
100,,12,1,6,3,3
100,,13,1,6,4,2
100,,14,1,6,6,0
100,,15,1,6,5,1
100,,0,1,6,4,2
300,,5,1,6,4,2
300,,6,1,6,4,2
300,,7,1,6,2,4
300,,8,1,6,6,0
300,,9,1,6,4,2
300,,10,1,6,3,3
300,,11,1,6,4,2
300,,12,1,6,4,2
300,,13,1,6,1,5
300,,14,1,6,4,2
300,,15,1,6,4,2
300,,0,1,6,4,2
300,,1,1,6,4,2
300,,2,1,6,6,0
300,,3,1,6,3,3
300,,4,1,6,5,1
300,,5,1,6,4,2
300,,6,1,6,4,2
300,,7,1,6,1,5
300,,8,1,6,4,2
300,,9,1,6,6,0
300,,10,1,6,3,3
300,,11,1,6,3,3
300,,12,1,6,3,3
300,,13,1,6,3,3
300,,14,1,6,3,3
300,,15,1,6,6,0
300,,0,1,6,3,3
300,,1,1,6,2,4
300,,2,1,6,4,2
300,,3,1,6,5,1
300,,4,1,6,3,3
300,,5,1,6,4,2
300,,6,1,6,3,3
300,,7,1,6,6,0
300,,8,1,6,5,1
300,,9,1,6,6,0
300,,10,1,6,2,4
300,,11,1,6,3,3
300,,12,1,6,1,5
300,,13,1,6,1,5
300,,14,1,6,3,3
300,,15,1,6,5,1
300,,0,1,6,6,0
300,,1,1,6,3,3
300,,2,1,6,5,1
300,,3,1,6,5,1
300,,4,1,6,1,5
300,,5,1,6,4,2
300,,6,1,6,3,3
300,,7,1,6,5,1
300,,8,1,6,5,1
300,,9,1,6,5,1
300,,10,1,6,5,1
300,,11,1,6,4,2
300,,12,1,6,4,2
300,,13,1,6,1,5
300,,14,1,6,4,2
300,,15,1,6,6,0
300,,0,1,6,5,1
300,,1,1,6,3,3
300,,2,1,6,4,2
300,,3,1,6,4,2
300,,4,1,6,3,3
300,,5,1,6,1,5
300,,6,1,6,5,1
300,,7,1,6,3,3
300,,8,1,6,4,2
300,,9,1,6,5,1
300,,10,1,6,3,3
300,,11,1,6,2,4
300,,12,1,6,5,1
300,,13,1,6,0,6
300,,14,1,6,4,2
300,,15,1,6,3,3
300,,0,1,6,6,0
300,,1,1,6,6,0
300,,2,1,6,3,3
300,,3,1,6,3,3
300,,4,1,6,3,3
300,,5,1,6,5,1
300,,6,1,6,4,2
300,,7,1,6,0,6
300,,8,1,6,5,1
300,,9,1,6,4,2
300,,10,1,6,3,3
300,,11,1,6,1,5
300,,12,1,6,2,4
300,,13,1,6,0,6
300,,14,1,6,1,5
300,,15,1,6,3,3
300,,0,1,6,4,2
300,,1,1,6,2,4
300,,2,1,6,5,1
300,,3,1,6,0,6
300,,4,1,6,3,3
300,,5,1,6,4,2
300,,6,1,6,4,2
300,,7,1,6,4,2
300,,8,1,6,5,1
300,,9,1,6,4,2
300,,10,1,6,3,3
300,,11,1,6,3,3
300,,12,1,6,0,6
300,,13,1,6,3,3
300,,14,1,6,2,4
300,,15,1,6,6,0
350,,0,1,6,1,5
350,,1,1,6,0,6
350,,2,1,6,1,5
350,,3,1,6,1,5
350,,4,1,6,3,3
350,,5,1,6,1,5
350,,6,1,6,3,3
350,,7,1,6,1,5
350,,8,1,6,2,4
350,,9,1,6,0,6
350,,10,1,6,1,5
350,,11,1,6,2,4
350,,12,1,6,2,4
350,,13,1,6,1,5
350,,14,1,6,1,5
350,,15,1,6,0,6
350,,0,1,6,0,6
350,,1,1,6,5,1
350,,2,1,6,4,2
350,,3,1,6,1,5
350,,4,1,6,1,5
350,,5,1,6,4,2
350,,6,1,6,2,4
350,,7,1,6,6,0
350,,8,1,6,2,4
350,,9,1,6,5,1
350,,10,1,6,1,5
350,,11,1,6,0,6
350,,12,1,6,2,4
350,,13,1,6,1,5
350,,14,1,6,1,5
350,,15,1,6,1,5
350,,0,1,6,1,5
350,,1,1,6,1,5
350,,2,1,6,0,6
350,,3,1,6,4,2
350,,4,1,6,0,6
350,,5,1,6,3,3
350,,6,1,6,0,6
350,,7,1,6,2,4
350,,8,1,6,1,5
350,,9,1,6,5,1
350,,10,1,6,1,5
350,,11,1,6,3,3
350,,12,1,6,1,5
350,,13,1,6,3,3
350,,14,1,6,1,5
350,,15,1,6,6,0
350,,0,1,6,0,6
350,,1,1,6,3,3
350,,2,1,6,3,3
350,,3,1,6,5,1
350,,4,1,6,1,5
350,,5,1,6,6,0
350,,6,1,6,6,0
350,,7,1,6,3,3
350,,8,1,6,3,3
350,,9,1,6,0,6
350,,10,1,6,1,5
350,,11,1,6,1,5
350,,12,1,6,2,4
350,,13,1,6,3,3
350,,14,1,6,1,5
350,,15,1,6,3,3
350,,0,1,6,3,3
350,,1,1,6,5,1
350,,2,1,6,1,5
350,,3,1,6,2,4
350,,4,1,6,1,5
350,,5,1,6,5,1
350,,6,1,6,2,4
350,,7,1,6,1,5
350,,8,1,6,2,4
350,,9,1,6,2,4
350,,10,1,6,3,3
350,,11,1,6,2,4
350,,12,1,6,3,3
350,,13,1,6,3,3
350,,14,1,6,2,4
350,,15,1,6,5,1
350,,0,1,6,1,5
350,,1,1,6,5,1
350,,2,1,6,3,3
350,,3,1,6,3,3
350,,4,1,6,3,3
350,,5,1,6,5,1
350,,6,1,6,2,4
350,,7,1,6,2,4
350,,8,1,6,3,3
350,,9,1,6,1,5
350,,10,1,6,1,5
350,,11,1,6,1,5
350,,12,1,6,1,5
350,,13,1,6,1,5
350,,14,1,6,1,5
350,,15,1,6,4,2
350,,0,1,6,1,5
350,,1,1,6,4,2
350,,2,1,6,0,6
350,,3,1,6,2,4
350,,4,1,6,3,3
350,,5,1,6,3,3
350,,6,1,6,2,4
350,,7,1,6,1,5
350,,8,1,6,1,5
350,,9,1,6,2,4
350,,10,1,6,2,4
350,,11,1,6,3,3
350,,12,1,6,1,5
350,,13,1,6,2,4
350,,14,1,6,0,6
350,,15,1,6,4,2
350,,0,1,6,2,4
350,,1,1,6,6,0
350,,2,1,6,1,5
350,,3,1,6,2,4
350,,4,1,6,1,5
350,,5,1,6,5,1
350,,6,1,6,4,2
350,,7,1,6,2,4
350,,8,1,6,1,5
350,,9,1,6,2,4
350,,10,1,6,1,5
350,,11,1,6,1,5
350,,12,1,6,1,5
350,,13,1,6,1,5
350,,14,1,6,4,2
350,,15,1,6,5,1
350,,0,1,6,2,4
350,,1,1,6,4,2
350,,2,1,6,2,4
350,,3,1,6,4,2
350,,4,1,6,0,6
350,,5,1,6,4,2
350,,6,1,6,4,2
350,,7,1,6,3,3
350,,8,1,6,0,6
350,,9,1,6,1,5
350,,10,1,6,4,2
350,,11,1,6,2,4
350,,12,1,6,1,5
350,,13,1,6,1,5
350,,14,1,6,2,4
350,,15,1,6,5,1
350,,0,1,6,2,4
350,,1,1,6,4,2
350,,2,1,6,3,3
350,,3,1,6,3,3
350,,4,1,6,1,5
350,,5,1,6,2,4
350,,6,1,6,2,4
350,,7,1,6,1,5
350,,8,1,6,1,5
350,,9,1,6,1,5
350,,10,1,6,4,2
350,,11,1,6,1,5
350,,12,1,6,2,4
350,,13,1,6,2,4
350,,14,1,6,3,3
350,,15,1,6,6,0
350,,0,1,6,3,3
350,,1,1,6,4,2
350,,2,1,6,1,5
350,,3,1,6,3,3
350,,4,1,6,2,4
350,,5,1,6,6,0
350,,6,1,6,2,4
350,,7,1,6,3,3
350,,8,1,6,0,6
350,,9,1,6,1,5
350,,10,1,6,0,6
350,,11,1,6,4,2
350,,12,1,6,2,4
350,,13,1,6,4,2
350,,14,1,6,2,4
350,,15,1,6,1,5
350,,0,1,6,1,5
350,,1,1,6,5,1
350,,2,1,6,5,1
350,,3,1,6,2,4
350,,4,1,6,0,6
350,,5,1,6,5,1
350,,6,1,6,1,5
350,,7,1,6,2,4
350,,8,1,6,1,5
350,,9,1,6,4,2
350,,10,1,6,2,4
350,,11,1,6,0,6
350,,12,1,6,2,4
350,,13,1,6,1,5
350,,14,1,6,1,5
350,,15,1,6,5,1
350,,0,1,6,1,5
350,,1,1,6,6,0
350,,2,1,6,3,3
350,,3,1,6,2,4
350,,4,1,6,6,0
350,,5,1,6,5,1
350,,6,1,6,1,5
350,,7,1,6,1,5
350,,8,1,6,2,4
350,,9,1,6,1,5
350,,10,1,6,5,1
350,,11,1,6,1,5
350,,12,1,6,0,6
350,,13,1,6,1,5
350,,14,1,6,0,6
350,,15,1,6,5,1
350,,0,1,6,0,6
350,,1,1,6,6,0
350,,2,1,6,1,5
350,,3,1,6,2,4
350,,4,1,6,2,4
350,,5,1,6,4,2
350,,6,1,6,1,5
350,,7,1,6,4,2
350,,8,1,6,1,5
350,,9,1,6,6,0
350,,10,1,6,3,3
350,,11,1,6,1,5
350,,12,1,6,3,3
350,,13,1,6,1,5
350,,14,1,6,1,5
350,,15,1,6,5,1
350,,0,1,6,0,6
350,,1,1,6,4,2
350,,2,1,6,2,4
350,,3,1,6,3,3
350,,4,1,6,1,5
350,,5,1,6,6,0
350,,6,1,6,1,5
350,,7,1,6,2,4
350,,8,1,6,0,6
350,,9,1,6,3,3
350,,10,1,6,6,0
350,,11,1,6,1,5
350,,12,1,6,2,4
350,,13,1,6,5,1
350,,14,1,6,1,5
350,,15,1,6,4,2
350,,0,1,6,1,5
350,,1,1,6,4,2
350,,2,1,6,5,1
350,,3,1,6,1,5
350,,4,1,6,3,3
350,,5,1,6,5,1
350,,6,1,6,3,3
350,,7,1,6,2,4
350,,8,1,6,2,4
350,,9,1,6,2,4
350,,10,1,6,3,3
350,,11,1,6,0,6
350,,12,1,6,2,4
350,,13,1,6,3,3
350,,14,1,6,2,4
350,,15,1,6,4,2
350,,0,1,6,0,6
350,,1,1,6,4,2
350,,2,1,6,4,2
350,,3,1,6,6,0
350,,4,1,6,1,5
350,,5,1,6,5,1
350,,6,1,6,5,1
350,,7,1,6,4,2
350,,8,1,6,3,3
350,,9,1,6,4,2
350,,10,1,6,6,0
350,,11,1,6,1,5
350,,12,1,6,0,6
350,,13,1,6,2,4
350,,14,1,6,1,5
350,,15,1,6,6,0
350,,0,1,6,0,6
350,,1,1,6,5,1
350,,2,1,6,6,0
350,,3,1,6,2,4
350,,4,1,6,0,6
350,,5,1,6,5,1
350,,6,1,6,2,4
350,,7,1,6,4,2
350,,8,1,6,1,5
350,,9,1,6,3,3
350,,10,1,6,4,2
350,,11,1,6,0,6
350,,12,1,6,1,5
350,,13,1,6,1,5
350,,14,1,6,1,5
350,,15,1,6,5,1
350,,0,1,6,3,3
350,,1,1,6,3,3
350,,2,1,6,4,2
350,,3,1,6,0,6
350,,4,1,6,6,0
350,,5,1,6,5,1
350,,6,1,6,4,2
350,,7,1,6,5,1
350,,8,1,6,3,3
350,,9,1,6,2,4
350,,10,1,6,6,0
350,,11,1,6,5,1
350,,12,1,6,4,2
350,,13,1,6,2,4
350,,14,1,6,0,6
350,,15,1,6,5,1
350,,0,1,6,0,6
350,,1,1,6,5,1
350,,2,1,6,5,1
350,,3,1,6,5,1
350,,4,1,6,4,2
350,,5,1,6,5,1
350,,6,1,6,4,2
350,,7,1,6,3,3
350,,8,1,6,3,3
350,,9,1,6,3,3
350,,10,1,6,6,0
350,,11,1,6,0,6
350,,12,1,6,4,2
350,,13,1,6,3,3
350,,14,1,6,3,3
350,,15,1,6,6,0
350,,0,1,6,3,3
350,,1,1,6,6,0
350,,2,1,6,5,1
350,,3,1,6,3,3
350,,4,1,6,2,4
350,,5,1,6,4,2
350,,6,1,6,5,1
350,,7,1,6,2,4
350,,8,1,6,1,5
350,,9,1,6,3,3
350,,10,1,6,5,1
350,,11,1,6,3,3
350,,12,1,6,3,3
350,,13,1,6,2,4
350,,14,1,6,5,1
350,,15,1,6,5,1
350,,0,1,6,1,5
350,,1,1,6,4,2
350,,2,1,6,6,0
350,,3,1,6,1,5
350,,4,1,6,4,2
350,,5,1,6,4,2
350,,6,1,6,5,1
350,,7,1,6,2,4
350,,8,1,6,3,3
350,,9,1,6,6,0
350,,10,1,6,5,1
350,,11,1,6,1,5
350,,12,1,6,1,5
350,,13,1,6,3,3
350,,14,1,6,3,3
350,,15,1,6,4,2
350,,0,1,6,2,4
350,,1,1,6,4,2
350,,2,1,6,4,2
350,,3,1,6,4,2
350,,4,1,6,5,1
350,,5,1,6,4,2
350,,6,1,6,3,3
350,,7,1,6,3,3
350,,8,1,6,5,1
350,,9,1,6,2,4
350,,10,1,6,4,2
350,,11,1,6,1,5
350,,12,1,6,3,3
350,,13,1,6,4,2
350,,14,1,6,4,2
350,,15,1,6,6,0
350,,0,1,6,4,2
350,,1,1,6,5,1
350,,2,1,6,6,0
350,,3,1,6,4,2
350,,4,1,6,4,2
350,,5,1,6,5,1
350,,6,1,6,5,1
350,,7,1,6,6,0
350,,8,1,6,6,0
350,,9,1,6,6,0
350,,10,1,6,6,0
350,,11,1,6,6,0
350,,12,1,6,5,1
350,,13,1,6,6,0
350,,14,1,6,4,2
350,,15,1,6,5,1
350,,0,1,6,4,2
350,,1,1,6,6,0
350,,2,1,6,6,0
350,,3,1,6,3,3
350,,4,1,6,2,4
350,,5,1,6,6,0
350,,6,1,6,6,0
350,,7,1,6,5,1
350,,8,1,6,5,1
100,,1,1,6,5,1
100,,2,1,6,1,5
100,,3,1,6,4,2
100,,4,1,6,2,4
100,,5,1,6,5,1
100,,6,1,6,4,2
100,,7,1,6,4,2
100,,8,1,6,2,4
100,,9,1,6,1,5
100,,10,1,6,3,3
100,,11,1,6,1,5
100,,12,1,6,3,3
100,,13,1,6,2,4
100,,14,1,6,4,2
100,,15,1,6,5,1
100,,0,1,6,1,5
100,,1,1,6,1,5
100,,2,1,6,4,2
100,,3,1,6,4,2
100,,4,1,6,1,5
100,,5,1,6,5,1
100,,6,1,6,2,4
100,,7,1,6,1,5
100,,8,1,6,2,4
100,,9,1,6,0,6
100,,10,1,6,2,4
100,,11,1,6,2,4
100,,12,1,6,4,2
100,,13,1,6,5,1
100,,14,1,6,5,1
100,,15,1,6,2,4
100,,0,1,6,4,2
100,,1,1,6,1,5
100,,2,1,6,0,6
100,,3,1,6,5,1
100,,4,1,6,5,1
100,,5,1,6,4,2
100,,6,1,6,2,4
100,,7,1,6,1,5
100,,8,1,6,5,1
100,,9,1,6,1,5
100,,10,1,6,5,1
100,,11,1,6,1,5
100,,12,1,6,2,4
100,,13,1,6,5,1
100,,14,1,6,6,0
100,,15,1,6,4,2
100,,0,1,6,3,3
100,,1,1,6,3,3
100,,2,1,6,5,1
100,,3,1,6,2,4
100,,4,1,6,3,3
100,,5,1,6,3,3
100,,6,1,6,3,3
100,,7,1,6,1,5
100,,8,1,6,1,5
100,,9,1,6,5,1
100,,10,1,6,3,3
100,,11,1,6,2,4
100,,12,1,6,2,4
100,,13,1,6,5,1
100,,14,1,6,5,1
100,,15,1,6,1,5
100,,0,1,6,2,4
100,,1,1,6,2,4
100,,2,1,6,1,5
100,,3,1,6,2,4
100,,4,1,6,1,5
100,,5,1,6,3,3
100,,6,1,6,1,5
100,,7,1,6,2,4
100,,8,1,6,4,2
100,,9,1,6,3,3
100,,10,1,6,2,4
100,,11,1,6,3,3
100,,12,1,6,5,1
100,,13,1,6,1,5
100,,14,1,6,3,3
100,,15,1,6,3,3
100,,0,1,6,4,2
100,,1,1,6,3,3
100,,2,1,6,3,3
100,,3,1,6,1,5
100,,4,1,6,4,2
100,,5,1,6,2,4
100,,6,1,6,3,3
100,,7,1,6,2,4
100,,8,1,6,1,5
100,,9,1,6,2,4
100,,10,1,6,3,3
100,,11,1,6,2,4
100,,12,1,6,3,3
100,,13,1,6,4,2
100,,14,1,6,5,1
100,,15,1,6,4,2
100,,0,1,6,6,0
100,,1,1,6,2,4
100,,2,1,6,3,3
100,,3,1,6,4,2
100,,4,1,6,2,4
100,,5,1,6,2,4
100,,6,1,6,5,1
100,,7,1,6,2,4
100,,8,1,6,2,4
100,,9,1,6,3,3
100,,10,1,6,4,2
100,,11,1,6,0,6
100,,12,1,6,4,2
100,,13,1,6,5,1
100,,14,1,6,6,0
100,,15,1,6,1,5
100,,0,1,6,3,3
100,,1,1,6,2,4
100,,2,1,6,1,5
100,,3,1,6,2,4
100,,4,1,6,3,3
100,,5,1,6,0,6
100,,6,1,6,5,1
100,,7,1,6,0,6
100,,8,1,6,4,2
100,,9,1,6,3,3
100,,10,1,6,5,1
100,,11,1,6,3,3
100,,12,1,6,3,3
100,,13,1,6,6,0
100,,14,1,6,5,1
100,,15,1,6,6,0
100,,0,1,6,4,2
100,,1,1,6,2,4
100,,2,1,6,0,6
100,,3,1,6,0,6
100,,4,1,6,6,0
100,,5,1,6,3,3
100,,6,1,6,4,2
100,,7,1,6,2,4
100,,8,1,6,6,0
100,,9,1,6,4,2
100,,10,1,6,2,4
100,,11,1,6,3,3
100,,12,1,6,1,5
100,,13,1,6,4,2
100,,14,1,6,2,4
100,,15,1,6,4,2
100,,0,1,6,3,3
100,,1,1,6,1,5
100,,2,1,6,1,5
100,,3,1,6,5,1
100,,4,1,6,6,0
100,,5,1,6,5,1
100,,6,1,6,2,4
100,,7,1,6,2,4
100,,8,1,6,3,3
100,,9,1,6,3,3
100,,10,1,6,5,1
100,,11,1,6,1,5
100,,12,1,6,2,4
100,,13,1,6,5,1
100,,14,1,6,6,0
100,,15,1,6,5,1
100,,0,1,6,3,3
100,,1,1,6,3,3
100,,2,1,6,3,3
100,,3,1,6,3,3
100,,4,1,6,5,1
100,,5,1,6,3,3
100,,6,1,6,4,2
100,,7,1,6,1,5
100,,8,1,6,5,1
100,,9,1,6,5,1
100,,10,1,6,4,2
100,,11,1,6,1,5
100,,12,1,6,5,1
100,,13,1,6,4,2
100,,14,1,6,4,2
100,,15,1,6,3,3
100,,0,1,6,2,4
100,,1,1,6,3,3
100,,2,1,6,4,2
100,,3,1,6,3,3
100,,4,1,6,5,1
100,,5,1,6,2,4
100,,6,1,6,5,1
100,,7,1,6,4,2
100,,8,1,6,4,2
100,,9,1,6,5,1
100,,10,1,6,4,2
100,,11,1,6,3,3
100,,12,1,6,6,0
100,,13,1,6,6,0
100,,14,1,6,5,1
100,,15,1,6,4,2
100,,0,1,6,3,3
100,,1,1,6,2,4
100,,2,1,6,3,3
100,,3,1,6,5,1
100,,4,1,6,6,0
100,,5,1,6,2,4
100,,6,1,6,4,2
100,,7,1,6,2,4
100,,8,1,6,4,2
100,,9,1,6,3,3
100,,10,1,6,4,2
100,,11,1,6,2,4
100,,12,1,6,5,1
100,,13,1,6,6,0
100,,14,1,6,4,2
100,,15,1,6,4,2
100,,0,1,6,4,2
100,,1,1,6,2,4
100,,2,1,6,5,1
100,,3,1,6,5,1
100,,4,1,6,5,1
100,,5,1,6,3,3
100,,6,1,6,6,0
100,,7,1,6,5,1
100,,8,1,6,3,3
100,,9,1,6,3,3
100,,10,1,6,4,2
100,,11,1,6,1,5
100,,12,1,6,6,0
100,,13,1,6,5,1
100,,14,1,6,5,1
100,,15,1,6,5,1
100,,0,1,6,5,1
100,,1,1,6,2,4
100,,2,1,6,5,1
100,,3,1,6,4,2
100,,4,1,6,3,3
100,,5,1,6,3,3
100,,6,1,6,6,0
100,,7,1,6,3,3
100,,8,1,6,5,1
100,,9,1,6,5,1
100,,10,1,6,5,1
100,,11,1,6,1,5
100,,12,1,6,5,1
100,,13,1,6,4,2
100,,14,1,6,6,0
100,,15,1,6,5,1
100,,0,1,6,3,3
100,,1,1,6,1,5
100,,2,1,6,3,3
100,,3,1,6,5,1
100,,4,1,6,6,0
100,,5,1,6,5,1
100,,6,1,6,5,1
100,,7,1,6,6,0
100,,8,1,6,6,0
100,,9,1,6,4,2
100,,10,1,6,6,0
100,,11,1,6,2,4
100,,12,1,6,5,1
100,,13,1,6,6,0
100,,14,1,6,4,2
100,,15,1,6,4,2
100,,0,1,6,3,3
100,,1,1,6,3,3
100,,2,1,6,5,1
100,,3,1,6,5,1
100,,4,1,6,3,3
100,,5,1,6,5,1
100,,6,1,6,5,1
100,,7,1,6,1,5
100,,8,1,6,4,2
100,,9,1,6,5,1
100,,10,1,6,4,2
100,,11,1,6,4,2
100,,12,1,6,4,2
100,,13,1,6,6,0
100,,14,1,6,6,0
100,,15,1,6,5,1
100,,0,1,6,4,2
100,,1,1,6,3,3
100,,2,1,6,3,3
100,,3,1,6,4,2
100,,4,1,6,4,2
100,,5,1,6,4,2
100,,6,1,6,6,0
100,,7,1,6,5,1
100,,8,1,6,3,3
100,,9,1,6,3,3
100,,10,1,6,4,2
100,,11,1,6,2,4
100,,12,1,6,5,1
100,,13,1,6,5,1
100,,14,1,6,5,1
100,,15,1,6,5,1
100,,0,1,6,5,1
100,,1,1,6,5,1
100,,2,1,6,2,4
100,,3,1,6,2,4
100,,4,1,6,5,1
100,,5,1,6,1,5
100,,6,1,6,4,2
100,,7,1,6,0,6
100,,8,1,6,4,2
100,,9,1,6,5,1
100,,10,1,6,5,1
100,,11,1,6,2,4
100,,12,1,6,6,0
100,,13,1,6,5,1
100,,14,1,6,3,3
100,,15,1,6,5,1
100,,0,1,6,2,4
100,,1,1,6,3,3
100,,2,1,6,6,0
100,,3,1,6,5,1
100,,4,1,6,5,1
100,,5,1,6,4,2
100,,6,1,6,4,2
100,,7,1,6,4,2
100,,8,1,6,5,1
100,,9,1,6,3,3
100,,10,1,6,3,3
100,,11,1,6,3,3
100,,12,1,6,5,1
100,,13,1,6,6,0
100,,14,1,6,2,4
100,,15,1,6,5,1
100,,0,1,6,6,0
100,,1,1,6,6,0
100,,2,1,6,4,2
100,,3,1,6,5,1
100,,4,1,6,4,2
100,,5,1,6,6,0
100,,6,1,6,5,1
100,,7,1,6,5,1
100,,8,1,6,5,1
100,,9,1,6,4,2
100,,10,1,6,5,1
100,,11,1,6,4,2
100,,12,1,6,4,2
100,,13,1,6,5,1
100,,14,1,6,2,4
100,,15,1,6,6,0
100,,0,1,6,4,2
100,,1,1,6,3,3
100,,2,1,6,5,1
100,,3,1,6,5,1
100,,4,1,6,5,1
100,,5,1,6,5,1
100,,6,1,6,6,0
100,,7,1,6,6,0
100,,8,1,6,5,1
100,,9,1,6,4,2
100,,10,1,6,6,0
100,,11,1,6,0,6
100,,12,1,6,6,0
100,,13,1,6,6,0
100,,14,1,6,4,2
100,,15,1,6,6,0
100,,0,1,6,5,1
100,,1,1,6,5,1
100,,2,1,6,5,1
100,,3,1,6,3,3
100,,4,1,6,5,1
100,,5,1,6,2,4
100,,6,1,6,5,1
100,,7,1,6,4,2
100,,8,1,6,4,2
100,,9,1,6,4,2
100,,10,1,6,6,0
100,,11,1,6,5,1
100,,12,1,6,5,1
100,,13,1,6,5,1
100,,14,1,6,1,5
100,,15,1,6,4,2
100,,0,1,6,4,2
100,,1,1,6,6,0
100,,2,1,6,6,0
100,,3,1,6,5,1
100,,4,1,6,4,2
100,,5,1,6,4,2
100,,6,1,6,5,1
100,,7,1,6,4,2
100,,8,1,6,5,1
100,,9,1,6,1,5
100,,10,1,6,6,0
100,,11,1,6,2,4
100,,12,1,6,6,0
100,,13,1,6,5,1
100,,14,1,6,5,1
100,,15,1,6,6,0
100,,0,1,6,4,2
100,,1,1,6,5,1
100,,2,1,6,5,1
100,,3,1,6,4,2
100,,4,1,6,2,4
100,,5,1,6,6,0
100,,6,1,6,5,1
100,,7,1,6,2,4
100,,8,1,6,4,2
100,,9,1,6,6,0
100,,10,1,6,4,2
100,,11,1,6,4,2
100,,12,1,6,6,0
100,,13,1,6,5,1
100,,14,1,6,3,3
100,,15,1,6,5,1
100,,0,1,6,5,1
100,,1,1,6,3,3
100,,2,1,6,6,0
100,,3,1,6,5,1
100,,4,1,6,4,2
100,,5,1,6,6,0
100,,6,1,6,5,1
100,,7,1,6,2,4
100,,8,1,6,3,3
100,,9,1,6,6,0
100,,10,1,6,5,1
100,,11,1,6,5,1
100,,12,1,6,4,2
100,,13,1,6,5,1
100,,14,1,6,5,1
100,,15,1,6,3,3
100,,0,1,6,6,0
100,,1,1,6,4,2
100,,2,1,6,4,2
100,,3,1,6,6,0
100,,4,1,6,5,1
100,,5,1,6,4,2
100,,6,1,6,6,0
100,,7,1,6,6,0
100,,8,1,6,4,2
100,,9,1,6,4,2
100,,10,1,6,5,1
100,,11,1,6,5,1
100,,12,1,6,3,3
100,,13,1,6,5,1
100,,14,1,6,3,3
100,,15,1,6,4,2
100,,0,1,6,5,1
100,,1,1,6,6,0
100,,2,1,6,5,1
100,,3,1,6,5,1
100,,4,1,6,2,4
100,,5,1,6,5,1
100,,6,1,6,5,1
100,,7,1,6,5,1
100,,8,1,6,3,3
100,,9,1,6,2,4
100,,10,1,6,6,0
100,,11,1,6,6,0
100,,12,1,6,6,0
100,,13,1,6,6,0
100,,14,1,6,1,5
100,,15,1,6,4,2
100,,0,1,6,4,2
100,,1,1,6,4,2
100,,2,1,6,5,1
100,,3,1,6,5,1
100,,4,1,6,4,2
100,,5,1,6,2,4
100,,6,1,6,5,1
100,,7,1,6,6,0
100,,8,1,6,6,0
100,,9,1,6,5,1
100,,10,1,6,5,1
100,,11,1,6,3,3
100,,12,1,6,4,2
100,,13,1,6,5,1
100,,14,1,6,3,3
100,,15,1,6,4,2
100,,0,1,6,4,2
100,,1,1,6,3,3
100,,2,1,6,5,1
100,,3,1,6,6,0
100,,4,1,6,4,2
100,,5,1,6,3,3
100,,6,1,6,6,0
100,,7,1,6,4,2
100,,8,1,6,4,2
100,,9,1,6,3,3
100,,10,1,6,6,0
100,,11,1,6,5,1
100,,12,1,6,4,2
100,,13,1,6,5,1
100,,14,1,6,5,1
100,,15,1,6,5,1
100,,0,1,6,5,1
100,,1,1,6,3,3
100,,2,1,6,4,2
100,,3,1,6,4,2
100,,4,1,6,3,3
100,,5,1,6,4,2
100,,6,1,6,5,1
100,,7,1,6,6,0
100,,8,1,6,4,2
100,,9,1,6,4,2
100,,10,1,6,4,2
100,,11,1,6,4,2
100,,12,1,6,3,3
100,,13,1,6,6,0
100,,14,1,6,2,4
100,,15,1,6,6,0
100,,0,1,6,4,2
100,,1,1,6,5,1
100,,2,1,6,6,0
100,,3,1,6,5,1
100,,4,1,6,3,3
100,,5,1,6,3,3
100,,6,1,6,5,1
100,,7,1,6,6,0
100,,8,1,6,5,1
100,,9,1,6,3,3
100,,10,1,6,6,0
100,,11,1,6,4,2
100,,12,1,6,6,0
100,,13,1,6,5,1
100,,14,1,6,2,4
100,,15,1,6,3,3
100,,0,1,6,5,1
100,,1,1,6,6,0
100,,2,1,6,5,1
100,,3,1,6,2,4
100,,4,1,6,4,2
100,,5,1,6,4,2
100,,6,1,6,6,0
100,,7,1,6,3,3
100,,8,1,6,5,1
100,,9,1,6,6,0
100,,10,1,6,6,0
100,,11,1,6,5,1
100,,12,1,6,4,2
100,,13,1,6,5,1
100,,14,1,6,4,2
100,,15,1,6,4,2
100,,0,1,6,3,3
100,,1,1,6,5,1
100,,2,1,6,4,2
100,,3,1,6,5,1
100,,4,1,6,6,0
100,,5,1,6,4,2
100,,6,1,6,5,1
100,,7,1,6,4,2
100,,8,1,6,5,1
100,,9,1,6,4,2
100,,10,1,6,5,1
100,,11,1,6,6,0
100,,12,1,6,4,2
100,,13,1,6,4,2
100,,14,1,6,3,3
100,,15,1,6,4,2
100,,0,1,6,2,4
100,,1,1,6,5,1
100,,2,1,6,6,0
100,,3,1,6,6,0
100,,4,1,6,3,3
100,,5,1,6,4,2
100,,6,1,6,1,5
100,,7,1,6,1,5
100,,8,1,6,5,1
100,,9,1,6,6,0
100,,10,1,6,6,0
100,,11,1,6,4,2
100,,12,1,6,3,3
100,,13,1,6,3,3
100,,14,1,6,2,4
100,,15,1,6,5,1
100,,0,1,6,4,2
100,,1,1,6,5,1
100,,2,1,6,5,1
100,,3,1,6,6,0
100,,4,1,6,5,1
100,,5,1,6,4,2
100,,6,1,6,6,0
100,,7,1,6,4,2
100,,8,1,6,2,4
100,,9,1,6,1,5
100,,10,1,6,5,1
100,,11,1,6,4,2
100,,12,1,6,4,2
100,,13,1,6,5,1
100,,14,1,6,4,2
100,,15,1,6,6,0
100,,0,1,6,1,5
100,,1,1,6,6,0
100,,2,1,6,4,2
100,,3,1,6,5,1
100,,4,1,6,5,1
100,,5,1,6,3,3
100,,6,1,6,4,2
100,,7,1,6,6,0
100,,8,1,6,6,0
100,,9,1,6,3,3
100,,10,1,6,6,0
100,,11,1,6,6,0
100,,12,1,6,3,3
100,,13,1,6,6,0
100,,14,1,6,3,3
100,,15,1,6,5,1
100,,0,1,6,4,2
100,,1,1,6,6,0
100,,2,1,6,2,4
100,,3,1,6,6,0
100,,4,1,6,4,2
100,,5,1,6,4,2
100,,6,1,6,4,2
100,,7,1,6,6,0
100,,8,1,6,2,4
100,,9,1,6,2,4
100,,10,1,6,5,1
100,,11,1,6,5,1
100,,12,1,6,5,1
100,,13,1,6,5,1
100,,14,1,6,3,3
100,,15,1,6,5,1
100,,0,1,6,4,2
100,,1,1,6,5,1
100,,2,1,6,4,2
100,,3,1,6,4,2
100,,4,1,6,5,1
100,,5,1,6,4,2
100,,6,1,6,3,3
100,,7,1,6,4,2
100,,8,1,6,5,1
100,,9,1,6,1,5
100,,10,1,6,4,2
100,,11,1,6,5,1
100,,12,1,6,3,3
100,,13,1,6,5,1
100,,14,1,6,6,0
100,,15,1,6,3,3
100,,0,1,6,3,3
100,,1,1,6,5,1
100,,2,1,6,3,3
100,,3,1,6,4,2
100,,4,1,6,2,4
100,,5,1,6,4,2
100,,6,1,6,5,1
100,,7,1,6,6,0
100,,8,1,6,6,0
100,,9,1,6,2,4
100,,10,1,6,5,1
100,,11,1,6,6,0
100,,12,1,6,3,3
100,,13,1,6,5,1
100,,14,1,6,6,0
100,,15,1,6,6,0
100,,0,1,6,5,1
100,,1,1,6,3,3
100,,2,1,6,5,1
100,,3,1,6,6,0
100,,4,1,6,3,3
100,,5,1,6,4,2
100,,6,1,6,5,1
100,,7,1,6,3,3
100,,8,1,6,6,0
100,,9,1,6,3,3
100,,10,1,6,4,2
100,,11,1,6,4,2
100,,12,1,6,6,0
100,,13,1,6,6,0
100,,14,1,6,2,4
100,,15,1,6,4,2
100,,0,1,6,2,4
100,,1,1,6,4,2
100,,2,1,6,3,3
100,,3,1,6,5,1
100,,4,1,6,2,4
100,,5,1,6,5,1
100,,6,1,6,5,1
100,,7,1,6,4,2
100,,8,1,6,6,0
100,,9,1,6,4,2
100,,10,1,6,5,1
100,,11,1,6,4,2
100,,12,1,6,5,1
100,,13,1,6,4,2
100,,14,1,6,6,0
100,,15,1,6,4,2
100,,0,1,6,3,3
100,,1,1,6,5,1
100,,2,1,6,5,1
100,,3,1,6,5,1
100,,4,1,6,4,2
100,,5,1,6,5,1
100,,6,1,6,4,2
100,,7,1,6,6,0
100,,8,1,6,2,4
100,,9,1,6,2,4
100,,10,1,6,6,0
100,,11,1,6,5,1
100,,12,1,6,4,2
100,,13,1,6,4,2
100,,14,1,6,2,4
100,,15,1,6,4,2
100,,0,1,6,3,3
100,,1,1,6,4,2
100,,2,1,6,2,4
100,,3,1,6,4,2
100,,4,1,6,2,4
100,,5,1,6,3,3
100,,6,1,6,6,0
100,,7,1,6,5,1
100,,8,1,6,3,3
100,,9,1,6,2,4
100,,10,1,6,4,2
100,,11,1,6,5,1
100,,12,1,6,3,3
100,,13,1,6,2,4
100,,14,1,6,5,1
100,,15,1,6,2,4
100,,0,1,6,3,3
100,,1,1,6,4,2
100,,2,1,6,4,2
100,,3,1,6,2,4
100,,4,1,6,4,2
100,,5,1,6,2,4
100,,6,1,6,4,2
100,,7,1,6,1,5
100,,8,1,6,1,5
100,,9,1,6,1,5
100,,10,1,6,3,3
100,,11,1,6,4,2
100,,12,1,6,5,1
100,,13,1,6,5,1
100,,14,1,6,5,1
100,,15,1,6,5,1
100,,0,1,6,4,2
100,,1,1,6,4,2
100,,2,1,6,3,3
100,,3,1,6,2,4
100,,4,1,6,3,3
100,,5,1,6,2,4
100,,6,1,6,4,2
100,,7,1,6,6,0
100,,8,1,6,5,1
100,,9,1,6,4,2
100,,10,1,6,6,0
100,,11,1,6,5,1
100,,12,1,6,4,2
100,,13,1,6,2,4
100,,14,1,6,4,2
100,,15,1,6,6,0
100,,0,1,6,2,4
100,,1,1,6,5,1
100,,2,1,6,5,1
100,,3,1,6,3,3
100,,4,1,6,4,2
100,,5,1,6,3,3
100,,6,1,6,1,5
100,,7,1,6,6,0
100,,8,1,6,6,0
100,,9,1,6,2,4
100,,10,1,6,4,2
100,,11,1,6,5,1
100,,12,1,6,3,3
100,,13,1,6,2,4
100,,14,1,6,3,3
100,,15,1,6,1,5
100,,0,1,6,2,4
100,,1,1,6,4,2
100,,2,1,6,4,2
100,,3,1,6,2,4
100,,4,1,6,1,5
100,,5,1,6,2,4
100,,6,1,6,3,3
100,,7,1,6,3,3
100,,8,1,6,4,2
100,,9,1,6,2,4
100,,10,1,6,3,3
100,,11,1,6,5,1
100,,12,1,6,3,3
100,,13,1,6,0,6
100,,14,1,6,4,2
100,,15,1,6,2,4
100,,0,1,6,2,4
100,,1,1,6,4,2
100,,2,1,6,3,3
100,,3,1,6,6,0
100,,4,1,6,1,5
100,,5,1,6,0,6
100,,6,1,6,5,1
100,,7,1,6,2,4
100,,8,1,6,3,3
100,,9,1,6,2,4
100,,10,1,6,6,0
100,,11,1,6,5,1
100,,12,1,6,6,0
100,,13,1,6,5,1
100,,14,1,6,6,0
100,,15,1,6,2,4
100,,0,1,6,1,5
100,,1,1,6,6,0
100,,2,1,6,3,3
100,,3,1,6,2,4
100,,4,1,6,3,3
100,,5,1,6,3,3
100,,6,1,6,5,1
100,,7,1,6,1,5
100,,8,1,6,3,3
100,,9,1,6,3,3
100,,10,1,6,3,3
100,,11,1,6,4,2
100,,12,1,6,3,3
100,,13,1,6,5,1
100,,14,1,6,3,3
100,,15,1,6,3,3
100,,0,1,6,1,5
100,,1,1,6,6,0
100,,2,1,6,6,0
100,,3,1,6,2,4
100,,4,1,6,1,5
100,,5,1,6,2,4
100,,6,1,6,6,0
100,,7,1,6,3,3
100,,8,1,6,2,4
100,,9,1,6,2,4
100,,10,1,6,6,0
100,,11,1,6,4,2
100,,12,1,6,5,1
100,,13,1,6,5,1
100,,14,1,6,5,1
100,,15,1,6,3,3
100,,0,1,6,2,4
100,,1,1,6,5,1
100,,2,1,6,2,4
100,,3,1,6,5,1
100,,4,1,6,3,3
100,,5,1,6,3,3
100,,6,1,6,2,4
100,,7,1,6,4,2
100,,8,1,6,2,4
100,,9,1,6,4,2
100,,10,1,6,4,2
100,,11,1,6,1,5
100,,12,1,6,5,1
100,,13,1,6,4,2
100,,14,1,6,3,3
100,,15,1,6,4,2
150,,0,1,6,2,4
150,,1,1,6,1,5
150,,2,1,6,3,3
150,,3,1,6,2,4
150,,4,1,6,0,6
150,,5,1,6,1,5
150,,6,1,6,3,3
150,,7,1,6,1,5
150,,8,1,6,3,3
150,,9,1,6,2,4
150,,10,1,6,1,5
150,,11,1,6,1,5
150,,12,1,6,1,5
150,,13,1,6,0,6
150,,14,1,6,0,6
150,,15,1,6,1,5
150,,0,1,6,2,4
150,,1,1,6,2,4
150,,2,1,6,0,6
150,,3,1,6,2,4
150,,4,1,6,1,5
150,,5,1,6,2,4
150,,6,1,6,1,5
150,,7,1,6,3,3
150,,8,1,6,3,3
150,,9,1,6,0,6
150,,10,1,6,2,4
150,,11,1,6,4,2
150,,12,1,6,0,6
150,,13,1,6,2,4
150,,14,1,6,0,6
150,,15,1,6,2,4
150,,0,1,6,2,4
150,,1,1,6,2,4
150,,2,1,6,1,5
150,,3,1,6,3,3
150,,4,1,6,2,4
150,,5,1,6,2,4
150,,6,1,6,1,5
150,,7,1,6,1,5
150,,8,1,6,1,5
150,,9,1,6,2,4
150,,10,1,6,1,5
150,,11,1,6,2,4
150,,12,1,6,4,2
150,,13,1,6,2,4
150,,14,1,6,2,4
150,,15,1,6,3,3
150,,0,1,6,3,3
150,,1,1,6,6,0
150,,2,1,6,1,5
150,,3,1,6,1,5
150,,4,1,6,5,1
150,,5,1,6,4,2
150,,6,1,6,4,2
150,,7,1,6,1,5
150,,8,1,6,3,3
150,,9,1,6,3,3
150,,10,1,6,1,5
150,,11,1,6,3,3
150,,12,1,6,1,5
150,,13,1,6,2,4
150,,14,1,6,0,6
150,,15,1,6,4,2
150,,0,1,6,2,4
150,,1,1,6,6,0
150,,2,1,6,2,4
150,,3,1,6,2,4
150,,4,1,6,5,1
150,,5,1,6,6,0
150,,6,1,6,4,2
150,,7,1,6,3,3
150,,8,1,6,1,5
150,,9,1,6,3,3
150,,10,1,6,3,3
150,,11,1,6,5,1
150,,12,1,6,3,3
150,,13,1,6,3,3
150,,14,1,6,1,5
150,,15,1,6,3,3
150,,0,1,6,3,3
150,,1,1,6,2,4
150,,2,1,6,2,4
150,,3,1,6,1,5
150,,4,1,6,2,4
150,,5,1,6,5,1
150,,6,1,6,2,4
150,,7,1,6,0,6
150,,8,1,6,3,3
150,,9,1,6,0,6
150,,10,1,6,1,5
150,,11,1,6,1,5
150,,12,1,6,1,5
150,,13,1,6,2,4
150,,14,1,6,1,5
150,,15,1,6,4,2
150,,0,1,6,4,2
150,,1,1,6,6,0
150,,2,1,6,5,1
150,,3,1,6,2,4
150,,4,1,6,5,1
150,,5,1,6,3,3
150,,6,1,6,2,4
150,,7,1,6,0,6
150,,8,1,6,2,4
150,,9,1,6,4,2
150,,10,1,6,2,4
150,,11,1,6,6,0
150,,12,1,6,4,2
150,,13,1,6,6,0
150,,14,1,6,0,6
150,,15,1,6,5,1
150,,0,1,6,2,4
150,,1,1,6,2,4
150,,2,1,6,5,1
150,,3,1,6,1,5
150,,4,1,6,3,3
150,,5,1,6,3,3
150,,6,1,6,5,1
150,,7,1,6,1,5
150,,8,1,6,2,4
150,,9,1,6,1,5
150,,10,1,6,1,5
150,,11,1,6,2,4
150,,12,1,6,4,2
150,,13,1,6,1,5
150,,14,1,6,1,5
150,,15,1,6,5,1
150,,0,1,6,4,2
150,,1,1,6,1,5
150,,2,1,6,2,4
150,,3,1,6,1,5
150,,4,1,6,4,2
150,,5,1,6,3,3
150,,6,1,6,2,4
150,,7,1,6,2,4
150,,8,1,6,2,4
150,,9,1,6,1,5
150,,10,1,6,3,3
150,,11,1,6,4,2
150,,12,1,6,3,3
150,,13,1,6,2,4
150,,14,1,6,3,3
150,,15,1,6,4,2
150,,0,1,6,0,6
150,,1,1,6,3,3
150,,2,1,6,3,3
150,,3,1,6,6,0
150,,4,1,6,4,2
150,,5,1,6,2,4
150,,6,1,6,2,4
150,,7,1,6,1,5
150,,8,1,6,2,4
150,,9,1,6,2,4
150,,10,1,6,1,5
150,,11,1,6,2,4
150,,12,1,6,1,5
150,,13,1,6,2,4
150,,14,1,6,3,3
150,,15,1,6,4,2
150,,0,1,6,4,2
150,,1,1,6,1,5
150,,2,1,6,4,2
150,,3,1,6,3,3
150,,4,1,6,5,1
150,,5,1,6,2,4
150,,6,1,6,2,4
150,,7,1,6,3,3
150,,8,1,6,0,6
150,,9,1,6,2,4
150,,10,1,6,2,4
150,,11,1,6,1,5
150,,12,1,6,2,4
150,,13,1,6,2,4
150,,14,1,6,2,4
150,,15,1,6,4,2
150,,0,1,6,2,4
150,,1,1,6,0,6
150,,2,1,6,4,2
150,,3,1,6,1,5
150,,4,1,6,4,2
150,,5,1,6,3,3
150,,6,1,6,4,2
150,,7,1,6,1,5
150,,8,1,6,2,4
150,,9,1,6,3,3
150,,10,1,6,1,5
150,,11,1,6,3,3
150,,12,1,6,4,2
150,,13,1,6,6,0
150,,14,1,6,2,4
150,,15,1,6,6,0
150,,0,1,6,3,3
150,,1,1,6,3,3
150,,2,1,6,6,0
150,,3,1,6,2,4
150,,4,1,6,2,4
150,,5,1,6,3,3
150,,6,1,6,4,2
150,,7,1,6,0,6
150,,8,1,6,3,3
150,,9,1,6,1,5
150,,10,1,6,2,4
150,,11,1,6,3,3
150,,12,1,6,4,2
150,,13,1,6,6,0
150,,14,1,6,5,1
150,,15,1,6,6,0
150,,0,1,6,2,4
150,,1,1,6,4,2
150,,2,1,6,5,1
150,,3,1,6,3,3
150,,4,1,6,3,3
150,,5,1,6,2,4
150,,6,1,6,4,2
150,,7,1,6,2,4
150,,8,1,6,3,3
150,,9,1,6,2,4
150,,10,1,6,2,4
150,,11,1,6,5,1
150,,12,1,6,5,1
150,,13,1,6,6,0
150,,14,1,6,1,5
150,,15,1,6,5,1
150,,0,1,6,1,5
150,,1,1,6,3,3
150,,2,1,6,1,5
150,,3,1,6,0,6
150,,4,1,6,1,5
150,,5,1,6,4,2
150,,6,1,6,1,5
150,,7,1,6,0,6
150,,8,1,6,2,4
150,,9,1,6,2,4
150,,10,1,6,2,4
150,,11,1,6,1,5
150,,12,1,6,5,1
150,,13,1,6,3,3
150,,14,1,6,4,2
150,,15,1,6,4,2
150,,0,1,6,4,2
150,,1,1,6,3,3
150,,2,1,6,3,3
150,,3,1,6,1,5
150,,4,1,6,3,3
150,,5,1,6,2,4
150,,6,1,6,4,2
150,,7,1,6,5,1
150,,8,1,6,0,6
150,,9,1,6,1,5
150,,10,1,6,2,4
150,,11,1,6,5,1
150,,12,1,6,1,5
150,,13,1,6,4,2
150,,14,1,6,4,2
150,,15,1,6,5,1
150,,0,1,6,3,3
150,,1,1,6,1,5
150,,2,1,6,3,3
150,,3,1,6,3,3
150,,4,1,6,4,2
150,,5,1,6,6,0
150,,6,1,6,6,0
150,,7,1,6,5,1
150,,8,1,6,2,4
150,,9,1,6,1,5
150,,10,1,6,2,4
150,,11,1,6,5,1
150,,12,1,6,5,1
150,,13,1,6,4,2
150,,14,1,6,4,2
150,,15,1,6,4,2
150,,0,1,6,3,3
150,,1,1,6,2,4
150,,2,1,6,1,5
150,,3,1,6,0,6
150,,4,1,6,2,4
150,,5,1,6,2,4
150,,6,1,6,3,3
150,,7,1,6,2,4
150,,8,1,6,6,0
150,,9,1,6,1,5
150,,10,1,6,3,3
150,,11,1,6,3,3
150,,12,1,6,1,5
150,,13,1,6,3,3
150,,14,1,6,4,2
150,,15,1,6,5,1
150,,0,1,6,2,4
150,,1,1,6,2,4
150,,2,1,6,3,3
150,,3,1,6,3,3
150,,4,1,6,3,3
150,,5,1,6,4,2
150,,6,1,6,6,0
150,,7,1,6,2,4
150,,8,1,6,6,0
150,,9,1,6,5,1
150,,10,1,6,2,4
150,,11,1,6,5,1
150,,12,1,6,4,2
150,,13,1,6,3,3
150,,14,1,6,4,2
150,,15,1,6,5,1
150,,0,1,6,3,3
150,,1,1,6,6,0
150,,2,1,6,1,5
150,,3,1,6,1,5
150,,4,1,6,4,2
150,,5,1,6,4,2
150,,6,1,6,5,1
150,,7,1,6,1,5
150,,8,1,6,4,2
150,,9,1,6,0,6
150,,10,1,6,2,4
150,,11,1,6,2,4
150,,12,1,6,1,5
150,,13,1,6,4,2
150,,14,1,6,4,2
150,,15,1,6,3,3
150,,0,1,6,4,2
150,,1,1,6,5,1
150,,2,1,6,3,3
150,,3,1,6,2,4
150,,4,1,6,3,3
150,,5,1,6,2,4
150,,6,1,6,4,2
150,,7,1,6,6,0
150,,8,1,6,5,1
150,,9,1,6,3,3
150,,10,1,6,2,4
150,,11,1,6,2,4
150,,12,1,6,2,4
150,,13,1,6,5,1
150,,14,1,6,3,3
150,,15,1,6,5,1
150,,0,1,6,2,4
150,,1,1,6,3,3
150,,2,1,6,3,3
150,,3,1,6,1,5
150,,4,1,6,1,5
150,,5,1,6,1,5
150,,6,1,6,3,3
150,,7,1,6,3,3
150,,8,1,6,5,1
150,,9,1,6,5,1
150,,10,1,6,2,4
150,,11,1,6,3,3
150,,12,1,6,6,0
150,,13,1,6,5,1
150,,14,1,6,4,2
150,,15,1,6,6,0
150,,0,1,6,3,3
150,,1,1,6,4,2
150,,2,1,6,6,0
150,,3,1,6,4,2
150,,4,1,6,4,2
150,,5,1,6,5,1
150,,6,1,6,4,2
150,,7,1,6,6,0
150,,8,1,6,5,1
150,,9,1,6,3,3
150,,10,1,6,3,3
150,,11,1,6,6,0
150,,12,1,6,3,3
150,,13,1,6,6,0
150,,14,1,6,4,2
150,,15,1,6,5,1
150,,0,1,6,5,1
150,,1,1,6,4,2
150,,2,1,6,6,0
150,,3,1,6,4,2
150,,4,1,6,3,3
150,,5,1,6,5,1
150,,6,1,6,4,2
150,,7,1,6,4,2
150,,8,1,6,5,1
150,,9,1,6,1,5
150,,10,1,6,2,4
150,,11,1,6,2,4
150,,12,1,6,4,2
150,,13,1,6,4,2
150,,14,1,6,5,1
150,,15,1,6,5,1
150,,0,1,6,6,0
150,,1,1,6,4,2
150,,2,1,6,3,3
150,,3,1,6,1,5
150,,4,1,6,4,2
150,,5,1,6,5,1
150,,6,1,6,6,0
150,,7,1,6,3,3
150,,8,1,6,6,0
150,,9,1,6,1,5
150,,10,1,6,3,3
150,,11,1,6,4,2
150,,12,1,6,3,3
150,,13,1,6,5,1
150,,14,1,6,4,2
150,,15,1,6,6,0
150,,0,1,6,2,4
150,,1,1,6,6,0
150,,2,1,6,2,4
150,,3,1,6,5,1
150,,4,1,6,3,3
150,,5,1,6,5,1
150,,6,1,6,5,1
150,,7,1,6,3,3
150,,8,1,6,5,1
150,,9,1,6,5,1
150,,10,1,6,1,5
150,,11,1,6,4,2
150,,12,1,6,4,2
150,,13,1,6,4,2
150,,14,1,6,3,3
150,,15,1,6,6,0
150,,0,1,6,4,2
150,,1,1,6,5,1
150,,2,1,6,1,5
150,,3,1,6,3,3
150,,4,1,6,4,2
150,,5,1,6,4,2
150,,6,1,6,5,1
150,,7,1,6,2,4
150,,8,1,6,4,2
150,,9,1,6,5,1
150,,10,1,6,2,4
150,,11,1,6,4,2
150,,12,1,6,5,1
150,,13,1,6,6,0
150,,14,1,6,3,3
150,,15,1,6,5,1
150,,0,1,6,3,3
150,,1,1,6,4,2
150,,2,1,6,2,4
150,,3,1,6,3,3
150,,4,1,6,5,1
150,,5,1,6,4,2
150,,6,1,6,5,1
150,,7,1,6,2,4
150,,8,1,6,6,0
150,,9,1,6,2,4
150,,10,1,6,2,4
150,,11,1,6,3,3
150,,12,1,6,2,4
150,,13,1,6,4,2
150,,14,1,6,4,2
150,,15,1,6,5,1
150,,0,1,6,2,4
150,,1,1,6,4,2
150,,2,1,6,4,2
150,,3,1,6,5,1
150,,4,1,6,6,0
150,,5,1,6,5,1
150,,6,1,6,5,1
150,,7,1,6,3,3
150,,8,1,6,3,3
150,,9,1,6,6,0
150,,10,1,6,2,4
150,,11,1,6,1,5
150,,12,1,6,2,4
150,,13,1,6,4,2
150,,14,1,6,3,3
150,,15,1,6,5,1
150,,0,1,6,3,3
150,,1,1,6,3,3
150,,2,1,6,3,3
150,,3,1,6,6,0
150,,4,1,6,5,1
150,,5,1,6,5,1
150,,6,1,6,5,1
150,,7,1,6,4,2
150,,8,1,6,2,4
150,,9,1,6,6,0
150,,10,1,6,4,2
150,,11,1,6,2,4
150,,12,1,6,4,2
150,,13,1,6,5,1
150,,14,1,6,5,1
150,,15,1,6,2,4
150,,0,1,6,2,4
150,,1,1,6,4,2
150,,2,1,6,4,2
150,,3,1,6,3,3
150,,4,1,6,6,0
150,,5,1,6,5,1
150,,6,1,6,3,3
150,,7,1,6,2,4
150,,8,1,6,4,2
150,,9,1,6,5,1
150,,10,1,6,4,2
150,,11,1,6,1,5
150,,12,1,6,5,1
150,,13,1,6,5,1
150,,14,1,6,5,1
150,,15,1,6,3,3
150,,0,1,6,4,2
150,,1,1,6,4,2
150,,2,1,6,6,0
150,,3,1,6,6,0
150,,4,1,6,5,1
150,,5,1,6,5,1
150,,6,1,6,5,1
150,,7,1,6,4,2
150,,8,1,6,5,1
150,,9,1,6,4,2
150,,10,1,6,1,5
150,,11,1,6,3,3
150,,12,1,6,3,3
150,,13,1,6,5,1
150,,14,1,6,4,2
150,,15,1,6,5,1
150,,0,1,6,3,3
150,,1,1,6,5,1
150,,2,1,6,4,2
150,,3,1,6,6,0
150,,4,1,6,6,0
150,,5,1,6,4,2
150,,6,1,6,5,1
150,,7,1,6,4,2
150,,8,1,6,3,3
150,,9,1,6,5,1
150,,10,1,6,4,2
150,,11,1,6,2,4
150,,12,1,6,2,4
150,,13,1,6,5,1
150,,14,1,6,4,2
150,,15,1,6,2,4
150,,0,1,6,4,2
150,,1,1,6,4,2
150,,2,1,6,6,0
150,,3,1,6,6,0
150,,4,1,6,5,1
150,,5,1,6,6,0
150,,6,1,6,4,2
150,,7,1,6,6,0
150,,8,1,6,5,1
150,,9,1,6,6,0
150,,10,1,6,3,3
150,,11,1,6,6,0
150,,12,1,6,3,3
150,,13,1,6,2,4
150,,14,1,6,4,2
150,,15,1,6,6,0
150,,0,1,6,3,3
150,,1,1,6,6,0
150,,2,1,6,4,2
150,,3,1,6,6,0
150,,4,1,6,4,2
150,,5,1,6,6,0
150,,6,1,6,6,0
150,,7,1,6,2,4
150,,8,1,6,6,0
150,,9,1,6,5,1
150,,10,1,6,1,5
150,,11,1,6,3,3
150,,12,1,6,2,4
150,,13,1,6,3,3
150,,14,1,6,3,3
150,,15,1,6,6,0
150,,0,1,6,1,5
150,,1,1,6,3,3
150,,2,1,6,5,1
150,,3,1,6,5,1
150,,4,1,6,3,3
150,,5,1,6,3,3
150,,6,1,6,5,1
150,,7,1,6,6,0
150,,8,1,6,5,1
150,,9,1,6,5,1
150,,10,1,6,1,5
150,,11,1,6,1,5
150,,12,1,6,3,3
150,,13,1,6,6,0
150,,14,1,6,5,1
150,,15,1,6,3,3
150,,0,1,6,1,5
150,,1,1,6,4,2
150,,2,1,6,6,0
150,,3,1,6,5,1
150,,4,1,6,4,2
150,,5,1,6,6,0
150,,6,1,6,3,3
150,,7,1,6,4,2
150,,8,1,6,4,2
150,,9,1,6,5,1
150,,10,1,6,3,3
150,,11,1,6,3,3
150,,12,1,6,6,0
150,,13,1,6,4,2
150,,14,1,6,5,1
150,,15,1,6,5,1
150,,0,1,6,2,4
150,,1,1,6,5,1
150,,2,1,6,4,2
150,,3,1,6,6,0
150,,4,1,6,4,2
150,,5,1,6,6,0
150,,6,1,6,6,0
150,,7,1,6,4,2
150,,8,1,6,4,2
150,,9,1,6,5,1
150,,10,1,6,3,3
150,,11,1,6,0,6
150,,12,1,6,2,4
150,,13,1,6,5,1
150,,14,1,6,1,5
150,,15,1,6,5,1
150,,0,1,6,1,5
150,,1,1,6,5,1
150,,2,1,6,4,2
150,,3,1,6,6,0
150,,4,1,6,4,2
150,,5,1,6,4,2
150,,6,1,6,6,0
150,,7,1,6,5,1
150,,8,1,6,3,3
150,,9,1,6,4,2
150,,10,1,6,4,2
150,,11,1,6,4,2
150,,12,1,6,2,4
150,,13,1,6,6,0
150,,14,1,6,3,3
150,,15,1,6,6,0
150,,0,1,6,0,6
150,,1,1,6,5,1
150,,2,1,6,5,1
150,,3,1,6,6,0
150,,4,1,6,5,1
150,,5,1,6,6,0
150,,6,1,6,3,3
150,,7,1,6,6,0
150,,8,1,6,4,2
150,,9,1,6,4,2
150,,10,1,6,2,4
150,,11,1,6,1,5
150,,12,1,6,3,3
150,,13,1,6,6,0
150,,14,1,6,4,2
150,,15,1,6,5,1
150,,0,1,6,3,3
150,,1,1,6,5,1
150,,2,1,6,6,0
150,,3,1,6,5,1
150,,4,1,6,6,0
150,,5,1,6,5,1
150,,6,1,6,4,2
150,,7,1,6,6,0
150,,8,1,6,5,1
150,,9,1,6,4,2
150,,10,1,6,1,5
150,,11,1,6,5,1
150,,12,1,6,1,5
150,,13,1,6,5,1
150,,14,1,6,2,4
150,,15,1,6,5,1
150,,0,1,6,1,5
150,,1,1,6,5,1
150,,2,1,6,5,1
150,,3,1,6,6,0
150,,4,1,6,3,3
150,,5,1,6,5,1
150,,6,1,6,3,3
150,,7,1,6,6,0
150,,8,1,6,6,0
150,,9,1,6,5,1
150,,10,1,6,5,1
150,,11,1,6,2,4
150,,12,1,6,3,3
350,,9,1,6,5,1
350,,10,1,6,5,1
350,,11,1,6,2,4
350,,12,1,6,1,5
350,,13,1,6,4,2
350,,14,1,6,2,4
350,,15,1,6,5,1
350,,0,1,6,4,2
350,,1,1,6,6,0
350,,2,1,6,5,1
350,,3,1,6,3,3
350,,4,1,6,3,3
350,,5,1,6,5,1
350,,6,1,6,6,0
350,,7,1,6,3,3
350,,8,1,6,4,2
350,,9,1,6,3,3
350,,10,1,6,4,2
350,,11,1,6,5,1
350,,12,1,6,4,2
350,,13,1,6,3,3
350,,14,1,6,5,1
350,,15,1,6,5,1
350,,0,1,6,5,1
350,,1,1,6,5,1
350,,2,1,6,5,1
350,,3,1,6,3,3
350,,4,1,6,3,3
350,,5,1,6,6,0
350,,6,1,6,4,2
350,,7,1,6,6,0
350,,8,1,6,6,0
350,,9,1,6,5,1
350,,10,1,6,5,1
350,,11,1,6,6,0
350,,12,1,6,4,2
350,,13,1,6,3,3
350,,14,1,6,5,1
350,,15,1,6,5,1
350,,0,1,6,4,2
350,,1,1,6,5,1
350,,2,1,6,5,1
350,,3,1,6,1,5
350,,4,1,6,3,3
350,,5,1,6,6,0
350,,6,1,6,3,3
350,,7,1,6,4,2
350,,8,1,6,3,3
350,,9,1,6,4,2
350,,10,1,6,4,2
350,,11,1,6,5,1
350,,12,1,6,6,0
350,,13,1,6,5,1
350,,14,1,6,5,1
350,,15,1,6,6,0
350,,0,1,6,6,0
350,,1,1,6,3,3
350,,2,1,6,5,1
350,,3,1,6,6,0
350,,4,1,6,4,2
350,,5,1,6,5,1
350,,6,1,6,4,2
350,,7,1,6,5,1
350,,8,1,6,5,1
350,,9,1,6,4,2
350,,10,1,6,5,1
350,,11,1,6,5,1
350,,12,1,6,4,2
350,,13,1,6,5,1
350,,14,1,6,6,0
350,,15,1,6,5,1
350,,0,1,6,4,2
350,,1,1,6,5,1
350,,2,1,6,4,2
350,,3,1,6,3,3
350,,4,1,6,5,1
350,,5,1,6,5,1
350,,6,1,6,6,0
350,,7,1,6,3,3
350,,8,1,6,5,1
350,,9,1,6,6,0
350,,10,1,6,5,1
350,,11,1,6,4,2
350,,12,1,6,5,1
350,,13,1,6,5,1
350,,14,1,6,3,3
350,,15,1,6,4,2
350,,0,1,6,6,0
350,,1,1,6,6,0
350,,2,1,6,6,0
350,,3,1,6,3,3
350,,4,1,6,6,0
350,,5,1,6,6,0
350,,6,1,6,5,1
350,,7,1,6,1,5
350,,8,1,6,5,1
350,,9,1,6,4,2
350,,10,1,6,6,0
350,,11,1,6,5,1
350,,12,1,6,5,1
350,,13,1,6,5,1
350,,14,1,6,4,2
350,,15,1,6,6,0
350,,0,1,6,6,0
350,,1,1,6,6,0
350,,2,1,6,5,1
350,,3,1,6,1,5
350,,4,1,6,5,1
350,,5,1,6,3,3
350,,6,1,6,4,2
350,,7,1,6,3,3
350,,8,1,6,5,1
350,,9,1,6,5,1
350,,10,1,6,6,0
350,,11,1,6,5,1
350,,12,1,6,5,1
350,,13,1,6,6,0
350,,14,1,6,6,0
350,,15,1,6,5,1
350,,0,1,6,5,1
350,,1,1,6,2,4
350,,2,1,6,3,3
350,,3,1,6,5,1
350,,4,1,6,5,1
350,,5,1,6,4,2
350,,6,1,6,4,2
350,,7,1,6,3,3
350,,8,1,6,6,0
350,,9,1,6,5,1
350,,10,1,6,4,2
350,,11,1,6,6,0
350,,12,1,6,6,0
350,,13,1,6,5,1
350,,14,1,6,6,0
350,,15,1,6,6,0
350,,0,1,6,6,0
350,,1,1,6,4,2
350,,2,1,6,6,0
350,,3,1,6,6,0
350,,4,1,6,5,1
350,,5,1,6,4,2
350,,6,1,6,2,4
350,,7,1,6,5,1
350,,8,1,6,6,0
350,,9,1,6,3,3
350,,10,1,6,5,1
350,,11,1,6,6,0
350,,12,1,6,5,1
350,,13,1,6,5,1
350,,14,1,6,6,0
350,,15,1,6,5,1
350,,0,1,6,6,0
350,,1,1,6,5,1
350,,2,1,6,4,2
350,,3,1,6,2,4
350,,4,1,6,5,1
350,,5,1,6,4,2
350,,6,1,6,3,3
350,,7,1,6,5,1
350,,8,1,6,6,0
350,,9,1,6,4,2
350,,10,1,6,6,0
350,,11,1,6,6,0
350,,12,1,6,6,0
350,,13,1,6,5,1
350,,14,1,6,6,0
350,,15,1,6,5,1
350,,0,1,6,5,1
350,,1,1,6,6,0
350,,2,1,6,4,2
350,,3,1,6,5,1
350,,4,1,6,4,2
350,,5,1,6,6,0
350,,6,1,6,5,1
350,,7,1,6,4,2
350,,8,1,6,5,1
350,,9,1,6,5,1
350,,10,1,6,5,1
350,,11,1,6,5,1
350,,12,1,6,5,1
350,,13,1,6,6,0
350,,14,1,6,5,1
350,,15,1,6,5,1
350,,0,1,6,6,0
350,,1,1,6,3,3
350,,2,1,6,3,3
350,,3,1,6,3,3
350,,4,1,6,6,0
350,,5,1,6,6,0
350,,6,1,6,4,2
350,,7,1,6,4,2
350,,8,1,6,5,1
350,,9,1,6,5,1
350,,10,1,6,4,2
350,,11,1,6,6,0
350,,12,1,6,5,1
350,,13,1,6,5,1
350,,14,1,6,5,1
350,,15,1,6,5,1
350,,0,1,6,6,0
350,,1,1,6,3,3
350,,2,1,6,3,3
350,,3,1,6,5,1
350,,4,1,6,5,1
350,,5,1,6,5,1
350,,6,1,6,3,3
350,,7,1,6,4,2
350,,8,1,6,5,1
350,,9,1,6,6,0
350,,10,1,6,5,1
350,,11,1,6,6,0
350,,12,1,6,6,0
350,,13,1,6,4,2
350,,14,1,6,6,0
350,,15,1,6,2,4
350,,0,1,6,4,2
350,,1,1,6,3,3
350,,2,1,6,4,2
350,,3,1,6,4,2
350,,4,1,6,5,1
350,,5,1,6,5,1
350,,6,1,6,6,0
350,,7,1,6,4,2
350,,8,1,6,5,1
350,,9,1,6,4,2
350,,10,1,6,6,0
350,,11,1,6,6,0
350,,12,1,6,6,0
350,,13,1,6,6,0
350,,14,1,6,5,1
350,,15,1,6,5,1
350,,0,1,6,5,1
350,,1,1,6,6,0
350,,2,1,6,4,2
350,,3,1,6,3,3
350,,4,1,6,5,1
350,,5,1,6,6,0
350,,6,1,6,5,1
350,,7,1,6,2,4
350,,8,1,6,6,0
350,,9,1,6,4,2
350,,10,1,6,6,0
350,,11,1,6,4,2
350,,12,1,6,3,3
350,,13,1,6,6,0
350,,14,1,6,6,0
350,,15,1,6,6,0
350,,0,1,6,5,1
350,,1,1,6,4,2
350,,2,1,6,5,1
350,,3,1,6,3,3
350,,4,1,6,5,1
350,,5,1,6,5,1
350,,6,1,6,6,0
350,,7,1,6,2,4
350,,8,1,6,6,0
350,,9,1,6,5,1
350,,10,1,6,6,0
350,,11,1,6,6,0
350,,12,1,6,5,1
350,,13,1,6,6,0
350,,14,1,6,5,1
350,,15,1,6,6,0
350,,0,1,6,4,2
350,,1,1,6,5,1
350,,2,1,6,4,2
350,,3,1,6,3,3
350,,4,1,6,5,1
350,,5,1,6,6,0
350,,6,1,6,5,1
350,,7,1,6,6,0
350,,8,1,6,6,0
350,,9,1,6,4,2
350,,10,1,6,5,1
350,,11,1,6,6,0
350,,12,1,6,6,0
350,,13,1,6,5,1
350,,14,1,6,4,2
350,,15,1,6,4,2
350,,0,1,6,6,0
350,,1,1,6,5,1
350,,2,1,6,4,2
350,,3,1,6,2,4
350,,4,1,6,5,1
350,,5,1,6,6,0
350,,6,1,6,5,1
350,,7,1,6,2,4
350,,8,1,6,5,1
350,,9,1,6,5,1
350,,10,1,6,5,1
350,,11,1,6,5,1
350,,12,1,6,5,1
350,,13,1,6,6,0
350,,14,1,6,5,1
350,,15,1,6,6,0
350,,0,1,6,6,0
350,,1,1,6,5,1
350,,2,1,6,5,1
350,,3,1,6,4,2
350,,4,1,6,4,2
350,,5,1,6,4,2
350,,6,1,6,5,1
350,,7,1,6,4,2
350,,8,1,6,3,3
350,,9,1,6,4,2
350,,10,1,6,5,1
350,,11,1,6,3,3
350,,12,1,6,4,2
350,,13,1,6,4,2
350,,14,1,6,4,2
350,,15,1,6,6,0
350,,0,1,6,6,0
350,,1,1,6,6,0
350,,2,1,6,4,2
350,,3,1,6,6,0
350,,4,1,6,6,0
350,,5,1,6,6,0
350,,6,1,6,3,3
350,,7,1,6,5,1
350,,8,1,6,3,3
350,,9,1,6,6,0
350,,10,1,6,6,0
350,,11,1,6,6,0
350,,12,1,6,5,1
350,,13,1,6,4,2
350,,14,1,6,6,0
350,,15,1,6,5,1
350,,0,1,6,3,3
350,,1,1,6,5,1
350,,2,1,6,6,0
350,,3,1,6,3,3
350,,4,1,6,4,2
350,,5,1,6,5,1
350,,6,1,6,4,2
350,,7,1,6,3,3
350,,8,1,6,3,3
350,,9,1,6,3,3
350,,10,1,6,6,0
350,,11,1,6,4,2
350,,12,1,6,5,1
350,,13,1,6,4,2
350,,14,1,6,4,2
350,,15,1,6,5,1
350,,0,1,6,5,1
350,,1,1,6,4,2
350,,2,1,6,5,1
350,,3,1,6,5,1
350,,4,1,6,6,0
350,,5,1,6,5,1
350,,6,1,6,4,2
350,,7,1,6,4,2
350,,8,1,6,4,2
350,,9,1,6,4,2
350,,10,1,6,5,1
350,,11,1,6,5,1
350,,12,1,6,4,2
350,,13,1,6,5,1
350,,14,1,6,6,0
350,,15,1,6,6,0
350,,0,1,6,5,1
350,,1,1,6,5,1
350,,2,1,6,5,1
350,,3,1,6,5,1
350,,4,1,6,5,1
350,,5,1,6,5,1
350,,6,1,6,6,0
350,,7,1,6,1,5
350,,8,1,6,5,1
350,,9,1,6,2,4
350,,10,1,6,3,3
350,,11,1,6,5,1
350,,12,1,6,4,2
350,,13,1,6,4,2
350,,14,1,6,4,2
350,,15,1,6,4,2
350,,0,1,6,6,0
350,,1,1,6,4,2
350,,2,1,6,6,0
350,,3,1,6,5,1
350,,4,1,6,4,2
350,,5,1,6,6,0
350,,6,1,6,2,4
350,,7,1,6,2,4
350,,8,1,6,4,2
350,,9,1,6,2,4
350,,10,1,6,5,1
350,,11,1,6,6,0
350,,12,1,6,5,1
350,,13,1,6,5,1
350,,14,1,6,3,3
350,,15,1,6,5,1
350,,0,1,6,5,1
350,,1,1,6,5,1
350,,2,1,6,5,1
350,,3,1,6,1,5
350,,4,1,6,3,3
350,,5,1,6,3,3
350,,6,1,6,6,0
350,,7,1,6,1,5
350,,8,1,6,2,4
350,,9,1,6,5,1
350,,10,1,6,6,0
350,,11,1,6,6,0
350,,12,1,6,3,3
350,,13,1,6,5,1
350,,14,1,6,4,2
350,,15,1,6,5,1
350,,0,1,6,2,4
350,,1,1,6,3,3
350,,2,1,6,2,4
350,,3,1,6,5,1
350,,4,1,6,3,3
350,,5,1,6,4,2
350,,6,1,6,4,2
350,,7,1,6,3,3
350,,8,1,6,3,3
350,,9,1,6,3,3
350,,10,1,6,4,2
350,,11,1,6,3,3
350,,12,1,6,4,2
350,,13,1,6,5,1
350,,14,1,6,5,1
350,,15,1,6,4,2
350,,0,1,6,2,4
350,,1,1,6,5,1
350,,2,1,6,4,2
350,,3,1,6,4,2
350,,4,1,6,3,3
350,,5,1,6,4,2
350,,6,1,6,4,2
350,,7,1,6,4,2
350,,8,1,6,3,3
350,,9,1,6,5,1
350,,10,1,6,6,0
350,,11,1,6,6,0
350,,12,1,6,5,1
350,,13,1,6,3,3
350,,14,1,6,4,2
350,,15,1,6,4,2
350,,0,1,6,6,0
350,,1,1,6,4,2
350,,2,1,6,3,3
350,,3,1,6,3,3
350,,4,1,6,1,5
350,,5,1,6,1,5
350,,6,1,6,2,4
350,,7,1,6,2,4
350,,8,1,6,3,3
350,,9,1,6,2,4
350,,10,1,6,6,0
350,,11,1,6,4,2
350,,12,1,6,5,1
350,,13,1,6,0,6
350,,14,1,6,3,3
350,,15,1,6,1,5
350,,0,1,6,2,4
350,,1,1,6,5,1
350,,2,1,6,3,3
350,,3,1,6,4,2
350,,4,1,6,3,3
350,,5,1,6,5,1
350,,6,1,6,5,1
350,,7,1,6,1,5
350,,8,1,6,3,3
350,,9,1,6,5,1
350,,10,1,6,3,3
350,,11,1,6,6,0
350,,12,1,6,6,0
350,,13,1,6,2,4
350,,14,1,6,2,4
350,,15,1,6,6,0
350,,0,1,6,2,4
350,,1,1,6,3,3
350,,2,1,6,6,0
350,,3,1,6,4,2
350,,4,1,6,2,4
350,,5,1,6,4,2
350,,6,1,6,4,2
350,,7,1,6,1,5
350,,8,1,6,5,1
350,,9,1,6,3,3
350,,10,1,6,2,4
350,,11,1,6,3,3
350,,12,1,6,3,3
350,,13,1,6,6,0
350,,14,1,6,6,0
350,,15,1,6,3,3
350,,0,1,6,2,4
350,,1,1,6,6,0
350,,2,1,6,3,3
350,,3,1,6,5,1
350,,4,1,6,4,2
350,,5,1,6,3,3
350,,6,1,6,3,3
350,,7,1,6,0,6
350,,8,1,6,3,3
350,,9,1,6,3,3
350,,10,1,6,3,3
350,,11,1,6,3,3
350,,12,1,6,2,4
150,,13,1,6,4,2
150,,14,1,6,5,1
150,,15,1,6,6,0
150,,0,1,6,2,4
150,,1,1,6,4,2
150,,2,1,6,6,0
150,,3,1,6,4,2
150,,4,1,6,5,1
150,,5,1,6,4,2
150,,6,1,6,5,1
150,,7,1,6,6,0
150,,8,1,6,4,2
150,,9,1,6,5,1
150,,10,1,6,2,4
150,,11,1,6,4,2
150,,12,1,6,1,5
150,,13,1,6,3,3
150,,14,1,6,2,4
150,,15,1,6,5,1
150,,0,1,6,4,2
150,,1,1,6,5,1
150,,2,1,6,5,1
150,,3,1,6,4,2
150,,4,1,6,3,3
150,,5,1,6,5,1
150,,6,1,6,4,2
150,,7,1,6,5,1
150,,8,1,6,4,2
150,,9,1,6,6,0
150,,10,1,6,0,6
150,,11,1,6,3,3
150,,12,1,6,3,3
150,,13,1,6,5,1
150,,14,1,6,2,4
150,,15,1,6,5,1
150,,0,1,6,5,1
150,,1,1,6,6,0
150,,2,1,6,2,4
150,,3,1,6,5,1
150,,4,1,6,5,1
150,,5,1,6,5,1
150,,6,1,6,6,0
150,,7,1,6,6,0
150,,8,1,6,5,1
150,,9,1,6,5,1
150,,10,1,6,1,5
150,,11,1,6,3,3
150,,12,1,6,4,2
150,,13,1,6,5,1
150,,14,1,6,2,4
150,,15,1,6,6,0
150,,0,1,6,4,2
150,,1,1,6,2,4
150,,2,1,6,4,2
150,,3,1,6,4,2
150,,4,1,6,2,4
150,,5,1,6,6,0
150,,6,1,6,4,2
150,,7,1,6,5,1
150,,8,1,6,4,2
150,,9,1,6,5,1
150,,10,1,6,3,3
150,,11,1,6,5,1
150,,12,1,6,3,3
150,,13,1,6,4,2
150,,14,1,6,4,2
150,,15,1,6,5,1
150,,0,1,6,3,3
150,,1,1,6,5,1
150,,2,1,6,4,2
150,,3,1,6,6,0
150,,4,1,6,3,3
150,,5,1,6,6,0
150,,6,1,6,6,0
150,,7,1,6,4,2
150,,8,1,6,3,3
150,,9,1,6,2,4
150,,10,1,6,1,5
150,,11,1,6,2,4
150,,12,1,6,0,6
150,,13,1,6,3,3
150,,14,1,6,4,2
150,,15,1,6,4,2
150,,0,1,6,4,2
150,,1,1,6,5,1
150,,2,1,6,6,0
150,,3,1,6,4,2
150,,4,1,6,3,3
150,,5,1,6,4,2
150,,6,1,6,4,2
150,,7,1,6,1,5
150,,8,1,6,4,2
150,,9,1,6,4,2
150,,10,1,6,2,4
150,,11,1,6,5,1
150,,12,1,6,4,2
150,,13,1,6,3,3
150,,14,1,6,6,0
150,,15,1,6,6,0
150,,0,1,6,3,3
150,,1,1,6,2,4
150,,2,1,6,5,1
150,,3,1,6,6,0
150,,4,1,6,3,3
150,,5,1,6,5,1
150,,6,1,6,6,0
150,,7,1,6,4,2
150,,8,1,6,6,0
150,,9,1,6,4,2
150,,10,1,6,3,3
150,,11,1,6,1,5
150,,12,1,6,3,3
150,,13,1,6,3,3
150,,14,1,6,0,6
150,,15,1,6,4,2
150,,0,1,6,4,2
150,,1,1,6,3,3
150,,2,1,6,6,0
150,,3,1,6,5,1
150,,4,1,6,4,2
150,,5,1,6,5,1
150,,6,1,6,4,2
150,,7,1,6,3,3
150,,8,1,6,5,1
150,,9,1,6,2,4
150,,10,1,6,2,4
150,,11,1,6,3,3
150,,12,1,6,4,2
150,,13,1,6,3,3
150,,14,1,6,2,4
150,,15,1,6,5,1
150,,0,1,6,2,4
150,,1,1,6,5,1
150,,2,1,6,3,3
150,,3,1,6,4,2
150,,4,1,6,1,5
150,,5,1,6,5,1
150,,6,1,6,4,2
150,,7,1,6,5,1
150,,8,1,6,5,1
150,,9,1,6,3,3
150,,10,1,6,1,5
150,,11,1,6,4,2
150,,12,1,6,3,3
150,,13,1,6,6,0
150,,14,1,6,5,1
150,,15,1,6,5,1
150,,0,1,6,2,4
150,,1,1,6,4,2
150,,2,1,6,4,2
150,,3,1,6,4,2
150,,4,1,6,2,4
150,,5,1,6,4,2
150,,6,1,6,5,1
150,,7,1,6,4,2
150,,8,1,6,1,5
150,,9,1,6,4,2
150,,10,1,6,1,5
150,,11,1,6,2,4
150,,12,1,6,3,3
150,,13,1,6,3,3
150,,14,1,6,2,4
150,,15,1,6,5,1
150,,0,1,6,0,6
150,,1,1,6,6,0
150,,2,1,6,3,3
150,,3,1,6,6,0
150,,4,1,6,5,1
150,,5,1,6,4,2
150,,6,1,6,6,0
150,,7,1,6,3,3
150,,8,1,6,6,0
150,,9,1,6,5,1
150,,10,1,6,1,5
150,,11,1,6,3,3
150,,12,1,6,2,4
150,,13,1,6,6,0
150,,14,1,6,3,3
150,,15,1,6,4,2
150,,0,1,6,2,4
150,,1,1,6,4,2
150,,2,1,6,6,0
150,,3,1,6,3,3
150,,4,1,6,3,3
150,,5,1,6,0,6
150,,6,1,6,5,1
150,,7,1,6,3,3
150,,8,1,6,5,1
150,,9,1,6,4,2
150,,10,1,6,4,2
150,,11,1,6,3,3
150,,12,1,6,3,3
150,,13,1,6,5,1
150,,14,1,6,4,2
150,,15,1,6,5,1
150,,0,1,6,2,4
150,,1,1,6,5,1
150,,2,1,6,5,1
150,,3,1,6,3,3
150,,4,1,6,3,3
150,,5,1,6,3,3
150,,6,1,6,4,2
150,,7,1,6,2,4
150,,8,1,6,4,2
150,,9,1,6,2,4
150,,10,1,6,3,3
150,,11,1,6,3,3
150,,12,1,6,4,2
150,,13,1,6,3,3
150,,14,1,6,0,6
150,,15,1,6,6,0
150,,0,1,6,1,5
150,,1,1,6,3,3
150,,2,1,6,4,2
150,,3,1,6,3,3
150,,4,1,6,2,4
150,,5,1,6,2,4
150,,6,1,6,6,0
150,,7,1,6,5,1
150,,8,1,6,4,2
150,,9,1,6,4,2
150,,10,1,6,4,2
150,,11,1,6,2,4
150,,12,1,6,4,2
150,,13,1,6,4,2
150,,14,1,6,1,5
150,,15,1,6,4,2
150,,0,1,6,4,2
150,,1,1,6,5,1
150,,2,1,6,4,2
150,,3,1,6,4,2
150,,4,1,6,1,5
150,,5,1,6,3,3
150,,6,1,6,5,1
150,,7,1,6,3,3
150,,8,1,6,5,1
150,,9,1,6,2,4
150,,10,1,6,5,1
150,,11,1,6,2,4
150,,12,1,6,1,5
150,,13,1,6,4,2
150,,14,1,6,2,4
150,,15,1,6,5,1
150,,0,1,6,3,3
150,,1,1,6,3,3
150,,2,1,6,5,1
150,,3,1,6,4,2
150,,4,1,6,1,5
150,,5,1,6,2,4
150,,6,1,6,5,1
150,,7,1,6,4,2
150,,8,1,6,4,2
150,,9,1,6,2,4
150,,10,1,6,2,4
150,,11,1,6,6,0
150,,12,1,6,4,2
150,,13,1,6,3,3
150,,14,1,6,2,4
150,,15,1,6,5,1
150,,0,1,6,2,4
150,,1,1,6,3,3
150,,2,1,6,4,2
150,,3,1,6,2,4
150,,4,1,6,1,5
150,,5,1,6,3,3
150,,6,1,6,3,3
150,,7,1,6,0,6
150,,8,1,6,4,2
150,,9,1,6,1,5
150,,10,1,6,1,5
150,,11,1,6,3,3
150,,12,1,6,1,5
150,,13,1,6,0,6
150,,14,1,6,2,4
150,,15,1,6,6,0
200,,0,1,6,2,4
200,,1,1,6,1,5
200,,2,1,6,1,5
200,,3,1,6,0,6
200,,4,1,6,1,5
200,,5,1,6,2,4
200,,6,1,6,2,4
200,,7,1,6,0,6
200,,8,1,6,3,3
200,,9,1,6,1,5
200,,10,1,6,0,6
200,,11,1,6,4,2
200,,12,1,6,0,6
200,,13,1,6,0,6
200,,14,1,6,0,6
200,,15,1,6,1,5
200,,0,1,6,3,3
200,,1,1,6,6,0
200,,2,1,6,1,5
200,,3,1,6,5,1
200,,4,1,6,0,6
200,,5,1,6,6,0
200,,6,1,6,0,6
200,,7,1,6,0,6
200,,8,1,6,1,5
200,,9,1,6,2,4
200,,10,1,6,1,5
200,,11,1,6,2,4
200,,12,1,6,1,5
200,,13,1,6,4,2
200,,14,1,6,0,6
200,,15,1,6,1,5
200,,0,1,6,2,4
200,,1,1,6,4,2
200,,2,1,6,2,4
200,,3,1,6,2,4
200,,4,1,6,3,3
200,,5,1,6,2,4
200,,6,1,6,4,2
200,,7,1,6,2,4
200,,8,1,6,3,3
200,,9,1,6,2,4
200,,10,1,6,0,6
200,,11,1,6,1,5
200,,12,1,6,0,6
200,,13,1,6,4,2
200,,14,1,6,0,6
200,,15,1,6,5,1
200,,0,1,6,3,3
200,,1,1,6,5,1
200,,2,1,6,2,4
200,,3,1,6,5,1
200,,4,1,6,4,2
200,,5,1,6,4,2
200,,6,1,6,6,0
200,,7,1,6,3,3
200,,8,1,6,4,2
200,,9,1,6,0,6
200,,10,1,6,1,5
200,,11,1,6,2,4
200,,12,1,6,1,5
200,,13,1,6,6,0
200,,14,1,6,2,4
200,,15,1,6,5,1
200,,0,1,6,4,2
200,,1,1,6,5,1
200,,2,1,6,3,3
200,,3,1,6,5,1
200,,4,1,6,2,4
200,,5,1,6,3,3
200,,6,1,6,2,4
200,,7,1,6,1,5
200,,8,1,6,1,5
200,,9,1,6,4,2
200,,10,1,6,1,5
200,,11,1,6,3,3
200,,12,1,6,2,4
200,,13,1,6,2,4
200,,14,1,6,2,4
200,,15,1,6,5,1
200,,0,1,6,3,3
200,,1,1,6,2,4
200,,2,1,6,5,1
200,,3,1,6,2,4
200,,4,1,6,2,4
200,,5,1,6,3,3
200,,6,1,6,3,3
200,,7,1,6,4,2
200,,8,1,6,3,3
200,,9,1,6,2,4
200,,10,1,6,2,4
200,,11,1,6,2,4
200,,12,1,6,0,6
200,,13,1,6,3,3
200,,14,1,6,1,5
200,,15,1,6,1,5
200,,0,1,6,3,3
200,,1,1,6,5,1
200,,2,1,6,3,3
200,,3,1,6,2,4
200,,4,1,6,2,4
200,,5,1,6,1,5
200,,6,1,6,4,2
200,,7,1,6,1,5
200,,8,1,6,1,5
200,,9,1,6,3,3
200,,10,1,6,2,4
200,,11,1,6,6,0
200,,12,1,6,2,4
200,,13,1,6,3,3
200,,14,1,6,4,2
200,,15,1,6,5,1
200,,0,1,6,4,2
200,,1,1,6,6,0
200,,2,1,6,2,4
200,,3,1,6,1,5
200,,4,1,6,1,5
200,,5,1,6,4,2
200,,6,1,6,0,6
200,,7,1,6,2,4
200,,8,1,6,2,4
200,,9,1,6,3,3
200,,10,1,6,3,3
200,,11,1,6,1,5
200,,12,1,6,1,5
200,,13,1,6,1,5
200,,14,1,6,2,4
200,,15,1,6,6,0
200,,0,1,6,2,4
200,,1,1,6,2,4
200,,2,1,6,2,4
200,,3,1,6,3,3
200,,4,1,6,0,6
200,,5,1,6,1,5
200,,6,1,6,0,6
200,,7,1,6,5,1
200,,8,1,6,1,5
200,,9,1,6,3,3
200,,10,1,6,3,3
200,,11,1,6,2,4
200,,12,1,6,1,5
200,,13,1,6,4,2
200,,14,1,6,4,2
200,,15,1,6,3,3
200,,0,1,6,2,4
200,,1,1,6,1,5
200,,2,1,6,2,4
200,,3,1,6,3,3
200,,4,1,6,0,6
200,,5,1,6,1,5
200,,6,1,6,0,6
200,,7,1,6,0,6
200,,8,1,6,3,3
200,,9,1,6,4,2
200,,10,1,6,1,5
200,,11,1,6,2,4
200,,12,1,6,2,4
200,,13,1,6,3,3
200,,14,1,6,1,5
200,,15,1,6,6,0
200,,0,1,6,6,0
200,,1,1,6,3,3
200,,2,1,6,4,2
200,,3,1,6,6,0
200,,4,1,6,1,5
200,,5,1,6,0,6
200,,6,1,6,0,6
200,,7,1,6,4,2
200,,8,1,6,3,3
200,,9,1,6,5,1
200,,10,1,6,2,4
200,,11,1,6,3,3
200,,12,1,6,0,6
200,,13,1,6,5,1
200,,14,1,6,3,3
200,,15,1,6,5,1
200,,0,1,6,0,6
200,,1,1,6,3,3
200,,2,1,6,6,0
200,,3,1,6,0,6
200,,4,1,6,2,4
200,,5,1,6,1,5
200,,6,1,6,1,5
200,,7,1,6,3,3
200,,8,1,6,2,4
200,,9,1,6,3,3
200,,10,1,6,2,4
200,,11,1,6,0,6
200,,12,1,6,1,5
200,,13,1,6,5,1
200,,14,1,6,3,3
200,,15,1,6,4,2
200,,0,1,6,1,5
200,,1,1,6,5,1
200,,2,1,6,3,3
200,,3,1,6,5,1
200,,4,1,6,3,3
200,,5,1,6,2,4
200,,6,1,6,0,6
200,,7,1,6,0,6
200,,8,1,6,2,4
200,,9,1,6,4,2
200,,10,1,6,3,3
200,,11,1,6,1,5
200,,12,1,6,1,5
200,,13,1,6,4,2
200,,14,1,6,2,4
200,,15,1,6,6,0
200,,0,1,6,1,5
200,,1,1,6,0,6
200,,2,1,6,5,1
200,,3,1,6,2,4
200,,4,1,6,4,2
200,,5,1,6,1,5
200,,6,1,6,1,5
200,,7,1,6,3,3
200,,8,1,6,3,3
200,,9,1,6,6,0
200,,10,1,6,1,5
200,,11,1,6,2,4
200,,12,1,6,3,3
200,,13,1,6,1,5
200,,14,1,6,0,6
200,,15,1,6,5,1
200,,0,1,6,4,2
200,,1,1,6,4,2
200,,2,1,6,5,1
200,,3,1,6,5,1
200,,4,1,6,1,5
200,,5,1,6,1,5
200,,6,1,6,0,6
200,,7,1,6,3,3
200,,8,1,6,1,5
200,,9,1,6,2,4
200,,10,1,6,6,0
200,,11,1,6,0,6
200,,12,1,6,0,6
200,,13,1,6,3,3
200,,14,1,6,2,4
200,,15,1,6,4,2
200,,0,1,6,4,2
200,,1,1,6,3,3
200,,2,1,6,5,1
200,,3,1,6,3,3
200,,4,1,6,1,5
200,,5,1,6,0,6
200,,6,1,6,0,6
200,,7,1,6,0,6
200,,8,1,6,2,4
200,,9,1,6,6,0
200,,10,1,6,0,6
200,,11,1,6,5,1
200,,12,1,6,2,4
200,,13,1,6,2,4
200,,14,1,6,0,6
200,,15,1,6,5,1
200,,0,1,6,4,2
200,,1,1,6,5,1
200,,2,1,6,4,2
200,,3,1,6,3,3
200,,4,1,6,3,3
200,,5,1,6,2,4
200,,6,1,6,0,6
200,,7,1,6,3,3
200,,8,1,6,1,5
200,,9,1,6,5,1
200,,10,1,6,3,3
200,,11,1,6,1,5
200,,12,1,6,2,4
200,,13,1,6,3,3
200,,14,1,6,1,5
200,,15,1,6,1,5
200,,0,1,6,2,4
200,,1,1,6,4,2
200,,2,1,6,3,3
200,,3,1,6,6,0
200,,4,1,6,3,3
200,,5,1,6,0,6
200,,6,1,6,1,5
200,,7,1,6,2,4
200,,8,1,6,1,5
200,,9,1,6,2,4
200,,10,1,6,4,2
200,,11,1,6,2,4
200,,12,1,6,3,3
200,,13,1,6,6,0
200,,14,1,6,5,1
200,,15,1,6,4,2
200,,0,1,6,3,3
200,,1,1,6,6,0
200,,2,1,6,2,4
200,,3,1,6,4,2
200,,4,1,6,2,4
200,,5,1,6,4,2
200,,6,1,6,1,5
200,,7,1,6,4,2
200,,8,1,6,5,1
200,,9,1,6,4,2
200,,10,1,6,4,2
200,,11,1,6,3,3
200,,12,1,6,4,2
200,,13,1,6,3,3
200,,14,1,6,1,5
200,,15,1,6,4,2
200,,0,1,6,3,3
200,,1,1,6,5,1
200,,2,1,6,3,3
200,,3,1,6,5,1
200,,4,1,6,2,4
200,,5,1,6,0,6
200,,6,1,6,0,6
200,,7,1,6,2,4
200,,8,1,6,5,1
200,,9,1,6,4,2
200,,10,1,6,3,3
200,,11,1,6,3,3
200,,12,1,6,2,4
200,,13,1,6,6,0
200,,14,1,6,5,1
200,,15,1,6,5,1
200,,0,1,6,2,4
200,,1,1,6,5,1
200,,2,1,6,6,0
200,,3,1,6,5,1
200,,4,1,6,3,3
200,,5,1,6,2,4
200,,6,1,6,2,4
200,,7,1,6,4,2
200,,8,1,6,4,2
200,,9,1,6,5,1
200,,10,1,6,4,2
200,,11,1,6,2,4
200,,12,1,6,3,3
200,,13,1,6,5,1
200,,14,1,6,6,0
200,,15,1,6,6,0
200,,0,1,6,3,3
200,,1,1,6,4,2
200,,2,1,6,4,2
200,,3,1,6,5,1
200,,4,1,6,1,5
200,,5,1,6,2,4
200,,6,1,6,0,6
200,,7,1,6,6,0
200,,8,1,6,4,2
200,,9,1,6,5,1
200,,10,1,6,6,0
200,,11,1,6,4,2
200,,12,1,6,3,3
200,,13,1,6,6,0
200,,14,1,6,3,3
200,,15,1,6,6,0
200,,0,1,6,5,1
200,,1,1,6,6,0
200,,2,1,6,6,0
200,,3,1,6,5,1
200,,4,1,6,3,3
200,,5,1,6,2,4
200,,6,1,6,3,3
200,,7,1,6,3,3
200,,8,1,6,2,4
200,,9,1,6,6,0
200,,10,1,6,3,3
200,,11,1,6,3,3
200,,12,1,6,5,1
200,,13,1,6,3,3
200,,14,1,6,3,3
200,,15,1,6,6,0
200,,0,1,6,3,3
200,,1,1,6,4,2
200,,2,1,6,5,1
200,,3,1,6,6,0
200,,4,1,6,5,1
200,,5,1,6,1,5
200,,6,1,6,4,2
200,,7,1,6,4,2
200,,8,1,6,3,3
200,,9,1,6,4,2
200,,10,1,6,5,1
200,,11,1,6,3,3
200,,12,1,6,4,2
200,,13,1,6,6,0
200,,14,1,6,5,1
200,,15,1,6,5,1
200,,0,1,6,4,2
200,,1,1,6,6,0
200,,2,1,6,6,0
200,,3,1,6,5,1
200,,4,1,6,1,5
200,,5,1,6,4,2
200,,6,1,6,2,4
200,,7,1,6,0,6
200,,8,1,6,5,1
200,,9,1,6,3,3
200,,10,1,6,5,1
200,,11,1,6,4,2
200,,12,1,6,3,3
200,,13,1,6,3,3
200,,14,1,6,5,1
200,,15,1,6,6,0
200,,0,1,6,2,4
200,,1,1,6,3,3
200,,2,1,6,6,0
200,,3,1,6,3,3
200,,4,1,6,6,0
200,,5,1,6,2,4
200,,6,1,6,3,3
200,,7,1,6,6,0
200,,8,1,6,3,3
200,,9,1,6,4,2
200,,10,1,6,5,1
200,,11,1,6,6,0
200,,12,1,6,4,2
200,,13,1,6,6,0
200,,14,1,6,5,1
200,,15,1,6,4,2
200,,0,1,6,6,0
200,,1,1,6,5,1
200,,2,1,6,6,0
200,,3,1,6,3,3
200,,4,1,6,4,2
200,,5,1,6,6,0
200,,6,1,6,6,0
200,,7,1,6,2,4
200,,8,1,6,6,0
200,,9,1,6,4,2
200,,10,1,6,5,1
200,,11,1,6,4,2
200,,12,1,6,6,0
200,,13,1,6,3,3
200,,14,1,6,4,2
200,,15,1,6,4,2
200,,0,1,6,5,1
200,,1,1,6,5,1
200,,2,1,6,3,3
200,,3,1,6,5,1
200,,4,1,6,6,0
200,,5,1,6,1,5
200,,6,1,6,6,0
200,,7,1,6,1,5
200,,8,1,6,2,4
200,,9,1,6,4,2
200,,10,1,6,3,3
200,,11,1,6,4,2
200,,12,1,6,5,1
200,,13,1,6,5,1
200,,14,1,6,5,1
200,,15,1,6,6,0
200,,0,1,6,5,1
200,,1,1,6,6,0
200,,2,1,6,5,1
200,,3,1,6,4,2
200,,4,1,6,4,2
200,,5,1,6,3,3
200,,6,1,6,2,4
200,,7,1,6,3,3
200,,8,1,6,5,1
200,,9,1,6,5,1
200,,10,1,6,6,0
200,,11,1,6,4,2
200,,12,1,6,5,1
200,,13,1,6,5,1
200,,14,1,6,4,2
200,,15,1,6,4,2
200,,0,1,6,4,2
200,,1,1,6,5,1
200,,2,1,6,1,5
200,,3,1,6,4,2
200,,4,1,6,5,1
200,,5,1,6,2,4
200,,6,1,6,4,2
200,,7,1,6,4,2
200,,8,1,6,2,4
200,,9,1,6,4,2
200,,10,1,6,4,2
200,,11,1,6,6,0
200,,12,1,6,4,2
200,,13,1,6,5,1
200,,14,1,6,5,1
200,,15,1,6,4,2
200,,0,1,6,4,2
200,,1,1,6,6,0
200,,2,1,6,3,3
200,,3,1,6,6,0
200,,4,1,6,4,2
200,,5,1,6,3,3
200,,6,1,6,4,2
200,,7,1,6,3,3
200,,8,1,6,4,2
200,,9,1,6,5,1
200,,10,1,6,3,3
200,,11,1,6,1,5
200,,12,1,6,4,2
200,,13,1,6,6,0
200,,14,1,6,4,2
200,,15,1,6,4,2
200,,0,1,6,1,5
200,,1,1,6,5,1
200,,2,1,6,4,2
200,,3,1,6,2,4
200,,4,1,6,4,2
200,,5,1,6,2,4
200,,6,1,6,4,2
200,,7,1,6,1,5
200,,8,1,6,3,3
200,,9,1,6,3,3
200,,10,1,6,4,2
200,,11,1,6,6,0
200,,12,1,6,6,0
200,,13,1,6,1,5
200,,14,1,6,5,1
200,,15,1,6,5,1
200,,0,1,6,6,0
200,,1,1,6,5,1
200,,2,1,6,5,1
200,,3,1,6,4,2
200,,4,1,6,5,1
200,,5,1,6,1,5
200,,6,1,6,6,0
200,,7,1,6,4,2
200,,8,1,6,3,3
200,,9,1,6,4,2
200,,10,1,6,5,1
200,,11,1,6,6,0
200,,12,1,6,6,0
200,,13,1,6,4,2
200,,14,1,6,6,0
200,,15,1,6,5,1
200,,0,1,6,5,1
200,,1,1,6,5,1
200,,2,1,6,2,4
200,,3,1,6,4,2
200,,4,1,6,5,1
200,,5,1,6,4,2
200,,6,1,6,6,0
200,,7,1,6,4,2
200,,8,1,6,4,2
200,,9,1,6,5,1
200,,10,1,6,4,2
200,,11,1,6,3,3
200,,12,1,6,6,0
200,,13,1,6,5,1
200,,14,1,6,5,1
200,,15,1,6,2,4
200,,0,1,6,4,2
200,,1,1,6,4,2
200,,2,1,6,5,1
200,,3,1,6,5,1
200,,4,1,6,4,2
200,,5,1,6,3,3
200,,6,1,6,4,2
200,,7,1,6,3,3
200,,8,1,6,3,3
200,,9,1,6,4,2
200,,10,1,6,5,1
200,,11,1,6,4,2
200,,12,1,6,6,0
200,,13,1,6,6,0
200,,14,1,6,4,2
200,,15,1,6,3,3
200,,0,1,6,4,2
200,,1,1,6,4,2
200,,2,1,6,5,1
200,,3,1,6,5,1
200,,4,1,6,4,2
200,,5,1,6,2,4
200,,6,1,6,5,1
200,,7,1,6,5,1
200,,8,1,6,3,3
200,,9,1,6,3,3
200,,10,1,6,5,1
200,,11,1,6,4,2
200,,12,1,6,5,1
200,,13,1,6,3,3
200,,14,1,6,5,1
200,,15,1,6,5,1
200,,0,1,6,6,0
200,,1,1,6,4,2
200,,2,1,6,3,3
200,,3,1,6,6,0
200,,4,1,6,5,1
200,,5,1,6,1,5
200,,6,1,6,5,1
200,,7,1,6,2,4
200,,8,1,6,6,0
200,,9,1,6,4,2
200,,10,1,6,6,0
200,,11,1,6,3,3
200,,12,1,6,5,1
200,,13,1,6,6,0
200,,14,1,6,6,0
200,,15,1,6,4,2
200,,0,1,6,6,0
200,,1,1,6,5,1
200,,2,1,6,6,0
200,,3,1,6,5,1
200,,4,1,6,6,0
200,,5,1,6,4,2
200,,6,1,6,4,2
200,,7,1,6,3,3
200,,8,1,6,3,3
200,,9,1,6,4,2
200,,10,1,6,6,0
200,,11,1,6,5,1
200,,12,1,6,6,0
200,,13,1,6,5,1
200,,14,1,6,3,3
200,,15,1,6,4,2
200,,0,1,6,6,0
200,,1,1,6,6,0
200,,2,1,6,5,1
200,,3,1,6,5,1
200,,4,1,6,5,1
200,,5,1,6,4,2
200,,6,1,6,5,1
200,,7,1,6,5,1
200,,8,1,6,4,2
200,,9,1,6,5,1
200,,10,1,6,5,1
200,,11,1,6,5,1
200,,12,1,6,5,1
200,,13,1,6,5,1
200,,14,1,6,5,1
200,,15,1,6,5,1
200,,0,1,6,3,3
200,,1,1,6,5,1
200,,2,1,6,5,1
200,,3,1,6,5,1
200,,4,1,6,3,3
200,,5,1,6,1,5
200,,6,1,6,4,2
200,,7,1,6,2,4
200,,8,1,6,4,2
200,,9,1,6,5,1
200,,10,1,6,6,0
200,,11,1,6,3,3
200,,12,1,6,6,0
200,,13,1,6,5,1
200,,14,1,6,5,1
200,,15,1,6,4,2
200,,0,1,6,5,1
200,,1,1,6,5,1
200,,2,1,6,6,0
200,,3,1,6,5,1
200,,4,1,6,4,2
200,,5,1,6,3,3
200,,6,1,6,5,1
200,,7,1,6,5,1
200,,8,1,6,5,1
200,,9,1,6,3,3
200,,10,1,6,5,1
200,,11,1,6,2,4
200,,12,1,6,6,0
200,,13,1,6,6,0
200,,14,1,6,5,1
200,,15,1,6,5,1
200,,0,1,6,6,0
200,,1,1,6,6,0
200,,2,1,6,5,1
200,,3,1,6,5,1
200,,4,1,6,3,3
200,,5,1,6,1,5
200,,6,1,6,3,3
200,,7,1,6,4,2
200,,8,1,6,5,1
200,,9,1,6,4,2
200,,10,1,6,4,2
200,,11,1,6,6,0
200,,12,1,6,5,1
200,,13,1,6,6,0
200,,14,1,6,3,3
200,,15,1,6,5,1
200,,0,1,6,4,2
200,,1,1,6,4,2
200,,2,1,6,5,1
200,,3,1,6,3,3
200,,4,1,6,5,1
200,,5,1,6,3,3
200,,6,1,6,6,0
200,,7,1,6,4,2
200,,8,1,6,5,1
200,,9,1,6,6,0
200,,10,1,6,4,2
200,,11,1,6,5,1
200,,12,1,6,5,1
200,,13,1,6,6,0
200,,14,1,6,6,0
200,,15,1,6,6,0
200,,0,1,6,3,3
200,,1,1,6,5,1
200,,2,1,6,5,1
200,,3,1,6,6,0
200,,4,1,6,5,1
200,,5,1,6,4,2
200,,6,1,6,2,4
200,,7,1,6,5,1
200,,8,1,6,3,3
200,,9,1,6,2,4
200,,10,1,6,4,2
200,,11,1,6,3,3
200,,12,1,6,5,1
200,,13,1,6,6,0
200,,14,1,6,5,1
200,,15,1,6,6,0
200,,0,1,6,4,2
200,,1,1,6,6,0
200,,2,1,6,5,1
200,,3,1,6,5,1
200,,4,1,6,5,1
200,,5,1,6,3,3
200,,6,1,6,3,3
200,,7,1,6,3,3
200,,8,1,6,1,5
200,,9,1,6,6,0
200,,10,1,6,4,2
200,,11,1,6,4,2
200,,12,1,6,5,1
200,,13,1,6,5,1
200,,14,1,6,4,2
200,,15,1,6,5,1
200,,0,1,6,4,2
200,,1,1,6,6,0
200,,2,1,6,4,2
200,,3,1,6,4,2
200,,4,1,6,3,3
350,,13,1,6,4,2
350,,14,1,6,3,3
350,,15,1,6,4,2
350,,0,1,6,6,0
350,,1,1,6,4,2
350,,2,1,6,2,4
350,,3,1,6,2,4
350,,4,1,6,3,3
350,,5,1,6,4,2
350,,6,1,6,1,5
350,,7,1,6,1,5
350,,8,1,6,2,4
350,,9,1,6,1,5
350,,10,1,6,5,1
350,,11,1,6,3,3
350,,12,1,6,5,1
350,,13,1,6,5,1
350,,14,1,6,1,5
350,,15,1,6,4,2
350,,0,1,6,5,1
350,,1,1,6,3,3
350,,2,1,6,5,1
350,,3,1,6,4,2
350,,4,1,6,3,3
350,,5,1,6,3,3
350,,6,1,6,3,3
350,,7,1,6,1,5
350,,8,1,6,4,2
350,,9,1,6,1,5
350,,10,1,6,2,4
350,,11,1,6,6,0
350,,12,1,6,6,0
350,,13,1,6,5,1
350,,14,1,6,4,2
350,,15,1,6,5,1
350,,0,1,6,3,3
350,,1,1,6,6,0
350,,2,1,6,5,1
350,,3,1,6,2,4
350,,4,1,6,0,6
350,,5,1,6,5,1
350,,6,1,6,2,4
350,,7,1,6,1,5
350,,8,1,6,2,4
350,,9,1,6,1,5
350,,10,1,6,5,1
350,,11,1,6,3,3
350,,12,1,6,2,4
350,,13,1,6,3,3
350,,14,1,6,3,3
350,,15,1,6,5,1
400,,0,1,6,2,4
400,,1,1,6,0,6
400,,2,1,6,2,4
400,,3,1,6,2,4
400,,4,1,6,3,3
400,,5,1,6,0,6
400,,6,1,6,2,4
400,,7,1,6,1,5
400,,8,1,6,0,6
400,,9,1,6,4,2
400,,10,1,6,3,3
400,,11,1,6,0,6
400,,12,1,6,0,6
400,,13,1,6,1,5
400,,14,1,6,0,6
400,,15,1,6,1,5
400,,0,1,6,4,2
400,,1,1,6,0,6
400,,2,1,6,3,3
400,,3,1,6,2,4
400,,4,1,6,2,4
400,,5,1,6,0,6
400,,6,1,6,2,4
400,,7,1,6,1,5
400,,8,1,6,0,6
400,,9,1,6,2,4
400,,10,1,6,0,6
400,,11,1,6,0,6
400,,12,1,6,2,4
400,,13,1,6,3,3
400,,14,1,6,2,4
400,,15,1,6,6,0
400,,0,1,6,2,4
400,,1,1,6,0,6
400,,2,1,6,5,1
400,,3,1,6,5,1
400,,4,1,6,3,3
400,,5,1,6,0,6
400,,6,1,6,4,2
400,,7,1,6,0,6
400,,8,1,6,3,3
400,,9,1,6,3,3
400,,10,1,6,2,4
400,,11,1,6,0,6
400,,12,1,6,1,5
400,,13,1,6,2,4
400,,14,1,6,4,2
400,,15,1,6,0,6
400,,0,1,6,3,3
400,,1,1,6,0,6
400,,2,1,6,1,5
400,,3,1,6,5,1
400,,4,1,6,1,5
400,,5,1,6,1,5
400,,6,1,6,3,3
400,,7,1,6,1,5
400,,8,1,6,1,5
400,,9,1,6,3,3
400,,10,1,6,0,6
400,,11,1,6,3,3
400,,12,1,6,1,5
400,,13,1,6,1,5
400,,14,1,6,6,0
400,,15,1,6,4,2
400,,0,1,6,2,4
400,,1,1,6,0,6
400,,2,1,6,1,5
400,,3,1,6,5,1
400,,4,1,6,3,3
400,,5,1,6,1,5
400,,6,1,6,6,0
400,,7,1,6,2,4
400,,8,1,6,4,2
400,,9,1,6,3,3
400,,10,1,6,1,5
400,,11,1,6,3,3
400,,12,1,6,1,5
400,,13,1,6,2,4
400,,14,1,6,3,3
400,,15,1,6,0,6
400,,0,1,6,3,3
400,,1,1,6,2,4
400,,2,1,6,4,2
400,,3,1,6,5,1
400,,4,1,6,4,2
400,,5,1,6,0,6
400,,6,1,6,5,1
400,,7,1,6,2,4
400,,8,1,6,0,6
400,,9,1,6,2,4
400,,10,1,6,1,5
400,,11,1,6,1,5
400,,12,1,6,1,5
400,,13,1,6,1,5
400,,14,1,6,5,1
400,,15,1,6,4,2
400,,0,1,6,6,0
400,,1,1,6,3,3
400,,2,1,6,2,4
400,,3,1,6,2,4
400,,4,1,6,4,2
400,,5,1,6,3,3
400,,6,1,6,4,2
400,,7,1,6,5,1
400,,8,1,6,0,6
400,,9,1,6,5,1
400,,10,1,6,2,4
400,,11,1,6,4,2
400,,12,1,6,3,3
400,,13,1,6,3,3
400,,14,1,6,6,0
400,,15,1,6,3,3
400,,0,1,6,5,1
400,,1,1,6,2,4
400,,2,1,6,0,6
400,,3,1,6,3,3
400,,4,1,6,4,2
400,,5,1,6,1,5
400,,6,1,6,3,3
400,,7,1,6,0,6
400,,8,1,6,2,4
400,,9,1,6,3,3
400,,10,1,6,1,5
400,,11,1,6,0,6
400,,12,1,6,0,6
400,,13,1,6,2,4
400,,14,1,6,6,0
400,,15,1,6,0,6
400,,0,1,6,4,2
400,,1,1,6,1,5
400,,2,1,6,2,4
400,,3,1,6,4,2
400,,4,1,6,2,4
400,,5,1,6,1,5
400,,6,1,6,3,3
400,,7,1,6,1,5
400,,8,1,6,1,5
400,,9,1,6,2,4
400,,10,1,6,1,5
400,,11,1,6,3,3
400,,12,1,6,3,3
400,,13,1,6,2,4
400,,14,1,6,3,3
400,,15,1,6,4,2
400,,0,1,6,3,3
400,,1,1,6,2,4
400,,2,1,6,3,3
400,,3,1,6,1,5
400,,4,1,6,5,1
400,,5,1,6,2,4
400,,6,1,6,2,4
400,,7,1,6,2,4
400,,8,1,6,3,3
400,,9,1,6,2,4
400,,10,1,6,5,1
400,,11,1,6,1,5
400,,12,1,6,1,5
400,,13,1,6,5,1
400,,14,1,6,5,1
400,,15,1,6,1,5
400,,0,1,6,2,4
400,,1,1,6,1,5
400,,2,1,6,5,1
400,,3,1,6,4,2
400,,4,1,6,5,1
400,,5,1,6,2,4
400,,6,1,6,5,1
400,,7,1,6,2,4
400,,8,1,6,1,5
400,,9,1,6,3,3
400,,10,1,6,6,0
400,,11,1,6,2,4
400,,12,1,6,1,5
400,,13,1,6,4,2
400,,14,1,6,5,1
400,,15,1,6,2,4
400,,0,1,6,2,4
400,,1,1,6,1,5
400,,2,1,6,3,3
400,,3,1,6,3,3
400,,4,1,6,4,2
400,,5,1,6,1,5
400,,6,1,6,6,0
400,,7,1,6,1,5
400,,8,1,6,3,3
400,,9,1,6,0,6
400,,10,1,6,3,3
400,,11,1,6,3,3
400,,12,1,6,1,5
400,,13,1,6,2,4
400,,14,1,6,3,3
400,,15,1,6,2,4
400,,0,1,6,5,1
400,,1,1,6,2,4
400,,2,1,6,1,5
400,,3,1,6,3,3
400,,4,1,6,5,1
400,,5,1,6,5,1
400,,6,1,6,2,4
400,,7,1,6,1,5
400,,8,1,6,2,4
400,,9,1,6,4,2
400,,10,1,6,1,5
400,,11,1,6,2,4
400,,12,1,6,0,6
400,,13,1,6,1,5
400,,14,1,6,3,3
400,,15,1,6,3,3
400,,0,1,6,2,4
400,,1,1,6,0,6
400,,2,1,6,2,4
400,,3,1,6,1,5
400,,4,1,6,1,5
400,,5,1,6,2,4
400,,6,1,6,1,5
400,,7,1,6,0,6
400,,8,1,6,0,6
400,,9,1,6,3,3
400,,10,1,6,0,6
400,,11,1,6,1,5
400,,12,1,6,1,5
400,,13,1,6,2,4
400,,14,1,6,3,3
400,,15,1,6,0,6
400,,0,1,6,3,3
400,,1,1,6,2,4
400,,2,1,6,5,1
400,,3,1,6,5,1
400,,4,1,6,5,1
400,,5,1,6,2,4
400,,6,1,6,5,1
400,,7,1,6,5,1
400,,8,1,6,2,4
400,,9,1,6,3,3
400,,10,1,6,5,1
400,,11,1,6,1,5
400,,12,1,6,3,3
400,,13,1,6,2,4
400,,14,1,6,5,1
400,,15,1,6,0,6
400,,0,1,6,4,2
400,,1,1,6,1,5
400,,2,1,6,5,1
400,,3,1,6,3,3
400,,4,1,6,4,2
400,,5,1,6,2,4
400,,6,1,6,4,2
400,,7,1,6,3,3
400,,8,1,6,4,2
400,,9,1,6,4,2
400,,10,1,6,1,5
400,,11,1,6,2,4
400,,12,1,6,6,0
400,,13,1,6,2,4
400,,14,1,6,4,2
400,,15,1,6,3,3
400,,0,1,6,2,4
400,,1,1,6,3,3
400,,2,1,6,4,2
400,,3,1,6,1,5
400,,4,1,6,4,2
400,,5,1,6,2,4
400,,6,1,6,5,1
400,,7,1,6,5,1
400,,8,1,6,1,5
400,,9,1,6,3,3
400,,10,1,6,1,5
400,,11,1,6,1,5
400,,12,1,6,1,5
400,,13,1,6,4,2
400,,14,1,6,6,0
400,,15,1,6,4,2
400,,0,1,6,2,4
400,,1,1,6,1,5
400,,2,1,6,5,1
400,,3,1,6,2,4
400,,4,1,6,4,2
400,,5,1,6,2,4
400,,6,1,6,2,4
400,,7,1,6,2,4
400,,8,1,6,1,5
400,,9,1,6,0,6
400,,10,1,6,2,4
400,,11,1,6,4,2
400,,12,1,6,5,1
400,,13,1,6,3,3
400,,14,1,6,5,1
400,,15,1,6,3,3
400,,0,1,6,4,2
400,,1,1,6,2,4
400,,2,1,6,4,2
400,,3,1,6,3,3
400,,4,1,6,6,0
400,,5,1,6,4,2
400,,6,1,6,4,2
400,,7,1,6,2,4
400,,8,1,6,2,4
400,,9,1,6,3,3
400,,10,1,6,4,2
400,,11,1,6,1,5
400,,12,1,6,4,2
400,,13,1,6,3,3
400,,14,1,6,6,0
400,,15,1,6,4,2
400,,0,1,6,6,0
400,,1,1,6,5,1
400,,2,1,6,5,1
400,,3,1,6,1,5
400,,4,1,6,6,0
400,,5,1,6,3,3
400,,6,1,6,4,2
400,,7,1,6,3,3
400,,8,1,6,1,5
400,,9,1,6,6,0
400,,10,1,6,1,5
400,,11,1,6,1,5
400,,12,1,6,4,2
400,,13,1,6,5,1
400,,14,1,6,4,2
400,,15,1,6,3,3
400,,0,1,6,5,1
400,,1,1,6,1,5
400,,2,1,6,4,2
400,,3,1,6,3,3
400,,4,1,6,5,1
400,,5,1,6,2,4
400,,6,1,6,4,2
400,,7,1,6,5,1
400,,8,1,6,2,4
400,,9,1,6,5,1
400,,10,1,6,5,1
400,,11,1,6,1,5
400,,12,1,6,4,2
400,,13,1,6,3,3
400,,14,1,6,1,5
400,,15,1,6,5,1
400,,0,1,6,2,4
400,,1,1,6,1,5
400,,2,1,6,5,1
400,,3,1,6,3,3
400,,4,1,6,4,2
400,,5,1,6,4,2
400,,6,1,6,3,3
400,,7,1,6,6,0
400,,8,1,6,2,4
400,,9,1,6,5,1
400,,10,1,6,3,3
400,,11,1,6,2,4
400,,12,1,6,5,1
400,,13,1,6,4,2
400,,14,1,6,2,4
400,,15,1,6,3,3
400,,0,1,6,4,2
400,,1,1,6,4,2
400,,2,1,6,4,2
400,,3,1,6,4,2
400,,4,1,6,4,2
400,,5,1,6,4,2
400,,6,1,6,6,0
400,,7,1,6,6,0
400,,8,1,6,2,4
400,,9,1,6,5,1
400,,10,1,6,5,1
400,,11,1,6,3,3
400,,12,1,6,6,0
400,,13,1,6,4,2
400,,14,1,6,3,3
400,,15,1,6,5,1
400,,0,1,6,6,0
400,,1,1,6,3,3
400,,2,1,6,5,1
400,,3,1,6,2,4
400,,4,1,6,5,1
400,,5,1,6,5,1
400,,6,1,6,6,0
400,,7,1,6,6,0
400,,8,1,6,6,0
400,,9,1,6,5,1
400,,10,1,6,2,4
400,,11,1,6,5,1
400,,12,1,6,6,0
400,,13,1,6,5,1
400,,14,1,6,3,3
400,,15,1,6,3,3
400,,0,1,6,4,2
400,,1,1,6,5,1
400,,2,1,6,5,1
400,,3,1,6,6,0
400,,4,1,6,5,1
400,,5,1,6,6,0
400,,6,1,6,2,4
400,,7,1,6,3,3
400,,8,1,6,3,3
400,,9,1,6,6,0
400,,10,1,6,2,4
400,,11,1,6,3,3
400,,12,1,6,5,1
400,,13,1,6,3,3
400,,14,1,6,5,1
400,,15,1,6,3,3
400,,0,1,6,5,1
400,,1,1,6,3,3
400,,2,1,6,4,2
400,,3,1,6,2,4
400,,4,1,6,5,1
400,,5,1,6,5,1
400,,6,1,6,2,4
400,,7,1,6,5,1
400,,8,1,6,3,3
400,,9,1,6,5,1
400,,10,1,6,1,5
400,,11,1,6,6,0
400,,12,1,6,5,1
400,,13,1,6,3,3
400,,14,1,6,6,0
400,,15,1,6,3,3
400,,0,1,6,4,2
400,,1,1,6,4,2
400,,2,1,6,4,2
400,,3,1,6,3,3
400,,4,1,6,5,1
400,,5,1,6,6,0
400,,6,1,6,6,0
400,,7,1,6,2,4
400,,8,1,6,4,2
400,,9,1,6,4,2
400,,10,1,6,3,3
400,,11,1,6,5,1
400,,12,1,6,6,0
400,,13,1,6,3,3
400,,14,1,6,2,4
400,,15,1,6,6,0
400,,0,1,6,5,1
400,,1,1,6,3,3
400,,2,1,6,4,2
400,,3,1,6,4,2
400,,4,1,6,5,1
400,,5,1,6,5,1
400,,6,1,6,3,3
400,,7,1,6,1,5
400,,8,1,6,3,3
400,,9,1,6,3,3
400,,10,1,6,2,4
400,,11,1,6,4,2
400,,12,1,6,6,0
400,,13,1,6,4,2
400,,14,1,6,6,0
400,,15,1,6,4,2
400,,0,1,6,4,2
200,,5,1,6,5,1
200,,6,1,6,4,2
200,,7,1,6,5,1
200,,8,1,6,5,1
200,,9,1,6,3,3
200,,10,1,6,6,0
200,,11,1,6,5,1
200,,12,1,6,5,1
200,,13,1,6,3,3
200,,14,1,6,4,2
200,,15,1,6,6,0
200,,0,1,6,3,3
200,,1,1,6,5,1
200,,2,1,6,6,0
200,,3,1,6,6,0
200,,4,1,6,4,2
200,,5,1,6,3,3
200,,6,1,6,2,4
200,,7,1,6,4,2
200,,8,1,6,1,5
200,,9,1,6,2,4
200,,10,1,6,4,2
200,,11,1,6,4,2
200,,12,1,6,5,1
200,,13,1,6,4,2
200,,14,1,6,4,2
200,,15,1,6,5,1
200,,0,1,6,0,6
200,,1,1,6,6,0
200,,2,1,6,4,2
200,,3,1,6,5,1
200,,4,1,6,6,0
200,,5,1,6,3,3
200,,6,1,6,1,5
200,,7,1,6,4,2
200,,8,1,6,6,0
200,,9,1,6,2,4
200,,10,1,6,6,0
200,,11,1,6,6,0
200,,12,1,6,3,3
200,,13,1,6,6,0
200,,14,1,6,3,3
200,,15,1,6,4,2
200,,0,1,6,3,3
200,,1,1,6,5,1
200,,2,1,6,6,0
200,,3,1,6,5,1
200,,4,1,6,4,2
200,,5,1,6,5,1
200,,6,1,6,2,4
200,,7,1,6,3,3
200,,8,1,6,2,4
200,,9,1,6,5,1
200,,10,1,6,6,0
200,,11,1,6,5,1
200,,12,1,6,5,1
200,,13,1,6,4,2
200,,14,1,6,5,1
200,,15,1,6,3,3
200,,0,1,6,4,2
200,,1,1,6,5,1
200,,2,1,6,5,1
200,,3,1,6,5,1
200,,4,1,6,1,5
200,,5,1,6,3,3
200,,6,1,6,1,5
200,,7,1,6,2,4
200,,8,1,6,2,4
200,,9,1,6,2,4
200,,10,1,6,6,0
200,,11,1,6,5,1
200,,12,1,6,4,2
200,,13,1,6,5,1
200,,14,1,6,5,1
200,,15,1,6,2,4
200,,0,1,6,1,5
200,,1,1,6,5,1
200,,2,1,6,1,5
200,,3,1,6,3,3
200,,4,1,6,6,0
200,,5,1,6,3,3
200,,6,1,6,2,4
200,,7,1,6,2,4
200,,8,1,6,4,2
200,,9,1,6,2,4
200,,10,1,6,3,3
200,,11,1,6,4,2
200,,12,1,6,3,3
200,,13,1,6,4,2
200,,14,1,6,4,2
200,,15,1,6,6,0
200,,0,1,6,3,3
200,,1,1,6,5,1
200,,2,1,6,5,1
200,,3,1,6,4,2
200,,4,1,6,2,4
200,,5,1,6,4,2
200,,6,1,6,1,5
200,,7,1,6,4,2
200,,8,1,6,2,4
200,,9,1,6,4,2
200,,10,1,6,3,3
200,,11,1,6,6,0
200,,12,1,6,4,2
200,,13,1,6,5,1
200,,14,1,6,2,4
200,,15,1,6,6,0
200,,0,1,6,4,2
200,,1,1,6,2,4
200,,2,1,6,5,1
200,,3,1,6,1,5
200,,4,1,6,6,0
200,,5,1,6,2,4
200,,6,1,6,1,5
200,,7,1,6,2,4
200,,8,1,6,2,4
200,,9,1,6,2,4
200,,10,1,6,4,2
200,,11,1,6,4,2
200,,12,1,6,3,3
200,,13,1,6,3,3
200,,14,1,6,5,1
200,,15,1,6,3,3
200,,0,1,6,3,3
200,,1,1,6,1,5
200,,2,1,6,5,1
200,,3,1,6,1,5
200,,4,1,6,2,4
200,,5,1,6,3,3
200,,6,1,6,2,4
200,,7,1,6,4,2
200,,8,1,6,1,5
200,,9,1,6,6,0
200,,10,1,6,4,2
200,,11,1,6,4,2
200,,12,1,6,4,2
200,,13,1,6,5,1
200,,14,1,6,3,3
200,,15,1,6,2,4
200,,0,1,6,3,3
200,,1,1,6,5,1
200,,2,1,6,2,4
200,,3,1,6,4,2
200,,4,1,6,2,4
200,,5,1,6,4,2
200,,6,1,6,2,4
200,,7,1,6,2,4
200,,8,1,6,3,3
200,,9,1,6,1,5
200,,10,1,6,5,1
200,,11,1,6,3,3
200,,12,1,6,4,2
200,,13,1,6,5,1
200,,14,1,6,5,1
200,,15,1,6,4,2
200,,0,1,6,3,3
200,,1,1,6,3,3
200,,2,1,6,5,1
200,,3,1,6,3,3
200,,4,1,6,6,0
200,,5,1,6,2,4
200,,6,1,6,3,3
200,,7,1,6,5,1
200,,8,1,6,2,4
200,,9,1,6,5,1
200,,10,1,6,3,3
200,,11,1,6,4,2
200,,12,1,6,4,2
200,,13,1,6,6,0
200,,14,1,6,6,0
200,,15,1,6,5,1
200,,0,1,6,1,5
200,,1,1,6,2,4
200,,2,1,6,5,1
200,,3,1,6,4,2
200,,4,1,6,2,4
200,,5,1,6,2,4
200,,6,1,6,2,4
200,,7,1,6,2,4
200,,8,1,6,4,2
200,,9,1,6,4,2
200,,10,1,6,5,1
200,,11,1,6,4,2
200,,12,1,6,4,2
200,,13,1,6,3,3
200,,14,1,6,3,3
200,,15,1,6,6,0
200,,0,1,6,2,4
200,,1,1,6,1,5
200,,2,1,6,5,1
200,,3,1,6,1,5
200,,4,1,6,1,5
200,,5,1,6,4,2
200,,6,1,6,0,6
200,,7,1,6,5,1
200,,8,1,6,1,5
200,,9,1,6,2,4
200,,10,1,6,3,3
200,,11,1,6,5,1
200,,12,1,6,5,1
200,,13,1,6,4,2
200,,14,1,6,2,4
200,,15,1,6,5,1
200,,0,1,6,1,5
200,,1,1,6,4,2
200,,2,1,6,6,0
200,,3,1,6,3,3
200,,4,1,6,3,3
200,,5,1,6,4,2
200,,6,1,6,1,5
200,,7,1,6,3,3
200,,8,1,6,2,4
200,,9,1,6,2,4
200,,10,1,6,3,3
200,,11,1,6,2,4
200,,12,1,6,4,2
200,,13,1,6,6,0
200,,14,1,6,6,0
200,,15,1,6,4,2
250,,0,1,6,2,4
250,,1,1,6,3,3
250,,2,1,6,1,5
250,,3,1,6,0,6
250,,4,1,6,3,3
250,,5,1,6,1,5
250,,6,1,6,1,5
250,,7,1,6,0,6
250,,8,1,6,2,4
250,,9,1,6,2,4
250,,10,1,6,0,6
250,,11,1,6,0,6
250,,12,1,6,3,3
250,,13,1,6,3,3
250,,14,1,6,0,6
250,,15,1,6,2,4
250,,0,1,6,1,5
250,,1,1,6,2,4
250,,2,1,6,0,6
250,,3,1,6,1,5
250,,4,1,6,4,2
250,,5,1,6,1,5
250,,6,1,6,1,5
250,,7,1,6,2,4
250,,8,1,6,3,3
250,,9,1,6,3,3
250,,10,1,6,0,6
250,,11,1,6,0,6
250,,12,1,6,0,6
250,,13,1,6,2,4
250,,14,1,6,1,5
250,,15,1,6,3,3
250,,0,1,6,2,4
250,,1,1,6,3,3
250,,2,1,6,1,5
250,,3,1,6,2,4
250,,4,1,6,2,4
250,,5,1,6,3,3
250,,6,1,6,5,1
250,,7,1,6,0,6
250,,8,1,6,1,5
250,,9,1,6,0,6
250,,10,1,6,3,3
250,,11,1,6,3,3
250,,12,1,6,3,3
250,,13,1,6,4,2
250,,14,1,6,1,5
250,,15,1,6,1,5
250,,0,1,6,1,5
250,,1,1,6,1,5
250,,2,1,6,2,4
250,,3,1,6,3,3
250,,4,1,6,3,3
250,,5,1,6,2,4
250,,6,1,6,0,6
250,,7,1,6,2,4
250,,8,1,6,5,1
250,,9,1,6,2,4
250,,10,1,6,1,5
250,,11,1,6,0,6
250,,12,1,6,4,2
250,,13,1,6,3,3
250,,14,1,6,2,4
250,,15,1,6,2,4
250,,0,1,6,1,5
250,,1,1,6,5,1
250,,2,1,6,1,5
250,,3,1,6,1,5
250,,4,1,6,1,5
250,,5,1,6,1,5
250,,6,1,6,4,2
250,,7,1,6,4,2
250,,8,1,6,3,3
250,,9,1,6,1,5
250,,10,1,6,1,5
250,,11,1,6,3,3
250,,12,1,6,1,5
250,,13,1,6,6,0
250,,14,1,6,3,3
250,,15,1,6,5,1
250,,0,1,6,5,1
250,,1,1,6,4,2
250,,2,1,6,4,2
250,,3,1,6,2,4
250,,4,1,6,2,4
250,,5,1,6,3,3
250,,6,1,6,1,5
250,,7,1,6,4,2
250,,8,1,6,3,3
250,,9,1,6,3,3
250,,10,1,6,2,4
250,,11,1,6,2,4
250,,12,1,6,3,3
250,,13,1,6,4,2
250,,14,1,6,3,3
250,,15,1,6,0,6
250,,0,1,6,3,3
250,,1,1,6,3,3
250,,2,1,6,2,4
250,,3,1,6,1,5
250,,4,1,6,2,4
250,,5,1,6,2,4
250,,6,1,6,2,4
250,,7,1,6,5,1
250,,8,1,6,1,5
250,,9,1,6,1,5
250,,10,1,6,2,4
250,,11,1,6,2,4
250,,12,1,6,3,3
250,,13,1,6,1,5
250,,14,1,6,5,1
250,,15,1,6,1,5
250,,0,1,6,1,5
250,,1,1,6,1,5
250,,2,1,6,1,5
250,,3,1,6,4,2
250,,4,1,6,2,4
250,,5,1,6,2,4
250,,6,1,6,2,4
250,,7,1,6,5,1
250,,8,1,6,5,1
250,,9,1,6,1,5
250,,10,1,6,1,5
250,,11,1,6,1,5
250,,12,1,6,1,5
250,,13,1,6,0,6
250,,14,1,6,6,0
250,,15,1,6,6,0
250,,0,1,6,1,5
250,,1,1,6,0,6
250,,2,1,6,3,3
250,,3,1,6,3,3
250,,4,1,6,0,6
250,,5,1,6,2,4
250,,6,1,6,1,5
250,,7,1,6,6,0
250,,8,1,6,2,4
250,,9,1,6,2,4
250,,10,1,6,3,3
250,,11,1,6,3,3
250,,12,1,6,2,4
250,,13,1,6,2,4
250,,14,1,6,2,4
250,,15,1,6,0,6
250,,0,1,6,4,2
250,,1,1,6,3,3
250,,2,1,6,4,2
250,,3,1,6,3,3
250,,4,1,6,3,3
250,,5,1,6,2,4
250,,6,1,6,5,1
250,,7,1,6,3,3
250,,8,1,6,1,5
250,,9,1,6,1,5
250,,10,1,6,1,5
250,,11,1,6,2,4
250,,12,1,6,1,5
250,,13,1,6,2,4
250,,14,1,6,5,1
250,,15,1,6,4,2
250,,0,1,6,4,2
250,,1,1,6,4,2
250,,2,1,6,5,1
250,,3,1,6,5,1
250,,4,1,6,5,1
250,,5,1,6,1,5
250,,6,1,6,5,1
250,,7,1,6,1,5
250,,8,1,6,4,2
250,,9,1,6,0,6
250,,10,1,6,2,4
250,,11,1,6,1,5
250,,12,1,6,2,4
250,,13,1,6,4,2
250,,14,1,6,4,2
250,,15,1,6,6,0
250,,0,1,6,4,2
250,,1,1,6,3,3
250,,2,1,6,3,3
250,,3,1,6,5,1
250,,4,1,6,0,6
250,,5,1,6,0,6
250,,6,1,6,3,3
250,,7,1,6,3,3
250,,8,1,6,2,4
250,,9,1,6,0,6
250,,10,1,6,3,3
250,,11,1,6,2,4
250,,12,1,6,2,4
250,,13,1,6,2,4
250,,14,1,6,2,4
250,,15,1,6,6,0
250,,0,1,6,3,3
250,,1,1,6,1,5
250,,2,1,6,1,5
250,,3,1,6,4,2
250,,4,1,6,1,5
250,,5,1,6,3,3
250,,6,1,6,2,4
250,,7,1,6,5,1
250,,8,1,6,2,4
250,,9,1,6,0,6
250,,10,1,6,4,2
250,,11,1,6,3,3
250,,12,1,6,2,4
250,,13,1,6,2,4
250,,14,1,6,6,0
250,,15,1,6,4,2
250,,0,1,6,6,0
250,,1,1,6,4,2
250,,2,1,6,2,4
250,,3,1,6,3,3
250,,4,1,6,2,4
250,,5,1,6,3,3
250,,6,1,6,3,3
250,,7,1,6,3,3
250,,8,1,6,3,3
250,,9,1,6,1,5
250,,10,1,6,3,3
250,,11,1,6,2,4
250,,12,1,6,0,6
250,,13,1,6,1,5
250,,14,1,6,4,2
250,,15,1,6,5,1
250,,0,1,6,6,0
250,,1,1,6,2,4
250,,2,1,6,5,1
250,,3,1,6,2,4
250,,4,1,6,4,2
250,,5,1,6,2,4
250,,6,1,6,5,1
250,,7,1,6,2,4
250,,8,1,6,5,1
250,,9,1,6,0,6
250,,10,1,6,2,4
250,,11,1,6,1,5
250,,12,1,6,3,3
250,,13,1,6,2,4
250,,14,1,6,4,2
250,,15,1,6,2,4
250,,0,1,6,4,2
250,,1,1,6,4,2
250,,2,1,6,3,3
250,,3,1,6,4,2
250,,4,1,6,3,3
250,,5,1,6,2,4
250,,6,1,6,4,2
250,,7,1,6,4,2
250,,8,1,6,2,4
250,,9,1,6,2,4
250,,10,1,6,1,5
250,,11,1,6,1,5
250,,12,1,6,1,5
250,,13,1,6,4,2
250,,14,1,6,5,1
250,,15,1,6,2,4
250,,0,1,6,4,2
250,,1,1,6,1,5
250,,2,1,6,4,2
250,,3,1,6,5,1
250,,4,1,6,4,2
250,,5,1,6,5,1
250,,6,1,6,3,3
250,,7,1,6,4,2
250,,8,1,6,2,4
250,,9,1,6,1,5
250,,10,1,6,0,6
250,,11,1,6,0,6
250,,12,1,6,1,5
250,,13,1,6,4,2
250,,14,1,6,6,0
250,,15,1,6,2,4
250,,0,1,6,1,5
250,,1,1,6,3,3
250,,2,1,6,5,1
250,,3,1,6,2,4
250,,4,1,6,4,2
250,,5,1,6,3,3
250,,6,1,6,6,0
250,,7,1,6,3,3
250,,8,1,6,1,5
250,,9,1,6,3,3
250,,10,1,6,2,4
250,,11,1,6,2,4
250,,12,1,6,2,4
250,,13,1,6,3,3
250,,14,1,6,6,0
250,,15,1,6,6,0
250,,0,1,6,2,4
250,,1,1,6,1,5
250,,2,1,6,3,3
250,,3,1,6,6,0
250,,4,1,6,4,2
250,,5,1,6,4,2
250,,6,1,6,3,3
250,,7,1,6,5,1
250,,8,1,6,0,6
250,,9,1,6,3,3
250,,10,1,6,1,5
250,,11,1,6,3,3
250,,12,1,6,0,6
250,,13,1,6,4,2
250,,14,1,6,5,1
250,,15,1,6,4,2
250,,0,1,6,3,3
250,,1,1,6,5,1
250,,2,1,6,3,3
250,,3,1,6,5,1
250,,4,1,6,5,1
250,,5,1,6,5,1
250,,6,1,6,2,4
250,,7,1,6,3,3
250,,8,1,6,3,3
250,,9,1,6,4,2
250,,10,1,6,4,2
250,,11,1,6,2,4
250,,12,1,6,3,3
250,,13,1,6,4,2
250,,14,1,6,6,0
250,,15,1,6,5,1
250,,0,1,6,2,4
250,,1,1,6,2,4
250,,2,1,6,5,1
250,,3,1,6,6,0
250,,4,1,6,4,2
250,,5,1,6,3,3
250,,6,1,6,3,3
250,,7,1,6,4,2
250,,8,1,6,3,3
250,,9,1,6,2,4
250,,10,1,6,2,4
250,,11,1,6,1,5
250,,12,1,6,3,3
250,,13,1,6,5,1
250,,14,1,6,5,1
250,,15,1,6,3,3
250,,0,1,6,3,3
250,,1,1,6,3,3
250,,2,1,6,5,1
250,,3,1,6,5,1
250,,4,1,6,6,0
250,,5,1,6,6,0
250,,6,1,6,3,3
250,,7,1,6,5,1
250,,8,1,6,0,6
250,,9,1,6,1,5
250,,10,1,6,1,5
250,,11,1,6,2,4
250,,12,1,6,1,5
250,,13,1,6,4,2
250,,14,1,6,6,0
250,,15,1,6,3,3
250,,0,1,6,4,2
250,,1,1,6,5,1
250,,2,1,6,3,3
250,,3,1,6,5,1
250,,4,1,6,6,0
250,,5,1,6,4,2
250,,6,1,6,5,1
250,,7,1,6,5,1
250,,8,1,6,2,4
250,,9,1,6,3,3
250,,10,1,6,3,3
250,,11,1,6,3,3
250,,12,1,6,3,3
250,,13,1,6,5,1
250,,14,1,6,4,2
250,,15,1,6,4,2
250,,0,1,6,5,1
250,,1,1,6,5,1
250,,2,1,6,3,3
250,,3,1,6,5,1
250,,4,1,6,6,0
250,,5,1,6,3,3
250,,6,1,6,5,1
250,,7,1,6,4,2
250,,8,1,6,1,5
250,,9,1,6,4,2
250,,10,1,6,6,0
250,,11,1,6,2,4
250,,12,1,6,6,0
250,,13,1,6,3,3
250,,14,1,6,6,0
250,,15,1,6,6,0
250,,0,1,6,5,1
250,,1,1,6,6,0
250,,2,1,6,3,3
250,,3,1,6,5,1
250,,4,1,6,6,0
250,,5,1,6,6,0
250,,6,1,6,3,3
250,,7,1,6,5,1
250,,8,1,6,3,3
250,,9,1,6,3,3
250,,10,1,6,3,3
250,,11,1,6,4,2
250,,12,1,6,2,4
250,,13,1,6,3,3
250,,14,1,6,4,2
250,,15,1,6,5,1
250,,0,1,6,3,3
250,,1,1,6,5,1
250,,2,1,6,4,2
250,,3,1,6,5,1
250,,4,1,6,5,1
250,,5,1,6,4,2
250,,6,1,6,4,2
250,,7,1,6,5,1
250,,8,1,6,1,5
250,,9,1,6,1,5
250,,10,1,6,3,3
250,,11,1,6,5,1
250,,12,1,6,5,1
250,,13,1,6,4,2
250,,14,1,6,5,1
250,,15,1,6,6,0
250,,0,1,6,5,1
250,,1,1,6,5,1
250,,2,1,6,3,3
250,,3,1,6,4,2
250,,4,1,6,6,0
250,,5,1,6,2,4
250,,6,1,6,4,2
250,,7,1,6,6,0
250,,8,1,6,1,5
250,,9,1,6,6,0
250,,10,1,6,2,4
250,,11,1,6,4,2
250,,12,1,6,6,0
250,,13,1,6,2,4
250,,14,1,6,6,0
250,,15,1,6,6,0
250,,0,1,6,6,0
250,,1,1,6,1,5
250,,2,1,6,6,0
250,,3,1,6,5,1
250,,4,1,6,5,1
250,,5,1,6,4,2
250,,6,1,6,6,0
250,,7,1,6,5,1
250,,8,1,6,1,5
250,,9,1,6,4,2
250,,10,1,6,3,3
250,,11,1,6,2,4
250,,12,1,6,6,0
250,,13,1,6,5,1
250,,14,1,6,5,1
250,,15,1,6,5,1
250,,0,1,6,4,2
250,,1,1,6,3,3
250,,2,1,6,6,0
250,,3,1,6,5,1
250,,4,1,6,4,2
250,,5,1,6,4,2
250,,6,1,6,5,1
250,,7,1,6,5,1
250,,8,1,6,3,3
250,,9,1,6,4,2
250,,10,1,6,6,0
250,,11,1,6,5,1
250,,12,1,6,6,0
250,,13,1,6,5,1
250,,14,1,6,6,0
250,,15,1,6,4,2
250,,0,1,6,4,2
250,,1,1,6,4,2
250,,2,1,6,4,2
250,,3,1,6,5,1
250,,4,1,6,4,2
250,,5,1,6,6,0
250,,6,1,6,4,2
250,,7,1,6,5,1
250,,8,1,6,1,5
250,,9,1,6,3,3
250,,10,1,6,4,2
250,,11,1,6,3,3
250,,12,1,6,5,1
250,,13,1,6,6,0
250,,14,1,6,5,1
250,,15,1,6,5,1
250,,0,1,6,5,1
250,,1,1,6,5,1
250,,2,1,6,5,1
250,,3,1,6,6,0
250,,4,1,6,3,3
250,,5,1,6,4,2
250,,6,1,6,3,3
250,,7,1,6,6,0
250,,8,1,6,2,4
250,,9,1,6,4,2
250,,10,1,6,1,5
250,,11,1,6,6,0
250,,12,1,6,6,0
250,,13,1,6,6,0
250,,14,1,6,6,0
250,,15,1,6,4,2
250,,0,1,6,3,3
250,,1,1,6,6,0
250,,2,1,6,5,1
250,,3,1,6,5,1
250,,4,1,6,5,1
250,,5,1,6,5,1
250,,6,1,6,5,1
250,,7,1,6,5,1
250,,8,1,6,4,2
250,,9,1,6,4,2
250,,10,1,6,4,2
250,,11,1,6,5,1
250,,12,1,6,6,0
250,,13,1,6,5,1
250,,14,1,6,5,1
250,,15,1,6,5,1
250,,0,1,6,4,2
250,,1,1,6,5,1
250,,2,1,6,5,1
250,,3,1,6,5,1
250,,4,1,6,3,3
250,,5,1,6,6,0
250,,6,1,6,5,1
250,,7,1,6,3,3
250,,8,1,6,1,5
250,,9,1,6,4,2
250,,10,1,6,6,0
250,,11,1,6,2,4
250,,12,1,6,6,0
250,,13,1,6,5,1
250,,14,1,6,5,1
250,,15,1,6,4,2
250,,0,1,6,1,5
250,,1,1,6,3,3
250,,2,1,6,5,1
250,,3,1,6,3,3
250,,4,1,6,3,3
250,,5,1,6,6,0
250,,6,1,6,5,1
250,,7,1,6,3,3
250,,8,1,6,3,3
250,,9,1,6,6,0
250,,10,1,6,6,0
250,,11,1,6,5,1
250,,12,1,6,5,1
250,,13,1,6,5,1
250,,14,1,6,5,1
250,,15,1,6,3,3
250,,0,1,6,3,3
250,,1,1,6,5,1
250,,2,1,6,2,4
250,,3,1,6,6,0
250,,4,1,6,6,0
250,,5,1,6,6,0
250,,6,1,6,6,0
250,,7,1,6,6,0
250,,8,1,6,2,4
250,,9,1,6,2,4
250,,10,1,6,3,3
250,,11,1,6,6,0
250,,12,1,6,5,1
250,,13,1,6,5,1
250,,14,1,6,6,0
250,,15,1,6,4,2
250,,0,1,6,6,0
250,,1,1,6,5,1
250,,2,1,6,3,3
250,,3,1,6,4,2
250,,4,1,6,4,2
250,,5,1,6,3,3
250,,6,1,6,5,1
250,,7,1,6,5,1
250,,8,1,6,1,5
250,,9,1,6,4,2
250,,10,1,6,6,0
250,,11,1,6,4,2
250,,12,1,6,6,0
250,,13,1,6,5,1
250,,14,1,6,6,0
250,,15,1,6,6,0
250,,0,1,6,4,2
250,,1,1,6,5,1
250,,2,1,6,2,4
250,,3,1,6,5,1
250,,4,1,6,2,4
250,,5,1,6,6,0
250,,6,1,6,4,2
250,,7,1,6,3,3
250,,8,1,6,2,4
250,,9,1,6,4,2
250,,10,1,6,5,1
250,,11,1,6,5,1
250,,12,1,6,4,2
250,,13,1,6,5,1
250,,14,1,6,5,1
250,,15,1,6,6,0
250,,0,1,6,6,0
250,,1,1,6,5,1
250,,2,1,6,0,6
250,,3,1,6,5,1
250,,4,1,6,3,3
250,,5,1,6,5,1
250,,6,1,6,4,2
250,,7,1,6,3,3
250,,8,1,6,3,3
250,,9,1,6,2,4
250,,10,1,6,6,0
250,,11,1,6,5,1
250,,12,1,6,4,2
250,,13,1,6,6,0
250,,14,1,6,5,1
250,,15,1,6,5,1
250,,0,1,6,4,2
250,,1,1,6,6,0
250,,2,1,6,3,3
250,,3,1,6,3,3
250,,4,1,6,5,1
250,,5,1,6,3,3
250,,6,1,6,6,0
250,,7,1,6,5,1
250,,8,1,6,3,3
250,,9,1,6,1,5
250,,10,1,6,3,3
250,,11,1,6,6,0
250,,12,1,6,5,1
250,,13,1,6,4,2
250,,14,1,6,5,1
250,,15,1,6,6,0
250,,0,1,6,3,3
250,,1,1,6,5,1
250,,2,1,6,6,0
250,,3,1,6,3,3
250,,4,1,6,4,2
250,,5,1,6,4,2
250,,6,1,6,4,2
250,,7,1,6,5,1
250,,8,1,6,3,3
250,,9,1,6,2,4
250,,10,1,6,6,0
250,,11,1,6,4,2
250,,12,1,6,6,0
250,,13,1,6,2,4
250,,14,1,6,5,1
250,,15,1,6,6,0
250,,0,1,6,5,1
250,,1,1,6,5,1
250,,2,1,6,2,4
250,,3,1,6,6,0
250,,4,1,6,3,3
250,,5,1,6,3,3
250,,6,1,6,6,0
250,,7,1,6,6,0
250,,8,1,6,2,4
250,,9,1,6,4,2
250,,10,1,6,6,0
250,,11,1,6,6,0
250,,12,1,6,5,1
250,,13,1,6,6,0
250,,14,1,6,6,0
250,,15,1,6,4,2
250,,0,1,6,6,0
250,,1,1,6,6,0
250,,2,1,6,5,1
250,,3,1,6,6,0
250,,4,1,6,4,2
250,,5,1,6,5,1
250,,6,1,6,6,0
250,,7,1,6,5,1
250,,8,1,6,4,2
250,,9,1,6,3,3
250,,10,1,6,6,0
250,,11,1,6,3,3
250,,12,1,6,6,0
250,,13,1,6,1,5
250,,14,1,6,5,1
250,,15,1,6,5,1
250,,0,1,6,4,2
250,,1,1,6,5,1
250,,2,1,6,5,1
250,,3,1,6,5,1
250,,4,1,6,5,1
250,,5,1,6,5,1
250,,6,1,6,3,3
250,,7,1,6,6,0
250,,8,1,6,3,3
250,,9,1,6,2,4
250,,10,1,6,5,1
250,,11,1,6,5,1
250,,12,1,6,6,0
250,,13,1,6,5,1
250,,14,1,6,5,1
250,,15,1,6,3,3
250,,0,1,6,2,4
250,,1,1,6,5,1
250,,2,1,6,5,1
250,,3,1,6,5,1
250,,4,1,6,5,1
250,,5,1,6,5,1
250,,6,1,6,5,1
250,,7,1,6,6,0
250,,8,1,6,2,4
250,,9,1,6,5,1
250,,10,1,6,6,0
250,,11,1,6,6,0
250,,12,1,6,4,2
250,,13,1,6,6,0
250,,14,1,6,3,3
250,,15,1,6,6,0
250,,0,1,6,5,1
250,,1,1,6,3,3
250,,2,1,6,1,5
250,,3,1,6,5,1
250,,4,1,6,4,2
250,,5,1,6,5,1
250,,6,1,6,6,0
250,,7,1,6,6,0
250,,8,1,6,3,3
250,,9,1,6,4,2
250,,10,1,6,6,0
250,,11,1,6,4,2
250,,12,1,6,4,2
250,,13,1,6,4,2
250,,14,1,6,5,1
250,,15,1,6,5,1
250,,0,1,6,3,3
250,,1,1,6,5,1
250,,2,1,6,6,0
250,,3,1,6,5,1
250,,4,1,6,5,1
250,,5,1,6,5,1
250,,6,1,6,4,2
250,,7,1,6,5,1
250,,8,1,6,4,2
250,,9,1,6,1,5
250,,10,1,6,5,1
250,,11,1,6,4,2
250,,12,1,6,3,3
250,,13,1,6,5,1
250,,14,1,6,4,2
250,,15,1,6,5,1
250,,0,1,6,3,3
250,,1,1,6,4,2
250,,2,1,6,6,0
250,,3,1,6,4,2
250,,4,1,6,4,2
250,,5,1,6,5,1
250,,6,1,6,3,3
250,,7,1,6,4,2
250,,8,1,6,4,2
250,,9,1,6,5,1
250,,10,1,6,4,2
250,,11,1,6,4,2
250,,12,1,6,3,3
250,,13,1,6,2,4
250,,14,1,6,4,2
250,,15,1,6,5,1
250,,0,1,6,4,2
250,,1,1,6,4,2
250,,2,1,6,4,2
250,,3,1,6,6,0
250,,4,1,6,6,0
250,,5,1,6,2,4
250,,6,1,6,1,5
250,,7,1,6,5,1
250,,8,1,6,1,5
250,,9,1,6,2,4
250,,10,1,6,3,3
250,,11,1,6,4,2
250,,12,1,6,3,3
250,,13,1,6,3,3
250,,14,1,6,5,1
250,,15,1,6,4,2
250,,0,1,6,2,4
250,,1,1,6,5,1
250,,2,1,6,6,0
250,,3,1,6,5,1
250,,4,1,6,3,3
250,,5,1,6,6,0
250,,6,1,6,5,1
250,,7,1,6,5,1
250,,8,1,6,1,5
250,,9,1,6,2,4
250,,10,1,6,2,4
250,,11,1,6,2,4
250,,12,1,6,5,1
250,,13,1,6,4,2
250,,14,1,6,3,3
250,,15,1,6,4,2
250,,0,1,6,4,2
250,,1,1,6,4,2
250,,2,1,6,4,2
250,,3,1,6,6,0
250,,4,1,6,5,1
250,,5,1,6,5,1
250,,6,1,6,4,2
250,,7,1,6,4,2
250,,8,1,6,3,3
250,,9,1,6,4,2
250,,10,1,6,3,3
250,,11,1,6,4,2
250,,12,1,6,3,3
250,,13,1,6,5,1
250,,14,1,6,5,1
250,,15,1,6,5,1
250,,0,1,6,2,4
250,,1,1,6,3,3
250,,2,1,6,1,5
250,,3,1,6,3,3
250,,4,1,6,4,2
250,,5,1,6,5,1
250,,6,1,6,4,2
250,,7,1,6,4,2
250,,8,1,6,1,5
250,,9,1,6,2,4
250,,10,1,6,6,0
250,,11,1,6,2,4
250,,12,1,6,5,1
250,,13,1,6,4,2
250,,14,1,6,5,1
250,,15,1,6,3,3
250,,0,1,6,4,2
250,,1,1,6,5,1
250,,2,1,6,5,1
250,,3,1,6,6,0
250,,4,1,6,3,3
250,,5,1,6,5,1
250,,6,1,6,2,4
250,,7,1,6,6,0
250,,8,1,6,1,5
250,,9,1,6,4,2
250,,10,1,6,5,1
250,,11,1,6,3,3
250,,12,1,6,4,2
250,,13,1,6,5,1
250,,14,1,6,6,0
250,,15,1,6,4,2
250,,0,1,6,0,6
250,,1,1,6,4,2
250,,2,1,6,5,1
250,,3,1,6,1,5
250,,4,1,6,5,1
250,,5,1,6,6,0
250,,6,1,6,3,3
250,,7,1,6,3,3
250,,8,1,6,1,5
250,,9,1,6,4,2
250,,10,1,6,4,2
250,,11,1,6,4,2
250,,12,1,6,4,2
250,,13,1,6,3,3
250,,14,1,6,6,0
250,,15,1,6,5,1
250,,0,1,6,4,2
250,,1,1,6,4,2
250,,2,1,6,5,1
250,,3,1,6,3,3
250,,4,1,6,5,1
250,,5,1,6,4,2
250,,6,1,6,4,2
250,,7,1,6,6,0
250,,8,1,6,1,5
250,,9,1,6,4,2
250,,10,1,6,2,4
250,,11,1,6,3,3
250,,12,1,6,3,3
250,,13,1,6,4,2
250,,14,1,6,6,0
250,,15,1,6,1,5
250,,0,1,6,4,2
250,,1,1,6,5,1
250,,2,1,6,4,2
250,,3,1,6,5,1
250,,4,1,6,2,4
250,,5,1,6,2,4
250,,6,1,6,3,3
250,,7,1,6,4,2
250,,8,1,6,2,4
250,,9,1,6,2,4
250,,10,1,6,4,2
250,,11,1,6,3,3
250,,12,1,6,1,5
250,,13,1,6,4,2
250,,14,1,6,4,2
250,,15,1,6,5,1
250,,0,1,6,2,4
250,,1,1,6,4,2
250,,2,1,6,3,3
250,,3,1,6,5,1
250,,4,1,6,4,2
250,,5,1,6,3,3
250,,6,1,6,5,1
250,,7,1,6,5,1
250,,8,1,6,1,5
250,,9,1,6,2,4
250,,10,1,6,3,3
250,,11,1,6,5,1
250,,12,1,6,3,3
250,,13,1,6,3,3
250,,14,1,6,4,2
250,,15,1,6,5,1
250,,0,1,6,3,3
250,,1,1,6,3,3
250,,2,1,6,4,2
250,,3,1,6,4,2
250,,4,1,6,2,4
250,,5,1,6,6,0
250,,6,1,6,2,4
250,,7,1,6,5,1
250,,8,1,6,2,4
250,,9,1,6,5,1
250,,10,1,6,5,1
250,,11,1,6,5,1
250,,12,1,6,4,2
250,,13,1,6,5,1
250,,14,1,6,6,0
250,,15,1,6,6,0
250,,0,1,6,2,4
250,,1,1,6,5,1
250,,2,1,6,6,0
250,,3,1,6,3,3
250,,4,1,6,3,3
250,,5,1,6,5,1
250,,6,1,6,0,6
250,,7,1,6,5,1
250,,8,1,6,1,5
250,,9,1,6,2,4
250,,10,1,6,2,4
250,,11,1,6,3,3
250,,12,1,6,3,3
250,,13,1,6,5,1
250,,14,1,6,5,1
250,,15,1,6,6,0
250,,0,1,6,1,5
250,,1,1,6,5,1
250,,2,1,6,5,1
250,,3,1,6,2,4
250,,4,1,6,4,2
250,,5,1,6,3,3
250,,6,1,6,1,5
250,,7,1,6,6,0
250,,8,1,6,3,3
250,,9,1,6,2,4
250,,10,1,6,3,3
250,,11,1,6,6,0
250,,12,1,6,4,2
250,,13,1,6,2,4
250,,14,1,6,6,0
250,,15,1,6,5,1
300,,0,1,6,0,6
300,,1,1,6,1,5
300,,2,1,6,2,4
300,,3,1,6,3,3
300,,4,1,6,3,3
300,,5,1,6,1,5
300,,6,1,6,3,3
300,,7,1,6,0,6
300,,8,1,6,2,4
300,,9,1,6,1,5
300,,10,1,6,2,4
300,,11,1,6,2,4
300,,12,1,6,1,5
300,,13,1,6,2,4
300,,14,1,6,2,4
300,,15,1,6,0,6
300,,0,1,6,2,4
300,,1,1,6,3,3
300,,2,1,6,4,2
300,,3,1,6,0,6
300,,4,1,6,0,6
300,,5,1,6,1,5
300,,6,1,6,0,6
300,,7,1,6,1,5
300,,8,1,6,1,5
300,,9,1,6,4,2
300,,10,1,6,1,5
300,,11,1,6,2,4
300,,12,1,6,2,4
300,,13,1,6,2,4
300,,14,1,6,0,6
300,,15,1,6,2,4
300,,0,1,6,1,5
300,,1,1,6,1,5
300,,2,1,6,4,2
300,,3,1,6,1,5
300,,4,1,6,1,5
300,,5,1,6,3,3
300,,6,1,6,2,4
300,,7,1,6,2,4
300,,8,1,6,1,5
300,,9,1,6,4,2
300,,10,1,6,1,5
300,,11,1,6,3,3
300,,12,1,6,5,1
300,,13,1,6,1,5
300,,14,1,6,2,4
300,,15,1,6,2,4
300,,0,1,6,1,5
300,,1,1,6,4,2
300,,2,1,6,5,1
300,,3,1,6,2,4
300,,4,1,6,2,4
300,,5,1,6,4,2
300,,6,1,6,3,3
300,,7,1,6,1,5
300,,8,1,6,2,4
300,,9,1,6,0,6
300,,10,1,6,2,4
300,,11,1,6,5,1
300,,12,1,6,5,1
300,,13,1,6,4,2
300,,14,1,6,4,2
300,,15,1,6,5,1
300,,0,1,6,4,2
300,,1,1,6,0,6
300,,2,1,6,3,3
300,,3,1,6,2,4
300,,4,1,6,3,3
300,,5,1,6,5,1
300,,6,1,6,2,4
300,,7,1,6,3,3
300,,8,1,6,2,4
300,,9,1,6,3,3
300,,10,1,6,3,3
300,,11,1,6,1,5
300,,12,1,6,3,3
300,,13,1,6,2,4
300,,14,1,6,2,4
300,,15,1,6,4,2
300,,0,1,6,2,4
300,,1,1,6,4,2
300,,2,1,6,6,0
300,,3,1,6,1,5
300,,4,1,6,2,4
300,,5,1,6,4,2
300,,6,1,6,2,4
300,,7,1,6,6,0
300,,8,1,6,5,1
300,,9,1,6,3,3
300,,10,1,6,3,3
300,,11,1,6,4,2
300,,12,1,6,6,0
300,,13,1,6,3,3
300,,14,1,6,1,5
300,,15,1,6,3,3
300,,0,1,6,1,5
300,,1,1,6,4,2
300,,2,1,6,2,4
300,,3,1,6,1,5
300,,4,1,6,0,6
300,,5,1,6,0,6
300,,6,1,6,2,4
300,,7,1,6,1,5
300,,8,1,6,1,5
300,,9,1,6,2,4
300,,10,1,6,0,6
300,,11,1,6,3,3
300,,12,1,6,1,5
300,,13,1,6,2,4
300,,14,1,6,2,4
300,,15,1,6,3,3
300,,0,1,6,2,4
300,,1,1,6,1,5
300,,2,1,6,4,2
300,,3,1,6,5,1
300,,4,1,6,1,5
300,,5,1,6,2,4
300,,6,1,6,2,4
300,,7,1,6,3,3
300,,8,1,6,1,5
300,,9,1,6,6,0
300,,10,1,6,1,5
300,,11,1,6,4,2
300,,12,1,6,2,4
300,,13,1,6,5,1
300,,14,1,6,2,4
300,,15,1,6,3,3
300,,0,1,6,1,5
300,,1,1,6,2,4
300,,2,1,6,4,2
300,,3,1,6,1,5
300,,4,1,6,2,4
300,,5,1,6,2,4
300,,6,1,6,1,5
300,,7,1,6,3,3
300,,8,1,6,3,3
300,,9,1,6,1,5
300,,10,1,6,3,3
300,,11,1,6,3,3
300,,12,1,6,3,3
300,,13,1,6,3,3
300,,14,1,6,3,3
300,,15,1,6,6,0
300,,0,1,6,1,5
300,,1,1,6,3,3
300,,2,1,6,5,1
300,,3,1,6,2,4
300,,4,1,6,4,2
300,,5,1,6,4,2
300,,6,1,6,3,3
300,,7,1,6,0,6
300,,8,1,6,1,5
300,,9,1,6,4,2
300,,10,1,6,2,4
300,,11,1,6,1,5
300,,12,1,6,5,1
300,,13,1,6,3,3
300,,14,1,6,4,2
300,,15,1,6,3,3
300,,0,1,6,0,6
300,,1,1,6,4,2
300,,2,1,6,4,2
300,,3,1,6,4,2
300,,4,1,6,1,5
300,,5,1,6,4,2
300,,6,1,6,2,4
300,,7,1,6,1,5
300,,8,1,6,2,4
300,,9,1,6,2,4
300,,10,1,6,3,3
300,,11,1,6,1,5
300,,12,1,6,6,0
300,,13,1,6,1,5
300,,14,1,6,3,3
300,,15,1,6,2,4
300,,0,1,6,1,5
300,,1,1,6,2,4
300,,2,1,6,6,0
300,,3,1,6,0,6
300,,4,1,6,2,4
300,,5,1,6,3,3
300,,6,1,6,2,4
300,,7,1,6,3,3
300,,8,1,6,2,4
300,,9,1,6,3,3
300,,10,1,6,1,5
300,,11,1,6,2,4
300,,12,1,6,4,2
300,,13,1,6,1,5
300,,14,1,6,1,5
300,,15,1,6,3,3
300,,0,1,6,1,5
300,,1,1,6,3,3
300,,2,1,6,4,2
300,,3,1,6,3,3
300,,4,1,6,4,2
300,,5,1,6,3,3
300,,6,1,6,3,3
300,,7,1,6,3,3
300,,8,1,6,1,5
300,,9,1,6,3,3
300,,10,1,6,3,3
300,,11,1,6,3,3
300,,12,1,6,5,1
300,,13,1,6,2,4
300,,14,1,6,1,5
300,,15,1,6,1,5
300,,0,1,6,1,5
300,,1,1,6,1,5
300,,2,1,6,4,2
300,,3,1,6,1,5
300,,4,1,6,3,3
300,,5,1,6,1,5
300,,6,1,6,1,5
300,,7,1,6,2,4
300,,8,1,6,0,6
300,,9,1,6,3,3
300,,10,1,6,3,3
300,,11,1,6,1,5
300,,12,1,6,3,3
300,,13,1,6,1,5
300,,14,1,6,1,5
300,,15,1,6,4,2
300,,0,1,6,2,4
300,,1,1,6,2,4
300,,2,1,6,4,2
300,,3,1,6,4,2
300,,4,1,6,3,3
300,,5,1,6,4,2
300,,6,1,6,3,3
300,,7,1,6,1,5
300,,8,1,6,3,3
300,,9,1,6,0,6
300,,10,1,6,0,6
300,,11,1,6,1,5
300,,12,1,6,6,0
300,,13,1,6,0,6
300,,14,1,6,2,4
300,,15,1,6,3,3
300,,0,1,6,0,6
300,,1,1,6,6,0
300,,2,1,6,6,0
300,,3,1,6,2,4
300,,4,1,6,0,6
300,,5,1,6,5,1
300,,6,1,6,2,4
300,,7,1,6,5,1
300,,8,1,6,1,5
300,,9,1,6,2,4
300,,10,1,6,3,3
300,,11,1,6,2,4
300,,12,1,6,5,1
300,,13,1,6,1,5
300,,14,1,6,1,5
300,,15,1,6,4,2
300,,0,1,6,2,4
300,,1,1,6,3,3
300,,2,1,6,4,2
300,,3,1,6,1,5
300,,4,1,6,1,5
300,,5,1,6,5,1
300,,6,1,6,2,4
300,,7,1,6,3,3
300,,8,1,6,2,4
300,,9,1,6,6,0
300,,10,1,6,5,1
300,,11,1,6,5,1
300,,12,1,6,2,4
300,,13,1,6,4,2
300,,14,1,6,2,4
300,,15,1,6,6,0
300,,0,1,6,3,3
300,,1,1,6,4,2
300,,2,1,6,3,3
300,,3,1,6,4,2
300,,4,1,6,0,6
300,,5,1,6,3,3
300,,6,1,6,5,1
300,,7,1,6,3,3
300,,8,1,6,3,3
300,,9,1,6,3,3
300,,10,1,6,5,1
300,,11,1,6,5,1
300,,12,1,6,4,2
300,,13,1,6,4,2
300,,14,1,6,3,3
300,,15,1,6,2,4
300,,0,1,6,5,1
300,,1,1,6,4,2
300,,2,1,6,6,0
300,,3,1,6,3,3
300,,4,1,6,4,2
300,,5,1,6,6,0
300,,6,1,6,2,4
300,,7,1,6,1,5
300,,8,1,6,2,4
300,,9,1,6,2,4
300,,10,1,6,3,3
300,,11,1,6,2,4
300,,12,1,6,5,1
300,,13,1,6,1,5
300,,14,1,6,4,2
300,,15,1,6,3,3
300,,0,1,6,3,3
300,,1,1,6,3,3
300,,2,1,6,5,1
300,,3,1,6,4,2
300,,4,1,6,1,5
300,,5,1,6,3,3
300,,6,1,6,4,2
300,,7,1,6,2,4
300,,8,1,6,4,2
300,,9,1,6,5,1
300,,10,1,6,1,5
300,,11,1,6,4,2
300,,12,1,6,5,1
300,,13,1,6,4,2
300,,14,1,6,4,2
300,,15,1,6,6,0
300,,0,1,6,5,1
300,,1,1,6,5,1
300,,2,1,6,4,2
300,,3,1,6,2,4
300,,4,1,6,3,3
300,,5,1,6,2,4
300,,6,1,6,2,4
300,,7,1,6,2,4
300,,8,1,6,4,2
300,,9,1,6,0,6
300,,10,1,6,4,2
300,,11,1,6,3,3
300,,12,1,6,4,2
300,,13,1,6,4,2
300,,14,1,6,3,3
300,,15,1,6,5,1
300,,0,1,6,2,4
400,,1,1,6,5,1
400,,2,1,6,5,1
400,,3,1,6,5,1
400,,4,1,6,5,1
400,,5,1,6,5,1
400,,6,1,6,4,2
400,,7,1,6,3,3
400,,8,1,6,6,0
400,,9,1,6,6,0
400,,10,1,6,5,1
400,,11,1,6,4,2
400,,12,1,6,5,1
400,,13,1,6,5,1
400,,14,1,6,4,2
400,,15,1,6,3,3
400,,0,1,6,3,3
400,,1,1,6,4,2
400,,2,1,6,5,1
400,,3,1,6,2,4
400,,4,1,6,6,0
400,,5,1,6,4,2
400,,6,1,6,3,3
400,,7,1,6,2,4
400,,8,1,6,4,2
400,,9,1,6,4,2
400,,10,1,6,3,3
400,,11,1,6,5,1
400,,12,1,6,6,0
400,,13,1,6,5,1
400,,14,1,6,4,2
400,,15,1,6,5,1
400,,0,1,6,4,2
400,,1,1,6,3,3
400,,2,1,6,3,3
400,,3,1,6,1,5
400,,4,1,6,4,2
400,,5,1,6,4,2
400,,6,1,6,4,2
400,,7,1,6,2,4
400,,8,1,6,4,2
400,,9,1,6,4,2
400,,10,1,6,3,3
400,,11,1,6,6,0
400,,12,1,6,6,0
400,,13,1,6,5,1
400,,14,1,6,4,2
400,,15,1,6,5,1
400,,0,1,6,5,1
400,,1,1,6,3,3
400,,2,1,6,5,1
400,,3,1,6,2,4
400,,4,1,6,5,1
400,,5,1,6,2,4
400,,6,1,6,3,3
400,,7,1,6,1,5
400,,8,1,6,3,3
400,,9,1,6,4,2
400,,10,1,6,4,2
400,,11,1,6,3,3
400,,12,1,6,1,5
400,,13,1,6,3,3
400,,14,1,6,4,2
400,,15,1,6,4,2
400,,0,1,6,5,1
400,,1,1,6,6,0
400,,2,1,6,6,0
400,,3,1,6,3,3
400,,4,1,6,5,1
400,,5,1,6,3,3
400,,6,1,6,4,2
400,,7,1,6,1,5
400,,8,1,6,4,2
400,,9,1,6,5,1
400,,10,1,6,6,0
400,,11,1,6,5,1
400,,12,1,6,5,1
400,,13,1,6,3,3
400,,14,1,6,2,4
400,,15,1,6,5,1
400,,0,1,6,5,1
400,,1,1,6,4,2
400,,2,1,6,4,2
400,,3,1,6,3,3
400,,4,1,6,4,2
400,,5,1,6,5,1
400,,6,1,6,2,4
400,,7,1,6,6,0
400,,8,1,6,3,3
400,,9,1,6,5,1
400,,10,1,6,4,2
400,,11,1,6,5,1
400,,12,1,6,5,1
400,,13,1,6,4,2
400,,14,1,6,5,1
400,,15,1,6,4,2
400,,0,1,6,3,3
400,,1,1,6,3,3
400,,2,1,6,2,4
400,,3,1,6,5,1
400,,4,1,6,5,1
400,,5,1,6,5,1
400,,6,1,6,4,2
400,,7,1,6,5,1
400,,8,1,6,5,1
400,,9,1,6,5,1
400,,10,1,6,3,3
400,,11,1,6,4,2
400,,12,1,6,5,1
400,,13,1,6,5,1
400,,14,1,6,5,1
400,,15,1,6,5,1
400,,0,1,6,4,2
400,,1,1,6,6,0
400,,2,1,6,4,2
400,,3,1,6,5,1
400,,4,1,6,5,1
400,,5,1,6,3,3
400,,6,1,6,6,0
400,,7,1,6,4,2
400,,8,1,6,4,2
400,,9,1,6,6,0
400,,10,1,6,4,2
400,,11,1,6,5,1
400,,12,1,6,6,0
400,,13,1,6,5,1
400,,14,1,6,5,1
400,,15,1,6,4,2
400,,0,1,6,1,5
400,,1,1,6,5,1
400,,2,1,6,3,3
400,,3,1,6,1,5
400,,4,1,6,4,2
400,,5,1,6,3,3
400,,6,1,6,4,2
400,,7,1,6,5,1
400,,8,1,6,5,1
400,,9,1,6,6,0
400,,10,1,6,4,2
400,,11,1,6,5,1
400,,12,1,6,5,1
400,,13,1,6,6,0
400,,14,1,6,6,0
400,,15,1,6,6,0
400,,0,1,6,6,0
400,,1,1,6,5,1
400,,2,1,6,4,2
400,,3,1,6,4,2
400,,4,1,6,6,0
400,,5,1,6,5,1
400,,6,1,6,5,1
400,,7,1,6,4,2
400,,8,1,6,4,2
400,,9,1,6,3,3
400,,10,1,6,5,1
400,,11,1,6,5,1
400,,12,1,6,6,0
400,,13,1,6,6,0
400,,14,1,6,2,4
400,,15,1,6,6,0
400,,0,1,6,6,0
400,,1,1,6,5,1
400,,2,1,6,6,0
400,,3,1,6,3,3
400,,4,1,6,6,0
400,,5,1,6,5,1
400,,6,1,6,5,1
400,,7,1,6,5,1
400,,8,1,6,4,2
400,,9,1,6,5,1
400,,10,1,6,5,1
400,,11,1,6,6,0
400,,12,1,6,5,1
400,,13,1,6,6,0
400,,14,1,6,5,1
400,,15,1,6,5,1
400,,0,1,6,5,1
400,,1,1,6,4,2
400,,2,1,6,4,2
400,,3,1,6,4,2
400,,4,1,6,6,0
400,,5,1,6,5,1
400,,6,1,6,6,0
400,,7,1,6,4,2
400,,8,1,6,4,2
400,,9,1,6,5,1
400,,10,1,6,3,3
400,,11,1,6,6,0
400,,12,1,6,5,1
400,,13,1,6,4,2
400,,14,1,6,6,0
400,,15,1,6,6,0
400,,0,1,6,6,0
400,,1,1,6,5,1
400,,2,1,6,3,3
400,,3,1,6,3,3
400,,4,1,6,6,0
400,,5,1,6,3,3
400,,6,1,6,4,2
400,,7,1,6,4,2
400,,8,1,6,6,0
400,,9,1,6,4,2
400,,10,1,6,5,1
400,,11,1,6,4,2
400,,12,1,6,2,4
400,,13,1,6,4,2
400,,14,1,6,3,3
400,,15,1,6,2,4
400,,0,1,6,5,1
400,,1,1,6,5,1
400,,2,1,6,4,2
400,,3,1,6,4,2
400,,4,1,6,6,0
400,,5,1,6,5,1
400,,6,1,6,4,2
400,,7,1,6,2,4
400,,8,1,6,3,3
400,,9,1,6,5,1
400,,10,1,6,4,2
400,,11,1,6,6,0
400,,12,1,6,5,1
400,,13,1,6,6,0
400,,14,1,6,3,3
400,,15,1,6,6,0
400,,0,1,6,6,0
400,,1,1,6,6,0
400,,2,1,6,3,3
400,,3,1,6,2,4
400,,4,1,6,4,2
400,,5,1,6,1,5
400,,6,1,6,4,2
400,,7,1,6,3,3
400,,8,1,6,4,2
400,,9,1,6,4,2
400,,10,1,6,3,3
400,,11,1,6,6,0
400,,12,1,6,4,2
400,,13,1,6,6,0
400,,14,1,6,6,0
400,,15,1,6,5,1
400,,0,1,6,5,1
400,,1,1,6,5,1
400,,2,1,6,3,3
400,,3,1,6,6,0
400,,4,1,6,4,2
400,,5,1,6,2,4
400,,6,1,6,6,0
400,,7,1,6,5,1
400,,8,1,6,6,0
400,,9,1,6,4,2
400,,10,1,6,3,3
400,,11,1,6,5,1
400,,12,1,6,5,1
400,,13,1,6,4,2
400,,14,1,6,4,2
400,,15,1,6,3,3
400,,0,1,6,4,2
400,,1,1,6,4,2
400,,2,1,6,2,4
400,,3,1,6,3,3
400,,4,1,6,5,1
400,,5,1,6,2,4
400,,6,1,6,4,2
400,,7,1,6,5,1
400,,8,1,6,2,4
400,,9,1,6,4,2
400,,10,1,6,3,3
400,,11,1,6,6,0
400,,12,1,6,2,4
400,,13,1,6,6,0
400,,14,1,6,2,4
400,,15,1,6,4,2
400,,0,1,6,5,1
400,,1,1,6,5,1
400,,2,1,6,1,5
400,,3,1,6,5,1
400,,4,1,6,5,1
400,,5,1,6,5,1
400,,6,1,6,3,3
400,,7,1,6,5,1
400,,8,1,6,4,2
400,,9,1,6,3,3
400,,10,1,6,6,0
400,,11,1,6,5,1
400,,12,1,6,3,3
400,,13,1,6,3,3
400,,14,1,6,4,2
400,,15,1,6,5,1
400,,0,1,6,5,1
400,,1,1,6,3,3
400,,2,1,6,1,5
400,,3,1,6,3,3
400,,4,1,6,4,2
400,,5,1,6,3,3
400,,6,1,6,5,1
400,,7,1,6,3,3
400,,8,1,6,3,3
400,,9,1,6,4,2
400,,10,1,6,4,2
400,,11,1,6,4,2
400,,12,1,6,3,3
400,,13,1,6,6,0
400,,14,1,6,4,2
400,,15,1,6,5,1
400,,0,1,6,5,1
400,,1,1,6,4,2
400,,2,1,6,4,2
400,,3,1,6,3,3
400,,4,1,6,3,3
400,,5,1,6,1,5
400,,6,1,6,5,1
400,,7,1,6,6,0
400,,8,1,6,6,0
400,,9,1,6,2,4
400,,10,1,6,3,3
400,,11,1,6,5,1
400,,12,1,6,5,1
400,,13,1,6,4,2
400,,14,1,6,3,3
400,,15,1,6,5,1
400,,0,1,6,6,0
400,,1,1,6,5,1
400,,2,1,6,2,4
400,,3,1,6,4,2
400,,4,1,6,5,1
400,,5,1,6,2,4
400,,6,1,6,3,3
400,,7,1,6,2,4
400,,8,1,6,4,2
400,,9,1,6,4,2
400,,10,1,6,6,0
400,,11,1,6,5,1
400,,12,1,6,5,1
400,,13,1,6,3,3
400,,14,1,6,4,2
400,,15,1,6,3,3
400,,0,1,6,3,3
400,,1,1,6,4,2
400,,2,1,6,1,5
400,,3,1,6,4,2
400,,4,1,6,4,2
400,,5,1,6,2,4
400,,6,1,6,5,1
400,,7,1,6,3,3
400,,8,1,6,2,4
400,,9,1,6,6,0
400,,10,1,6,5,1
400,,11,1,6,6,0
400,,12,1,6,4,2
400,,13,1,6,4,2
400,,14,1,6,5,1
400,,15,1,6,6,0
400,,0,1,6,5,1
400,,1,1,6,5,1
400,,2,1,6,2,4
400,,3,1,6,5,1
400,,4,1,6,5,1
400,,5,1,6,3,3
400,,6,1,6,3,3
400,,7,1,6,2,4
400,,8,1,6,1,5
400,,9,1,6,3,3
400,,10,1,6,4,2
400,,11,1,6,5,1
400,,12,1,6,2,4
400,,13,1,6,6,0
400,,14,1,6,4,2
400,,15,1,6,3,3
400,,0,1,6,3,3
400,,1,1,6,4,2
400,,2,1,6,1,5
400,,3,1,6,2,4
400,,4,1,6,2,4
400,,5,1,6,2,4
400,,6,1,6,3,3
400,,7,1,6,2,4
400,,8,1,6,2,4
400,,9,1,6,3,3
400,,10,1,6,4,2
400,,11,1,6,2,4
400,,12,1,6,1,5
400,,13,1,6,4,2
400,,14,1,6,2,4
400,,15,1,6,4,2
400,,0,1,6,6,0
400,,1,1,6,1,5
400,,2,1,6,4,2
400,,3,1,6,1,5
400,,4,1,6,3,3
400,,5,1,6,3,3
400,,6,1,6,4,2
400,,7,1,6,4,2
400,,8,1,6,2,4
400,,9,1,6,4,2
400,,10,1,6,5,1
400,,11,1,6,2,4
400,,12,1,6,4,2
400,,13,1,6,5,1
400,,14,1,6,5,1
400,,15,1,6,4,2
400,,0,1,6,4,2
400,,1,1,6,4,2
400,,2,1,6,1,5
400,,3,1,6,2,4
400,,4,1,6,1,5
400,,5,1,6,2,4
400,,6,1,6,5,1
400,,7,1,6,4,2
400,,8,1,6,2,4
400,,9,1,6,6,0
400,,10,1,6,3,3
400,,11,1,6,3,3
400,,12,1,6,1,5
400,,13,1,6,4,2
400,,14,1,6,3,3
400,,15,1,6,2,4
400,,0,1,6,3,3
400,,1,1,6,5,1
400,,2,1,6,4,2
400,,3,1,6,3,3
400,,4,1,6,3,3
400,,5,1,6,4,2
400,,6,1,6,5,1
400,,7,1,6,6,0
400,,8,1,6,4,2
400,,9,1,6,3,3
400,,10,1,6,5,1
400,,11,1,6,6,0
400,,12,1,6,6,0
400,,13,1,6,2,4
400,,14,1,6,2,4
400,,15,1,6,5,1
400,,0,1,6,4,2
400,,1,1,6,4,2
400,,2,1,6,3,3
400,,3,1,6,4,2
400,,4,1,6,5,1
400,,5,1,6,1,5
400,,6,1,6,5,1
400,,7,1,6,3,3
400,,8,1,6,4,2
400,,9,1,6,1,5
400,,10,1,6,3,3
400,,11,1,6,5,1
400,,12,1,6,3,3
400,,13,1,6,2,4
400,,14,1,6,4,2
400,,15,1,6,3,3
400,,0,1,6,3,3
400,,1,1,6,1,5
400,,2,1,6,1,5
400,,3,1,6,1,5
400,,4,1,6,2,4
400,,5,1,6,1,5
400,,6,1,6,3,3
400,,7,1,6,4,2
400,,8,1,6,2,4
400,,9,1,6,3,3
400,,10,1,6,4,2
400,,11,1,6,4,2
400,,12,1,6,4,2
400,,13,1,6,3,3
400,,14,1,6,4,2
400,,15,1,6,4,2
400,,0,1,6,6,0
400,,1,1,6,5,1
400,,2,1,6,1,5
400,,3,1,6,2,4
400,,4,1,6,5,1
400,,5,1,6,2,4
400,,6,1,6,2,4
400,,7,1,6,6,0
400,,8,1,6,1,5
400,,9,1,6,4,2
400,,10,1,6,5,1
400,,11,1,6,4,2
400,,12,1,6,4,2
400,,13,1,6,4,2
400,,14,1,6,4,2
400,,15,1,6,4,2
400,,0,1,6,5,1
400,,1,1,6,2,4
400,,2,1,6,3,3
400,,3,1,6,1,5
400,,4,1,6,1,5
400,,5,1,6,2,4
400,,6,1,6,4,2
400,,7,1,6,3,3
400,,8,1,6,1,5
400,,9,1,6,0,6
400,,10,1,6,4,2
400,,11,1,6,6,0
400,,12,1,6,5,1
400,,13,1,6,1,5
400,,14,1,6,3,3
400,,15,1,6,4,2
450,,0,1,6,3,3
450,,1,1,6,1,5
450,,2,1,6,3,3
450,,3,1,6,1,5
450,,4,1,6,0,6
300,,1,1,6,2,4
300,,2,1,6,2,4
300,,3,1,6,3,3
300,,4,1,6,1,5
300,,5,1,6,4,2
300,,6,1,6,3,3
300,,7,1,6,3,3
300,,8,1,6,3,3
300,,9,1,6,5,1
300,,10,1,6,3,3
300,,11,1,6,2,4
300,,12,1,6,2,4
300,,13,1,6,4,2
300,,14,1,6,6,0
300,,15,1,6,5,1
300,,0,1,6,4,2
300,,1,1,6,5,1
300,,2,1,6,5,1
300,,3,1,6,4,2
300,,4,1,6,4,2
300,,5,1,6,5,1
300,,6,1,6,3,3
300,,7,1,6,6,0
300,,8,1,6,2,4
300,,9,1,6,5,1
300,,10,1,6,6,0
300,,11,1,6,4,2
300,,12,1,6,5,1
300,,13,1,6,6,0
300,,14,1,6,6,0
300,,15,1,6,6,0
300,,0,1,6,6,0
300,,1,1,6,4,2
300,,2,1,6,6,0
300,,3,1,6,4,2
300,,4,1,6,6,0
300,,5,1,6,4,2
300,,6,1,6,3,3
300,,7,1,6,3,3
300,,8,1,6,3,3
300,,9,1,6,5,1
300,,10,1,6,4,2
300,,11,1,6,3,3
300,,12,1,6,5,1
300,,13,1,6,4,2
300,,14,1,6,2,4
300,,15,1,6,2,4
300,,0,1,6,5,1
300,,1,1,6,4,2
300,,2,1,6,6,0
300,,3,1,6,5,1
300,,4,1,6,6,0
300,,5,1,6,1,5
300,,6,1,6,3,3
300,,7,1,6,5,1
300,,8,1,6,0,6
300,,9,1,6,5,1
300,,10,1,6,6,0
300,,11,1,6,6,0
300,,12,1,6,5,1
300,,13,1,6,4,2
300,,14,1,6,5,1
300,,15,1,6,2,4
300,,0,1,6,3,3
300,,1,1,6,3,3
300,,2,1,6,6,0
300,,3,1,6,2,4
300,,4,1,6,4,2
300,,5,1,6,6,0
300,,6,1,6,4,2
300,,7,1,6,3,3
300,,8,1,6,5,1
300,,9,1,6,3,3
300,,10,1,6,4,2
300,,11,1,6,3,3
300,,12,1,6,5,1
300,,13,1,6,5,1
300,,14,1,6,6,0
300,,15,1,6,5,1
300,,0,1,6,4,2
300,,1,1,6,5,1
300,,2,1,6,4,2
300,,3,1,6,2,4
300,,4,1,6,4,2
300,,5,1,6,6,0
300,,6,1,6,5,1
300,,7,1,6,6,0
300,,8,1,6,3,3
300,,9,1,6,5,1
300,,10,1,6,6,0
300,,11,1,6,4,2
300,,12,1,6,3,3
300,,13,1,6,5,1
300,,14,1,6,5,1
300,,15,1,6,5,1
300,,0,1,6,3,3
300,,1,1,6,4,2
300,,2,1,6,5,1
300,,3,1,6,6,0
300,,4,1,6,6,0
300,,5,1,6,4,2
300,,6,1,6,5,1
300,,7,1,6,4,2
300,,8,1,6,4,2
300,,9,1,6,4,2
300,,10,1,6,3,3
300,,11,1,6,5,1
300,,12,1,6,5,1
300,,13,1,6,4,2
300,,14,1,6,1,5
300,,15,1,6,5,1
300,,0,1,6,6,0
300,,1,1,6,5,1
300,,2,1,6,6,0
300,,3,1,6,5,1
300,,4,1,6,5,1
300,,5,1,6,5,1
300,,6,1,6,6,0
300,,7,1,6,3,3
300,,8,1,6,2,4
300,,9,1,6,3,3
300,,10,1,6,5,1
300,,11,1,6,3,3
300,,12,1,6,5,1
300,,13,1,6,4,2
300,,14,1,6,5,1
300,,15,1,6,4,2
300,,0,1,6,5,1
300,,1,1,6,5,1
300,,2,1,6,4,2
300,,3,1,6,3,3
300,,4,1,6,5,1
300,,5,1,6,5,1
300,,6,1,6,3,3
300,,7,1,6,4,2
300,,8,1,6,2,4
300,,9,1,6,4,2
300,,10,1,6,6,0
300,,11,1,6,4,2
300,,12,1,6,5,1
300,,13,1,6,4,2
300,,14,1,6,5,1
300,,15,1,6,5,1
300,,0,1,6,3,3
300,,1,1,6,6,0
300,,2,1,6,4,2
300,,3,1,6,5,1
300,,4,1,6,2,4
300,,5,1,6,5,1
300,,6,1,6,5,1
300,,7,1,6,3,3
300,,8,1,6,3,3
300,,9,1,6,3,3
300,,10,1,6,4,2
300,,11,1,6,5,1
300,,12,1,6,4,2
300,,13,1,6,3,3
300,,14,1,6,4,2
300,,15,1,6,6,0
300,,0,1,6,3,3
300,,1,1,6,3,3
300,,2,1,6,4,2
300,,3,1,6,5,1
300,,4,1,6,5,1
300,,5,1,6,2,4
300,,6,1,6,5,1
300,,7,1,6,6,0
300,,8,1,6,2,4
300,,9,1,6,2,4
300,,10,1,6,6,0
300,,11,1,6,4,2
300,,12,1,6,5,1
300,,13,1,6,4,2
300,,14,1,6,5,1
300,,15,1,6,5,1
300,,0,1,6,5,1
300,,1,1,6,4,2
300,,2,1,6,3,3
300,,3,1,6,6,0
300,,4,1,6,5,1
300,,5,1,6,5,1
300,,6,1,6,5,1
300,,7,1,6,5,1
300,,8,1,6,3,3
300,,9,1,6,6,0
300,,10,1,6,5,1
300,,11,1,6,3,3
300,,12,1,6,5,1
300,,13,1,6,1,5
300,,14,1,6,3,3
300,,15,1,6,5,1
300,,0,1,6,5,1
300,,1,1,6,5,1
300,,2,1,6,5,1
300,,3,1,6,5,1
300,,4,1,6,6,0
300,,5,1,6,6,0
300,,6,1,6,4,2
300,,7,1,6,5,1
300,,8,1,6,4,2
300,,9,1,6,5,1
300,,10,1,6,4,2
300,,11,1,6,3,3
300,,12,1,6,4,2
300,,13,1,6,3,3
300,,14,1,6,5,1
300,,15,1,6,6,0
300,,0,1,6,6,0
300,,1,1,6,3,3
300,,2,1,6,5,1
300,,3,1,6,6,0
300,,4,1,6,4,2
300,,5,1,6,4,2
300,,6,1,6,4,2
300,,7,1,6,4,2
300,,8,1,6,3,3
300,,9,1,6,4,2
300,,10,1,6,6,0
300,,11,1,6,6,0
300,,12,1,6,6,0
300,,13,1,6,1,5
300,,14,1,6,5,1
300,,15,1,6,3,3
300,,0,1,6,5,1
300,,1,1,6,3,3
300,,2,1,6,4,2
300,,3,1,6,5,1
300,,4,1,6,6,0
300,,5,1,6,4,2
300,,6,1,6,5,1
300,,7,1,6,4,2
300,,8,1,6,2,4
300,,9,1,6,2,4
300,,10,1,6,4,2
300,,11,1,6,5,1
300,,12,1,6,4,2
300,,13,1,6,4,2
300,,14,1,6,3,3
300,,15,1,6,5,1
300,,0,1,6,3,3
300,,1,1,6,4,2
300,,2,1,6,3,3
300,,3,1,6,5,1
300,,4,1,6,5,1
300,,5,1,6,5,1
300,,6,1,6,6,0
300,,7,1,6,5,1
300,,8,1,6,3,3
300,,9,1,6,5,1
300,,10,1,6,5,1
300,,11,1,6,4,2
300,,12,1,6,3,3
300,,13,1,6,2,4
300,,14,1,6,5,1
300,,15,1,6,4,2
300,,0,1,6,3,3
300,,1,1,6,6,0
300,,2,1,6,5,1
300,,3,1,6,5,1
300,,4,1,6,5,1
300,,5,1,6,5,1
300,,6,1,6,6,0
300,,7,1,6,6,0
300,,8,1,6,3,3
300,,9,1,6,5,1
300,,10,1,6,5,1
300,,11,1,6,6,0
300,,12,1,6,4,2
300,,13,1,6,1,5
300,,14,1,6,5,1
300,,15,1,6,5,1
300,,0,1,6,5,1
300,,1,1,6,5,1
300,,2,1,6,5,1
300,,3,1,6,6,0
300,,4,1,6,5,1
300,,5,1,6,4,2
300,,6,1,6,5,1
300,,7,1,6,3,3
300,,8,1,6,3,3
300,,9,1,6,5,1
300,,10,1,6,6,0
300,,11,1,6,6,0
300,,12,1,6,6,0
300,,13,1,6,0,6
300,,14,1,6,5,1
300,,15,1,6,6,0
300,,0,1,6,6,0
300,,1,1,6,4,2
300,,2,1,6,4,2
300,,3,1,6,4,2
300,,4,1,6,5,1
300,,5,1,6,5,1
300,,6,1,6,4,2
300,,7,1,6,4,2
300,,8,1,6,3,3
300,,9,1,6,5,1
300,,10,1,6,5,1
300,,11,1,6,4,2
300,,12,1,6,5,1
300,,13,1,6,3,3
300,,14,1,6,5,1
300,,15,1,6,5,1
300,,0,1,6,5,1
300,,1,1,6,4,2
300,,2,1,6,6,0
300,,3,1,6,6,0
300,,4,1,6,5,1
300,,5,1,6,5,1
300,,6,1,6,5,1
300,,7,1,6,4,2
300,,8,1,6,3,3
300,,9,1,6,6,0
300,,10,1,6,5,1
300,,11,1,6,5,1
300,,12,1,6,5,1
300,,13,1,6,2,4
300,,14,1,6,5,1
300,,15,1,6,5,1
300,,0,1,6,3,3
300,,1,1,6,4,2
300,,2,1,6,3,3
300,,3,1,6,5,1
300,,4,1,6,4,2
300,,5,1,6,5,1
300,,6,1,6,5,1
300,,7,1,6,4,2
300,,8,1,6,3,3
300,,9,1,6,5,1
300,,10,1,6,4,2
300,,11,1,6,5,1
300,,12,1,6,4,2
300,,13,1,6,3,3
300,,14,1,6,5,1
300,,15,1,6,4,2
300,,0,1,6,4,2
300,,1,1,6,5,1
300,,2,1,6,6,0
300,,3,1,6,6,0
300,,4,1,6,4,2
300,,5,1,6,6,0
300,,6,1,6,5,1
300,,7,1,6,5,1
300,,8,1,6,3,3
300,,9,1,6,5,1
300,,10,1,6,6,0
300,,11,1,6,5,1
300,,12,1,6,4,2
300,,13,1,6,3,3
300,,14,1,6,5,1
300,,15,1,6,4,2
300,,0,1,6,6,0
300,,1,1,6,6,0
300,,2,1,6,6,0
300,,3,1,6,2,4
300,,4,1,6,3,3
300,,5,1,6,5,1
300,,6,1,6,6,0
300,,7,1,6,5,1
300,,8,1,6,4,2
300,,9,1,6,5,1
300,,10,1,6,6,0
300,,11,1,6,2,4
300,,12,1,6,5,1
300,,13,1,6,1,5
300,,14,1,6,5,1
300,,15,1,6,4,2
300,,0,1,6,4,2
300,,1,1,6,6,0
300,,2,1,6,6,0
300,,3,1,6,5,1
300,,4,1,6,6,0
300,,5,1,6,5,1
300,,6,1,6,5,1
300,,7,1,6,4,2
300,,8,1,6,4,2
300,,9,1,6,6,0
300,,10,1,6,4,2
300,,11,1,6,3,3
300,,12,1,6,3,3
300,,13,1,6,2,4
300,,14,1,6,6,0
300,,15,1,6,5,1
300,,0,1,6,4,2
300,,1,1,6,5,1
300,,2,1,6,3,3
300,,3,1,6,5,1
300,,4,1,6,3,3
300,,5,1,6,5,1
300,,6,1,6,6,0
300,,7,1,6,5,1
300,,8,1,6,4,2
300,,9,1,6,3,3
300,,10,1,6,4,2
300,,11,1,6,5,1
300,,12,1,6,3,3
300,,13,1,6,2,4
300,,14,1,6,3,3
300,,15,1,6,2,4
300,,0,1,6,4,2
300,,1,1,6,5,1
300,,2,1,6,5,1
300,,3,1,6,6,0
300,,4,1,6,4,2
300,,5,1,6,4,2
300,,6,1,6,5,1
300,,7,1,6,6,0
300,,8,1,6,6,0
300,,9,1,6,4,2
300,,10,1,6,1,5
300,,11,1,6,4,2
300,,12,1,6,5,1
300,,13,1,6,4,2
300,,14,1,6,4,2
300,,15,1,6,6,0
300,,0,1,6,5,1
300,,1,1,6,2,4
300,,2,1,6,4,2
300,,3,1,6,5,1
300,,4,1,6,3,3
300,,5,1,6,5,1
300,,6,1,6,6,0
300,,7,1,6,1,5
300,,8,1,6,4,2
300,,9,1,6,4,2
300,,10,1,6,3,3
300,,11,1,6,3,3
300,,12,1,6,4,2
300,,13,1,6,3,3
300,,14,1,6,4,2
300,,15,1,6,5,1
300,,0,1,6,2,4
300,,1,1,6,4,2
300,,2,1,6,6,0
300,,3,1,6,5,1
300,,4,1,6,3,3
300,,5,1,6,5,1
300,,6,1,6,3,3
300,,7,1,6,5,1
300,,8,1,6,4,2
300,,9,1,6,6,0
300,,10,1,6,6,0
300,,11,1,6,3,3
300,,12,1,6,5,1
300,,13,1,6,3,3
300,,14,1,6,2,4
300,,15,1,6,5,1
300,,0,1,6,4,2
300,,1,1,6,6,0
300,,2,1,6,4,2
300,,3,1,6,5,1
300,,4,1,6,5,1
300,,5,1,6,3,3
300,,6,1,6,6,0
300,,7,1,6,6,0
300,,8,1,6,3,3
300,,9,1,6,5,1
300,,10,1,6,5,1
300,,11,1,6,5,1
300,,12,1,6,2,4
300,,13,1,6,2,4
300,,14,1,6,4,2
300,,15,1,6,3,3
300,,0,1,6,5,1
300,,1,1,6,2,4
300,,2,1,6,3,3
300,,3,1,6,3,3
300,,4,1,6,2,4
300,,5,1,6,4,2
300,,6,1,6,3,3
300,,7,1,6,2,4
300,,8,1,6,4,2
300,,9,1,6,5,1
300,,10,1,6,4,2
300,,11,1,6,2,4
300,,12,1,6,4,2
300,,13,1,6,1,5
300,,14,1,6,5,1
300,,15,1,6,5,1
300,,0,1,6,5,1
300,,1,1,6,3,3
300,,2,1,6,6,0
300,,3,1,6,4,2
300,,4,1,6,3,3
300,,5,1,6,2,4
300,,6,1,6,4,2
300,,7,1,6,5,1
300,,8,1,6,5,1
300,,9,1,6,6,0
300,,10,1,6,1,5
300,,11,1,6,3,3
300,,12,1,6,3,3
300,,13,1,6,1,5
300,,14,1,6,2,4
300,,15,1,6,3,3
300,,0,1,6,4,2
300,,1,1,6,5,1
300,,2,1,6,3,3
300,,3,1,6,2,4
300,,4,1,6,6,0
300,,5,1,6,4,2
300,,6,1,6,4,2
300,,7,1,6,2,4
300,,8,1,6,6,0
300,,9,1,6,4,2
300,,10,1,6,3,3
300,,11,1,6,4,2
300,,12,1,6,4,2
300,,13,1,6,1,5
300,,14,1,6,4,2
300,,15,1,6,4,2
300,,0,1,6,4,2
300,,1,1,6,4,2
300,,2,1,6,6,0
300,,3,1,6,3,3
300,,4,1,6,5,1
300,,5,1,6,4,2
300,,6,1,6,4,2
300,,7,1,6,1,5
300,,8,1,6,4,2
300,,9,1,6,6,0
300,,10,1,6,3,3
300,,11,1,6,3,3
300,,12,1,6,3,3
300,,13,1,6,3,3
300,,14,1,6,3,3
300,,15,1,6,6,0
300,,0,1,6,3,3
300,,1,1,6,2,4
300,,2,1,6,4,2
300,,3,1,6,5,1
300,,4,1,6,3,3
300,,5,1,6,4,2
300,,6,1,6,3,3
300,,7,1,6,6,0
300,,8,1,6,5,1
300,,9,1,6,6,0
300,,10,1,6,2,4
300,,11,1,6,3,3
300,,12,1,6,1,5
300,,13,1,6,1,5
300,,14,1,6,3,3
300,,15,1,6,5,1
300,,0,1,6,6,0
300,,1,1,6,3,3
300,,2,1,6,5,1
300,,3,1,6,5,1
300,,4,1,6,1,5
300,,5,1,6,4,2
300,,6,1,6,3,3
300,,7,1,6,5,1
300,,8,1,6,5,1
300,,9,1,6,5,1
300,,10,1,6,5,1
300,,11,1,6,4,2
300,,12,1,6,4,2
300,,13,1,6,1,5
300,,14,1,6,4,2
300,,15,1,6,6,0
300,,0,1,6,5,1
300,,1,1,6,3,3
300,,2,1,6,4,2
300,,3,1,6,4,2
300,,4,1,6,3,3
300,,5,1,6,1,5
300,,6,1,6,5,1
300,,7,1,6,3,3
300,,8,1,6,4,2
300,,9,1,6,5,1
300,,10,1,6,3,3
300,,11,1,6,2,4
300,,12,1,6,5,1
300,,13,1,6,0,6
300,,14,1,6,4,2
300,,15,1,6,3,3
300,,0,1,6,6,0
300,,1,1,6,6,0
300,,2,1,6,3,3
300,,3,1,6,3,3
300,,4,1,6,3,3
300,,5,1,6,5,1
300,,6,1,6,4,2
300,,7,1,6,0,6
300,,8,1,6,5,1
300,,9,1,6,4,2
300,,10,1,6,3,3
300,,11,1,6,1,5
300,,12,1,6,2,4
300,,13,1,6,0,6
300,,14,1,6,1,5
300,,15,1,6,3,3
300,,0,1,6,4,2
300,,1,1,6,2,4
300,,2,1,6,5,1
300,,3,1,6,0,6
300,,4,1,6,3,3
300,,5,1,6,4,2
300,,6,1,6,4,2
300,,7,1,6,4,2
300,,8,1,6,5,1
300,,9,1,6,4,2
300,,10,1,6,3,3
300,,11,1,6,3,3
300,,12,1,6,0,6
300,,13,1,6,3,3
300,,14,1,6,2,4
300,,15,1,6,6,0
350,,0,1,6,1,5
350,,1,1,6,0,6
350,,2,1,6,1,5
350,,3,1,6,1,5
350,,4,1,6,3,3
350,,5,1,6,1,5
350,,6,1,6,3,3
350,,7,1,6,1,5
350,,8,1,6,2,4
350,,9,1,6,0,6
350,,10,1,6,1,5
350,,11,1,6,2,4
350,,12,1,6,2,4
350,,13,1,6,1,5
350,,14,1,6,1,5
350,,15,1,6,0,6
350,,0,1,6,0,6
350,,1,1,6,5,1
350,,2,1,6,4,2
350,,3,1,6,1,5
350,,4,1,6,1,5
350,,5,1,6,4,2
350,,6,1,6,2,4
350,,7,1,6,6,0
350,,8,1,6,2,4
350,,9,1,6,5,1
350,,10,1,6,1,5
350,,11,1,6,0,6
350,,12,1,6,2,4
350,,13,1,6,1,5
350,,14,1,6,1,5
350,,15,1,6,1,5
350,,0,1,6,1,5
350,,1,1,6,1,5
350,,2,1,6,0,6
350,,3,1,6,4,2
350,,4,1,6,0,6
350,,5,1,6,3,3
350,,6,1,6,0,6
350,,7,1,6,2,4
350,,8,1,6,1,5
350,,9,1,6,5,1
350,,10,1,6,1,5
350,,11,1,6,3,3
350,,12,1,6,1,5
350,,13,1,6,3,3
350,,14,1,6,1,5
350,,15,1,6,6,0
350,,0,1,6,0,6
350,,1,1,6,3,3
350,,2,1,6,3,3
350,,3,1,6,5,1
350,,4,1,6,1,5
350,,5,1,6,6,0
350,,6,1,6,6,0
350,,7,1,6,3,3
350,,8,1,6,3,3
350,,9,1,6,0,6
350,,10,1,6,1,5
350,,11,1,6,1,5
350,,12,1,6,2,4
350,,13,1,6,3,3
350,,14,1,6,1,5
350,,15,1,6,3,3
350,,0,1,6,3,3
350,,1,1,6,5,1
350,,2,1,6,1,5
350,,3,1,6,2,4
350,,4,1,6,1,5
350,,5,1,6,5,1
350,,6,1,6,2,4
350,,7,1,6,1,5
350,,8,1,6,2,4
350,,9,1,6,2,4
350,,10,1,6,3,3
350,,11,1,6,2,4
350,,12,1,6,3,3
350,,13,1,6,3,3
350,,14,1,6,2,4
350,,15,1,6,5,1
350,,0,1,6,1,5
350,,1,1,6,5,1
350,,2,1,6,3,3
350,,3,1,6,3,3
350,,4,1,6,3,3
350,,5,1,6,5,1
350,,6,1,6,2,4
350,,7,1,6,2,4
350,,8,1,6,3,3
350,,9,1,6,1,5
350,,10,1,6,1,5
350,,11,1,6,1,5
350,,12,1,6,1,5
350,,13,1,6,1,5
350,,14,1,6,1,5
350,,15,1,6,4,2
350,,0,1,6,1,5
350,,1,1,6,4,2
350,,2,1,6,0,6
350,,3,1,6,2,4
350,,4,1,6,3,3
350,,5,1,6,3,3
350,,6,1,6,2,4
350,,7,1,6,1,5
350,,8,1,6,1,5
350,,9,1,6,2,4
350,,10,1,6,2,4
350,,11,1,6,3,3
350,,12,1,6,1,5
350,,13,1,6,2,4
350,,14,1,6,0,6
350,,15,1,6,4,2
350,,0,1,6,2,4
350,,1,1,6,6,0
350,,2,1,6,1,5
350,,3,1,6,2,4
350,,4,1,6,1,5
350,,5,1,6,5,1
350,,6,1,6,4,2
350,,7,1,6,2,4
350,,8,1,6,1,5
350,,9,1,6,2,4
350,,10,1,6,1,5
350,,11,1,6,1,5
350,,12,1,6,1,5
350,,13,1,6,1,5
350,,14,1,6,4,2
350,,15,1,6,5,1
350,,0,1,6,2,4
350,,1,1,6,4,2
350,,2,1,6,2,4
350,,3,1,6,4,2
350,,4,1,6,0,6
350,,5,1,6,4,2
350,,6,1,6,4,2
350,,7,1,6,3,3
350,,8,1,6,0,6
350,,9,1,6,1,5
350,,10,1,6,4,2
350,,11,1,6,2,4
350,,12,1,6,1,5
350,,13,1,6,1,5
350,,14,1,6,2,4
350,,15,1,6,5,1
350,,0,1,6,2,4
350,,1,1,6,4,2
350,,2,1,6,3,3
350,,3,1,6,3,3
350,,4,1,6,1,5
350,,5,1,6,2,4
350,,6,1,6,2,4
350,,7,1,6,1,5
350,,8,1,6,1,5
350,,9,1,6,1,5
350,,10,1,6,4,2
350,,11,1,6,1,5
350,,12,1,6,2,4
350,,13,1,6,2,4
350,,14,1,6,3,3
350,,15,1,6,6,0
350,,0,1,6,3,3
350,,1,1,6,4,2
350,,2,1,6,1,5
350,,3,1,6,3,3
350,,4,1,6,2,4
350,,5,1,6,6,0
350,,6,1,6,2,4
350,,7,1,6,3,3
350,,8,1,6,0,6
350,,9,1,6,1,5
350,,10,1,6,0,6
350,,11,1,6,4,2
350,,12,1,6,2,4
350,,13,1,6,4,2
350,,14,1,6,2,4
350,,15,1,6,1,5
350,,0,1,6,1,5
350,,1,1,6,5,1
350,,2,1,6,5,1
350,,3,1,6,2,4
350,,4,1,6,0,6
350,,5,1,6,5,1
350,,6,1,6,1,5
350,,7,1,6,2,4
350,,8,1,6,1,5
350,,9,1,6,4,2
350,,10,1,6,2,4
350,,11,1,6,0,6
350,,12,1,6,2,4
350,,13,1,6,1,5
350,,14,1,6,1,5
350,,15,1,6,5,1
350,,0,1,6,1,5
350,,1,1,6,6,0
350,,2,1,6,3,3
350,,3,1,6,2,4
350,,4,1,6,6,0
350,,5,1,6,5,1
350,,6,1,6,1,5
350,,7,1,6,1,5
350,,8,1,6,2,4
350,,9,1,6,1,5
350,,10,1,6,5,1
350,,11,1,6,1,5
350,,12,1,6,0,6
350,,13,1,6,1,5
350,,14,1,6,0,6
350,,15,1,6,5,1
350,,0,1,6,0,6
350,,1,1,6,6,0
350,,2,1,6,1,5
350,,3,1,6,2,4
350,,4,1,6,2,4
350,,5,1,6,4,2
350,,6,1,6,1,5
350,,7,1,6,4,2
350,,8,1,6,1,5
350,,9,1,6,6,0
350,,10,1,6,3,3
350,,11,1,6,1,5
350,,12,1,6,3,3
350,,13,1,6,1,5
350,,14,1,6,1,5
350,,15,1,6,5,1
350,,0,1,6,0,6
350,,1,1,6,4,2
350,,2,1,6,2,4
350,,3,1,6,3,3
350,,4,1,6,1,5
350,,5,1,6,6,0
350,,6,1,6,1,5
350,,7,1,6,2,4
350,,8,1,6,0,6
350,,9,1,6,3,3
350,,10,1,6,6,0
350,,11,1,6,1,5
350,,12,1,6,2,4
350,,13,1,6,5,1
350,,14,1,6,1,5
350,,15,1,6,4,2
350,,0,1,6,1,5
350,,1,1,6,4,2
350,,2,1,6,5,1
350,,3,1,6,1,5
350,,4,1,6,3,3
350,,5,1,6,5,1
350,,6,1,6,3,3
350,,7,1,6,2,4
350,,8,1,6,2,4
350,,9,1,6,2,4
350,,10,1,6,3,3
350,,11,1,6,0,6
350,,12,1,6,2,4
350,,13,1,6,3,3
350,,14,1,6,2,4
350,,15,1,6,4,2
350,,0,1,6,0,6
350,,1,1,6,4,2
350,,2,1,6,4,2
350,,3,1,6,6,0
350,,4,1,6,1,5
350,,5,1,6,5,1
350,,6,1,6,5,1
350,,7,1,6,4,2
350,,8,1,6,3,3
350,,9,1,6,4,2
350,,10,1,6,6,0
350,,11,1,6,1,5
350,,12,1,6,0,6
350,,13,1,6,2,4
350,,14,1,6,1,5
350,,15,1,6,6,0
350,,0,1,6,0,6
350,,1,1,6,5,1
350,,2,1,6,6,0
350,,3,1,6,2,4
350,,4,1,6,0,6
350,,5,1,6,5,1
350,,6,1,6,2,4
350,,7,1,6,4,2
350,,8,1,6,1,5
350,,9,1,6,3,3
350,,10,1,6,4,2
350,,11,1,6,0,6
350,,12,1,6,1,5
350,,13,1,6,1,5
350,,14,1,6,1,5
350,,15,1,6,5,1
350,,0,1,6,3,3
350,,1,1,6,3,3
350,,2,1,6,4,2
350,,3,1,6,0,6
350,,4,1,6,6,0
350,,5,1,6,5,1
350,,6,1,6,4,2
350,,7,1,6,5,1
350,,8,1,6,3,3
350,,9,1,6,2,4
350,,10,1,6,6,0
350,,11,1,6,5,1
350,,12,1,6,4,2
350,,13,1,6,2,4
350,,14,1,6,0,6
350,,15,1,6,5,1
350,,0,1,6,0,6
350,,1,1,6,5,1
350,,2,1,6,5,1
350,,3,1,6,5,1
350,,4,1,6,4,2
350,,5,1,6,5,1
350,,6,1,6,4,2
350,,7,1,6,3,3
350,,8,1,6,3,3
350,,9,1,6,3,3
350,,10,1,6,6,0
350,,11,1,6,0,6
350,,12,1,6,4,2
350,,13,1,6,3,3
350,,14,1,6,3,3
350,,15,1,6,6,0
350,,0,1,6,3,3
350,,1,1,6,6,0
350,,2,1,6,5,1
350,,3,1,6,3,3
350,,4,1,6,2,4
350,,5,1,6,4,2
350,,6,1,6,5,1
350,,7,1,6,2,4
350,,8,1,6,1,5
350,,9,1,6,3,3
350,,10,1,6,5,1
350,,11,1,6,3,3
350,,12,1,6,3,3
350,,13,1,6,2,4
350,,14,1,6,5,1
350,,15,1,6,5,1
350,,0,1,6,1,5
350,,1,1,6,4,2
350,,2,1,6,6,0
350,,3,1,6,1,5
350,,4,1,6,4,2
350,,5,1,6,4,2
350,,6,1,6,5,1
350,,7,1,6,2,4
350,,8,1,6,3,3
350,,9,1,6,6,0
350,,10,1,6,5,1
350,,11,1,6,1,5
350,,12,1,6,1,5
350,,13,1,6,3,3
350,,14,1,6,3,3
350,,15,1,6,4,2
350,,0,1,6,2,4
350,,1,1,6,4,2
350,,2,1,6,4,2
350,,3,1,6,4,2
350,,4,1,6,5,1
350,,5,1,6,4,2
350,,6,1,6,3,3
350,,7,1,6,3,3
350,,8,1,6,5,1
350,,9,1,6,2,4
350,,10,1,6,4,2
350,,11,1,6,1,5
350,,12,1,6,3,3
350,,13,1,6,4,2
350,,14,1,6,4,2
350,,15,1,6,6,0
350,,0,1,6,4,2
350,,1,1,6,5,1
350,,2,1,6,6,0
350,,3,1,6,4,2
350,,4,1,6,4,2
350,,5,1,6,5,1
350,,6,1,6,5,1
350,,7,1,6,6,0
350,,8,1,6,6,0
350,,9,1,6,6,0
350,,10,1,6,6,0
350,,11,1,6,6,0
350,,12,1,6,5,1
350,,13,1,6,6,0
350,,14,1,6,4,2
350,,15,1,6,5,1
350,,0,1,6,4,2
350,,1,1,6,6,0
350,,2,1,6,6,0
350,,3,1,6,3,3
350,,4,1,6,2,4
350,,5,1,6,6,0
350,,6,1,6,6,0
350,,7,1,6,5,1
350,,8,1,6,5,1
350,,9,1,6,5,1
350,,10,1,6,5,1
350,,11,1,6,2,4
350,,12,1,6,1,5
350,,13,1,6,4,2
350,,14,1,6,2,4
350,,15,1,6,5,1
350,,0,1,6,4,2
350,,1,1,6,6,0
350,,2,1,6,5,1
350,,3,1,6,3,3
350,,4,1,6,3,3
350,,5,1,6,5,1
350,,6,1,6,6,0
350,,7,1,6,3,3
350,,8,1,6,4,2
350,,9,1,6,3,3
350,,10,1,6,4,2
350,,11,1,6,5,1
350,,12,1,6,4,2
350,,13,1,6,3,3
350,,14,1,6,5,1
350,,15,1,6,5,1
350,,0,1,6,5,1
350,,1,1,6,5,1
350,,2,1,6,5,1
350,,3,1,6,3,3
350,,4,1,6,3,3
350,,5,1,6,6,0
350,,6,1,6,4,2
350,,7,1,6,6,0
350,,8,1,6,6,0
350,,9,1,6,5,1
350,,10,1,6,5,1
350,,11,1,6,6,0
350,,12,1,6,4,2
350,,13,1,6,3,3
350,,14,1,6,5,1
350,,15,1,6,5,1
350,,0,1,6,4,2
350,,1,1,6,5,1
350,,2,1,6,5,1
350,,3,1,6,1,5
350,,4,1,6,3,3
350,,5,1,6,6,0
350,,6,1,6,3,3
350,,7,1,6,4,2
350,,8,1,6,3,3
350,,9,1,6,4,2
350,,10,1,6,4,2
350,,11,1,6,5,1
350,,12,1,6,6,0
350,,13,1,6,5,1
350,,14,1,6,5,1
350,,15,1,6,6,0
350,,0,1,6,6,0
350,,1,1,6,3,3
350,,2,1,6,5,1
350,,3,1,6,6,0
350,,4,1,6,4,2
350,,5,1,6,5,1
350,,6,1,6,4,2
350,,7,1,6,5,1
350,,8,1,6,5,1
350,,9,1,6,4,2
350,,10,1,6,5,1
350,,11,1,6,5,1
350,,12,1,6,4,2
350,,13,1,6,5,1
350,,14,1,6,6,0
350,,15,1,6,5,1
350,,0,1,6,4,2
350,,1,1,6,5,1
350,,2,1,6,4,2
350,,3,1,6,3,3
350,,4,1,6,5,1
350,,5,1,6,5,1
350,,6,1,6,6,0
350,,7,1,6,3,3
350,,8,1,6,5,1
350,,9,1,6,6,0
350,,10,1,6,5,1
350,,11,1,6,4,2
350,,12,1,6,5,1
350,,13,1,6,5,1
350,,14,1,6,3,3
350,,15,1,6,4,2
350,,0,1,6,6,0
350,,1,1,6,6,0
350,,2,1,6,6,0
350,,3,1,6,3,3
350,,4,1,6,6,0
350,,5,1,6,6,0
350,,6,1,6,5,1
350,,7,1,6,1,5
350,,8,1,6,5,1
350,,9,1,6,4,2
350,,10,1,6,6,0
350,,11,1,6,5,1
350,,12,1,6,5,1
350,,13,1,6,5,1
350,,14,1,6,4,2
350,,15,1,6,6,0
350,,0,1,6,6,0
350,,1,1,6,6,0
350,,2,1,6,5,1
350,,3,1,6,1,5
350,,4,1,6,5,1
350,,5,1,6,3,3
350,,6,1,6,4,2
350,,7,1,6,3,3
350,,8,1,6,5,1
350,,9,1,6,5,1
350,,10,1,6,6,0
350,,11,1,6,5,1
350,,12,1,6,5,1
350,,13,1,6,6,0
350,,14,1,6,6,0
350,,15,1,6,5,1
350,,0,1,6,5,1
350,,1,1,6,2,4
350,,2,1,6,3,3
350,,3,1,6,5,1
350,,4,1,6,5,1
350,,5,1,6,4,2
350,,6,1,6,4,2
350,,7,1,6,3,3
350,,8,1,6,6,0
350,,9,1,6,5,1
350,,10,1,6,4,2
350,,11,1,6,6,0
350,,12,1,6,6,0
350,,13,1,6,5,1
350,,14,1,6,6,0
350,,15,1,6,6,0
350,,0,1,6,6,0
350,,1,1,6,4,2
350,,2,1,6,6,0
350,,3,1,6,6,0
350,,4,1,6,5,1
350,,5,1,6,4,2
350,,6,1,6,2,4
350,,7,1,6,5,1
350,,8,1,6,6,0
350,,9,1,6,3,3
350,,10,1,6,5,1
350,,11,1,6,6,0
350,,12,1,6,5,1
350,,13,1,6,5,1
350,,14,1,6,6,0
350,,15,1,6,5,1
350,,0,1,6,6,0
350,,1,1,6,5,1
350,,2,1,6,4,2
350,,3,1,6,2,4
350,,4,1,6,5,1
350,,5,1,6,4,2
350,,6,1,6,3,3
350,,7,1,6,5,1
350,,8,1,6,6,0
350,,9,1,6,4,2
350,,10,1,6,6,0
350,,11,1,6,6,0
350,,12,1,6,6,0
350,,13,1,6,5,1
350,,14,1,6,6,0
350,,15,1,6,5,1
350,,0,1,6,5,1
350,,1,1,6,6,0
350,,2,1,6,4,2
350,,3,1,6,5,1
350,,4,1,6,4,2
350,,5,1,6,6,0
350,,6,1,6,5,1
350,,7,1,6,4,2
350,,8,1,6,5,1
350,,9,1,6,5,1
350,,10,1,6,5,1
350,,11,1,6,5,1
350,,12,1,6,5,1
350,,13,1,6,6,0
350,,14,1,6,5,1
350,,15,1,6,5,1
350,,0,1,6,6,0
350,,1,1,6,3,3
350,,2,1,6,3,3
350,,3,1,6,3,3
350,,4,1,6,6,0
350,,5,1,6,6,0
350,,6,1,6,4,2
350,,7,1,6,4,2
350,,8,1,6,5,1
350,,9,1,6,5,1
350,,10,1,6,4,2
350,,11,1,6,6,0
350,,12,1,6,5,1
350,,13,1,6,5,1
350,,14,1,6,5,1
350,,15,1,6,5,1
350,,0,1,6,6,0
350,,1,1,6,3,3
350,,2,1,6,3,3
350,,3,1,6,5,1
350,,4,1,6,5,1
350,,5,1,6,5,1
350,,6,1,6,3,3
350,,7,1,6,4,2
350,,8,1,6,5,1
350,,9,1,6,6,0
350,,10,1,6,5,1
350,,11,1,6,6,0
350,,12,1,6,6,0
350,,13,1,6,4,2
350,,14,1,6,6,0
350,,15,1,6,2,4
350,,0,1,6,4,2
350,,1,1,6,3,3
350,,2,1,6,4,2
350,,3,1,6,4,2
350,,4,1,6,5,1
350,,5,1,6,5,1
350,,6,1,6,6,0
350,,7,1,6,4,2
350,,8,1,6,5,1
350,,9,1,6,4,2
350,,10,1,6,6,0
350,,11,1,6,6,0
350,,12,1,6,6,0
350,,13,1,6,6,0
350,,14,1,6,5,1
350,,15,1,6,5,1
350,,0,1,6,5,1
350,,1,1,6,6,0
350,,2,1,6,4,2
350,,3,1,6,3,3
350,,4,1,6,5,1
350,,5,1,6,6,0
350,,6,1,6,5,1
350,,7,1,6,2,4
350,,8,1,6,6,0
350,,9,1,6,4,2
350,,10,1,6,6,0
350,,11,1,6,4,2
350,,12,1,6,3,3
350,,13,1,6,6,0
350,,14,1,6,6,0
350,,15,1,6,6,0
350,,0,1,6,5,1
350,,1,1,6,4,2
350,,2,1,6,5,1
350,,3,1,6,3,3
350,,4,1,6,5,1
350,,5,1,6,5,1
350,,6,1,6,6,0
350,,7,1,6,2,4
350,,8,1,6,6,0
350,,9,1,6,5,1
350,,10,1,6,6,0
350,,11,1,6,6,0
350,,12,1,6,5,1
350,,13,1,6,6,0
350,,14,1,6,5,1
350,,15,1,6,6,0
350,,0,1,6,4,2
350,,1,1,6,5,1
350,,2,1,6,4,2
350,,3,1,6,3,3
350,,4,1,6,5,1
350,,5,1,6,6,0
350,,6,1,6,5,1
350,,7,1,6,6,0
350,,8,1,6,6,0
350,,9,1,6,4,2
350,,10,1,6,5,1
350,,11,1,6,6,0
350,,12,1,6,6,0
350,,13,1,6,5,1
350,,14,1,6,4,2
350,,15,1,6,4,2
350,,0,1,6,6,0
350,,1,1,6,5,1
350,,2,1,6,4,2
350,,3,1,6,2,4
350,,4,1,6,5,1
350,,5,1,6,6,0
350,,6,1,6,5,1
350,,7,1,6,2,4
350,,8,1,6,5,1
350,,9,1,6,5,1
350,,10,1,6,5,1
350,,11,1,6,5,1
350,,12,1,6,5,1
350,,13,1,6,6,0
350,,14,1,6,5,1
350,,15,1,6,6,0
350,,0,1,6,6,0
350,,1,1,6,5,1
350,,2,1,6,5,1
350,,3,1,6,4,2
350,,4,1,6,4,2
350,,5,1,6,4,2
350,,6,1,6,5,1
350,,7,1,6,4,2
350,,8,1,6,3,3
350,,9,1,6,4,2
350,,10,1,6,5,1
350,,11,1,6,3,3
350,,12,1,6,4,2
350,,13,1,6,4,2
350,,14,1,6,4,2
350,,15,1,6,6,0
350,,0,1,6,6,0
350,,1,1,6,6,0
350,,2,1,6,4,2
350,,3,1,6,6,0
350,,4,1,6,6,0
350,,5,1,6,6,0
350,,6,1,6,3,3
350,,7,1,6,5,1
350,,8,1,6,3,3
350,,9,1,6,6,0
350,,10,1,6,6,0
350,,11,1,6,6,0
350,,12,1,6,5,1
350,,13,1,6,4,2
350,,14,1,6,6,0
350,,15,1,6,5,1
350,,0,1,6,3,3
350,,1,1,6,5,1
350,,2,1,6,6,0
350,,3,1,6,3,3
350,,4,1,6,4,2
350,,5,1,6,5,1
350,,6,1,6,4,2
350,,7,1,6,3,3
350,,8,1,6,3,3
350,,9,1,6,3,3
350,,10,1,6,6,0
350,,11,1,6,4,2
350,,12,1,6,5,1
350,,13,1,6,4,2
350,,14,1,6,4,2
350,,15,1,6,5,1
350,,0,1,6,5,1
350,,1,1,6,4,2
350,,2,1,6,5,1
350,,3,1,6,5,1
350,,4,1,6,6,0
350,,5,1,6,5,1
350,,6,1,6,4,2
350,,7,1,6,4,2
350,,8,1,6,4,2
350,,9,1,6,4,2
350,,10,1,6,5,1
350,,11,1,6,5,1
350,,12,1,6,4,2
350,,13,1,6,5,1
350,,14,1,6,6,0
350,,15,1,6,6,0
350,,0,1,6,5,1
350,,1,1,6,5,1
350,,2,1,6,5,1
350,,3,1,6,5,1
350,,4,1,6,5,1
350,,5,1,6,5,1
350,,6,1,6,6,0
350,,7,1,6,1,5
350,,8,1,6,5,1
350,,9,1,6,2,4
350,,10,1,6,3,3
350,,11,1,6,5,1
350,,12,1,6,4,2
350,,13,1,6,4,2
350,,14,1,6,4,2
350,,15,1,6,4,2
350,,0,1,6,6,0
350,,1,1,6,4,2
350,,2,1,6,6,0
350,,3,1,6,5,1
350,,4,1,6,4,2
350,,5,1,6,6,0
350,,6,1,6,2,4
350,,7,1,6,2,4
350,,8,1,6,4,2
350,,9,1,6,2,4
350,,10,1,6,5,1
350,,11,1,6,6,0
350,,12,1,6,5,1
350,,13,1,6,5,1
350,,14,1,6,3,3
350,,15,1,6,5,1
350,,0,1,6,5,1
350,,1,1,6,5,1
350,,2,1,6,5,1
350,,3,1,6,1,5
350,,4,1,6,3,3
350,,5,1,6,3,3
350,,6,1,6,6,0
350,,7,1,6,1,5
350,,8,1,6,2,4
350,,9,1,6,5,1
350,,10,1,6,6,0
350,,11,1,6,6,0
350,,12,1,6,3,3
350,,13,1,6,5,1
350,,14,1,6,4,2
350,,15,1,6,5,1
350,,0,1,6,2,4
350,,1,1,6,3,3
350,,2,1,6,2,4
350,,3,1,6,5,1
350,,4,1,6,3,3
350,,5,1,6,4,2
350,,6,1,6,4,2
350,,7,1,6,3,3
350,,8,1,6,3,3
350,,9,1,6,3,3
350,,10,1,6,4,2
350,,11,1,6,3,3
350,,12,1,6,4,2
350,,13,1,6,5,1
350,,14,1,6,5,1
350,,15,1,6,4,2
350,,0,1,6,2,4
350,,1,1,6,5,1
350,,2,1,6,4,2
350,,3,1,6,4,2
350,,4,1,6,3,3
350,,5,1,6,4,2
350,,6,1,6,4,2
350,,7,1,6,4,2
350,,8,1,6,3,3
350,,9,1,6,5,1
350,,10,1,6,6,0
350,,11,1,6,6,0
350,,12,1,6,5,1
350,,13,1,6,3,3
350,,14,1,6,4,2
350,,15,1,6,4,2
350,,0,1,6,6,0
350,,1,1,6,4,2
350,,2,1,6,3,3
350,,3,1,6,3,3
350,,4,1,6,1,5
350,,5,1,6,1,5
350,,6,1,6,2,4
350,,7,1,6,2,4
350,,8,1,6,3,3
350,,9,1,6,2,4
350,,10,1,6,6,0
350,,11,1,6,4,2
350,,12,1,6,5,1
350,,13,1,6,0,6
350,,14,1,6,3,3
350,,15,1,6,1,5
350,,0,1,6,2,4
350,,1,1,6,5,1
350,,2,1,6,3,3
350,,3,1,6,4,2
350,,4,1,6,3,3
350,,5,1,6,5,1
350,,6,1,6,5,1
350,,7,1,6,1,5
350,,8,1,6,3,3
350,,9,1,6,5,1
350,,10,1,6,3,3
350,,11,1,6,6,0
350,,12,1,6,6,0
350,,13,1,6,2,4
350,,14,1,6,2,4
350,,15,1,6,6,0
350,,0,1,6,2,4
350,,1,1,6,3,3
350,,2,1,6,6,0
350,,3,1,6,4,2
350,,4,1,6,2,4
350,,5,1,6,4,2
350,,6,1,6,4,2
350,,7,1,6,1,5
350,,8,1,6,5,1
350,,9,1,6,3,3
350,,10,1,6,2,4
350,,11,1,6,3,3
350,,12,1,6,3,3
350,,13,1,6,6,0
350,,14,1,6,6,0
350,,15,1,6,3,3
350,,0,1,6,2,4
350,,1,1,6,6,0
350,,2,1,6,3,3
350,,3,1,6,5,1
350,,4,1,6,4,2
350,,5,1,6,3,3
350,,6,1,6,3,3
350,,7,1,6,0,6
350,,8,1,6,3,3
350,,9,1,6,3,3
350,,10,1,6,3,3
350,,11,1,6,3,3
350,,12,1,6,2,4
450,,5,1,6,0,6
450,,6,1,6,2,4
450,,7,1,6,0,6
450,,8,1,6,0,6
450,,9,1,6,0,6
450,,10,1,6,3,3
450,,11,1,6,0,6
450,,12,1,6,2,4
450,,13,1,6,0,6
450,,14,1,6,2,4
450,,15,1,6,3,3
450,,0,1,6,2,4
450,,1,1,6,4,2
450,,2,1,6,5,1
450,,3,1,6,2,4
450,,4,1,6,1,5
450,,5,1,6,1,5
450,,6,1,6,2,4
450,,7,1,6,2,4
450,,8,1,6,2,4
450,,9,1,6,2,4
450,,10,1,6,3,3
450,,11,1,6,2,4
450,,12,1,6,0,6
450,,13,1,6,3,3
450,,14,1,6,0,6
450,,15,1,6,2,4
450,,0,1,6,2,4
450,,1,1,6,3,3
450,,2,1,6,5,1
450,,3,1,6,2,4
450,,4,1,6,5,1
450,,5,1,6,1,5
450,,6,1,6,1,5
450,,7,1,6,5,1
450,,8,1,6,5,1
450,,9,1,6,2,4
450,,10,1,6,3,3
450,,11,1,6,5,1
450,,12,1,6,2,4
450,,13,1,6,4,2
450,,14,1,6,1,5
450,,15,1,6,5,1
450,,0,1,6,3,3
450,,1,1,6,5,1
450,,2,1,6,2,4
450,,3,1,6,5,1
450,,4,1,6,5,1
450,,5,1,6,5,1
450,,6,1,6,1,5
450,,7,1,6,1,5
450,,8,1,6,3,3
450,,9,1,6,4,2
450,,10,1,6,0,6
450,,11,1,6,5,1
450,,12,1,6,4,2
450,,13,1,6,4,2
450,,14,1,6,2,4
450,,15,1,6,4,2
450,,0,1,6,2,4
450,,1,1,6,4,2
450,,2,1,6,3,3
450,,3,1,6,2,4
450,,4,1,6,6,0
450,,5,1,6,0,6
450,,6,1,6,3,3
450,,7,1,6,1,5
450,,8,1,6,5,1
450,,9,1,6,4,2
450,,10,1,6,2,4
450,,11,1,6,3,3
450,,12,1,6,3,3
450,,13,1,6,5,1
450,,14,1,6,1,5
450,,15,1,6,4,2
450,,0,1,6,0,6
450,,1,1,6,2,4
450,,2,1,6,5,1
450,,3,1,6,0,6
450,,4,1,6,2,4
450,,5,1,6,3,3
450,,6,1,6,2,4
450,,7,1,6,4,2
450,,8,1,6,2,4
450,,9,1,6,4,2
450,,10,1,6,3,3
450,,11,1,6,4,2
450,,12,1,6,4,2
450,,13,1,6,4,2
450,,14,1,6,2,4
450,,15,1,6,4,2
450,,0,1,6,0,6
450,,1,1,6,3,3
450,,2,1,6,3,3
450,,3,1,6,0,6
450,,4,1,6,4,2
450,,5,1,6,2,4
450,,6,1,6,0,6
450,,7,1,6,6,0
450,,8,1,6,3,3
450,,9,1,6,2,4
450,,10,1,6,1,5
450,,11,1,6,2,4
450,,12,1,6,3,3
450,,13,1,6,4,2
450,,14,1,6,2,4
450,,15,1,6,3,3
450,,0,1,6,1,5
450,,1,1,6,1,5
450,,2,1,6,5,1
450,,3,1,6,0,6
450,,4,1,6,5,1
450,,5,1,6,0,6
450,,6,1,6,1,5
450,,7,1,6,4,2
450,,8,1,6,1,5
450,,9,1,6,5,1
450,,10,1,6,0,6
450,,11,1,6,4,2
450,,12,1,6,1,5
450,,13,1,6,1,5
450,,14,1,6,4,2
450,,15,1,6,3,3
450,,0,1,6,0,6
450,,1,1,6,2,4
450,,2,1,6,2,4
450,,3,1,6,2,4
450,,4,1,6,3,3
450,,5,1,6,3,3
450,,6,1,6,1,5
450,,7,1,6,0,6
450,,8,1,6,1,5
450,,9,1,6,5,1
450,,10,1,6,0,6
450,,11,1,6,4,2
450,,12,1,6,3,3
450,,13,1,6,4,2
450,,14,1,6,1,5
450,,15,1,6,3,3
450,,0,1,6,5,1
450,,1,1,6,4,2
450,,2,1,6,2,4
450,,3,1,6,2,4
450,,4,1,6,5,1
450,,5,1,6,3,3
450,,6,1,6,2,4
450,,7,1,6,4,2
450,,8,1,6,3,3
450,,9,1,6,4,2
450,,10,1,6,2,4
450,,11,1,6,2,4
450,,12,1,6,1,5
450,,13,1,6,3,3
450,,14,1,6,2,4
450,,15,1,6,4,2
450,,0,1,6,0,6
450,,1,1,6,2,4
450,,2,1,6,3,3
450,,3,1,6,0,6
450,,4,1,6,5,1
450,,5,1,6,2,4
450,,6,1,6,1,5
450,,7,1,6,3,3
450,,8,1,6,2,4
450,,9,1,6,6,0
450,,10,1,6,0,6
450,,11,1,6,5,1
450,,12,1,6,4,2
450,,13,1,6,1,5
450,,14,1,6,4,2
450,,15,1,6,3,3
450,,0,1,6,6,0
450,,1,1,6,1,5
450,,2,1,6,3,3
450,,3,1,6,1,5
450,,4,1,6,5,1
450,,5,1,6,3,3
450,,6,1,6,2,4
450,,7,1,6,4,2
450,,8,1,6,1,5
450,,9,1,6,5,1
450,,10,1,6,2,4
450,,11,1,6,2,4
450,,12,1,6,3,3
450,,13,1,6,1,5
450,,14,1,6,5,1
450,,15,1,6,2,4
450,,0,1,6,2,4
450,,1,1,6,3,3
450,,2,1,6,3,3
450,,3,1,6,0,6
450,,4,1,6,5,1
450,,5,1,6,4,2
450,,6,1,6,3,3
450,,7,1,6,5,1
450,,8,1,6,1,5
450,,9,1,6,6,0
450,,10,1,6,1,5
450,,11,1,6,2,4
450,,12,1,6,4,2
450,,13,1,6,4,2
450,,14,1,6,5,1
450,,15,1,6,3,3
450,,0,1,6,3,3
450,,1,1,6,1,5
450,,2,1,6,5,1
450,,3,1,6,2,4
450,,4,1,6,5,1
450,,5,1,6,2,4
450,,6,1,6,2,4
450,,7,1,6,4,2
450,,8,1,6,0,6
450,,9,1,6,2,4
450,,10,1,6,2,4
450,,11,1,6,4,2
450,,12,1,6,1,5
450,,13,1,6,1,5
450,,14,1,6,2,4
450,,15,1,6,3,3
450,,0,1,6,3,3
450,,1,1,6,5,1
450,,2,1,6,2,4
450,,3,1,6,1,5
450,,4,1,6,5,1
450,,5,1,6,2,4
450,,6,1,6,3,3
450,,7,1,6,5,1
450,,8,1,6,1,5
450,,9,1,6,5,1
450,,10,1,6,3,3
450,,11,1,6,3,3
450,,12,1,6,0,6
450,,13,1,6,6,0
450,,14,1,6,1,5
450,,15,1,6,5,1
450,,0,1,6,1,5
450,,1,1,6,2,4
450,,2,1,6,4,2
450,,3,1,6,0,6
450,,4,1,6,5,1
450,,5,1,6,2,4
450,,6,1,6,5,1
450,,7,1,6,3,3
450,,8,1,6,3,3
450,,9,1,6,6,0
450,,10,1,6,4,2
450,,11,1,6,3,3
450,,12,1,6,3,3
450,,13,1,6,3,3
450,,14,1,6,3,3
450,,15,1,6,4,2
450,,0,1,6,0,6
450,,1,1,6,3,3
450,,2,1,6,3,3
450,,3,1,6,3,3
450,,4,1,6,5,1
450,,5,1,6,2,4
450,,6,1,6,4,2
450,,7,1,6,6,0
450,,8,1,6,3,3
450,,9,1,6,5,1
450,,10,1,6,2,4
450,,11,1,6,5,1
450,,12,1,6,2,4
450,,13,1,6,3,3
450,,14,1,6,3,3
450,,15,1,6,6,0
450,,0,1,6,2,4
450,,1,1,6,4,2
450,,2,1,6,4,2
450,,3,1,6,2,4
450,,4,1,6,5,1
450,,5,1,6,1,5
450,,6,1,6,4,2
450,,7,1,6,5,1
450,,8,1,6,0,6
450,,9,1,6,5,1
450,,10,1,6,3,3
450,,11,1,6,6,0
450,,12,1,6,1,5
450,,13,1,6,4,2
450,,14,1,6,1,5
450,,15,1,6,2,4
450,,0,1,6,3,3
450,,1,1,6,4,2
450,,2,1,6,3,3
450,,3,1,6,1,5
450,,4,1,6,5,1
450,,5,1,6,2,4
450,,6,1,6,4,2
450,,7,1,6,3,3
450,,8,1,6,3,3
450,,9,1,6,6,0
450,,10,1,6,1,5
450,,11,1,6,4,2
450,,12,1,6,6,0
450,,13,1,6,6,0
450,,14,1,6,3,3
450,,15,1,6,3,3
450,,0,1,6,3,3
450,,1,1,6,6,0
450,,2,1,6,6,0
450,,3,1,6,3,3
450,,4,1,6,5,1
450,,5,1,6,1,5
450,,6,1,6,4,2
450,,7,1,6,3,3
450,,8,1,6,2,4
450,,9,1,6,5,1
450,,10,1,6,3,3
450,,11,1,6,5,1
450,,12,1,6,3,3
450,,13,1,6,4,2
450,,14,1,6,5,1
450,,15,1,6,6,0
450,,0,1,6,6,0
450,,1,1,6,5,1
450,,2,1,6,2,4
450,,3,1,6,3,3
450,,4,1,6,5,1
450,,5,1,6,4,2
450,,6,1,6,2,4
450,,7,1,6,5,1
450,,8,1,6,3,3
450,,9,1,6,4,2
450,,10,1,6,2,4
450,,11,1,6,3,3
450,,12,1,6,3,3
450,,13,1,6,4,2
450,,14,1,6,1,5
450,,15,1,6,5,1
450,,0,1,6,4,2
450,,1,1,6,5,1
450,,2,1,6,5,1
450,,3,1,6,1,5
450,,4,1,6,4,2
450,,5,1,6,3,3
450,,6,1,6,4,2
450,,7,1,6,5,1
450,,8,1,6,6,0
450,,9,1,6,6,0
450,,10,1,6,4,2
450,,11,1,6,2,4
450,,12,1,6,5,1
450,,13,1,6,4,2
450,,14,1,6,5,1
450,,15,1,6,5,1
450,,0,1,6,3,3
450,,1,1,6,6,0
450,,2,1,6,6,0
450,,3,1,6,2,4
450,,4,1,6,5,1
450,,5,1,6,3,3
450,,6,1,6,3,3
450,,7,1,6,5,1
450,,8,1,6,2,4
450,,9,1,6,6,0
450,,10,1,6,4,2
450,,11,1,6,5,1
450,,12,1,6,6,0
450,,13,1,6,5,1
450,,14,1,6,5,1
450,,15,1,6,6,0
450,,0,1,6,3,3
450,,1,1,6,2,4
450,,2,1,6,5,1
450,,3,1,6,2,4
450,,4,1,6,6,0
450,,5,1,6,5,1
450,,6,1,6,5,1
450,,7,1,6,4,2
450,,8,1,6,3,3
450,,9,1,6,6,0
450,,10,1,6,3,3
450,,11,1,6,6,0
450,,12,1,6,5,1
450,,13,1,6,6,0
450,,14,1,6,5,1
450,,15,1,6,4,2
450,,0,1,6,6,0
450,,1,1,6,3,3
450,,2,1,6,5,1
450,,3,1,6,3,3
450,,4,1,6,6,0
450,,5,1,6,4,2
450,,6,1,6,6,0
450,,7,1,6,3,3
450,,8,1,6,5,1
450,,9,1,6,6,0
450,,10,1,6,1,5
450,,11,1,6,4,2
450,,12,1,6,4,2
450,,13,1,6,5,1
450,,14,1,6,6,0
450,,15,1,6,3,3
450,,0,1,6,5,1
450,,1,1,6,5,1
450,,2,1,6,6,0
450,,3,1,6,1,5
450,,4,1,6,6,0
450,,5,1,6,5,1
450,,6,1,6,6,0
450,,7,1,6,4,2
450,,8,1,6,5,1
450,,9,1,6,5,1
450,,10,1,6,1,5
450,,11,1,6,6,0
450,,12,1,6,6,0
450,,13,1,6,5,1
450,,14,1,6,6,0
450,,15,1,6,4,2
450,,0,1,6,3,3
450,,1,1,6,5,1
450,,2,1,6,3,3
450,,3,1,6,4,2
450,,4,1,6,3,3
450,,5,1,6,3,3
450,,6,1,6,6,0
450,,7,1,6,4,2
450,,8,1,6,5,1
450,,9,1,6,5,1
450,,10,1,6,2,4
450,,11,1,6,5,1
450,,12,1,6,5,1
450,,13,1,6,5,1
450,,14,1,6,5,1
450,,15,1,6,4,2
450,,0,1,6,2,4
450,,1,1,6,4,2
450,,2,1,6,6,0
450,,3,1,6,2,4
450,,4,1,6,4,2
450,,5,1,6,6,0
450,,6,1,6,5,1
450,,7,1,6,5,1
450,,8,1,6,3,3
450,,9,1,6,3,3
450,,10,1,6,1,5
450,,11,1,6,5,1
450,,12,1,6,6,0
450,,13,1,6,6,0
450,,14,1,6,3,3
450,,15,1,6,6,0
450,,0,1,6,3,3
450,,1,1,6,6,0
450,,2,1,6,3,3
450,,3,1,6,6,0
450,,4,1,6,3,3
450,,5,1,6,5,1
450,,6,1,6,6,0
450,,7,1,6,5,1
450,,8,1,6,1,5
450,,9,1,6,6,0
450,,10,1,6,4,2
450,,11,1,6,3,3
450,,12,1,6,4,2
450,,13,1,6,5,1
450,,14,1,6,6,0
450,,15,1,6,4,2
450,,0,1,6,2,4
450,,1,1,6,5,1
450,,2,1,6,5,1
450,,3,1,6,4,2
450,,4,1,6,4,2
450,,5,1,6,4,2
450,,6,1,6,4,2
450,,7,1,6,5,1
450,,8,1,6,5,1
450,,9,1,6,4,2
450,,10,1,6,4,2
450,,11,1,6,5,1
450,,12,1,6,6,0
450,,13,1,6,5,1
450,,14,1,6,5,1
450,,15,1,6,6,0
450,,0,1,6,1,5
450,,1,1,6,5,1
450,,2,1,6,3,3
450,,3,1,6,5,1
450,,4,1,6,5,1
450,,5,1,6,4,2
450,,6,1,6,5,1
450,,7,1,6,3,3
450,,8,1,6,4,2
450,,9,1,6,4,2
450,,10,1,6,4,2
450,,11,1,6,3,3
450,,12,1,6,5,1
450,,13,1,6,5,1
450,,14,1,6,5,1
450,,15,1,6,6,0
450,,0,1,6,6,0
450,,1,1,6,4,2
450,,2,1,6,3,3
450,,3,1,6,6,0
450,,4,1,6,4,2
450,,5,1,6,4,2
450,,6,1,6,3,3
450,,7,1,6,5,1
450,,8,1,6,3,3
350,,13,1,6,4,2
350,,14,1,6,3,3
350,,15,1,6,4,2
350,,0,1,6,6,0
350,,1,1,6,4,2
350,,2,1,6,2,4
350,,3,1,6,2,4
350,,4,1,6,3,3
350,,5,1,6,4,2
350,,6,1,6,1,5
350,,7,1,6,1,5
350,,8,1,6,2,4
350,,9,1,6,1,5
350,,10,1,6,5,1
350,,11,1,6,3,3
350,,12,1,6,5,1
350,,13,1,6,5,1
350,,14,1,6,1,5
350,,15,1,6,4,2
350,,0,1,6,5,1
350,,1,1,6,3,3
350,,2,1,6,5,1
350,,3,1,6,4,2
350,,4,1,6,3,3
350,,5,1,6,3,3
350,,6,1,6,3,3
350,,7,1,6,1,5
350,,8,1,6,4,2
350,,9,1,6,1,5
350,,10,1,6,2,4
350,,11,1,6,6,0
350,,12,1,6,6,0
350,,13,1,6,5,1
350,,14,1,6,4,2
350,,15,1,6,5,1
350,,0,1,6,3,3
350,,1,1,6,6,0
350,,2,1,6,5,1
350,,3,1,6,2,4
350,,4,1,6,0,6
350,,5,1,6,5,1
350,,6,1,6,2,4
350,,7,1,6,1,5
350,,8,1,6,2,4
350,,9,1,6,1,5
350,,10,1,6,5,1
350,,11,1,6,3,3
350,,12,1,6,2,4
350,,13,1,6,3,3
350,,14,1,6,3,3
350,,15,1,6,5,1
400,,0,1,6,2,4
400,,1,1,6,0,6
400,,2,1,6,2,4
400,,3,1,6,2,4
400,,4,1,6,3,3
400,,5,1,6,0,6
400,,6,1,6,2,4
400,,7,1,6,1,5
400,,8,1,6,0,6
400,,9,1,6,4,2
400,,10,1,6,3,3
400,,11,1,6,0,6
400,,12,1,6,0,6
400,,13,1,6,1,5
400,,14,1,6,0,6
400,,15,1,6,1,5
400,,0,1,6,4,2
400,,1,1,6,0,6
400,,2,1,6,3,3
400,,3,1,6,2,4
400,,4,1,6,2,4
400,,5,1,6,0,6
400,,6,1,6,2,4
400,,7,1,6,1,5
400,,8,1,6,0,6
400,,9,1,6,2,4
400,,10,1,6,0,6
400,,11,1,6,0,6
400,,12,1,6,2,4
400,,13,1,6,3,3
400,,14,1,6,2,4
400,,15,1,6,6,0
400,,0,1,6,2,4
400,,1,1,6,0,6
400,,2,1,6,5,1
400,,3,1,6,5,1
400,,4,1,6,3,3
400,,5,1,6,0,6
400,,6,1,6,4,2
400,,7,1,6,0,6
400,,8,1,6,3,3
400,,9,1,6,3,3
400,,10,1,6,2,4
400,,11,1,6,0,6
400,,12,1,6,1,5
400,,13,1,6,2,4
400,,14,1,6,4,2
400,,15,1,6,0,6
400,,0,1,6,3,3
400,,1,1,6,0,6
400,,2,1,6,1,5
400,,3,1,6,5,1
400,,4,1,6,1,5
400,,5,1,6,1,5
400,,6,1,6,3,3
400,,7,1,6,1,5
400,,8,1,6,1,5
400,,9,1,6,3,3
400,,10,1,6,0,6
400,,11,1,6,3,3
400,,12,1,6,1,5
400,,13,1,6,1,5
400,,14,1,6,6,0
400,,15,1,6,4,2
400,,0,1,6,2,4
400,,1,1,6,0,6
400,,2,1,6,1,5
400,,3,1,6,5,1
400,,4,1,6,3,3
400,,5,1,6,1,5
400,,6,1,6,6,0
400,,7,1,6,2,4
400,,8,1,6,4,2
400,,9,1,6,3,3
400,,10,1,6,1,5
400,,11,1,6,3,3
400,,12,1,6,1,5
400,,13,1,6,2,4
400,,14,1,6,3,3
400,,15,1,6,0,6
400,,0,1,6,3,3
400,,1,1,6,2,4
400,,2,1,6,4,2
400,,3,1,6,5,1
400,,4,1,6,4,2
400,,5,1,6,0,6
400,,6,1,6,5,1
400,,7,1,6,2,4
400,,8,1,6,0,6
400,,9,1,6,2,4
400,,10,1,6,1,5
400,,11,1,6,1,5
400,,12,1,6,1,5
400,,13,1,6,1,5
400,,14,1,6,5,1
400,,15,1,6,4,2
400,,0,1,6,6,0
400,,1,1,6,3,3
400,,2,1,6,2,4
400,,3,1,6,2,4
400,,4,1,6,4,2
400,,5,1,6,3,3
400,,6,1,6,4,2
400,,7,1,6,5,1
400,,8,1,6,0,6
400,,9,1,6,5,1
400,,10,1,6,2,4
400,,11,1,6,4,2
400,,12,1,6,3,3
400,,13,1,6,3,3
400,,14,1,6,6,0
400,,15,1,6,3,3
400,,0,1,6,5,1
400,,1,1,6,2,4
400,,2,1,6,0,6
400,,3,1,6,3,3
400,,4,1,6,4,2
400,,5,1,6,1,5
400,,6,1,6,3,3
400,,7,1,6,0,6
400,,8,1,6,2,4
400,,9,1,6,3,3
400,,10,1,6,1,5
400,,11,1,6,0,6
400,,12,1,6,0,6
400,,13,1,6,2,4
400,,14,1,6,6,0
400,,15,1,6,0,6
400,,0,1,6,4,2
400,,1,1,6,1,5
400,,2,1,6,2,4
400,,3,1,6,4,2
400,,4,1,6,2,4
400,,5,1,6,1,5
400,,6,1,6,3,3
400,,7,1,6,1,5
400,,8,1,6,1,5
400,,9,1,6,2,4
400,,10,1,6,1,5
400,,11,1,6,3,3
400,,12,1,6,3,3
400,,13,1,6,2,4
400,,14,1,6,3,3
400,,15,1,6,4,2
400,,0,1,6,3,3
400,,1,1,6,2,4
400,,2,1,6,3,3
400,,3,1,6,1,5
400,,4,1,6,5,1
400,,5,1,6,2,4
400,,6,1,6,2,4
400,,7,1,6,2,4
400,,8,1,6,3,3
400,,9,1,6,2,4
400,,10,1,6,5,1
400,,11,1,6,1,5
400,,12,1,6,1,5
400,,13,1,6,5,1
400,,14,1,6,5,1
400,,15,1,6,1,5
400,,0,1,6,2,4
400,,1,1,6,1,5
400,,2,1,6,5,1
400,,3,1,6,4,2
400,,4,1,6,5,1
400,,5,1,6,2,4
400,,6,1,6,5,1
400,,7,1,6,2,4
400,,8,1,6,1,5
400,,9,1,6,3,3
400,,10,1,6,6,0
400,,11,1,6,2,4
400,,12,1,6,1,5
400,,13,1,6,4,2
400,,14,1,6,5,1
400,,15,1,6,2,4
400,,0,1,6,2,4
400,,1,1,6,1,5
400,,2,1,6,3,3
400,,3,1,6,3,3
400,,4,1,6,4,2
400,,5,1,6,1,5
400,,6,1,6,6,0
400,,7,1,6,1,5
400,,8,1,6,3,3
400,,9,1,6,0,6
400,,10,1,6,3,3
400,,11,1,6,3,3
400,,12,1,6,1,5
400,,13,1,6,2,4
400,,14,1,6,3,3
400,,15,1,6,2,4
400,,0,1,6,5,1
400,,1,1,6,2,4
400,,2,1,6,1,5
400,,3,1,6,3,3
400,,4,1,6,5,1
400,,5,1,6,5,1
400,,6,1,6,2,4
400,,7,1,6,1,5
400,,8,1,6,2,4
400,,9,1,6,4,2
400,,10,1,6,1,5
400,,11,1,6,2,4
400,,12,1,6,0,6
400,,13,1,6,1,5
400,,14,1,6,3,3
400,,15,1,6,3,3
400,,0,1,6,2,4
400,,1,1,6,0,6
400,,2,1,6,2,4
400,,3,1,6,1,5
400,,4,1,6,1,5
400,,5,1,6,2,4
400,,6,1,6,1,5
400,,7,1,6,0,6
400,,8,1,6,0,6
400,,9,1,6,3,3
400,,10,1,6,0,6
400,,11,1,6,1,5
400,,12,1,6,1,5
400,,13,1,6,2,4
400,,14,1,6,3,3
400,,15,1,6,0,6
400,,0,1,6,3,3
400,,1,1,6,2,4
400,,2,1,6,5,1
400,,3,1,6,5,1
400,,4,1,6,5,1
400,,5,1,6,2,4
400,,6,1,6,5,1
400,,7,1,6,5,1
400,,8,1,6,2,4
400,,9,1,6,3,3
400,,10,1,6,5,1
400,,11,1,6,1,5
400,,12,1,6,3,3
400,,13,1,6,2,4
400,,14,1,6,5,1
400,,15,1,6,0,6
400,,0,1,6,4,2
400,,1,1,6,1,5
400,,2,1,6,5,1
400,,3,1,6,3,3
400,,4,1,6,4,2
400,,5,1,6,2,4
400,,6,1,6,4,2
400,,7,1,6,3,3
400,,8,1,6,4,2
400,,9,1,6,4,2
400,,10,1,6,1,5
400,,11,1,6,2,4
400,,12,1,6,6,0
400,,13,1,6,2,4
400,,14,1,6,4,2
400,,15,1,6,3,3
400,,0,1,6,2,4
400,,1,1,6,3,3
400,,2,1,6,4,2
400,,3,1,6,1,5
400,,4,1,6,4,2
400,,5,1,6,2,4
400,,6,1,6,5,1
400,,7,1,6,5,1
400,,8,1,6,1,5
400,,9,1,6,3,3
400,,10,1,6,1,5
400,,11,1,6,1,5
400,,12,1,6,1,5
400,,13,1,6,4,2
400,,14,1,6,6,0
400,,15,1,6,4,2
400,,0,1,6,2,4
400,,1,1,6,1,5
400,,2,1,6,5,1
400,,3,1,6,2,4
400,,4,1,6,4,2
400,,5,1,6,2,4
400,,6,1,6,2,4
400,,7,1,6,2,4
400,,8,1,6,1,5
400,,9,1,6,0,6
400,,10,1,6,2,4
400,,11,1,6,4,2
400,,12,1,6,5,1
400,,13,1,6,3,3
400,,14,1,6,5,1
400,,15,1,6,3,3
400,,0,1,6,4,2
400,,1,1,6,2,4
400,,2,1,6,4,2
400,,3,1,6,3,3
400,,4,1,6,6,0
400,,5,1,6,4,2
400,,6,1,6,4,2
400,,7,1,6,2,4
400,,8,1,6,2,4
400,,9,1,6,3,3
400,,10,1,6,4,2
400,,11,1,6,1,5
400,,12,1,6,4,2
400,,13,1,6,3,3
400,,14,1,6,6,0
400,,15,1,6,4,2
400,,0,1,6,6,0
400,,1,1,6,5,1
400,,2,1,6,5,1
400,,3,1,6,1,5
400,,4,1,6,6,0
400,,5,1,6,3,3
400,,6,1,6,4,2
400,,7,1,6,3,3
400,,8,1,6,1,5
400,,9,1,6,6,0
400,,10,1,6,1,5
400,,11,1,6,1,5
400,,12,1,6,4,2
400,,13,1,6,5,1
400,,14,1,6,4,2
400,,15,1,6,3,3
400,,0,1,6,5,1
400,,1,1,6,1,5
400,,2,1,6,4,2
400,,3,1,6,3,3
400,,4,1,6,5,1
400,,5,1,6,2,4
400,,6,1,6,4,2
400,,7,1,6,5,1
400,,8,1,6,2,4
400,,9,1,6,5,1
400,,10,1,6,5,1
400,,11,1,6,1,5
400,,12,1,6,4,2
400,,13,1,6,3,3
400,,14,1,6,1,5
400,,15,1,6,5,1
400,,0,1,6,2,4
400,,1,1,6,1,5
400,,2,1,6,5,1
400,,3,1,6,3,3
400,,4,1,6,4,2
400,,5,1,6,4,2
400,,6,1,6,3,3
400,,7,1,6,6,0
400,,8,1,6,2,4
400,,9,1,6,5,1
400,,10,1,6,3,3
400,,11,1,6,2,4
400,,12,1,6,5,1
400,,13,1,6,4,2
400,,14,1,6,2,4
400,,15,1,6,3,3
400,,0,1,6,4,2
400,,1,1,6,4,2
400,,2,1,6,4,2
400,,3,1,6,4,2
400,,4,1,6,4,2
400,,5,1,6,4,2
400,,6,1,6,6,0
400,,7,1,6,6,0
400,,8,1,6,2,4
400,,9,1,6,5,1
400,,10,1,6,5,1
400,,11,1,6,3,3
400,,12,1,6,6,0
400,,13,1,6,4,2
400,,14,1,6,3,3
400,,15,1,6,5,1
400,,0,1,6,6,0
400,,1,1,6,3,3
400,,2,1,6,5,1
400,,3,1,6,2,4
400,,4,1,6,5,1
400,,5,1,6,5,1
400,,6,1,6,6,0
400,,7,1,6,6,0
400,,8,1,6,6,0
400,,9,1,6,5,1
400,,10,1,6,2,4
400,,11,1,6,5,1
400,,12,1,6,6,0
400,,13,1,6,5,1
400,,14,1,6,3,3
400,,15,1,6,3,3
400,,0,1,6,4,2
400,,1,1,6,5,1
400,,2,1,6,5,1
400,,3,1,6,6,0
400,,4,1,6,5,1
400,,5,1,6,6,0
400,,6,1,6,2,4
400,,7,1,6,3,3
400,,8,1,6,3,3
400,,9,1,6,6,0
400,,10,1,6,2,4
400,,11,1,6,3,3
400,,12,1,6,5,1
400,,13,1,6,3,3
400,,14,1,6,5,1
400,,15,1,6,3,3
400,,0,1,6,5,1
400,,1,1,6,3,3
400,,2,1,6,4,2
400,,3,1,6,2,4
400,,4,1,6,5,1
400,,5,1,6,5,1
400,,6,1,6,2,4
400,,7,1,6,5,1
400,,8,1,6,3,3
400,,9,1,6,5,1
400,,10,1,6,1,5
400,,11,1,6,6,0
400,,12,1,6,5,1
400,,13,1,6,3,3
400,,14,1,6,6,0
400,,15,1,6,3,3
400,,0,1,6,4,2
400,,1,1,6,4,2
400,,2,1,6,4,2
400,,3,1,6,3,3
400,,4,1,6,5,1
400,,5,1,6,6,0
400,,6,1,6,6,0
400,,7,1,6,2,4
400,,8,1,6,4,2
400,,9,1,6,4,2
400,,10,1,6,3,3
400,,11,1,6,5,1
400,,12,1,6,6,0
400,,13,1,6,3,3
400,,14,1,6,2,4
400,,15,1,6,6,0
400,,0,1,6,5,1
400,,1,1,6,3,3
400,,2,1,6,4,2
400,,3,1,6,4,2
400,,4,1,6,5,1
400,,5,1,6,5,1
400,,6,1,6,3,3
400,,7,1,6,1,5
400,,8,1,6,3,3
400,,9,1,6,3,3
400,,10,1,6,2,4
400,,11,1,6,4,2
400,,12,1,6,6,0
400,,13,1,6,4,2
400,,14,1,6,6,0
400,,15,1,6,4,2
400,,0,1,6,4,2
400,,1,1,6,5,1
400,,2,1,6,5,1
400,,3,1,6,5,1
400,,4,1,6,5,1
400,,5,1,6,5,1
400,,6,1,6,4,2
400,,7,1,6,3,3
400,,8,1,6,6,0
400,,9,1,6,6,0
400,,10,1,6,5,1
400,,11,1,6,4,2
400,,12,1,6,5,1
400,,13,1,6,5,1
400,,14,1,6,4,2
400,,15,1,6,3,3
400,,0,1,6,3,3
400,,1,1,6,4,2
400,,2,1,6,5,1
400,,3,1,6,2,4
400,,4,1,6,6,0
400,,5,1,6,4,2
400,,6,1,6,3,3
400,,7,1,6,2,4
400,,8,1,6,4,2
400,,9,1,6,4,2
400,,10,1,6,3,3
400,,11,1,6,5,1
400,,12,1,6,6,0
400,,13,1,6,5,1
400,,14,1,6,4,2
400,,15,1,6,5,1
400,,0,1,6,4,2
400,,1,1,6,3,3
400,,2,1,6,3,3
400,,3,1,6,1,5
400,,4,1,6,4,2
400,,5,1,6,4,2
400,,6,1,6,4,2
400,,7,1,6,2,4
400,,8,1,6,4,2
400,,9,1,6,4,2
400,,10,1,6,3,3
400,,11,1,6,6,0
400,,12,1,6,6,0
400,,13,1,6,5,1
400,,14,1,6,4,2
400,,15,1,6,5,1
400,,0,1,6,5,1
400,,1,1,6,3,3
400,,2,1,6,5,1
400,,3,1,6,2,4
400,,4,1,6,5,1
400,,5,1,6,2,4
400,,6,1,6,3,3
400,,7,1,6,1,5
400,,8,1,6,3,3
400,,9,1,6,4,2
400,,10,1,6,4,2
400,,11,1,6,3,3
400,,12,1,6,1,5
400,,13,1,6,3,3
400,,14,1,6,4,2
400,,15,1,6,4,2
400,,0,1,6,5,1
400,,1,1,6,6,0
400,,2,1,6,6,0
400,,3,1,6,3,3
400,,4,1,6,5,1
400,,5,1,6,3,3
400,,6,1,6,4,2
400,,7,1,6,1,5
400,,8,1,6,4,2
400,,9,1,6,5,1
400,,10,1,6,6,0
400,,11,1,6,5,1
400,,12,1,6,5,1
400,,13,1,6,3,3
400,,14,1,6,2,4
400,,15,1,6,5,1
400,,0,1,6,5,1
400,,1,1,6,4,2
400,,2,1,6,4,2
400,,3,1,6,3,3
400,,4,1,6,4,2
400,,5,1,6,5,1
400,,6,1,6,2,4
400,,7,1,6,6,0
400,,8,1,6,3,3
400,,9,1,6,5,1
400,,10,1,6,4,2
400,,11,1,6,5,1
400,,12,1,6,5,1
400,,13,1,6,4,2
400,,14,1,6,5,1
400,,15,1,6,4,2
400,,0,1,6,3,3
400,,1,1,6,3,3
400,,2,1,6,2,4
400,,3,1,6,5,1
400,,4,1,6,5,1
400,,5,1,6,5,1
400,,6,1,6,4,2
400,,7,1,6,5,1
400,,8,1,6,5,1
400,,9,1,6,5,1
400,,10,1,6,3,3
400,,11,1,6,4,2
400,,12,1,6,5,1
400,,13,1,6,5,1
400,,14,1,6,5,1
400,,15,1,6,5,1
400,,0,1,6,4,2
400,,1,1,6,6,0
400,,2,1,6,4,2
400,,3,1,6,5,1
400,,4,1,6,5,1
400,,5,1,6,3,3
400,,6,1,6,6,0
400,,7,1,6,4,2
400,,8,1,6,4,2
400,,9,1,6,6,0
400,,10,1,6,4,2
400,,11,1,6,5,1
400,,12,1,6,6,0
400,,13,1,6,5,1
400,,14,1,6,5,1
400,,15,1,6,4,2
400,,0,1,6,1,5
400,,1,1,6,5,1
400,,2,1,6,3,3
400,,3,1,6,1,5
400,,4,1,6,4,2
400,,5,1,6,3,3
400,,6,1,6,4,2
400,,7,1,6,5,1
400,,8,1,6,5,1
400,,9,1,6,6,0
400,,10,1,6,4,2
400,,11,1,6,5,1
400,,12,1,6,5,1
400,,13,1,6,6,0
400,,14,1,6,6,0
400,,15,1,6,6,0
400,,0,1,6,6,0
400,,1,1,6,5,1
400,,2,1,6,4,2
400,,3,1,6,4,2
400,,4,1,6,6,0
400,,5,1,6,5,1
400,,6,1,6,5,1
400,,7,1,6,4,2
400,,8,1,6,4,2
400,,9,1,6,3,3
400,,10,1,6,5,1
400,,11,1,6,5,1
400,,12,1,6,6,0
400,,13,1,6,6,0
400,,14,1,6,2,4
400,,15,1,6,6,0
400,,0,1,6,6,0
400,,1,1,6,5,1
400,,2,1,6,6,0
400,,3,1,6,3,3
400,,4,1,6,6,0
400,,5,1,6,5,1
400,,6,1,6,5,1
400,,7,1,6,5,1
400,,8,1,6,4,2
400,,9,1,6,5,1
400,,10,1,6,5,1
400,,11,1,6,6,0
400,,12,1,6,5,1
400,,13,1,6,6,0
400,,14,1,6,5,1
400,,15,1,6,5,1
400,,0,1,6,5,1
400,,1,1,6,4,2
400,,2,1,6,4,2
400,,3,1,6,4,2
400,,4,1,6,6,0
400,,5,1,6,5,1
400,,6,1,6,6,0
400,,7,1,6,4,2
400,,8,1,6,4,2
400,,9,1,6,5,1
400,,10,1,6,3,3
400,,11,1,6,6,0
400,,12,1,6,5,1
400,,13,1,6,4,2
400,,14,1,6,6,0
400,,15,1,6,6,0
400,,0,1,6,6,0
400,,1,1,6,5,1
400,,2,1,6,3,3
400,,3,1,6,3,3
400,,4,1,6,6,0
400,,5,1,6,3,3
400,,6,1,6,4,2
400,,7,1,6,4,2
400,,8,1,6,6,0
400,,9,1,6,4,2
400,,10,1,6,5,1
400,,11,1,6,4,2
400,,12,1,6,2,4
400,,13,1,6,4,2
400,,14,1,6,3,3
400,,15,1,6,2,4
400,,0,1,6,5,1
400,,1,1,6,5,1
400,,2,1,6,4,2
400,,3,1,6,4,2
400,,4,1,6,6,0
400,,5,1,6,5,1
400,,6,1,6,4,2
400,,7,1,6,2,4
400,,8,1,6,3,3
400,,9,1,6,5,1
400,,10,1,6,4,2
400,,11,1,6,6,0
400,,12,1,6,5,1
400,,13,1,6,6,0
400,,14,1,6,3,3
400,,15,1,6,6,0
400,,0,1,6,6,0
400,,1,1,6,6,0
400,,2,1,6,3,3
400,,3,1,6,2,4
400,,4,1,6,4,2
400,,5,1,6,1,5
400,,6,1,6,4,2
400,,7,1,6,3,3
400,,8,1,6,4,2
400,,9,1,6,4,2
400,,10,1,6,3,3
400,,11,1,6,6,0
400,,12,1,6,4,2
400,,13,1,6,6,0
400,,14,1,6,6,0
400,,15,1,6,5,1
400,,0,1,6,5,1
400,,1,1,6,5,1
400,,2,1,6,3,3
400,,3,1,6,6,0
400,,4,1,6,4,2
400,,5,1,6,2,4
400,,6,1,6,6,0
400,,7,1,6,5,1
400,,8,1,6,6,0
400,,9,1,6,4,2
400,,10,1,6,3,3
400,,11,1,6,5,1
400,,12,1,6,5,1
400,,13,1,6,4,2
400,,14,1,6,4,2
400,,15,1,6,3,3
400,,0,1,6,4,2
400,,1,1,6,4,2
400,,2,1,6,2,4
400,,3,1,6,3,3
400,,4,1,6,5,1
400,,5,1,6,2,4
400,,6,1,6,4,2
400,,7,1,6,5,1
400,,8,1,6,2,4
400,,9,1,6,4,2
400,,10,1,6,3,3
400,,11,1,6,6,0
400,,12,1,6,2,4
400,,13,1,6,6,0
400,,14,1,6,2,4
400,,15,1,6,4,2
400,,0,1,6,5,1
400,,1,1,6,5,1
400,,2,1,6,1,5
400,,3,1,6,5,1
400,,4,1,6,5,1
400,,5,1,6,5,1
400,,6,1,6,3,3
400,,7,1,6,5,1
400,,8,1,6,4,2
400,,9,1,6,3,3
400,,10,1,6,6,0
400,,11,1,6,5,1
400,,12,1,6,3,3
400,,13,1,6,3,3
400,,14,1,6,4,2
400,,15,1,6,5,1
400,,0,1,6,5,1
400,,1,1,6,3,3
400,,2,1,6,1,5
400,,3,1,6,3,3
400,,4,1,6,4,2
400,,5,1,6,3,3
400,,6,1,6,5,1
400,,7,1,6,3,3
400,,8,1,6,3,3
400,,9,1,6,4,2
400,,10,1,6,4,2
400,,11,1,6,4,2
400,,12,1,6,3,3
400,,13,1,6,6,0
400,,14,1,6,4,2
400,,15,1,6,5,1
400,,0,1,6,5,1
400,,1,1,6,4,2
400,,2,1,6,4,2
400,,3,1,6,3,3
400,,4,1,6,3,3
400,,5,1,6,1,5
400,,6,1,6,5,1
400,,7,1,6,6,0
400,,8,1,6,6,0
400,,9,1,6,2,4
400,,10,1,6,3,3
400,,11,1,6,5,1
400,,12,1,6,5,1
400,,13,1,6,4,2
400,,14,1,6,3,3
400,,15,1,6,5,1
400,,0,1,6,6,0
400,,1,1,6,5,1
400,,2,1,6,2,4
400,,3,1,6,4,2
400,,4,1,6,5,1
400,,5,1,6,2,4
400,,6,1,6,3,3
400,,7,1,6,2,4
400,,8,1,6,4,2
400,,9,1,6,4,2
400,,10,1,6,6,0
400,,11,1,6,5,1
400,,12,1,6,5,1
400,,13,1,6,3,3
400,,14,1,6,4,2
400,,15,1,6,3,3
400,,0,1,6,3,3
400,,1,1,6,4,2
400,,2,1,6,1,5
400,,3,1,6,4,2
400,,4,1,6,4,2
400,,5,1,6,2,4
400,,6,1,6,5,1
400,,7,1,6,3,3
400,,8,1,6,2,4
400,,9,1,6,6,0
400,,10,1,6,5,1
400,,11,1,6,6,0
400,,12,1,6,4,2
400,,13,1,6,4,2
400,,14,1,6,5,1
400,,15,1,6,6,0
400,,0,1,6,5,1
400,,1,1,6,5,1
400,,2,1,6,2,4
400,,3,1,6,5,1
400,,4,1,6,5,1
400,,5,1,6,3,3
400,,6,1,6,3,3
400,,7,1,6,2,4
400,,8,1,6,1,5
400,,9,1,6,3,3
400,,10,1,6,4,2
400,,11,1,6,5,1
400,,12,1,6,2,4
400,,13,1,6,6,0
400,,14,1,6,4,2
400,,15,1,6,3,3
400,,0,1,6,3,3
400,,1,1,6,4,2
400,,2,1,6,1,5
400,,3,1,6,2,4
400,,4,1,6,2,4
400,,5,1,6,2,4
400,,6,1,6,3,3
400,,7,1,6,2,4
400,,8,1,6,2,4
400,,9,1,6,3,3
400,,10,1,6,4,2
400,,11,1,6,2,4
400,,12,1,6,1,5
400,,13,1,6,4,2
400,,14,1,6,2,4
400,,15,1,6,4,2
400,,0,1,6,6,0
400,,1,1,6,1,5
400,,2,1,6,4,2
400,,3,1,6,1,5
400,,4,1,6,3,3
400,,5,1,6,3,3
400,,6,1,6,4,2
400,,7,1,6,4,2
400,,8,1,6,2,4
400,,9,1,6,4,2
400,,10,1,6,5,1
400,,11,1,6,2,4
400,,12,1,6,4,2
400,,13,1,6,5,1
400,,14,1,6,5,1
400,,15,1,6,4,2
400,,0,1,6,4,2
400,,1,1,6,4,2
400,,2,1,6,1,5
400,,3,1,6,2,4
400,,4,1,6,1,5
400,,5,1,6,2,4
400,,6,1,6,5,1
400,,7,1,6,4,2
400,,8,1,6,2,4
400,,9,1,6,6,0
400,,10,1,6,3,3
400,,11,1,6,3,3
400,,12,1,6,1,5
400,,13,1,6,4,2
400,,14,1,6,3,3
400,,15,1,6,2,4
400,,0,1,6,3,3
400,,1,1,6,5,1
400,,2,1,6,4,2
400,,3,1,6,3,3
400,,4,1,6,3,3
400,,5,1,6,4,2
400,,6,1,6,5,1
400,,7,1,6,6,0
400,,8,1,6,4,2
400,,9,1,6,3,3
400,,10,1,6,5,1
400,,11,1,6,6,0
400,,12,1,6,6,0
400,,13,1,6,2,4
400,,14,1,6,2,4
400,,15,1,6,5,1
400,,0,1,6,4,2
400,,1,1,6,4,2
400,,2,1,6,3,3
400,,3,1,6,4,2
400,,4,1,6,5,1
400,,5,1,6,1,5
400,,6,1,6,5,1
400,,7,1,6,3,3
400,,8,1,6,4,2
400,,9,1,6,1,5
400,,10,1,6,3,3
400,,11,1,6,5,1
400,,12,1,6,3,3
400,,13,1,6,2,4
400,,14,1,6,4,2
400,,15,1,6,3,3
400,,0,1,6,3,3
400,,1,1,6,1,5
400,,2,1,6,1,5
400,,3,1,6,1,5
400,,4,1,6,2,4
400,,5,1,6,1,5
400,,6,1,6,3,3
400,,7,1,6,4,2
400,,8,1,6,2,4
400,,9,1,6,3,3
400,,10,1,6,4,2
400,,11,1,6,4,2
400,,12,1,6,4,2
400,,13,1,6,3,3
400,,14,1,6,4,2
400,,15,1,6,4,2
400,,0,1,6,6,0
400,,1,1,6,5,1
400,,2,1,6,1,5
400,,3,1,6,2,4
400,,4,1,6,5,1
400,,5,1,6,2,4
400,,6,1,6,2,4
400,,7,1,6,6,0
400,,8,1,6,1,5
400,,9,1,6,4,2
400,,10,1,6,5,1
400,,11,1,6,4,2
400,,12,1,6,4,2
400,,13,1,6,4,2
400,,14,1,6,4,2
400,,15,1,6,4,2
400,,0,1,6,5,1
400,,1,1,6,2,4
400,,2,1,6,3,3
400,,3,1,6,1,5
400,,4,1,6,1,5
400,,5,1,6,2,4
400,,6,1,6,4,2
400,,7,1,6,3,3
400,,8,1,6,1,5
400,,9,1,6,0,6
400,,10,1,6,4,2
400,,11,1,6,6,0
400,,12,1,6,5,1
400,,13,1,6,1,5
400,,14,1,6,3,3
400,,15,1,6,4,2
450,,0,1,6,3,3
450,,1,1,6,1,5
450,,2,1,6,3,3
450,,3,1,6,1,5
450,,4,1,6,0,6
450,,9,1,6,5,1
450,,10,1,6,5,1
450,,11,1,6,4,2
450,,12,1,6,5,1
450,,13,1,6,6,0
450,,14,1,6,5,1
450,,15,1,6,5,1
450,,0,1,6,3,3
450,,1,1,6,4,2
450,,2,1,6,6,0
450,,3,1,6,2,4
450,,4,1,6,4,2
450,,5,1,6,3,3
450,,6,1,6,5,1
450,,7,1,6,4,2
450,,8,1,6,6,0
450,,9,1,6,6,0
450,,10,1,6,6,0
450,,11,1,6,3,3
450,,12,1,6,6,0
450,,13,1,6,6,0
450,,14,1,6,6,0
450,,15,1,6,5,1
450,,0,1,6,3,3
450,,1,1,6,6,0
450,,2,1,6,6,0
450,,3,1,6,3,3
450,,4,1,6,3,3
450,,5,1,6,6,0
450,,6,1,6,5,1
450,,7,1,6,5,1
450,,8,1,6,6,0
450,,9,1,6,6,0
450,,10,1,6,4,2
450,,11,1,6,3,3
450,,12,1,6,4,2
450,,13,1,6,6,0
450,,14,1,6,4,2
450,,15,1,6,6,0
450,,0,1,6,5,1
450,,1,1,6,5,1
450,,2,1,6,5,1
450,,3,1,6,4,2
450,,4,1,6,4,2
450,,5,1,6,5,1
450,,6,1,6,6,0
450,,7,1,6,5,1
450,,8,1,6,4,2
450,,9,1,6,4,2
450,,10,1,6,6,0
450,,11,1,6,6,0
450,,12,1,6,6,0
450,,13,1,6,3,3
450,,14,1,6,6,0
450,,15,1,6,4,2
450,,0,1,6,5,1
450,,1,1,6,6,0
450,,2,1,6,5,1
450,,3,1,6,5,1
450,,4,1,6,5,1
450,,5,1,6,6,0
450,,6,1,6,5,1
450,,7,1,6,4,2
450,,8,1,6,6,0
450,,9,1,6,4,2
450,,10,1,6,5,1
450,,11,1,6,6,0
450,,12,1,6,6,0
450,,13,1,6,6,0
450,,14,1,6,5,1
450,,15,1,6,6,0
450,,0,1,6,6,0
450,,1,1,6,6,0
450,,2,1,6,5,1
450,,3,1,6,4,2
450,,4,1,6,3,3
450,,5,1,6,5,1
450,,6,1,6,5,1
450,,7,1,6,5,1
450,,8,1,6,2,4
450,,9,1,6,2,4
450,,10,1,6,2,4
450,,11,1,6,4,2
450,,12,1,6,5,1
450,,13,1,6,4,2
450,,14,1,6,3,3
450,,15,1,6,5,1
450,,0,1,6,5,1
450,,1,1,6,6,0
450,,2,1,6,4,2
450,,3,1,6,5,1
450,,4,1,6,3,3
450,,5,1,6,2,4
450,,6,1,6,5,1
450,,7,1,6,2,4
450,,8,1,6,6,0
450,,9,1,6,6,0
450,,10,1,6,4,2
450,,11,1,6,5,1
450,,12,1,6,5,1
450,,13,1,6,6,0
450,,14,1,6,3,3
450,,15,1,6,6,0
450,,0,1,6,4,2
450,,1,1,6,6,0
450,,2,1,6,1,5
450,,3,1,6,3,3
450,,4,1,6,2,4
450,,5,1,6,5,1
450,,6,1,6,4,2
450,,7,1,6,4,2
450,,8,1,6,4,2
450,,9,1,6,4,2
450,,10,1,6,0,6
450,,11,1,6,3,3
450,,12,1,6,4,2
450,,13,1,6,6,0
450,,14,1,6,4,2
450,,15,1,6,5,1
450,,0,1,6,5,1
450,,1,1,6,6,0
450,,2,1,6,4,2
450,,3,1,6,3,3
450,,4,1,6,3,3
450,,5,1,6,3,3
450,,6,1,6,6,0
450,,7,1,6,5,1
450,,8,1,6,5,1
450,,9,1,6,5,1
450,,10,1,6,1,5
450,,11,1,6,5,1
450,,12,1,6,5,1
450,,13,1,6,6,0
450,,14,1,6,4,2
450,,15,1,6,5,1
450,,0,1,6,5,1
450,,1,1,6,5,1
450,,2,1,6,4,2
450,,3,1,6,4,2
450,,4,1,6,3,3
450,,5,1,6,5,1
450,,6,1,6,5,1
450,,7,1,6,5,1
450,,8,1,6,5,1
450,,9,1,6,5,1
450,,10,1,6,3,3
450,,11,1,6,4,2
450,,12,1,6,4,2
450,,13,1,6,5,1
450,,14,1,6,5,1
450,,15,1,6,6,0
450,,0,1,6,5,1
450,,1,1,6,6,0
450,,2,1,6,4,2
450,,3,1,6,4,2
450,,4,1,6,4,2
450,,5,1,6,4,2
450,,6,1,6,6,0
450,,7,1,6,3,3
450,,8,1,6,4,2
450,,9,1,6,3,3
450,,10,1,6,0,6
450,,11,1,6,6,0
450,,12,1,6,5,1
450,,13,1,6,6,0
450,,14,1,6,3,3
450,,15,1,6,6,0
450,,0,1,6,5,1
450,,1,1,6,5,1
450,,2,1,6,6,0
450,,3,1,6,3,3
450,,4,1,6,4,2
450,,5,1,6,4,2
450,,6,1,6,5,1
450,,7,1,6,5,1
450,,8,1,6,6,0
450,,9,1,6,6,0
450,,10,1,6,1,5
450,,11,1,6,5,1
450,,12,1,6,3,3
450,,13,1,6,6,0
450,,14,1,6,4,2
450,,15,1,6,4,2
450,,0,1,6,4,2
450,,1,1,6,6,0
450,,2,1,6,5,1
450,,3,1,6,3,3
450,,4,1,6,6,0
450,,5,1,6,4,2
450,,6,1,6,5,1
450,,7,1,6,6,0
450,,8,1,6,2,4
450,,9,1,6,4,2
450,,10,1,6,2,4
450,,11,1,6,4,2
450,,12,1,6,3,3
450,,13,1,6,6,0
450,,14,1,6,4,2
450,,15,1,6,3,3
450,,0,1,6,3,3
450,,1,1,6,5,1
450,,2,1,6,4,2
450,,3,1,6,4,2
450,,4,1,6,3,3
450,,5,1,6,3,3
450,,6,1,6,5,1
450,,7,1,6,6,0
450,,8,1,6,5,1
450,,9,1,6,5,1
450,,10,1,6,3,3
450,,11,1,6,5,1
450,,12,1,6,4,2
450,,13,1,6,6,0
450,,14,1,6,6,0
450,,15,1,6,6,0
450,,0,1,6,6,0
450,,1,1,6,5,1
450,,2,1,6,5,1
450,,3,1,6,4,2
450,,4,1,6,3,3
450,,5,1,6,4,2
450,,6,1,6,3,3
450,,7,1,6,2,4
450,,8,1,6,5,1
450,,9,1,6,6,0
450,,10,1,6,4,2
450,,11,1,6,2,4
450,,12,1,6,5,1
450,,13,1,6,4,2
450,,14,1,6,3,3
450,,15,1,6,6,0
450,,0,1,6,4,2
450,,1,1,6,5,1
450,,2,1,6,3,3
450,,3,1,6,5,1
450,,4,1,6,4,2
450,,5,1,6,3,3
450,,6,1,6,6,0
450,,7,1,6,5,1
450,,8,1,6,2,4
450,,9,1,6,3,3
450,,10,1,6,6,0
450,,11,1,6,5,1
450,,12,1,6,2,4
450,,13,1,6,4,2
450,,14,1,6,3,3
450,,15,1,6,6,0
450,,0,1,6,3,3
450,,1,1,6,3,3
450,,2,1,6,1,5
450,,3,1,6,4,2
450,,4,1,6,3,3
450,,5,1,6,1,5
450,,6,1,6,5,1
450,,7,1,6,3,3
450,,8,1,6,3,3
450,,9,1,6,3,3
450,,10,1,6,6,0
450,,11,1,6,5,1
450,,12,1,6,2,4
450,,13,1,6,5,1
450,,14,1,6,5,1
450,,15,1,6,4,2
450,,0,1,6,4,2
450,,1,1,6,6,0
450,,2,1,6,5,1
450,,3,1,6,6,0
450,,4,1,6,4,2
450,,5,1,6,3,3
450,,6,1,6,5,1
450,,7,1,6,5,1
450,,8,1,6,4,2
450,,9,1,6,6,0
450,,10,1,6,3,3
450,,11,1,6,4,2
450,,12,1,6,4,2
450,,13,1,6,4,2
450,,14,1,6,2,4
450,,15,1,6,6,0
450,,0,1,6,2,4
450,,1,1,6,3,3
450,,2,1,6,6,0
450,,3,1,6,6,0
450,,4,1,6,5,1
450,,5,1,6,2,4
450,,6,1,6,4,2
450,,7,1,6,3,3
450,,8,1,6,2,4
450,,9,1,6,5,1
450,,10,1,6,3,3
450,,11,1,6,6,0
450,,12,1,6,4,2
450,,13,1,6,5,1
450,,14,1,6,6,0
450,,15,1,6,4,2
450,,0,1,6,1,5
450,,1,1,6,5,1
450,,2,1,6,4,2
450,,3,1,6,1,5
450,,4,1,6,4,2
450,,5,1,6,1,5
450,,6,1,6,2,4
450,,7,1,6,2,4
450,,8,1,6,3,3
450,,9,1,6,6,0
450,,10,1,6,3,3
450,,11,1,6,4,2
450,,12,1,6,3,3
450,,13,1,6,3,3
450,,14,1,6,2,4
450,,15,1,6,6,0
450,,0,1,6,3,3
450,,1,1,6,5,1
450,,2,1,6,1,5
450,,3,1,6,4,2
450,,4,1,6,3,3
450,,5,1,6,2,4
450,,6,1,6,3,3
450,,7,1,6,3,3
450,,8,1,6,0,6
450,,9,1,6,6,0
450,,10,1,6,5,1
450,,11,1,6,4,2
450,,12,1,6,4,2
450,,13,1,6,2,4
450,,14,1,6,3,3
450,,15,1,6,5,1
450,,0,1,6,3,3
450,,1,1,6,2,4
450,,2,1,6,1,5
450,,3,1,6,2,4
450,,4,1,6,3,3
450,,5,1,6,5,1
450,,6,1,6,5,1
450,,7,1,6,4,2
450,,8,1,6,4,2
450,,9,1,6,6,0
450,,10,1,6,4,2
450,,11,1,6,5,1
450,,12,1,6,5,1
450,,13,1,6,3,3
450,,14,1,6,2,4
450,,15,1,6,6,0
450,,0,1,6,2,4
450,,1,1,6,1,5
450,,2,1,6,1,5
450,,3,1,6,2,4
450,,4,1,6,3,3
450,,5,1,6,2,4
450,,6,1,6,5,1
450,,7,1,6,4,2
450,,8,1,6,3,3
450,,9,1,6,6,0
450,,10,1,6,3,3
450,,11,1,6,3,3
450,,12,1,6,3,3
450,,13,1,6,2,4
450,,14,1,6,6,0
450,,15,1,6,1,5
450,,0,1,6,2,4
450,,1,1,6,4,2
450,,2,1,6,6,0
450,,3,1,6,2,4
450,,4,1,6,6,0
450,,5,1,6,3,3
450,,6,1,6,6,0
450,,7,1,6,4,2
450,,8,1,6,3,3
450,,9,1,6,5,1
450,,10,1,6,5,1
450,,11,1,6,5,1
450,,12,1,6,5,1
450,,13,1,6,4,2
450,,14,1,6,5,1
450,,15,1,6,5,1
450,,0,1,6,4,2
450,,1,1,6,5,1
450,,2,1,6,5,1
450,,3,1,6,5,1
450,,4,1,6,0,6
450,,5,1,6,2,4
450,,6,1,6,5,1
450,,7,1,6,5,1
450,,8,1,6,4,2
450,,9,1,6,6,0
450,,10,1,6,5,1
450,,11,1,6,6,0
450,,12,1,6,2,4
450,,13,1,6,3,3
450,,14,1,6,3,3
450,,15,1,6,5,1
450,,0,1,6,2,4
450,,1,1,6,4,2
450,,2,1,6,3,3
450,,3,1,6,4,2
450,,4,1,6,4,2
450,,5,1,6,1,5
450,,6,1,6,5,1
450,,7,1,6,3,3
450,,8,1,6,2,4
450,,9,1,6,5,1
450,,10,1,6,4,2
450,,11,1,6,6,0
450,,12,1,6,2,4
450,,13,1,6,5,1
450,,14,1,6,1,5
450,,15,1,6,4,2
450,,0,1,6,3,3
450,,1,1,6,3,3
450,,2,1,6,0,6
450,,3,1,6,1,5
450,,4,1,6,3,3
450,,5,1,6,1,5
450,,6,1,6,5,1
450,,7,1,6,4,2
450,,8,1,6,2,4
450,,9,1,6,4,2
450,,10,1,6,3,3
450,,11,1,6,6,0
450,,12,1,6,5,1
450,,13,1,6,5,1
450,,14,1,6,3,3
450,,15,1,6,4,2
450,,0,1,6,1,5
450,,1,1,6,4,2
450,,2,1,6,2,4
450,,3,1,6,5,1
450,,4,1,6,2,4
450,,5,1,6,1,5
450,,6,1,6,5,1
450,,7,1,6,1,5
450,,8,1,6,1,5
450,,9,1,6,5,1
450,,10,1,6,5,1
450,,11,1,6,6,0
450,,12,1,6,0,6
450,,13,1,6,4,2
450,,14,1,6,1,5
450,,15,1,6,5,1
500,,0,1,6,5,1
500,,1,1,6,1,5
500,,2,1,6,0,6
500,,3,1,6,3,3
500,,4,1,6,1,5
500,,5,1,6,1,5
500,,6,1,6,1,5
500,,7,1,6,0,6
500,,8,1,6,1,5
500,,9,1,6,1,5
500,,10,1,6,0,6
500,,11,1,6,4,2
500,,12,1,6,0,6
500,,13,1,6,1,5
500,,14,1,6,3,3
500,,15,1,6,0,6
500,,0,1,6,0,6
500,,1,1,6,2,4
500,,2,1,6,1,5
500,,3,1,6,2,4
500,,4,1,6,0,6
500,,5,1,6,5,1
500,,6,1,6,0,6
500,,7,1,6,1,5
500,,8,1,6,3,3
500,,9,1,6,3,3
500,,10,1,6,3,3
500,,11,1,6,0,6
500,,12,1,6,2,4
500,,13,1,6,1,5
500,,14,1,6,1,5
500,,15,1,6,2,4
500,,0,1,6,1,5
500,,1,1,6,0,6
500,,2,1,6,0,6
500,,3,1,6,0,6
500,,4,1,6,1,5
500,,5,1,6,1,5
500,,6,1,6,4,2
500,,7,1,6,2,4
500,,8,1,6,0,6
500,,9,1,6,1,5
500,,10,1,6,0,6
500,,11,1,6,4,2
500,,12,1,6,1,5
500,,13,1,6,1,5
500,,14,1,6,2,4
500,,15,1,6,2,4
500,,0,1,6,2,4
500,,1,1,6,3,3
500,,2,1,6,1,5
500,,3,1,6,1,5
500,,4,1,6,4,2
500,,5,1,6,4,2
500,,6,1,6,3,3
500,,7,1,6,1,5
500,,8,1,6,1,5
500,,9,1,6,1,5
500,,10,1,6,1,5
500,,11,1,6,1,5
500,,12,1,6,4,2
450,,5,1,6,0,6
450,,6,1,6,2,4
450,,7,1,6,0,6
450,,8,1,6,0,6
450,,9,1,6,0,6
450,,10,1,6,3,3
450,,11,1,6,0,6
450,,12,1,6,2,4
450,,13,1,6,0,6
450,,14,1,6,2,4
450,,15,1,6,3,3
450,,0,1,6,2,4
450,,1,1,6,4,2
450,,2,1,6,5,1
450,,3,1,6,2,4
450,,4,1,6,1,5
450,,5,1,6,1,5
450,,6,1,6,2,4
450,,7,1,6,2,4
450,,8,1,6,2,4
450,,9,1,6,2,4
450,,10,1,6,3,3
450,,11,1,6,2,4
450,,12,1,6,0,6
450,,13,1,6,3,3
450,,14,1,6,0,6
450,,15,1,6,2,4
450,,0,1,6,2,4
450,,1,1,6,3,3
450,,2,1,6,5,1
450,,3,1,6,2,4
450,,4,1,6,5,1
450,,5,1,6,1,5
450,,6,1,6,1,5
450,,7,1,6,5,1
450,,8,1,6,5,1
450,,9,1,6,2,4
450,,10,1,6,3,3
450,,11,1,6,5,1
450,,12,1,6,2,4
450,,13,1,6,4,2
450,,14,1,6,1,5
450,,15,1,6,5,1
450,,0,1,6,3,3
450,,1,1,6,5,1
450,,2,1,6,2,4
450,,3,1,6,5,1
450,,4,1,6,5,1
450,,5,1,6,5,1
450,,6,1,6,1,5
450,,7,1,6,1,5
450,,8,1,6,3,3
450,,9,1,6,4,2
450,,10,1,6,0,6
450,,11,1,6,5,1
450,,12,1,6,4,2
450,,13,1,6,4,2
450,,14,1,6,2,4
450,,15,1,6,4,2
450,,0,1,6,2,4
450,,1,1,6,4,2
450,,2,1,6,3,3
450,,3,1,6,2,4
450,,4,1,6,6,0
450,,5,1,6,0,6
450,,6,1,6,3,3
450,,7,1,6,1,5
450,,8,1,6,5,1
450,,9,1,6,4,2
450,,10,1,6,2,4
450,,11,1,6,3,3
450,,12,1,6,3,3
450,,13,1,6,5,1
450,,14,1,6,1,5
450,,15,1,6,4,2
450,,0,1,6,0,6
450,,1,1,6,2,4
450,,2,1,6,5,1
450,,3,1,6,0,6
450,,4,1,6,2,4
450,,5,1,6,3,3
450,,6,1,6,2,4
450,,7,1,6,4,2
450,,8,1,6,2,4
450,,9,1,6,4,2
450,,10,1,6,3,3
450,,11,1,6,4,2
450,,12,1,6,4,2
450,,13,1,6,4,2
450,,14,1,6,2,4
450,,15,1,6,4,2
450,,0,1,6,0,6
450,,1,1,6,3,3
450,,2,1,6,3,3
450,,3,1,6,0,6
450,,4,1,6,4,2
450,,5,1,6,2,4
450,,6,1,6,0,6
450,,7,1,6,6,0
450,,8,1,6,3,3
450,,9,1,6,2,4
450,,10,1,6,1,5
450,,11,1,6,2,4
450,,12,1,6,3,3
450,,13,1,6,4,2
450,,14,1,6,2,4
450,,15,1,6,3,3
450,,0,1,6,1,5
450,,1,1,6,1,5
450,,2,1,6,5,1
450,,3,1,6,0,6
450,,4,1,6,5,1
450,,5,1,6,0,6
450,,6,1,6,1,5
450,,7,1,6,4,2
450,,8,1,6,1,5
450,,9,1,6,5,1
450,,10,1,6,0,6
450,,11,1,6,4,2
450,,12,1,6,1,5
450,,13,1,6,1,5
450,,14,1,6,4,2
450,,15,1,6,3,3
450,,0,1,6,0,6
450,,1,1,6,2,4
450,,2,1,6,2,4
450,,3,1,6,2,4
450,,4,1,6,3,3
450,,5,1,6,3,3
450,,6,1,6,1,5
450,,7,1,6,0,6
450,,8,1,6,1,5
450,,9,1,6,5,1
450,,10,1,6,0,6
450,,11,1,6,4,2
450,,12,1,6,3,3
450,,13,1,6,4,2
450,,14,1,6,1,5
450,,15,1,6,3,3
450,,0,1,6,5,1
450,,1,1,6,4,2
450,,2,1,6,2,4
450,,3,1,6,2,4
450,,4,1,6,5,1
450,,5,1,6,3,3
450,,6,1,6,2,4
450,,7,1,6,4,2
450,,8,1,6,3,3
450,,9,1,6,4,2
450,,10,1,6,2,4
450,,11,1,6,2,4
450,,12,1,6,1,5
450,,13,1,6,3,3
450,,14,1,6,2,4
450,,15,1,6,4,2
450,,0,1,6,0,6
450,,1,1,6,2,4
450,,2,1,6,3,3
450,,3,1,6,0,6
450,,4,1,6,5,1
450,,5,1,6,2,4
450,,6,1,6,1,5
450,,7,1,6,3,3
450,,8,1,6,2,4
450,,9,1,6,6,0
450,,10,1,6,0,6
450,,11,1,6,5,1
450,,12,1,6,4,2
450,,13,1,6,1,5
450,,14,1,6,4,2
450,,15,1,6,3,3
450,,0,1,6,6,0
450,,1,1,6,1,5
450,,2,1,6,3,3
450,,3,1,6,1,5
450,,4,1,6,5,1
450,,5,1,6,3,3
450,,6,1,6,2,4
450,,7,1,6,4,2
450,,8,1,6,1,5
450,,9,1,6,5,1
450,,10,1,6,2,4
450,,11,1,6,2,4
450,,12,1,6,3,3
450,,13,1,6,1,5
450,,14,1,6,5,1
450,,15,1,6,2,4
450,,0,1,6,2,4
450,,1,1,6,3,3
450,,2,1,6,3,3
450,,3,1,6,0,6
450,,4,1,6,5,1
450,,5,1,6,4,2
450,,6,1,6,3,3
450,,7,1,6,5,1
450,,8,1,6,1,5
450,,9,1,6,6,0
450,,10,1,6,1,5
450,,11,1,6,2,4
450,,12,1,6,4,2
450,,13,1,6,4,2
450,,14,1,6,5,1
450,,15,1,6,3,3
450,,0,1,6,3,3
450,,1,1,6,1,5
450,,2,1,6,5,1
450,,3,1,6,2,4
450,,4,1,6,5,1
450,,5,1,6,2,4
450,,6,1,6,2,4
450,,7,1,6,4,2
450,,8,1,6,0,6
450,,9,1,6,2,4
450,,10,1,6,2,4
450,,11,1,6,4,2
450,,12,1,6,1,5
450,,13,1,6,1,5
450,,14,1,6,2,4
450,,15,1,6,3,3
450,,0,1,6,3,3
450,,1,1,6,5,1
450,,2,1,6,2,4
450,,3,1,6,1,5
450,,4,1,6,5,1
450,,5,1,6,2,4
450,,6,1,6,3,3
450,,7,1,6,5,1
450,,8,1,6,1,5
450,,9,1,6,5,1
450,,10,1,6,3,3
450,,11,1,6,3,3
450,,12,1,6,0,6
450,,13,1,6,6,0
450,,14,1,6,1,5
450,,15,1,6,5,1
450,,0,1,6,1,5
450,,1,1,6,2,4
450,,2,1,6,4,2
450,,3,1,6,0,6
450,,4,1,6,5,1
450,,5,1,6,2,4
450,,6,1,6,5,1
450,,7,1,6,3,3
450,,8,1,6,3,3
450,,9,1,6,6,0
450,,10,1,6,4,2
450,,11,1,6,3,3
450,,12,1,6,3,3
450,,13,1,6,3,3
450,,14,1,6,3,3
450,,15,1,6,4,2
450,,0,1,6,0,6
450,,1,1,6,3,3
450,,2,1,6,3,3
450,,3,1,6,3,3
450,,4,1,6,5,1
450,,5,1,6,2,4
450,,6,1,6,4,2
450,,7,1,6,6,0
450,,8,1,6,3,3
450,,9,1,6,5,1
450,,10,1,6,2,4
450,,11,1,6,5,1
450,,12,1,6,2,4
450,,13,1,6,3,3
450,,14,1,6,3,3
450,,15,1,6,6,0
450,,0,1,6,2,4
450,,1,1,6,4,2
450,,2,1,6,4,2
450,,3,1,6,2,4
450,,4,1,6,5,1
450,,5,1,6,1,5
450,,6,1,6,4,2
450,,7,1,6,5,1
450,,8,1,6,0,6
450,,9,1,6,5,1
450,,10,1,6,3,3
450,,11,1,6,6,0
450,,12,1,6,1,5
450,,13,1,6,4,2
450,,14,1,6,1,5
450,,15,1,6,2,4
450,,0,1,6,3,3
450,,1,1,6,4,2
450,,2,1,6,3,3
450,,3,1,6,1,5
450,,4,1,6,5,1
450,,5,1,6,2,4
450,,6,1,6,4,2
450,,7,1,6,3,3
450,,8,1,6,3,3
450,,9,1,6,6,0
450,,10,1,6,1,5
450,,11,1,6,4,2
450,,12,1,6,6,0
450,,13,1,6,6,0
450,,14,1,6,3,3
450,,15,1,6,3,3
450,,0,1,6,3,3
450,,1,1,6,6,0
450,,2,1,6,6,0
450,,3,1,6,3,3
450,,4,1,6,5,1
450,,5,1,6,1,5
450,,6,1,6,4,2
450,,7,1,6,3,3
450,,8,1,6,2,4
450,,9,1,6,5,1
450,,10,1,6,3,3
450,,11,1,6,5,1
450,,12,1,6,3,3
450,,13,1,6,4,2
450,,14,1,6,5,1
450,,15,1,6,6,0
450,,0,1,6,6,0
450,,1,1,6,5,1
450,,2,1,6,2,4
450,,3,1,6,3,3
450,,4,1,6,5,1
450,,5,1,6,4,2
450,,6,1,6,2,4
450,,7,1,6,5,1
450,,8,1,6,3,3
450,,9,1,6,4,2
450,,10,1,6,2,4
450,,11,1,6,3,3
450,,12,1,6,3,3
450,,13,1,6,4,2
450,,14,1,6,1,5
450,,15,1,6,5,1
450,,0,1,6,4,2
450,,1,1,6,5,1
450,,2,1,6,5,1
450,,3,1,6,1,5
450,,4,1,6,4,2
450,,5,1,6,3,3
450,,6,1,6,4,2
450,,7,1,6,5,1
450,,8,1,6,6,0
450,,9,1,6,6,0
450,,10,1,6,4,2
450,,11,1,6,2,4
450,,12,1,6,5,1
450,,13,1,6,4,2
450,,14,1,6,5,1
450,,15,1,6,5,1
450,,0,1,6,3,3
450,,1,1,6,6,0
450,,2,1,6,6,0
450,,3,1,6,2,4
450,,4,1,6,5,1
450,,5,1,6,3,3
450,,6,1,6,3,3
450,,7,1,6,5,1
450,,8,1,6,2,4
450,,9,1,6,6,0
450,,10,1,6,4,2
450,,11,1,6,5,1
450,,12,1,6,6,0
450,,13,1,6,5,1
450,,14,1,6,5,1
450,,15,1,6,6,0
450,,0,1,6,3,3
450,,1,1,6,2,4
450,,2,1,6,5,1
450,,3,1,6,2,4
450,,4,1,6,6,0
450,,5,1,6,5,1
450,,6,1,6,5,1
450,,7,1,6,4,2
450,,8,1,6,3,3
450,,9,1,6,6,0
450,,10,1,6,3,3
450,,11,1,6,6,0
450,,12,1,6,5,1
450,,13,1,6,6,0
450,,14,1,6,5,1
450,,15,1,6,4,2
450,,0,1,6,6,0
450,,1,1,6,3,3
450,,2,1,6,5,1
450,,3,1,6,3,3
450,,4,1,6,6,0
450,,5,1,6,4,2
450,,6,1,6,6,0
450,,7,1,6,3,3
450,,8,1,6,5,1
450,,9,1,6,6,0
450,,10,1,6,1,5
450,,11,1,6,4,2
450,,12,1,6,4,2
450,,13,1,6,5,1
450,,14,1,6,6,0
450,,15,1,6,3,3
450,,0,1,6,5,1
450,,1,1,6,5,1
450,,2,1,6,6,0
450,,3,1,6,1,5
450,,4,1,6,6,0
450,,5,1,6,5,1
450,,6,1,6,6,0
450,,7,1,6,4,2
450,,8,1,6,5,1
450,,9,1,6,5,1
450,,10,1,6,1,5
450,,11,1,6,6,0
450,,12,1,6,6,0
450,,13,1,6,5,1
450,,14,1,6,6,0
450,,15,1,6,4,2
450,,0,1,6,3,3
450,,1,1,6,5,1
450,,2,1,6,3,3
450,,3,1,6,4,2
450,,4,1,6,3,3
450,,5,1,6,3,3
450,,6,1,6,6,0
450,,7,1,6,4,2
450,,8,1,6,5,1
450,,9,1,6,5,1
450,,10,1,6,2,4
450,,11,1,6,5,1
450,,12,1,6,5,1
450,,13,1,6,5,1
450,,14,1,6,5,1
450,,15,1,6,4,2
450,,0,1,6,2,4
450,,1,1,6,4,2
450,,2,1,6,6,0
450,,3,1,6,2,4
450,,4,1,6,4,2
450,,5,1,6,6,0
450,,6,1,6,5,1
450,,7,1,6,5,1
450,,8,1,6,3,3
450,,9,1,6,3,3
450,,10,1,6,1,5
450,,11,1,6,5,1
450,,12,1,6,6,0
450,,13,1,6,6,0
450,,14,1,6,3,3
450,,15,1,6,6,0
450,,0,1,6,3,3
450,,1,1,6,6,0
450,,2,1,6,3,3
450,,3,1,6,6,0
450,,4,1,6,3,3
450,,5,1,6,5,1
450,,6,1,6,6,0
450,,7,1,6,5,1
450,,8,1,6,1,5
450,,9,1,6,6,0
450,,10,1,6,4,2
450,,11,1,6,3,3
450,,12,1,6,4,2
450,,13,1,6,5,1
450,,14,1,6,6,0
450,,15,1,6,4,2
450,,0,1,6,2,4
450,,1,1,6,5,1
450,,2,1,6,5,1
450,,3,1,6,4,2
450,,4,1,6,4,2
450,,5,1,6,4,2
450,,6,1,6,4,2
450,,7,1,6,5,1
450,,8,1,6,5,1
450,,9,1,6,4,2
450,,10,1,6,4,2
450,,11,1,6,5,1
450,,12,1,6,6,0
450,,13,1,6,5,1
450,,14,1,6,5,1
450,,15,1,6,6,0
450,,0,1,6,1,5
450,,1,1,6,5,1
450,,2,1,6,3,3
450,,3,1,6,5,1
450,,4,1,6,5,1
450,,5,1,6,4,2
450,,6,1,6,5,1
450,,7,1,6,3,3
450,,8,1,6,4,2
450,,9,1,6,4,2
450,,10,1,6,4,2
450,,11,1,6,3,3
450,,12,1,6,5,1
450,,13,1,6,5,1
450,,14,1,6,5,1
450,,15,1,6,6,0
450,,0,1,6,6,0
450,,1,1,6,4,2
450,,2,1,6,3,3
450,,3,1,6,6,0
450,,4,1,6,4,2
450,,5,1,6,4,2
450,,6,1,6,3,3
450,,7,1,6,5,1
450,,8,1,6,3,3
450,,9,1,6,5,1
450,,10,1,6,5,1
450,,11,1,6,4,2
450,,12,1,6,5,1
450,,13,1,6,6,0
450,,14,1,6,5,1
450,,15,1,6,5,1
450,,0,1,6,3,3
450,,1,1,6,4,2
450,,2,1,6,6,0
450,,3,1,6,2,4
450,,4,1,6,4,2
450,,5,1,6,3,3
450,,6,1,6,5,1
450,,7,1,6,4,2
450,,8,1,6,6,0
450,,9,1,6,6,0
450,,10,1,6,6,0
450,,11,1,6,3,3
450,,12,1,6,6,0
450,,13,1,6,6,0
450,,14,1,6,6,0
450,,15,1,6,5,1
450,,0,1,6,3,3
450,,1,1,6,6,0
450,,2,1,6,6,0
450,,3,1,6,3,3
450,,4,1,6,3,3
450,,5,1,6,6,0
450,,6,1,6,5,1
450,,7,1,6,5,1
450,,8,1,6,6,0
450,,9,1,6,6,0
450,,10,1,6,4,2
450,,11,1,6,3,3
450,,12,1,6,4,2
450,,13,1,6,6,0
450,,14,1,6,4,2
450,,15,1,6,6,0
450,,0,1,6,5,1
450,,1,1,6,5,1
450,,2,1,6,5,1
450,,3,1,6,4,2
450,,4,1,6,4,2
450,,5,1,6,5,1
450,,6,1,6,6,0
450,,7,1,6,5,1
450,,8,1,6,4,2
450,,9,1,6,4,2
450,,10,1,6,6,0
450,,11,1,6,6,0
450,,12,1,6,6,0
450,,13,1,6,3,3
450,,14,1,6,6,0
450,,15,1,6,4,2
450,,0,1,6,5,1
450,,1,1,6,6,0
450,,2,1,6,5,1
450,,3,1,6,5,1
450,,4,1,6,5,1
450,,5,1,6,6,0
450,,6,1,6,5,1
450,,7,1,6,4,2
450,,8,1,6,6,0
450,,9,1,6,4,2
450,,10,1,6,5,1
450,,11,1,6,6,0
450,,12,1,6,6,0
450,,13,1,6,6,0
450,,14,1,6,5,1
450,,15,1,6,6,0
450,,0,1,6,6,0
450,,1,1,6,6,0
450,,2,1,6,5,1
450,,3,1,6,4,2
450,,4,1,6,3,3
450,,5,1,6,5,1
450,,6,1,6,5,1
450,,7,1,6,5,1
450,,8,1,6,2,4
450,,9,1,6,2,4
450,,10,1,6,2,4
450,,11,1,6,4,2
450,,12,1,6,5,1
450,,13,1,6,4,2
450,,14,1,6,3,3
450,,15,1,6,5,1
450,,0,1,6,5,1
450,,1,1,6,6,0
450,,2,1,6,4,2
450,,3,1,6,5,1
450,,4,1,6,3,3
450,,5,1,6,2,4
450,,6,1,6,5,1
450,,7,1,6,2,4
450,,8,1,6,6,0
450,,9,1,6,6,0
450,,10,1,6,4,2
450,,11,1,6,5,1
450,,12,1,6,5,1
450,,13,1,6,6,0
450,,14,1,6,3,3
450,,15,1,6,6,0
450,,0,1,6,4,2
450,,1,1,6,6,0
450,,2,1,6,1,5
450,,3,1,6,3,3
450,,4,1,6,2,4
450,,5,1,6,5,1
450,,6,1,6,4,2
450,,7,1,6,4,2
450,,8,1,6,4,2
450,,9,1,6,4,2
450,,10,1,6,0,6
450,,11,1,6,3,3
450,,12,1,6,4,2
450,,13,1,6,6,0
450,,14,1,6,4,2
450,,15,1,6,5,1
450,,0,1,6,5,1
450,,1,1,6,6,0
450,,2,1,6,4,2
450,,3,1,6,3,3
450,,4,1,6,3,3
450,,5,1,6,3,3
450,,6,1,6,6,0
450,,7,1,6,5,1
450,,8,1,6,5,1
450,,9,1,6,5,1
450,,10,1,6,1,5
450,,11,1,6,5,1
450,,12,1,6,5,1
450,,13,1,6,6,0
450,,14,1,6,4,2
450,,15,1,6,5,1
450,,0,1,6,5,1
450,,1,1,6,5,1
450,,2,1,6,4,2
450,,3,1,6,4,2
450,,4,1,6,3,3
450,,5,1,6,5,1
450,,6,1,6,5,1
450,,7,1,6,5,1
450,,8,1,6,5,1
450,,9,1,6,5,1
450,,10,1,6,3,3
450,,11,1,6,4,2
450,,12,1,6,4,2
450,,13,1,6,5,1
450,,14,1,6,5,1
450,,15,1,6,6,0
450,,0,1,6,5,1
450,,1,1,6,6,0
450,,2,1,6,4,2
450,,3,1,6,4,2
450,,4,1,6,4,2
450,,5,1,6,4,2
450,,6,1,6,6,0
450,,7,1,6,3,3
450,,8,1,6,4,2
450,,9,1,6,3,3
450,,10,1,6,0,6
450,,11,1,6,6,0
450,,12,1,6,5,1
450,,13,1,6,6,0
450,,14,1,6,3,3
450,,15,1,6,6,0
450,,0,1,6,5,1
450,,1,1,6,5,1
450,,2,1,6,6,0
450,,3,1,6,3,3
450,,4,1,6,4,2
450,,5,1,6,4,2
450,,6,1,6,5,1
450,,7,1,6,5,1
450,,8,1,6,6,0
450,,9,1,6,6,0
450,,10,1,6,1,5
450,,11,1,6,5,1
450,,12,1,6,3,3
450,,13,1,6,6,0
450,,14,1,6,4,2
450,,15,1,6,4,2
450,,0,1,6,4,2
450,,1,1,6,6,0
450,,2,1,6,5,1
450,,3,1,6,3,3
450,,4,1,6,6,0
450,,5,1,6,4,2
450,,6,1,6,5,1
450,,7,1,6,6,0
450,,8,1,6,2,4
450,,9,1,6,4,2
450,,10,1,6,2,4
450,,11,1,6,4,2
450,,12,1,6,3,3
450,,13,1,6,6,0
450,,14,1,6,4,2
450,,15,1,6,3,3
450,,0,1,6,3,3
450,,1,1,6,5,1
450,,2,1,6,4,2
450,,3,1,6,4,2
450,,4,1,6,3,3
450,,5,1,6,3,3
450,,6,1,6,5,1
450,,7,1,6,6,0
450,,8,1,6,5,1
450,,9,1,6,5,1
450,,10,1,6,3,3
450,,11,1,6,5,1
450,,12,1,6,4,2
450,,13,1,6,6,0
450,,14,1,6,6,0
450,,15,1,6,6,0
450,,0,1,6,6,0
450,,1,1,6,5,1
450,,2,1,6,5,1
450,,3,1,6,4,2
450,,4,1,6,3,3
450,,5,1,6,4,2
450,,6,1,6,3,3
450,,7,1,6,2,4
450,,8,1,6,5,1
450,,9,1,6,6,0
450,,10,1,6,4,2
450,,11,1,6,2,4
450,,12,1,6,5,1
450,,13,1,6,4,2
450,,14,1,6,3,3
450,,15,1,6,6,0
450,,0,1,6,4,2
450,,1,1,6,5,1
450,,2,1,6,3,3
450,,3,1,6,5,1
450,,4,1,6,4,2
450,,5,1,6,3,3
450,,6,1,6,6,0
450,,7,1,6,5,1
450,,8,1,6,2,4
450,,9,1,6,3,3
450,,10,1,6,6,0
450,,11,1,6,5,1
450,,12,1,6,2,4
450,,13,1,6,4,2
450,,14,1,6,3,3
450,,15,1,6,6,0
450,,0,1,6,3,3
450,,1,1,6,3,3
450,,2,1,6,1,5
450,,3,1,6,4,2
450,,4,1,6,3,3
450,,5,1,6,1,5
450,,6,1,6,5,1
450,,7,1,6,3,3
450,,8,1,6,3,3
450,,9,1,6,3,3
450,,10,1,6,6,0
450,,11,1,6,5,1
450,,12,1,6,2,4
450,,13,1,6,5,1
450,,14,1,6,5,1
450,,15,1,6,4,2
450,,0,1,6,4,2
450,,1,1,6,6,0
450,,2,1,6,5,1
450,,3,1,6,6,0
450,,4,1,6,4,2
450,,5,1,6,3,3
450,,6,1,6,5,1
450,,7,1,6,5,1
450,,8,1,6,4,2
450,,9,1,6,6,0
450,,10,1,6,3,3
450,,11,1,6,4,2
450,,12,1,6,4,2
450,,13,1,6,4,2
450,,14,1,6,2,4
450,,15,1,6,6,0
450,,0,1,6,2,4
450,,1,1,6,3,3
450,,2,1,6,6,0
450,,3,1,6,6,0
450,,4,1,6,5,1
450,,5,1,6,2,4
450,,6,1,6,4,2
450,,7,1,6,3,3
450,,8,1,6,2,4
450,,9,1,6,5,1
450,,10,1,6,3,3
450,,11,1,6,6,0
450,,12,1,6,4,2
450,,13,1,6,5,1
450,,14,1,6,6,0
450,,15,1,6,4,2
450,,0,1,6,1,5
450,,1,1,6,5,1
450,,2,1,6,4,2
450,,3,1,6,1,5
450,,4,1,6,4,2
450,,5,1,6,1,5
450,,6,1,6,2,4
450,,7,1,6,2,4
450,,8,1,6,3,3
450,,9,1,6,6,0
450,,10,1,6,3,3
450,,11,1,6,4,2
450,,12,1,6,3,3
450,,13,1,6,3,3
450,,14,1,6,2,4
450,,15,1,6,6,0
450,,0,1,6,3,3
450,,1,1,6,5,1
450,,2,1,6,1,5
450,,3,1,6,4,2
450,,4,1,6,3,3
450,,5,1,6,2,4
450,,6,1,6,3,3
450,,7,1,6,3,3
450,,8,1,6,0,6
450,,9,1,6,6,0
450,,10,1,6,5,1
450,,11,1,6,4,2
450,,12,1,6,4,2
450,,13,1,6,2,4
450,,14,1,6,3,3
450,,15,1,6,5,1
450,,0,1,6,3,3
450,,1,1,6,2,4
450,,2,1,6,1,5
450,,3,1,6,2,4
450,,4,1,6,3,3
450,,5,1,6,5,1
450,,6,1,6,5,1
450,,7,1,6,4,2
450,,8,1,6,4,2
450,,9,1,6,6,0
450,,10,1,6,4,2
450,,11,1,6,5,1
450,,12,1,6,5,1
450,,13,1,6,3,3
450,,14,1,6,2,4
450,,15,1,6,6,0
450,,0,1,6,2,4
450,,1,1,6,1,5
450,,2,1,6,1,5
450,,3,1,6,2,4
450,,4,1,6,3,3
450,,5,1,6,2,4
450,,6,1,6,5,1
450,,7,1,6,4,2
450,,8,1,6,3,3
450,,9,1,6,6,0
450,,10,1,6,3,3
450,,11,1,6,3,3
450,,12,1,6,3,3
450,,13,1,6,2,4
450,,14,1,6,6,0
450,,15,1,6,1,5
450,,0,1,6,2,4
450,,1,1,6,4,2
450,,2,1,6,6,0
450,,3,1,6,2,4
450,,4,1,6,6,0
450,,5,1,6,3,3
450,,6,1,6,6,0
450,,7,1,6,4,2
450,,8,1,6,3,3
450,,9,1,6,5,1
450,,10,1,6,5,1
450,,11,1,6,5,1
450,,12,1,6,5,1
450,,13,1,6,4,2
450,,14,1,6,5,1
450,,15,1,6,5,1
450,,0,1,6,4,2
450,,1,1,6,5,1
450,,2,1,6,5,1
450,,3,1,6,5,1
450,,4,1,6,0,6
450,,5,1,6,2,4
450,,6,1,6,5,1
450,,7,1,6,5,1
450,,8,1,6,4,2
450,,9,1,6,6,0
450,,10,1,6,5,1
450,,11,1,6,6,0
450,,12,1,6,2,4
450,,13,1,6,3,3
450,,14,1,6,3,3
450,,15,1,6,5,1
450,,0,1,6,2,4
450,,1,1,6,4,2
450,,2,1,6,3,3
450,,3,1,6,4,2
450,,4,1,6,4,2
450,,5,1,6,1,5
450,,6,1,6,5,1
450,,7,1,6,3,3
450,,8,1,6,2,4
450,,9,1,6,5,1
450,,10,1,6,4,2
450,,11,1,6,6,0
450,,12,1,6,2,4
450,,13,1,6,5,1
450,,14,1,6,1,5
450,,15,1,6,4,2
450,,0,1,6,3,3
450,,1,1,6,3,3
450,,2,1,6,0,6
450,,3,1,6,1,5
450,,4,1,6,3,3
450,,5,1,6,1,5
450,,6,1,6,5,1
450,,7,1,6,4,2
450,,8,1,6,2,4
450,,9,1,6,4,2
450,,10,1,6,3,3
450,,11,1,6,6,0
450,,12,1,6,5,1
450,,13,1,6,5,1
450,,14,1,6,3,3
450,,15,1,6,4,2
450,,0,1,6,1,5
450,,1,1,6,4,2
450,,2,1,6,2,4
450,,3,1,6,5,1
450,,4,1,6,2,4
450,,5,1,6,1,5
450,,6,1,6,5,1
450,,7,1,6,1,5
450,,8,1,6,1,5
450,,9,1,6,5,1
450,,10,1,6,5,1
450,,11,1,6,6,0
450,,12,1,6,0,6
450,,13,1,6,4,2
450,,14,1,6,1,5
450,,15,1,6,5,1
500,,0,1,6,5,1
500,,1,1,6,1,5
500,,2,1,6,0,6
500,,3,1,6,3,3
500,,4,1,6,1,5
500,,5,1,6,1,5
500,,6,1,6,1,5
500,,7,1,6,0,6
500,,8,1,6,1,5
500,,9,1,6,1,5
500,,10,1,6,0,6
500,,11,1,6,4,2
500,,12,1,6,0,6
500,,13,1,6,1,5
500,,14,1,6,3,3
500,,15,1,6,0,6
500,,0,1,6,0,6
500,,1,1,6,2,4
500,,2,1,6,1,5
500,,3,1,6,2,4
500,,4,1,6,0,6
500,,5,1,6,5,1
500,,6,1,6,0,6
500,,7,1,6,1,5
500,,8,1,6,3,3
500,,9,1,6,3,3
500,,10,1,6,3,3
500,,11,1,6,0,6
500,,12,1,6,2,4
500,,13,1,6,1,5
500,,14,1,6,1,5
500,,15,1,6,2,4
500,,0,1,6,1,5
500,,1,1,6,0,6
500,,2,1,6,0,6
500,,3,1,6,0,6
500,,4,1,6,1,5
500,,5,1,6,1,5
500,,6,1,6,4,2
500,,7,1,6,2,4
500,,8,1,6,0,6
500,,9,1,6,1,5
500,,10,1,6,0,6
500,,11,1,6,4,2
500,,12,1,6,1,5
500,,13,1,6,1,5
500,,14,1,6,2,4
500,,15,1,6,2,4
500,,0,1,6,2,4
500,,1,1,6,3,3
500,,2,1,6,1,5
500,,3,1,6,1,5
500,,4,1,6,4,2
500,,5,1,6,4,2
500,,6,1,6,3,3
500,,7,1,6,1,5
500,,8,1,6,1,5
500,,9,1,6,1,5
500,,10,1,6,1,5
500,,11,1,6,1,5
500,,12,1,6,4,2
500,,13,1,6,1,5
500,,14,1,6,2,4
500,,15,1,6,1,5
500,,0,1,6,2,4
500,,1,1,6,0,6
500,,2,1,6,4,2
500,,3,1,6,0,6
500,,4,1,6,4,2
500,,5,1,6,1,5
500,,6,1,6,2,4
500,,7,1,6,1,5
500,,8,1,6,1,5
500,,9,1,6,4,2
500,,10,1,6,2,4
500,,11,1,6,3,3
500,,12,1,6,2,4
500,,13,1,6,1,5
500,,14,1,6,2,4
500,,15,1,6,3,3
500,,0,1,6,0,6
500,,1,1,6,2,4
500,,2,1,6,2,4
500,,3,1,6,1,5
500,,4,1,6,1,5
500,,5,1,6,6,0
500,,6,1,6,4,2
500,,7,1,6,1,5
500,,8,1,6,1,5
500,,9,1,6,3,3
500,,10,1,6,1,5
500,,11,1,6,1,5
500,,12,1,6,1,5
500,,13,1,6,1,5
500,,14,1,6,0,6
500,,15,1,6,5,1
500,,0,1,6,1,5
500,,1,1,6,1,5
500,,2,1,6,1,5
500,,3,1,6,0,6
500,,4,1,6,5,1
500,,5,1,6,1,5
500,,6,1,6,2,4
500,,7,1,6,1,5
500,,8,1,6,2,4
500,,9,1,6,4,2
500,,10,1,6,0,6
500,,11,1,6,2,4
500,,12,1,6,1,5
500,,13,1,6,1,5
500,,14,1,6,2,4
500,,15,1,6,3,3
500,,0,1,6,2,4
500,,1,1,6,1,5
500,,2,1,6,0,6
500,,3,1,6,2,4
500,,4,1,6,3,3
500,,5,1,6,2,4
500,,6,1,6,3,3
500,,7,1,6,1,5
500,,8,1,6,2,4
500,,9,1,6,2,4
500,,10,1,6,1,5
500,,11,1,6,0,6
500,,12,1,6,5,1
500,,13,1,6,3,3
500,,14,1,6,2,4
500,,15,1,6,2,4
500,,0,1,6,0,6
500,,1,1,6,0,6
500,,2,1,6,1,5
500,,3,1,6,1,5
500,,4,1,6,4,2
500,,5,1,6,1,5
500,,6,1,6,2,4
500,,7,1,6,4,2
500,,8,1,6,3,3
500,,9,1,6,1,5
500,,10,1,6,1,5
500,,11,1,6,1,5
500,,12,1,6,4,2
500,,13,1,6,4,2
500,,14,1,6,0,6
500,,15,1,6,2,4
500,,0,1,6,4,2
500,,1,1,6,2,4
500,,2,1,6,1,5
500,,3,1,6,2,4
500,,4,1,6,3,3
500,,5,1,6,1,5
500,,6,1,6,0,6
500,,7,1,6,0,6
500,,8,1,6,1,5
500,,9,1,6,3,3
500,,10,1,6,3,3
500,,11,1,6,2,4
500,,12,1,6,2,4
500,,13,1,6,2,4
500,,14,1,6,2,4
500,,15,1,6,0,6
500,,0,1,6,1,5
500,,1,1,6,1,5
500,,2,1,6,2,4
500,,3,1,6,2,4
500,,4,1,6,4,2
500,,5,1,6,2,4
500,,6,1,6,6,0
500,,7,1,6,0,6
500,,8,1,6,0,6
500,,9,1,6,6,0
500,,10,1,6,1,5
500,,11,1,6,5,1
500,,12,1,6,3,3
500,,13,1,6,2,4
500,,14,1,6,1,5
500,,15,1,6,1,5
500,,0,1,6,1,5
500,,1,1,6,3,3
500,,2,1,6,3,3
500,,3,1,6,1,5
500,,4,1,6,4,2
500,,5,1,6,1,5
500,,6,1,6,4,2
500,,7,1,6,0,6
500,,8,1,6,3,3
500,,9,1,6,1,5
500,,10,1,6,2,4
500,,11,1,6,1,5
500,,12,1,6,0,6
500,,13,1,6,3,3
500,,14,1,6,2,4
500,,15,1,6,1,5
500,,0,1,6,1,5
500,,1,1,6,2,4
500,,2,1,6,5,1
500,,3,1,6,4,2
500,,4,1,6,4,2
500,,5,1,6,2,4
500,,6,1,6,4,2
500,,7,1,6,2,4
500,,8,1,6,2,4
500,,9,1,6,1,5
500,,10,1,6,3,3
500,,11,1,6,2,4
500,,12,1,6,4,2
500,,13,1,6,4,2
500,,14,1,6,4,2
500,,15,1,6,1,5
500,,0,1,6,4,2
500,,1,1,6,2,4
500,,2,1,6,2,4
500,,3,1,6,2,4
500,,4,1,6,4,2
500,,5,1,6,1,5
500,,6,1,6,1,5
500,,7,1,6,0,6
500,,8,1,6,2,4
500,,9,1,6,2,4
500,,10,1,6,3,3
500,,11,1,6,1,5
500,,12,1,6,1,5
500,,13,1,6,3,3
500,,14,1,6,2,4
500,,15,1,6,1,5
500,,0,1,6,4,2
500,,1,1,6,1,5
500,,2,1,6,1,5
500,,3,1,6,1,5
500,,4,1,6,6,0
500,,5,1,6,1,5
500,,6,1,6,3,3
500,,7,1,6,0,6
500,,8,1,6,1,5
500,,9,1,6,3,3
500,,10,1,6,2,4
500,,11,1,6,3,3
500,,12,1,6,3,3
500,,13,1,6,6,0
500,,14,1,6,4,2
500,,15,1,6,2,4
500,,0,1,6,1,5
500,,1,1,6,0,6
500,,2,1,6,1,5
500,,3,1,6,0,6
500,,4,1,6,4,2
500,,5,1,6,1,5
500,,6,1,6,1,5
500,,7,1,6,2,4
500,,8,1,6,4,2
500,,9,1,6,0,6
500,,10,1,6,3,3
500,,11,1,6,4,2
500,,12,1,6,1,5
500,,13,1,6,2,4
500,,14,1,6,1,5
500,,15,1,6,0,6
500,,0,1,6,2,4
500,,1,1,6,2,4
500,,2,1,6,4,2
500,,3,1,6,2,4
500,,4,1,6,5,1
500,,5,1,6,4,2
500,,6,1,6,2,4
500,,7,1,6,3,3
500,,8,1,6,2,4
500,,9,1,6,4,2
500,,10,1,6,3,3
500,,11,1,6,1,5
500,,12,1,6,6,0
500,,13,1,6,6,0
500,,14,1,6,3,3
500,,15,1,6,3,3
500,,0,1,6,6,0
500,,1,1,6,5,1
500,,2,1,6,2,4
500,,3,1,6,1,5
500,,4,1,6,4,2
500,,5,1,6,2,4
500,,6,1,6,2,4
500,,7,1,6,3,3
500,,8,1,6,2,4
500,,9,1,6,2,4
500,,10,1,6,3,3
500,,11,1,6,3,3
500,,12,1,6,4,2
500,,13,1,6,5,1
500,,14,1,6,4,2
500,,15,1,6,2,4
500,,0,1,6,5,1
500,,1,1,6,4,2
500,,2,1,6,6,0
500,,3,1,6,5,1
500,,4,1,6,3,3
500,,5,1,6,2,4
500,,6,1,6,5,1
500,,7,1,6,1,5
500,,8,1,6,3,3
500,,9,1,6,4,2
500,,10,1,6,1,5
500,,11,1,6,2,4
500,,12,1,6,5,1
500,,13,1,6,4,2
500,,14,1,6,5,1
500,,15,1,6,4,2
500,,0,1,6,1,5
500,,1,1,6,2,4
500,,2,1,6,3,3
500,,3,1,6,0,6
500,,4,1,6,4,2
500,,5,1,6,4,2
500,,6,1,6,5,1
500,,7,1,6,6,0
500,,8,1,6,2,4
500,,9,1,6,3,3
500,,10,1,6,3,3
500,,11,1,6,1,5
500,,12,1,6,6,0
500,,13,1,6,6,0
500,,14,1,6,1,5
500,,15,1,6,1,5
500,,0,1,6,3,3
500,,1,1,6,3,3
500,,2,1,6,1,5
500,,3,1,6,3,3
500,,4,1,6,5,1
500,,5,1,6,5,1
500,,6,1,6,4,2
500,,7,1,6,3,3
500,,8,1,6,3,3
500,,9,1,6,5,1
500,,10,1,6,3,3
500,,11,1,6,4,2
500,,12,1,6,3,3
500,,13,1,6,3,3
500,,14,1,6,3,3
500,,15,1,6,1,5
500,,0,1,6,2,4
500,,1,1,6,3,3
500,,2,1,6,1,5
500,,3,1,6,4,2
500,,4,1,6,3,3
500,,5,1,6,2,4
500,,6,1,6,1,5
500,,7,1,6,3,3
500,,8,1,6,3,3
500,,9,1,6,2,4
500,,10,1,6,2,4
500,,11,1,6,3,3
500,,12,1,6,5,1
500,,13,1,6,5,1
500,,14,1,6,5,1
500,,15,1,6,2,4
500,,0,1,6,2,4
500,,1,1,6,4,2
500,,2,1,6,6,0
500,,3,1,6,4,2
500,,4,1,6,6,0
500,,5,1,6,6,0
500,,6,1,6,3,3
500,,7,1,6,2,4
500,,8,1,6,1,5
500,,9,1,6,1,5
500,,10,1,6,3,3
500,,11,1,6,3,3
500,,12,1,6,5,1
500,,13,1,6,5,1
500,,14,1,6,3,3
500,,15,1,6,4,2
500,,0,1,6,4,2
500,,1,1,6,3,3
500,,2,1,6,4,2
500,,3,1,6,4,2
500,,4,1,6,6,0
500,,5,1,6,6,0
500,,6,1,6,6,0
500,,7,1,6,3,3
500,,8,1,6,1,5
500,,9,1,6,6,0
500,,10,1,6,2,4
500,,11,1,6,6,0
500,,12,1,6,5,1
500,,13,1,6,5,1
500,,14,1,6,5,1
500,,15,1,6,5,1
500,,0,1,6,5,1
500,,1,1,6,4,2
500,,2,1,6,5,1
500,,3,1,6,5,1
500,,4,1,6,5,1
500,,5,1,6,4,2
500,,6,1,6,5,1
500,,7,1,6,4,2
500,,8,1,6,3,3
500,,9,1,6,4,2
500,,10,1,6,2,4
500,,11,1,6,4,2
500,,12,1,6,5,1
500,,13,1,6,6,0
500,,14,1,6,4,2
500,,15,1,6,4,2
500,,0,1,6,4,2
500,,1,1,6,6,0
500,,2,1,6,5,1
500,,3,1,6,5,1
500,,4,1,6,4,2
500,,5,1,6,6,0
500,,6,1,6,1,5
500,,7,1,6,4,2
500,,8,1,6,4,2
500,,9,1,6,3,3
500,,10,1,6,4,2
500,,11,1,6,1,5
500,,12,1,6,4,2
500,,13,1,6,4,2
500,,14,1,6,4,2
500,,15,1,6,4,2
500,,0,1,6,5,1
500,,1,1,6,4,2
500,,2,1,6,4,2
500,,3,1,6,3,3
500,,4,1,6,2,4
500,,5,1,6,4,2
500,,6,1,6,3,3
500,,7,1,6,3,3
500,,8,1,6,6,0
500,,9,1,6,4,2
500,,10,1,6,6,0
500,,11,1,6,3,3
500,,12,1,6,6,0
500,,13,1,6,6,0
500,,14,1,6,4,2
500,,15,1,6,3,3
500,,0,1,6,3,3
500,,1,1,6,5,1
500,,2,1,6,6,0
500,,3,1,6,3,3
500,,4,1,6,5,1
500,,5,1,6,2,4
500,,6,1,6,4,2
500,,7,1,6,1,5
500,,8,1,6,4,2
500,,9,1,6,4,2
500,,10,1,6,4,2
500,,11,1,6,3,3
500,,12,1,6,5,1
500,,13,1,6,5,1
500,,14,1,6,4,2
500,,15,1,6,1,5
500,,0,1,6,4,2
500,,1,1,6,5,1
500,,2,1,6,6,0
500,,3,1,6,5,1
500,,4,1,6,5,1
500,,5,1,6,5,1
500,,6,1,6,4,2
500,,7,1,6,3,3
500,,8,1,6,4,2
500,,9,1,6,3,3
500,,10,1,6,5,1
500,,11,1,6,4,2
500,,12,1,6,5,1
500,,13,1,6,6,0
500,,14,1,6,4,2
500,,15,1,6,5,1
500,,0,1,6,5,1
500,,1,1,6,5,1
500,,2,1,6,6,0
500,,3,1,6,5,1
500,,4,1,6,5,1
500,,5,1,6,5,1
500,,6,1,6,3,3
500,,7,1,6,6,0
500,,8,1,6,6,0
500,,9,1,6,4,2
500,,10,1,6,6,0
500,,11,1,6,2,4
500,,12,1,6,5,1
500,,13,1,6,4,2
500,,14,1,6,4,2
500,,15,1,6,4,2
500,,0,1,6,4,2
500,,1,1,6,6,0
500,,2,1,6,5,1
500,,3,1,6,5,1
500,,4,1,6,5,1
500,,5,1,6,5,1
500,,6,1,6,2,4
500,,7,1,6,4,2
500,,8,1,6,6,0
500,,9,1,6,5,1
500,,10,1,6,5,1
500,,11,1,6,0,6
500,,12,1,6,5,1
500,,13,1,6,5,1
500,,14,1,6,3,3
500,,15,1,6,4,2
500,,0,1,6,5,1
500,,1,1,6,6,0
500,,2,1,6,6,0
500,,3,1,6,6,0
500,,4,1,6,6,0
500,,5,1,6,5,1
500,,6,1,6,3,3
500,,7,1,6,3,3
500,,8,1,6,6,0
500,,9,1,6,3,3
500,,10,1,6,5,1
500,,11,1,6,2,4
500,,12,1,6,4,2
500,,13,1,6,5,1
500,,14,1,6,5,1
500,,15,1,6,2,4
500,,0,1,6,6,0
500,,1,1,6,6,0
500,,2,1,6,6,0
500,,3,1,6,4,2
500,,4,1,6,5,1
500,,5,1,6,4,2
500,,6,1,6,4,2
500,,7,1,6,3,3
500,,8,1,6,5,1
500,,9,1,6,6,0
500,,10,1,6,6,0
500,,11,1,6,3,3
500,,12,1,6,6,0
500,,13,1,6,4,2
500,,14,1,6,5,1
500,,15,1,6,4,2
500,,0,1,6,5,1
500,,1,1,6,5,1
500,,2,1,6,5,1
500,,3,1,6,4,2
500,,4,1,6,5,1
500,,5,1,6,5,1
500,,6,1,6,2,4
500,,7,1,6,2,4
500,,8,1,6,6,0
500,,9,1,6,3,3
500,,10,1,6,6,0
500,,11,1,6,5,1
500,,12,1,6,6,0
500,,13,1,6,4,2
500,,14,1,6,5,1
500,,15,1,6,4,2
500,,0,1,6,4,2
500,,1,1,6,5,1
500,,2,1,6,6,0
500,,3,1,6,5,1
500,,4,1,6,5,1
500,,5,1,6,5,1
500,,6,1,6,2,4
500,,7,1,6,1,5
500,,8,1,6,6,0
500,,9,1,6,4,2
500,,10,1,6,5,1
500,,11,1,6,4,2
500,,12,1,6,6,0
500,,13,1,6,2,4
500,,14,1,6,4,2
500,,15,1,6,5,1
500,,0,1,6,3,3
500,,13,1,6,1,5
500,,14,1,6,2,4
500,,15,1,6,1,5
500,,0,1,6,2,4
500,,1,1,6,0,6
500,,2,1,6,4,2
500,,3,1,6,0,6
500,,4,1,6,4,2
500,,5,1,6,1,5
500,,6,1,6,2,4
500,,7,1,6,1,5
500,,8,1,6,1,5
500,,9,1,6,4,2
500,,10,1,6,2,4
500,,11,1,6,3,3
500,,12,1,6,2,4
500,,13,1,6,1,5
500,,14,1,6,2,4
500,,15,1,6,3,3
500,,0,1,6,0,6
500,,1,1,6,2,4
500,,2,1,6,2,4
500,,3,1,6,1,5
500,,4,1,6,1,5
500,,5,1,6,6,0
500,,6,1,6,4,2
500,,7,1,6,1,5
500,,8,1,6,1,5
500,,9,1,6,3,3
500,,10,1,6,1,5
500,,11,1,6,1,5
500,,12,1,6,1,5
500,,13,1,6,1,5
500,,14,1,6,0,6
500,,15,1,6,5,1
500,,0,1,6,1,5
500,,1,1,6,1,5
500,,2,1,6,1,5
500,,3,1,6,0,6
500,,4,1,6,5,1
500,,5,1,6,1,5
500,,6,1,6,2,4
500,,7,1,6,1,5
500,,8,1,6,2,4
500,,9,1,6,4,2
500,,10,1,6,0,6
500,,11,1,6,2,4
500,,12,1,6,1,5
500,,13,1,6,1,5
500,,14,1,6,2,4
500,,15,1,6,3,3
500,,0,1,6,2,4
500,,1,1,6,1,5
500,,2,1,6,0,6
500,,3,1,6,2,4
500,,4,1,6,3,3
500,,5,1,6,2,4
500,,6,1,6,3,3
500,,7,1,6,1,5
500,,8,1,6,2,4
500,,9,1,6,2,4
500,,10,1,6,1,5
500,,11,1,6,0,6
500,,12,1,6,5,1
500,,13,1,6,3,3
500,,14,1,6,2,4
500,,15,1,6,2,4
500,,0,1,6,0,6
500,,1,1,6,0,6
500,,2,1,6,1,5
500,,3,1,6,1,5
500,,4,1,6,4,2
500,,5,1,6,1,5
500,,6,1,6,2,4
500,,7,1,6,4,2
500,,8,1,6,3,3
500,,9,1,6,1,5
500,,10,1,6,1,5
500,,11,1,6,1,5
500,,12,1,6,4,2
500,,13,1,6,4,2
500,,14,1,6,0,6
500,,15,1,6,2,4
500,,0,1,6,4,2
500,,1,1,6,2,4
500,,2,1,6,1,5
500,,3,1,6,2,4
500,,4,1,6,3,3
500,,5,1,6,1,5
500,,6,1,6,0,6
500,,7,1,6,0,6
500,,8,1,6,1,5
500,,9,1,6,3,3
500,,10,1,6,3,3
500,,11,1,6,2,4
500,,12,1,6,2,4
500,,13,1,6,2,4
500,,14,1,6,2,4
500,,15,1,6,0,6
500,,0,1,6,1,5
500,,1,1,6,1,5
500,,2,1,6,2,4
500,,3,1,6,2,4
500,,4,1,6,4,2
500,,5,1,6,2,4
500,,6,1,6,6,0
500,,7,1,6,0,6
500,,8,1,6,0,6
500,,9,1,6,6,0
500,,10,1,6,1,5
500,,11,1,6,5,1
500,,12,1,6,3,3
500,,13,1,6,2,4
500,,14,1,6,1,5
500,,15,1,6,1,5
500,,0,1,6,1,5
500,,1,1,6,3,3
500,,2,1,6,3,3
500,,3,1,6,1,5
500,,4,1,6,4,2
500,,5,1,6,1,5
500,,6,1,6,4,2
500,,7,1,6,0,6
500,,8,1,6,3,3
500,,9,1,6,1,5
500,,10,1,6,2,4
500,,11,1,6,1,5
500,,12,1,6,0,6
500,,13,1,6,3,3
500,,14,1,6,2,4
500,,15,1,6,1,5
500,,0,1,6,1,5
500,,1,1,6,2,4
500,,2,1,6,5,1
500,,3,1,6,4,2
500,,4,1,6,4,2
500,,5,1,6,2,4
500,,6,1,6,4,2
500,,7,1,6,2,4
500,,8,1,6,2,4
500,,9,1,6,1,5
500,,10,1,6,3,3
500,,11,1,6,2,4
500,,12,1,6,4,2
500,,13,1,6,4,2
500,,14,1,6,4,2
500,,15,1,6,1,5
500,,0,1,6,4,2
500,,1,1,6,2,4
500,,2,1,6,2,4
500,,3,1,6,2,4
500,,4,1,6,4,2
500,,5,1,6,1,5
500,,6,1,6,1,5
500,,7,1,6,0,6
500,,8,1,6,2,4
500,,9,1,6,2,4
500,,10,1,6,3,3
500,,11,1,6,1,5
500,,12,1,6,1,5
500,,13,1,6,3,3
500,,14,1,6,2,4
500,,15,1,6,1,5
500,,0,1,6,4,2
500,,1,1,6,1,5
500,,2,1,6,1,5
500,,3,1,6,1,5
500,,4,1,6,6,0
500,,5,1,6,1,5
500,,6,1,6,3,3
500,,7,1,6,0,6
500,,8,1,6,1,5
500,,9,1,6,3,3
500,,10,1,6,2,4
500,,11,1,6,3,3
500,,12,1,6,3,3
500,,13,1,6,6,0
500,,14,1,6,4,2
500,,15,1,6,2,4
500,,0,1,6,1,5
500,,1,1,6,0,6
500,,2,1,6,1,5
500,,3,1,6,0,6
500,,4,1,6,4,2
500,,5,1,6,1,5
500,,6,1,6,1,5
500,,7,1,6,2,4
500,,8,1,6,4,2
500,,9,1,6,0,6
500,,10,1,6,3,3
500,,11,1,6,4,2
500,,12,1,6,1,5
500,,13,1,6,2,4
500,,14,1,6,1,5
500,,15,1,6,0,6
500,,0,1,6,2,4
500,,1,1,6,2,4
500,,2,1,6,4,2
500,,3,1,6,2,4
500,,4,1,6,5,1
500,,5,1,6,4,2
500,,6,1,6,2,4
500,,7,1,6,3,3
500,,8,1,6,2,4
500,,9,1,6,4,2
500,,10,1,6,3,3
500,,11,1,6,1,5
500,,12,1,6,6,0
500,,13,1,6,6,0
500,,14,1,6,3,3
500,,15,1,6,3,3
500,,0,1,6,6,0
500,,1,1,6,5,1
500,,2,1,6,2,4
500,,3,1,6,1,5
500,,4,1,6,4,2
500,,5,1,6,2,4
500,,6,1,6,2,4
500,,7,1,6,3,3
500,,8,1,6,2,4
500,,9,1,6,2,4
500,,10,1,6,3,3
500,,11,1,6,3,3
500,,12,1,6,4,2
500,,13,1,6,5,1
500,,14,1,6,4,2
500,,15,1,6,2,4
500,,0,1,6,5,1
500,,1,1,6,4,2
500,,2,1,6,6,0
500,,3,1,6,5,1
500,,4,1,6,3,3
500,,5,1,6,2,4
500,,6,1,6,5,1
500,,7,1,6,1,5
500,,8,1,6,3,3
500,,9,1,6,4,2
500,,10,1,6,1,5
500,,11,1,6,2,4
500,,12,1,6,5,1
500,,13,1,6,4,2
500,,14,1,6,5,1
500,,15,1,6,4,2
500,,0,1,6,1,5
500,,1,1,6,2,4
500,,2,1,6,3,3
500,,3,1,6,0,6
500,,4,1,6,4,2
500,,5,1,6,4,2
500,,6,1,6,5,1
500,,7,1,6,6,0
500,,8,1,6,2,4
500,,9,1,6,3,3
500,,10,1,6,3,3
500,,11,1,6,1,5
500,,12,1,6,6,0
500,,13,1,6,6,0
500,,14,1,6,1,5
500,,15,1,6,1,5
500,,0,1,6,3,3
500,,1,1,6,3,3
500,,2,1,6,1,5
500,,3,1,6,3,3
500,,4,1,6,5,1
500,,5,1,6,5,1
500,,6,1,6,4,2
500,,7,1,6,3,3
500,,8,1,6,3,3
500,,9,1,6,5,1
500,,10,1,6,3,3
500,,11,1,6,4,2
500,,12,1,6,3,3
500,,13,1,6,3,3
500,,14,1,6,3,3
500,,15,1,6,1,5
500,,0,1,6,2,4
500,,1,1,6,3,3
500,,2,1,6,1,5
500,,3,1,6,4,2
500,,4,1,6,3,3
500,,5,1,6,2,4
500,,6,1,6,1,5
500,,7,1,6,3,3
500,,8,1,6,3,3
500,,9,1,6,2,4
500,,10,1,6,2,4
500,,11,1,6,3,3
500,,12,1,6,5,1
500,,13,1,6,5,1
500,,14,1,6,5,1
500,,15,1,6,2,4
500,,0,1,6,2,4
500,,1,1,6,4,2
500,,2,1,6,6,0
500,,3,1,6,4,2
500,,4,1,6,6,0
500,,5,1,6,6,0
500,,6,1,6,3,3
500,,7,1,6,2,4
500,,8,1,6,1,5
500,,9,1,6,1,5
500,,10,1,6,3,3
500,,11,1,6,3,3
500,,12,1,6,5,1
500,,13,1,6,5,1
500,,14,1,6,3,3
500,,15,1,6,4,2
500,,0,1,6,4,2
500,,1,1,6,3,3
500,,2,1,6,4,2
500,,3,1,6,4,2
500,,4,1,6,6,0
500,,5,1,6,6,0
500,,6,1,6,6,0
500,,7,1,6,3,3
500,,8,1,6,1,5
500,,9,1,6,6,0
500,,10,1,6,2,4
500,,11,1,6,6,0
500,,12,1,6,5,1
500,,13,1,6,5,1
500,,14,1,6,5,1
500,,15,1,6,5,1
500,,0,1,6,5,1
500,,1,1,6,4,2
500,,2,1,6,5,1
500,,3,1,6,5,1
500,,4,1,6,5,1
500,,5,1,6,4,2
500,,6,1,6,5,1
500,,7,1,6,4,2
500,,8,1,6,3,3
500,,9,1,6,4,2
500,,10,1,6,2,4
500,,11,1,6,4,2
500,,12,1,6,5,1
500,,13,1,6,6,0
500,,14,1,6,4,2
500,,15,1,6,4,2
500,,0,1,6,4,2
500,,1,1,6,6,0
500,,2,1,6,5,1
500,,3,1,6,5,1
500,,4,1,6,4,2
500,,5,1,6,6,0
500,,6,1,6,1,5
500,,7,1,6,4,2
500,,8,1,6,4,2
500,,9,1,6,3,3
500,,10,1,6,4,2
500,,11,1,6,1,5
500,,12,1,6,4,2
500,,13,1,6,4,2
500,,14,1,6,4,2
500,,15,1,6,4,2
500,,0,1,6,5,1
500,,1,1,6,4,2
500,,2,1,6,4,2
500,,3,1,6,3,3
500,,4,1,6,2,4
500,,5,1,6,4,2
500,,6,1,6,3,3
500,,7,1,6,3,3
500,,8,1,6,6,0
500,,9,1,6,4,2
500,,10,1,6,6,0
500,,11,1,6,3,3
500,,12,1,6,6,0
500,,13,1,6,6,0
500,,14,1,6,4,2
500,,15,1,6,3,3
500,,0,1,6,3,3
500,,1,1,6,5,1
500,,2,1,6,6,0
500,,3,1,6,3,3
500,,4,1,6,5,1
500,,5,1,6,2,4
500,,6,1,6,4,2
500,,7,1,6,1,5
500,,8,1,6,4,2
500,,9,1,6,4,2
500,,10,1,6,4,2
500,,11,1,6,3,3
500,,12,1,6,5,1
500,,13,1,6,5,1
500,,14,1,6,4,2
500,,15,1,6,1,5
500,,0,1,6,4,2
500,,1,1,6,5,1
500,,2,1,6,6,0
500,,3,1,6,5,1
500,,4,1,6,5,1
500,,5,1,6,5,1
500,,6,1,6,4,2
500,,7,1,6,3,3
500,,8,1,6,4,2
500,,9,1,6,3,3
500,,10,1,6,5,1
500,,11,1,6,4,2
500,,12,1,6,5,1
500,,13,1,6,6,0
500,,14,1,6,4,2
500,,15,1,6,5,1
500,,0,1,6,5,1
500,,1,1,6,5,1
500,,2,1,6,6,0
500,,3,1,6,5,1
500,,4,1,6,5,1
500,,5,1,6,5,1
500,,6,1,6,3,3
500,,7,1,6,6,0
500,,8,1,6,6,0
500,,9,1,6,4,2
500,,10,1,6,6,0
500,,11,1,6,2,4
500,,12,1,6,5,1
500,,13,1,6,4,2
500,,14,1,6,4,2
500,,15,1,6,4,2
500,,0,1,6,4,2
500,,1,1,6,6,0
500,,2,1,6,5,1
500,,3,1,6,5,1
500,,4,1,6,5,1
500,,5,1,6,5,1
500,,6,1,6,2,4
500,,7,1,6,4,2
500,,8,1,6,6,0
500,,9,1,6,5,1
500,,10,1,6,5,1
500,,11,1,6,0,6
500,,12,1,6,5,1
500,,13,1,6,5,1
500,,14,1,6,3,3
500,,15,1,6,4,2
500,,0,1,6,5,1
500,,1,1,6,6,0
500,,2,1,6,6,0
500,,3,1,6,6,0
500,,4,1,6,6,0
500,,5,1,6,5,1
500,,6,1,6,3,3
500,,7,1,6,3,3
500,,8,1,6,6,0
500,,9,1,6,3,3
500,,10,1,6,5,1
500,,11,1,6,2,4
500,,12,1,6,4,2
500,,13,1,6,5,1
500,,14,1,6,5,1
500,,15,1,6,2,4
500,,0,1,6,6,0
500,,1,1,6,6,0
500,,2,1,6,6,0
500,,3,1,6,4,2
500,,4,1,6,5,1
500,,5,1,6,4,2
500,,6,1,6,4,2
500,,7,1,6,3,3
500,,8,1,6,5,1
500,,9,1,6,6,0
500,,10,1,6,6,0
500,,11,1,6,3,3
500,,12,1,6,6,0
500,,13,1,6,4,2
500,,14,1,6,5,1
500,,15,1,6,4,2
500,,0,1,6,5,1
500,,1,1,6,5,1
500,,2,1,6,5,1
500,,3,1,6,4,2
500,,4,1,6,5,1
500,,5,1,6,5,1
500,,6,1,6,2,4
500,,7,1,6,2,4
500,,8,1,6,6,0
500,,9,1,6,3,3
500,,10,1,6,6,0
500,,11,1,6,5,1
500,,12,1,6,6,0
500,,13,1,6,4,2
500,,14,1,6,5,1
500,,15,1,6,4,2
500,,0,1,6,4,2
500,,1,1,6,5,1
500,,2,1,6,6,0
500,,3,1,6,5,1
500,,4,1,6,5,1
500,,5,1,6,5,1
500,,6,1,6,2,4
500,,7,1,6,1,5
500,,8,1,6,6,0
500,,9,1,6,4,2
500,,10,1,6,5,1
500,,11,1,6,4,2
500,,12,1,6,6,0
500,,13,1,6,2,4
500,,14,1,6,4,2
500,,15,1,6,5,1
500,,0,1,6,3,3
500,,1,1,6,4,2
500,,2,1,6,5,1
500,,3,1,6,4,2
500,,4,1,6,5,1
500,,5,1,6,5,1
500,,6,1,6,4,2
500,,7,1,6,2,4
500,,8,1,6,5,1
500,,9,1,6,4,2
500,,10,1,6,6,0
500,,11,1,6,4,2
500,,12,1,6,5,1
500,,13,1,6,4,2
500,,14,1,6,2,4
500,,15,1,6,3,3
500,,0,1,6,6,0
500,,1,1,6,6,0
500,,2,1,6,6,0
500,,3,1,6,3,3
500,,4,1,6,4,2
500,,5,1,6,4,2
500,,6,1,6,5,1
500,,7,1,6,2,4
500,,8,1,6,6,0
500,,9,1,6,4,2
500,,10,1,6,6,0
500,,11,1,6,6,0
500,,12,1,6,5,1
500,,13,1,6,5,1
500,,14,1,6,5,1
500,,15,1,6,5,1
500,,0,1,6,4,2
500,,1,1,6,5,1
500,,2,1,6,6,0
500,,3,1,6,4,2
500,,4,1,6,6,0
500,,5,1,6,4,2
500,,6,1,6,4,2
500,,7,1,6,3,3
500,,8,1,6,5,1
500,,9,1,6,6,0
500,,10,1,6,5,1
500,,11,1,6,5,1
500,,12,1,6,4,2
500,,13,1,6,5,1
500,,14,1,6,5,1
500,,15,1,6,3,3
500,,0,1,6,4,2
500,,1,1,6,6,0
500,,2,1,6,6,0
500,,3,1,6,3,3
500,,4,1,6,5,1
500,,5,1,6,3,3
500,,6,1,6,5,1
500,,7,1,6,5,1
500,,8,1,6,6,0
500,,9,1,6,5,1
500,,10,1,6,5,1
500,,11,1,6,3,3
500,,12,1,6,5,1
500,,13,1,6,5,1
500,,14,1,6,5,1
500,,15,1,6,4,2
500,,0,1,6,3,3
500,,1,1,6,6,0
500,,2,1,6,6,0
500,,3,1,6,4,2
500,,4,1,6,3,3
500,,5,1,6,5,1
500,,6,1,6,4,2
500,,7,1,6,3,3
500,,8,1,6,5,1
500,,9,1,6,2,4
500,,10,1,6,6,0
500,,11,1,6,6,0
500,,12,1,6,6,0
500,,13,1,6,4,2
500,,14,1,6,3,3
500,,15,1,6,5,1
500,,0,1,6,6,0
500,,1,1,6,6,0
500,,2,1,6,6,0
500,,3,1,6,4,2
500,,4,1,6,6,0
500,,5,1,6,4,2
500,,6,1,6,4,2
500,,7,1,6,0,6
500,,8,1,6,5,1
500,,9,1,6,3,3
500,,10,1,6,5,1
500,,11,1,6,3,3
500,,12,1,6,6,0
500,,13,1,6,4,2
500,,14,1,6,6,0
500,,15,1,6,5,1
500,,0,1,6,5,1
500,,1,1,6,4,2
500,,2,1,6,6,0
500,,3,1,6,4,2
500,,4,1,6,4,2
500,,5,1,6,5,1
500,,6,1,6,6,0
500,,7,1,6,3,3
500,,8,1,6,5,1
500,,9,1,6,6,0
500,,10,1,6,5,1
500,,11,1,6,4,2
500,,12,1,6,6,0
500,,13,1,6,4,2
500,,14,1,6,3,3
500,,15,1,6,4,2
500,,0,1,6,5,1
500,,1,1,6,4,2
500,,2,1,6,6,0
500,,3,1,6,6,0
500,,4,1,6,6,0
500,,5,1,6,5,1
500,,6,1,6,4,2
500,,7,1,6,1,5
500,,8,1,6,6,0
500,,9,1,6,2,4
500,,10,1,6,4,2
500,,11,1,6,5,1
500,,12,1,6,4,2
500,,13,1,6,4,2
500,,14,1,6,5,1
500,,15,1,6,3,3
500,,0,1,6,5,1
500,,1,1,6,5,1
500,,2,1,6,4,2
500,,3,1,6,1,5
500,,4,1,6,4,2
500,,5,1,6,3,3
500,,6,1,6,5,1
500,,7,1,6,2,4
500,,8,1,6,4,2
500,,9,1,6,6,0
500,,10,1,6,4,2
500,,11,1,6,6,0
500,,12,1,6,5,1
500,,13,1,6,4,2
500,,14,1,6,3,3
500,,15,1,6,3,3
500,,0,1,6,6,0
500,,1,1,6,5,1
500,,2,1,6,4,2
500,,3,1,6,2,4
500,,4,1,6,6,0
500,,5,1,6,5,1
500,,6,1,6,5,1
500,,7,1,6,1,5
500,,8,1,6,5,1
500,,9,1,6,4,2
500,,10,1,6,5,1
500,,11,1,6,5,1
500,,12,1,6,5,1
500,,13,1,6,3,3
500,,14,1,6,6,0
500,,15,1,6,6,0
500,,0,1,6,6,0
500,,1,1,6,6,0
500,,2,1,6,5,1
500,,3,1,6,4,2
500,,4,1,6,5,1
500,,5,1,6,5,1
500,,6,1,6,6,0
500,,7,1,6,1,5
500,,8,1,6,5,1
500,,9,1,6,2,4
500,,10,1,6,5,1
500,,11,1,6,4,2
500,,12,1,6,5,1
500,,13,1,6,5,1
500,,14,1,6,5,1
500,,15,1,6,5,1
500,,0,1,6,5,1
500,,1,1,6,5,1
500,,2,1,6,5,1
500,,3,1,6,6,0
500,,4,1,6,4,2
500,,5,1,6,4,2
500,,6,1,6,5,1
500,,7,1,6,2,4
500,,8,1,6,4,2
500,,9,1,6,1,5
500,,10,1,6,5,1
500,,11,1,6,5,1
500,,12,1,6,4,2
500,,13,1,6,5,1
500,,14,1,6,3,3
500,,15,1,6,4,2
500,,0,1,6,5,1
500,,1,1,6,5,1
500,,2,1,6,5,1
500,,3,1,6,4,2
500,,4,1,6,5,1
500,,5,1,6,1,5
500,,6,1,6,4,2
500,,7,1,6,2,4
500,,8,1,6,3,3
500,,9,1,6,1,5
500,,10,1,6,3,3
500,,11,1,6,4,2
500,,12,1,6,4,2
500,,13,1,6,5,1
500,,14,1,6,4,2
500,,15,1,6,4,2
500,,0,1,6,6,0
500,,1,1,6,5,1
500,,2,1,6,5,1
500,,3,1,6,5,1
500,,4,1,6,4,2
500,,5,1,6,3,3
500,,6,1,6,4,2
500,,7,1,6,2,4
500,,8,1,6,4,2
500,,9,1,6,3,3
500,,10,1,6,4,2
500,,11,1,6,3,3
500,,12,1,6,5,1
500,,13,1,6,2,4
500,,14,1,6,2,4
500,,15,1,6,3,3
500,,0,1,6,6,0
500,,1,1,6,4,2
500,,2,1,6,6,0
500,,3,1,6,2,4
500,,4,1,6,6,0
500,,5,1,6,3,3
500,,6,1,6,5,1
500,,7,1,6,2,4
500,,8,1,6,4,2
500,,9,1,6,2,4
500,,10,1,6,3,3
500,,11,1,6,2,4
500,,12,1,6,4,2
500,,13,1,6,6,0
500,,14,1,6,1,5
500,,15,1,6,4,2
500,,0,1,6,4,2
500,,1,1,6,2,4
500,,2,1,6,3,3
500,,3,1,6,2,4
500,,4,1,6,5,1
500,,5,1,6,4,2
500,,6,1,6,3,3
500,,7,1,6,1,5
500,,8,1,6,3,3
500,,9,1,6,3,3
500,,10,1,6,4,2
500,,11,1,6,4,2
500,,12,1,6,4,2
500,,13,1,6,2,4
500,,14,1,6,5,1
500,,15,1,6,4,2
500,,0,1,6,3,3
500,,1,1,6,4,2
500,,2,1,6,4,2
500,,3,1,6,3,3
500,,4,1,6,6,0
500,,5,1,6,3,3
500,,6,1,6,5,1
500,,7,1,6,2,4
500,,8,1,6,3,3
500,,9,1,6,2,4
500,,10,1,6,4,2
500,,11,1,6,5,1
500,,12,1,6,4,2
500,,13,1,6,1,5
500,,14,1,6,4,2
500,,15,1,6,5,1
500,,0,1,6,4,2
500,,1,1,6,5,1
500,,2,1,6,2,4
500,,3,1,6,1,5
500,,4,1,6,4,2
500,,5,1,6,5,1
500,,6,1,6,5,1
500,,7,1,6,1,5
500,,8,1,6,4,2
500,,9,1,6,4,2
500,,10,1,6,2,4
500,,11,1,6,6,0
500,,12,1,6,2,4
500,,13,1,6,4,2
500,,14,1,6,2,4
500,,15,1,6,3,3
500,,0,1,6,3,3
500,,1,1,6,4,2
500,,2,1,6,1,5
500,,3,1,6,1,5
500,,4,1,6,5,1
500,,5,1,6,4,2
500,,6,1,6,3,3
500,,7,1,6,1,5
500,,8,1,6,6,0
500,,9,1,6,3,3
500,,10,1,6,4,2
500,,11,1,6,4,2
500,,12,1,6,2,4
500,,13,1,6,2,4
500,,14,1,6,2,4
500,,15,1,6,4,2
500,,0,1,6,2,4
500,,1,1,6,4,2
500,,2,1,6,3,3
500,,3,1,6,0,6
500,,4,1,6,6,0
500,,5,1,6,5,1
500,,6,1,6,2,4
500,,7,1,6,0,6
500,,8,1,6,4,2
500,,9,1,6,0,6
500,,10,1,6,4,2
500,,11,1,6,6,0
500,,12,1,6,4,2
500,,13,1,6,1,5
500,,14,1,6,4,2
500,,15,1,6,5,1
500,,0,1,6,4,2
500,,1,1,6,4,2
500,,2,1,6,3,3
500,,3,1,6,0,6
500,,4,1,6,4,2
500,,5,1,6,6,0
500,,6,1,6,4,2
500,,7,1,6,1,5
500,,8,1,6,2,4
500,,9,1,6,1,5
500,,10,1,6,4,2
500,,11,1,6,5,1
500,,12,1,6,6,0
500,,13,1,6,2,4
500,,14,1,6,6,0
500,,15,1,6,6,0
500,,0,1,6,3,3
500,,1,1,6,4,2
500,,2,1,6,4,2
500,,3,1,6,0,6
500,,4,1,6,5,1
500,,5,1,6,3,3
500,,6,1,6,5,1
500,,7,1,6,1,5
500,,8,1,6,3,3
500,,9,1,6,1,5
500,,10,1,6,4,2
500,,11,1,6,6,0
500,,12,1,6,0,6
500,,13,1,6,4,2
500,,14,1,6,2,4
500,,15,1,6,3,3
500,,0,1,6,6,0
500,,1,1,6,5,1
500,,2,1,6,6,0
500,,3,1,6,3,3
500,,4,1,6,6,0
500,,5,1,6,4,2
500,,6,1,6,2,4
500,,7,1,6,0,6
500,,8,1,6,3,3
500,,9,1,6,1,5
500,,10,1,6,3,3
500,,11,1,6,5,1
500,,12,1,6,2,4
500,,13,1,6,2,4
500,,14,1,6,2,4
500,,15,1,6,3,3
500,,0,1,6,2,4
500,,1,1,6,5,1
500,,2,1,6,3,3
500,,3,1,6,2,4
500,,4,1,6,4,2
500,,5,1,6,1,5
500,,6,1,6,4,2
500,,7,1,6,2,4
500,,8,1,6,3,3
500,,9,1,6,3,3
500,,10,1,6,4,2
500,,11,1,6,2,4
500,,12,1,6,3,3
500,,13,1,6,2,4
500,,14,1,6,3,3
500,,15,1,6,3,3
550,,0,1,6,0,6
550,,1,1,6,3,3
550,,2,1,6,1,5
550,,3,1,6,0,6
550,,4,1,6,0,6
550,,5,1,6,3,3
550,,6,1,6,2,4
550,,7,1,6,1,5
550,,8,1,6,2,4
550,,9,1,6,2,4
550,,10,1,6,0,6
550,,11,1,6,2,4
550,,12,1,6,0,6
550,,13,1,6,0,6
550,,14,1,6,0,6
550,,15,1,6,0,6
550,,0,1,6,2,4
550,,1,1,6,3,3
550,,2,1,6,2,4
550,,3,1,6,0,6
550,,4,1,6,3,3
550,,5,1,6,0,6
550,,6,1,6,0,6
550,,7,1,6,3,3
550,,8,1,6,2,4
550,,9,1,6,2,4
550,,10,1,6,2,4
550,,11,1,6,3,3
550,,12,1,6,1,5
550,,13,1,6,2,4
550,,14,1,6,2,4
550,,15,1,6,3,3
550,,0,1,6,0,6
550,,1,1,6,4,2
550,,2,1,6,3,3
550,,3,1,6,1,5
550,,4,1,6,3,3
550,,5,1,6,2,4
550,,6,1,6,1,5
550,,7,1,6,4,2
550,,8,1,6,3,3
550,,9,1,6,4,2
550,,10,1,6,0,6
550,,11,1,6,2,4
550,,12,1,6,1,5
550,,13,1,6,2,4
550,,14,1,6,2,4
550,,15,1,6,4,2
550,,0,1,6,1,5
550,,1,1,6,5,1
550,,2,1,6,5,1
550,,3,1,6,1,5
550,,4,1,6,3,3
550,,5,1,6,5,1
550,,6,1,6,2,4
550,,7,1,6,4,2
550,,8,1,6,3,3
550,,9,1,6,3,3
550,,10,1,6,5,1
550,,11,1,6,5,1
550,,12,1,6,6,0
550,,13,1,6,1,5
550,,14,1,6,0,6
550,,15,1,6,4,2
550,,0,1,6,1,5
550,,1,1,6,0,6
550,,2,1,6,5,1
550,,3,1,6,1,5
550,,4,1,6,1,5
550,,5,1,6,1,5
550,,6,1,6,1,5
550,,7,1,6,2,4
550,,8,1,6,1,5
550,,9,1,6,2,4
550,,10,1,6,4,2
550,,11,1,6,1,5
550,,12,1,6,5,1
550,,13,1,6,5,1
550,,14,1,6,1,5
550,,15,1,6,3,3
550,,0,1,6,2,4
550,,1,1,6,4,2
550,,2,1,6,3,3
550,,3,1,6,2,4
550,,4,1,6,2,4
550,,5,1,6,5,1
550,,6,1,6,3,3
550,,7,1,6,5,1
550,,8,1,6,3,3
550,,9,1,6,4,2
550,,10,1,6,3,3
550,,11,1,6,5,1
550,,12,1,6,2,4
550,,13,1,6,3,3
550,,14,1,6,1,5
550,,15,1,6,5,1
550,,0,1,6,2,4
550,,1,1,6,3,3
550,,2,1,6,1,5
550,,3,1,6,3,3
550,,4,1,6,4,2
550,,5,1,6,4,2
550,,6,1,6,4,2
550,,7,1,6,4,2
550,,8,1,6,4,2
550,,9,1,6,4,2
550,,10,1,6,1,5
550,,11,1,6,1,5
550,,12,1,6,2,4
550,,13,1,6,6,0
550,,14,1,6,0,6
550,,15,1,6,1,5
550,,0,1,6,1,5
550,,1,1,6,2,4
550,,2,1,6,1,5
550,,3,1,6,5,1
550,,4,1,6,6,0
550,,5,1,6,1,5
550,,6,1,6,3,3
550,,7,1,6,6,0
550,,8,1,6,4,2
550,,9,1,6,3,3
550,,10,1,6,6,0
550,,11,1,6,4,2
550,,12,1,6,6,0
550,,13,1,6,1,5
550,,14,1,6,1,5
550,,15,1,6,2,4
550,,0,1,6,0,6
550,,1,1,6,2,4
550,,2,1,6,6,0
550,,3,1,6,4,2
550,,4,1,6,2,4
550,,5,1,6,2,4
550,,6,1,6,2,4
550,,7,1,6,2,4
550,,8,1,6,2,4
550,,9,1,6,1,5
550,,10,1,6,3,3
550,,11,1,6,4,2
550,,12,1,6,3,3
550,,13,1,6,1,5
550,,14,1,6,2,4
550,,15,1,6,5,1
550,,0,1,6,1,5
550,,1,1,6,2,4
550,,2,1,6,5,1
550,,3,1,6,2,4
550,,4,1,6,4,2
550,,5,1,6,0,6
550,,6,1,6,3,3
550,,7,1,6,3,3
550,,8,1,6,4,2
550,,9,1,6,5,1
550,,10,1,6,5,1
550,,11,1,6,3,3
550,,12,1,6,4,2
550,,13,1,6,6,0
550,,14,1,6,5,1
550,,15,1,6,2,4
550,,0,1,6,1,5
550,,1,1,6,2,4
550,,2,1,6,5,1
550,,3,1,6,3,3
550,,4,1,6,3,3
550,,5,1,6,2,4
550,,6,1,6,2,4
550,,7,1,6,4,2
550,,8,1,6,3,3
550,,9,1,6,5,1
550,,10,1,6,2,4
550,,11,1,6,1,5
550,,12,1,6,2,4
550,,13,1,6,5,1
550,,14,1,6,2,4
550,,15,1,6,3,3
550,,0,1,6,3,3
550,,1,1,6,2,4
550,,2,1,6,6,0
550,,3,1,6,3,3
550,,4,1,6,3,3
550,,5,1,6,2,4
550,,6,1,6,4,2
550,,7,1,6,4,2
550,,8,1,6,1,5
550,,9,1,6,2,4
550,,10,1,6,0,6
550,,11,1,6,5,1
550,,12,1,6,1,5
550,,13,1,6,4,2
550,,14,1,6,1,5
550,,15,1,6,2,4
550,,0,1,6,1,5
550,,1,1,6,3,3
550,,2,1,6,5,1
550,,3,1,6,3,3
550,,4,1,6,6,0
550,,5,1,6,2,4
550,,6,1,6,1,5
550,,7,1,6,2,4
550,,8,1,6,1,5
550,,9,1,6,2,4
550,,10,1,6,1,5
550,,11,1,6,3,3
550,,12,1,6,1,5
550,,13,1,6,5,1
550,,14,1,6,2,4
550,,15,1,6,3,3
550,,0,1,6,2,4
550,,1,1,6,0,6
550,,2,1,6,5,1
550,,3,1,6,6,0
550,,4,1,6,4,2
550,,5,1,6,0,6
550,,6,1,6,6,0
550,,7,1,6,5,1
550,,8,1,6,2,4
550,,9,1,6,5,1
550,,10,1,6,2,4
550,,11,1,6,6,0
550,,12,1,6,1,5
550,,13,1,6,5,1
550,,14,1,6,4,2
550,,15,1,6,0,6
550,,0,1,6,1,5
550,,1,1,6,2,4
550,,2,1,6,5,1
550,,3,1,6,4,2
550,,4,1,6,1,5
550,,5,1,6,1,5
550,,6,1,6,2,4
550,,7,1,6,1,5
550,,8,1,6,4,2
550,,9,1,6,4,2
550,,10,1,6,2,4
550,,11,1,6,4,2
550,,12,1,6,5,1
550,,13,1,6,3,3
550,,14,1,6,3,3
550,,15,1,6,5,1
550,,0,1,6,2,4
550,,1,1,6,0,6
550,,2,1,6,4,2
550,,3,1,6,3,3
550,,4,1,6,6,0
550,,5,1,6,3,3
550,,6,1,6,3,3
550,,7,1,6,5,1
550,,8,1,6,2,4
550,,9,1,6,4,2
550,,10,1,6,3,3
550,,11,1,6,5,1
550,,12,1,6,3,3
550,,13,1,6,3,3
550,,14,1,6,2,4
550,,15,1,6,3,3
550,,0,1,6,3,3
550,,1,1,6,0,6
550,,2,1,6,4,2
550,,3,1,6,2,4
550,,4,1,6,5,1
550,,5,1,6,0,6
550,,6,1,6,6,0
550,,7,1,6,5,1
550,,8,1,6,2,4
550,,9,1,6,4,2
550,,10,1,6,5,1
550,,11,1,6,5,1
550,,12,1,6,5,1
550,,13,1,6,4,2
550,,14,1,6,1,5
550,,15,1,6,6,0
550,,0,1,6,2,4
550,,1,1,6,2,4
550,,2,1,6,6,0
550,,3,1,6,4,2
550,,4,1,6,3,3
550,,5,1,6,0,6
550,,6,1,6,1,5
550,,7,1,6,3,3
550,,8,1,6,5,1
550,,9,1,6,5,1
550,,10,1,6,3,3
550,,11,1,6,4,2
550,,12,1,6,4,2
550,,13,1,6,3,3
550,,14,1,6,4,2
550,,15,1,6,2,4
550,,0,1,6,3,3
550,,1,1,6,1,5
550,,2,1,6,0,6
550,,3,1,6,4,2
550,,4,1,6,4,2
550,,5,1,6,2,4
550,,6,1,6,4,2
550,,7,1,6,1,5
550,,8,1,6,5,1
550,,9,1,6,6,0
550,,10,1,6,4,2
550,,11,1,6,4,2
550,,12,1,6,5,1
550,,13,1,6,2,4
550,,14,1,6,1,5
550,,15,1,6,4,2
550,,0,1,6,3,3
550,,1,1,6,2,4
550,,2,1,6,4,2
550,,3,1,6,5,1
550,,4,1,6,5,1
550,,5,1,6,2,4
550,,6,1,6,4,2
550,,7,1,6,5,1
550,,8,1,6,1,5
550,,9,1,6,3,3
550,,10,1,6,6,0
550,,11,1,6,5,1
550,,12,1,6,4,2
550,,13,1,6,3,3
550,,14,1,6,4,2
550,,15,1,6,3,3
550,,0,1,6,2,4
550,,1,1,6,1,5
550,,2,1,6,6,0
550,,3,1,6,3,3
550,,4,1,6,4,2
550,,5,1,6,2,4
550,,6,1,6,4,2
550,,7,1,6,6,0
550,,8,1,6,4,2
550,,9,1,6,6,0
550,,10,1,6,6,0
550,,11,1,6,4,2
550,,12,1,6,6,0
550,,13,1,6,6,0
550,,14,1,6,3,3
550,,15,1,6,4,2
550,,0,1,6,4,2
550,,1,1,6,1,5
550,,2,1,6,6,0
550,,3,1,6,5,1
550,,4,1,6,5,1
550,,5,1,6,1,5
550,,6,1,6,4,2
550,,7,1,6,6,0
550,,8,1,6,4,2
550,,9,1,6,5,1
550,,10,1,6,6,0
550,,11,1,6,4,2
550,,12,1,6,6,0
550,,13,1,6,3,3
550,,14,1,6,4,2
550,,15,1,6,4,2
550,,0,1,6,3,3
550,,1,1,6,1,5
550,,2,1,6,6,0
550,,3,1,6,5,1
550,,4,1,6,5,1
550,,5,1,6,4,2
550,,6,1,6,4,2
550,,7,1,6,4,2
550,,8,1,6,5,1
550,,9,1,6,4,2
550,,10,1,6,5,1
550,,11,1,6,4,2
550,,12,1,6,5,1
550,,13,1,6,5,1
550,,14,1,6,4,2
550,,15,1,6,5,1
550,,0,1,6,3,3
550,,1,1,6,4,2
550,,2,1,6,4,2
550,,3,1,6,4,2
550,,4,1,6,3,3
550,,5,1,6,3,3
550,,6,1,6,4,2
550,,7,1,6,3,3
550,,8,1,6,4,2
550,,9,1,6,4,2
550,,10,1,6,6,0
550,,11,1,6,4,2
550,,12,1,6,6,0
550,,13,1,6,5,1
550,,14,1,6,2,4
550,,15,1,6,4,2
550,,0,1,6,1,5
550,,1,1,6,1,5
550,,2,1,6,4,2
550,,3,1,6,3,3
550,,4,1,6,5,1
550,,5,1,6,3,3
550,,6,1,6,4,2
550,,7,1,6,5,1
550,,8,1,6,4,2
550,,9,1,6,5,1
550,,10,1,6,2,4
550,,11,1,6,3,3
550,,12,1,6,4,2
550,,13,1,6,6,0
550,,14,1,6,2,4
550,,15,1,6,3,3
550,,0,1,6,4,2
550,,1,1,6,0,6
550,,2,1,6,3,3
550,,3,1,6,6,0
550,,4,1,6,5,1
550,,5,1,6,4,2
550,,6,1,6,5,1
550,,7,1,6,5,1
550,,8,1,6,4,2
550,,9,1,6,5,1
550,,10,1,6,6,0
550,,11,1,6,6,0
550,,12,1,6,6,0
550,,13,1,6,3,3
550,,14,1,6,3,3
550,,15,1,6,4,2
550,,0,1,6,5,1
550,,1,1,6,4,2
550,,2,1,6,6,0
550,,3,1,6,6,0
550,,4,1,6,4,2
550,,5,1,6,6,0
550,,6,1,6,6,0
550,,7,1,6,5,1
550,,8,1,6,3,3
550,,9,1,6,5,1
550,,10,1,6,6,0
550,,11,1,6,5,1
550,,12,1,6,6,0
550,,13,1,6,2,4
550,,14,1,6,5,1
550,,15,1,6,6,0
550,,0,1,6,3,3
550,,1,1,6,5,1
550,,2,1,6,6,0
550,,3,1,6,6,0
550,,4,1,6,5,1
550,,5,1,6,6,0
550,,6,1,6,6,0
550,,7,1,6,5,1
550,,8,1,6,6,0
550,,9,1,6,6,0
550,,10,1,6,4,2
550,,11,1,6,6,0
550,,12,1,6,4,2
550,,13,1,6,3,3
550,,14,1,6,1,5
550,,15,1,6,2,4
550,,0,1,6,5,1
550,,1,1,6,5,1
550,,2,1,6,6,0
550,,3,1,6,3,3
550,,4,1,6,3,3
550,,5,1,6,6,0
550,,6,1,6,6,0
550,,7,1,6,6,0
550,,8,1,6,2,4
550,,9,1,6,5,1
550,,10,1,6,6,0
550,,11,1,6,3,3
550,,12,1,6,5,1
550,,13,1,6,5,1
550,,14,1,6,5,1
550,,15,1,6,5,1
550,,0,1,6,6,0
550,,1,1,6,5,1
550,,2,1,6,5,1
550,,3,1,6,2,4
550,,4,1,6,2,4
550,,5,1,6,6,0
550,,6,1,6,4,2
550,,7,1,6,6,0
550,,8,1,6,4,2
550,,9,1,6,5,1
550,,10,1,6,6,0
550,,11,1,6,1,5
550,,12,1,6,5,1
550,,13,1,6,4,2
550,,14,1,6,6,0
550,,15,1,6,6,0
550,,0,1,6,3,3
550,,1,1,6,5,1
550,,2,1,6,6,0
550,,3,1,6,5,1
550,,4,1,6,5,1
550,,5,1,6,5,1
550,,6,1,6,4,2
550,,7,1,6,5,1
550,,8,1,6,4,2
550,,9,1,6,4,2
550,,10,1,6,2,4
550,,11,1,6,5,1
550,,12,1,6,5,1
550,,13,1,6,1,5
550,,14,1,6,3,3
550,,15,1,6,5,1
550,,0,1,6,2,4
550,,1,1,6,6,0
550,,2,1,6,4,2
550,,3,1,6,5,1
550,,4,1,6,3,3
550,,5,1,6,6,0
550,,6,1,6,2,4
550,,7,1,6,6,0
550,,8,1,6,6,0
550,,9,1,6,5,1
550,,10,1,6,6,0
550,,11,1,6,4,2
550,,12,1,6,6,0
550,,13,1,6,5,1
550,,14,1,6,1,5
550,,15,1,6,4,2
550,,0,1,6,6,0
550,,1,1,6,4,2
550,,2,1,6,6,0
550,,3,1,6,6,0
550,,4,1,6,4,2
550,,5,1,6,4,2
550,,6,1,6,5,1
550,,7,1,6,6,0
550,,8,1,6,5,1
550,,9,1,6,4,2
550,,10,1,6,6,0
550,,11,1,6,3,3
550,,12,1,6,5,1
550,,13,1,6,5,1
550,,14,1,6,5,1
550,,15,1,6,6,0
550,,0,1,6,4,2
550,,1,1,6,6,0
550,,2,1,6,5,1
550,,3,1,6,6,0
550,,4,1,6,6,0
550,,5,1,6,6,0
550,,6,1,6,4,2
550,,7,1,6,5,1
550,,8,1,6,5,1
550,,9,1,6,4,2
550,,10,1,6,5,1
550,,11,1,6,5,1
550,,12,1,6,6,0
550,,13,1,6,4,2
550,,14,1,6,6,0
550,,15,1,6,5,1
550,,0,1,6,5,1
550,,1,1,6,6,0
550,,2,1,6,5,1
550,,3,1,6,5,1
550,,4,1,6,5,1
550,,5,1,6,5,1
550,,6,1,6,6,0
550,,7,1,6,6,0
550,,8,1,6,2,4
550,,9,1,6,5,1
550,,10,1,6,6,0
550,,11,1,6,2,4
550,,12,1,6,4,2
550,,13,1,6,5,1
550,,14,1,6,5,1
550,,15,1,6,5,1
550,,0,1,6,3,3
550,,1,1,6,5,1
550,,2,1,6,6,0
550,,3,1,6,4,2
550,,4,1,6,3,3
550,,5,1,6,5,1
550,,6,1,6,5,1
550,,7,1,6,5,1
550,,8,1,6,5,1
550,,9,1,6,2,4
550,,10,1,6,5,1
550,,11,1,6,4,2
550,,12,1,6,3,3
550,,13,1,6,5,1
550,,14,1,6,5,1
550,,15,1,6,4,2
550,,0,1,6,5,1
550,,1,1,6,6,0
550,,2,1,6,6,0
550,,3,1,6,4,2
550,,4,1,6,6,0
550,,5,1,6,6,0
550,,6,1,6,6,0
550,,7,1,6,5,1
550,,8,1,6,3,3
550,,9,1,6,1,5
550,,10,1,6,5,1
550,,11,1,6,6,0
550,,12,1,6,5,1
550,,13,1,6,5,1
550,,14,1,6,5,1
550,,15,1,6,4,2
550,,0,1,6,5,1
550,,1,1,6,4,2
550,,2,1,6,4,2
550,,3,1,6,6,0
550,,4,1,6,6,0
550,,5,1,6,5,1
550,,6,1,6,3,3
550,,7,1,6,6,0
550,,8,1,6,4,2
550,,9,1,6,3,3
550,,10,1,6,6,0
550,,11,1,6,5,1
550,,12,1,6,4,2
550,,13,1,6,5,1
550,,14,1,6,5,1
550,,15,1,6,5,1
550,,0,1,6,6,0
550,,1,1,6,6,0
550,,2,1,6,4,2
550,,3,1,6,6,0
550,,4,1,6,4,2
550,,5,1,6,6,0
550,,6,1,6,5,1
550,,7,1,6,5,1
550,,8,1,6,5,1
500,,1,1,6,4,2
500,,2,1,6,5,1
500,,3,1,6,4,2
500,,4,1,6,5,1
500,,5,1,6,5,1
500,,6,1,6,4,2
500,,7,1,6,2,4
500,,8,1,6,5,1
500,,9,1,6,4,2
500,,10,1,6,6,0
500,,11,1,6,4,2
500,,12,1,6,5,1
500,,13,1,6,4,2
500,,14,1,6,2,4
500,,15,1,6,3,3
500,,0,1,6,6,0
500,,1,1,6,6,0
500,,2,1,6,6,0
500,,3,1,6,3,3
500,,4,1,6,4,2
500,,5,1,6,4,2
500,,6,1,6,5,1
500,,7,1,6,2,4
500,,8,1,6,6,0
500,,9,1,6,4,2
500,,10,1,6,6,0
500,,11,1,6,6,0
500,,12,1,6,5,1
500,,13,1,6,5,1
500,,14,1,6,5,1
500,,15,1,6,5,1
500,,0,1,6,4,2
500,,1,1,6,5,1
500,,2,1,6,6,0
500,,3,1,6,4,2
500,,4,1,6,6,0
500,,5,1,6,4,2
500,,6,1,6,4,2
500,,7,1,6,3,3
500,,8,1,6,5,1
500,,9,1,6,6,0
500,,10,1,6,5,1
500,,11,1,6,5,1
500,,12,1,6,4,2
500,,13,1,6,5,1
500,,14,1,6,5,1
500,,15,1,6,3,3
500,,0,1,6,4,2
500,,1,1,6,6,0
500,,2,1,6,6,0
500,,3,1,6,3,3
500,,4,1,6,5,1
500,,5,1,6,3,3
500,,6,1,6,5,1
500,,7,1,6,5,1
500,,8,1,6,6,0
500,,9,1,6,5,1
500,,10,1,6,5,1
500,,11,1,6,3,3
500,,12,1,6,5,1
500,,13,1,6,5,1
500,,14,1,6,5,1
500,,15,1,6,4,2
500,,0,1,6,3,3
500,,1,1,6,6,0
500,,2,1,6,6,0
500,,3,1,6,4,2
500,,4,1,6,3,3
500,,5,1,6,5,1
500,,6,1,6,4,2
500,,7,1,6,3,3
500,,8,1,6,5,1
500,,9,1,6,2,4
500,,10,1,6,6,0
500,,11,1,6,6,0
500,,12,1,6,6,0
500,,13,1,6,4,2
500,,14,1,6,3,3
500,,15,1,6,5,1
500,,0,1,6,6,0
500,,1,1,6,6,0
500,,2,1,6,6,0
500,,3,1,6,4,2
500,,4,1,6,6,0
500,,5,1,6,4,2
500,,6,1,6,4,2
500,,7,1,6,0,6
500,,8,1,6,5,1
500,,9,1,6,3,3
500,,10,1,6,5,1
500,,11,1,6,3,3
500,,12,1,6,6,0
500,,13,1,6,4,2
500,,14,1,6,6,0
500,,15,1,6,5,1
500,,0,1,6,5,1
500,,1,1,6,4,2
500,,2,1,6,6,0
500,,3,1,6,4,2
500,,4,1,6,4,2
500,,5,1,6,5,1
500,,6,1,6,6,0
500,,7,1,6,3,3
500,,8,1,6,5,1
500,,9,1,6,6,0
500,,10,1,6,5,1
500,,11,1,6,4,2
500,,12,1,6,6,0
500,,13,1,6,4,2
500,,14,1,6,3,3
500,,15,1,6,4,2
500,,0,1,6,5,1
500,,1,1,6,4,2
500,,2,1,6,6,0
500,,3,1,6,6,0
500,,4,1,6,6,0
500,,5,1,6,5,1
500,,6,1,6,4,2
500,,7,1,6,1,5
500,,8,1,6,6,0
500,,9,1,6,2,4
500,,10,1,6,4,2
500,,11,1,6,5,1
500,,12,1,6,4,2
500,,13,1,6,4,2
500,,14,1,6,5,1
500,,15,1,6,3,3
500,,0,1,6,5,1
500,,1,1,6,5,1
500,,2,1,6,4,2
500,,3,1,6,1,5
500,,4,1,6,4,2
500,,5,1,6,3,3
500,,6,1,6,5,1
500,,7,1,6,2,4
500,,8,1,6,4,2
500,,9,1,6,6,0
500,,10,1,6,4,2
500,,11,1,6,6,0
500,,12,1,6,5,1
500,,13,1,6,4,2
500,,14,1,6,3,3
500,,15,1,6,3,3
500,,0,1,6,6,0
500,,1,1,6,5,1
500,,2,1,6,4,2
500,,3,1,6,2,4
500,,4,1,6,6,0
500,,5,1,6,5,1
500,,6,1,6,5,1
500,,7,1,6,1,5
500,,8,1,6,5,1
500,,9,1,6,4,2
500,,10,1,6,5,1
500,,11,1,6,5,1
500,,12,1,6,5,1
500,,13,1,6,3,3
500,,14,1,6,6,0
500,,15,1,6,6,0
500,,0,1,6,6,0
500,,1,1,6,6,0
500,,2,1,6,5,1
500,,3,1,6,4,2
500,,4,1,6,5,1
500,,5,1,6,5,1
500,,6,1,6,6,0
500,,7,1,6,1,5
500,,8,1,6,5,1
500,,9,1,6,2,4
500,,10,1,6,5,1
500,,11,1,6,4,2
500,,12,1,6,5,1
500,,13,1,6,5,1
500,,14,1,6,5,1
500,,15,1,6,5,1
500,,0,1,6,5,1
500,,1,1,6,5,1
500,,2,1,6,5,1
500,,3,1,6,6,0
500,,4,1,6,4,2
500,,5,1,6,4,2
500,,6,1,6,5,1
500,,7,1,6,2,4
500,,8,1,6,4,2
500,,9,1,6,1,5
500,,10,1,6,5,1
500,,11,1,6,5,1
500,,12,1,6,4,2
500,,13,1,6,5,1
500,,14,1,6,3,3
500,,15,1,6,4,2
500,,0,1,6,5,1
500,,1,1,6,5,1
500,,2,1,6,5,1
500,,3,1,6,4,2
500,,4,1,6,5,1
500,,5,1,6,1,5
500,,6,1,6,4,2
500,,7,1,6,2,4
500,,8,1,6,3,3
500,,9,1,6,1,5
500,,10,1,6,3,3
500,,11,1,6,4,2
500,,12,1,6,4,2
500,,13,1,6,5,1
500,,14,1,6,4,2
500,,15,1,6,4,2
500,,0,1,6,6,0
500,,1,1,6,5,1
500,,2,1,6,5,1
500,,3,1,6,5,1
500,,4,1,6,4,2
500,,5,1,6,3,3
500,,6,1,6,4,2
500,,7,1,6,2,4
500,,8,1,6,4,2
500,,9,1,6,3,3
500,,10,1,6,4,2
500,,11,1,6,3,3
500,,12,1,6,5,1
500,,13,1,6,2,4
500,,14,1,6,2,4
500,,15,1,6,3,3
500,,0,1,6,6,0
500,,1,1,6,4,2
500,,2,1,6,6,0
500,,3,1,6,2,4
500,,4,1,6,6,0
500,,5,1,6,3,3
500,,6,1,6,5,1
500,,7,1,6,2,4
500,,8,1,6,4,2
500,,9,1,6,2,4
500,,10,1,6,3,3
500,,11,1,6,2,4
500,,12,1,6,4,2
500,,13,1,6,6,0
500,,14,1,6,1,5
500,,15,1,6,4,2
500,,0,1,6,4,2
500,,1,1,6,2,4
500,,2,1,6,3,3
500,,3,1,6,2,4
500,,4,1,6,5,1
500,,5,1,6,4,2
500,,6,1,6,3,3
500,,7,1,6,1,5
500,,8,1,6,3,3
500,,9,1,6,3,3
500,,10,1,6,4,2
500,,11,1,6,4,2
500,,12,1,6,4,2
500,,13,1,6,2,4
500,,14,1,6,5,1
500,,15,1,6,4,2
500,,0,1,6,3,3
500,,1,1,6,4,2
500,,2,1,6,4,2
500,,3,1,6,3,3
500,,4,1,6,6,0
500,,5,1,6,3,3
500,,6,1,6,5,1
500,,7,1,6,2,4
500,,8,1,6,3,3
500,,9,1,6,2,4
500,,10,1,6,4,2
500,,11,1,6,5,1
500,,12,1,6,4,2
500,,13,1,6,1,5
500,,14,1,6,4,2
500,,15,1,6,5,1
500,,0,1,6,4,2
500,,1,1,6,5,1
500,,2,1,6,2,4
500,,3,1,6,1,5
500,,4,1,6,4,2
500,,5,1,6,5,1
500,,6,1,6,5,1
500,,7,1,6,1,5
500,,8,1,6,4,2
500,,9,1,6,4,2
500,,10,1,6,2,4
500,,11,1,6,6,0
500,,12,1,6,2,4
500,,13,1,6,4,2
500,,14,1,6,2,4
500,,15,1,6,3,3
500,,0,1,6,3,3
500,,1,1,6,4,2
500,,2,1,6,1,5
500,,3,1,6,1,5
500,,4,1,6,5,1
500,,5,1,6,4,2
500,,6,1,6,3,3
500,,7,1,6,1,5
500,,8,1,6,6,0
500,,9,1,6,3,3
500,,10,1,6,4,2
500,,11,1,6,4,2
500,,12,1,6,2,4
500,,13,1,6,2,4
500,,14,1,6,2,4
500,,15,1,6,4,2
500,,0,1,6,2,4
500,,1,1,6,4,2
500,,2,1,6,3,3
500,,3,1,6,0,6
500,,4,1,6,6,0
500,,5,1,6,5,1
500,,6,1,6,2,4
500,,7,1,6,0,6
500,,8,1,6,4,2
500,,9,1,6,0,6
500,,10,1,6,4,2
500,,11,1,6,6,0
500,,12,1,6,4,2
500,,13,1,6,1,5
500,,14,1,6,4,2
500,,15,1,6,5,1
500,,0,1,6,4,2
500,,1,1,6,4,2
500,,2,1,6,3,3
500,,3,1,6,0,6
500,,4,1,6,4,2
500,,5,1,6,6,0
500,,6,1,6,4,2
500,,7,1,6,1,5
500,,8,1,6,2,4
500,,9,1,6,1,5
500,,10,1,6,4,2
500,,11,1,6,5,1
500,,12,1,6,6,0
500,,13,1,6,2,4
500,,14,1,6,6,0
500,,15,1,6,6,0
500,,0,1,6,3,3
500,,1,1,6,4,2
500,,2,1,6,4,2
500,,3,1,6,0,6
500,,4,1,6,5,1
500,,5,1,6,3,3
500,,6,1,6,5,1
500,,7,1,6,1,5
500,,8,1,6,3,3
500,,9,1,6,1,5
500,,10,1,6,4,2
500,,11,1,6,6,0
500,,12,1,6,0,6
500,,13,1,6,4,2
500,,14,1,6,2,4
500,,15,1,6,3,3
500,,0,1,6,6,0
500,,1,1,6,5,1
500,,2,1,6,6,0
500,,3,1,6,3,3
500,,4,1,6,6,0
500,,5,1,6,4,2
500,,6,1,6,2,4
500,,7,1,6,0,6
500,,8,1,6,3,3
500,,9,1,6,1,5
500,,10,1,6,3,3
500,,11,1,6,5,1
500,,12,1,6,2,4
500,,13,1,6,2,4
500,,14,1,6,2,4
500,,15,1,6,3,3
500,,0,1,6,2,4
500,,1,1,6,5,1
500,,2,1,6,3,3
500,,3,1,6,2,4
500,,4,1,6,4,2
500,,5,1,6,1,5
500,,6,1,6,4,2
500,,7,1,6,2,4
500,,8,1,6,3,3
500,,9,1,6,3,3
500,,10,1,6,4,2
500,,11,1,6,2,4
500,,12,1,6,3,3
500,,13,1,6,2,4
500,,14,1,6,3,3
500,,15,1,6,3,3
550,,0,1,6,0,6
550,,1,1,6,3,3
550,,2,1,6,1,5
550,,3,1,6,0,6
550,,4,1,6,0,6
550,,5,1,6,3,3
550,,6,1,6,2,4
550,,7,1,6,1,5
550,,8,1,6,2,4
550,,9,1,6,2,4
550,,10,1,6,0,6
550,,11,1,6,2,4
550,,12,1,6,0,6
550,,13,1,6,0,6
550,,14,1,6,0,6
550,,15,1,6,0,6
550,,0,1,6,2,4
550,,1,1,6,3,3
550,,2,1,6,2,4
550,,3,1,6,0,6
550,,4,1,6,3,3
550,,5,1,6,0,6
550,,6,1,6,0,6
550,,7,1,6,3,3
550,,8,1,6,2,4
550,,9,1,6,2,4
550,,10,1,6,2,4
550,,11,1,6,3,3
550,,12,1,6,1,5
550,,13,1,6,2,4
550,,14,1,6,2,4
550,,15,1,6,3,3
550,,0,1,6,0,6
550,,1,1,6,4,2
550,,2,1,6,3,3
550,,3,1,6,1,5
550,,4,1,6,3,3
550,,5,1,6,2,4
550,,6,1,6,1,5
550,,7,1,6,4,2
550,,8,1,6,3,3
550,,9,1,6,4,2
550,,10,1,6,0,6
550,,11,1,6,2,4
550,,12,1,6,1,5
550,,13,1,6,2,4
550,,14,1,6,2,4
550,,15,1,6,4,2
550,,0,1,6,1,5
550,,1,1,6,5,1
550,,2,1,6,5,1
550,,3,1,6,1,5
550,,4,1,6,3,3
550,,5,1,6,5,1
550,,6,1,6,2,4
550,,7,1,6,4,2
550,,8,1,6,3,3
550,,9,1,6,3,3
550,,10,1,6,5,1
550,,11,1,6,5,1
550,,12,1,6,6,0
550,,13,1,6,1,5
550,,14,1,6,0,6
550,,15,1,6,4,2
550,,0,1,6,1,5
550,,1,1,6,0,6
550,,2,1,6,5,1
550,,3,1,6,1,5
550,,4,1,6,1,5
550,,5,1,6,1,5
550,,6,1,6,1,5
550,,7,1,6,2,4
550,,8,1,6,1,5
550,,9,1,6,2,4
550,,10,1,6,4,2
550,,11,1,6,1,5
550,,12,1,6,5,1
550,,13,1,6,5,1
550,,14,1,6,1,5
550,,15,1,6,3,3
550,,0,1,6,2,4
550,,1,1,6,4,2
550,,2,1,6,3,3
550,,3,1,6,2,4
550,,4,1,6,2,4
550,,5,1,6,5,1
550,,6,1,6,3,3
550,,7,1,6,5,1
550,,8,1,6,3,3
550,,9,1,6,4,2
550,,10,1,6,3,3
550,,11,1,6,5,1
550,,12,1,6,2,4
550,,13,1,6,3,3
550,,14,1,6,1,5
550,,15,1,6,5,1
550,,0,1,6,2,4
550,,1,1,6,3,3
550,,2,1,6,1,5
550,,3,1,6,3,3
550,,4,1,6,4,2
550,,5,1,6,4,2
550,,6,1,6,4,2
550,,7,1,6,4,2
550,,8,1,6,4,2
550,,9,1,6,4,2
550,,10,1,6,1,5
550,,11,1,6,1,5
550,,12,1,6,2,4
550,,13,1,6,6,0
550,,14,1,6,0,6
550,,15,1,6,1,5
550,,0,1,6,1,5
550,,1,1,6,2,4
550,,2,1,6,1,5
550,,3,1,6,5,1
550,,4,1,6,6,0
550,,9,1,6,3,3
550,,10,1,6,6,0
550,,11,1,6,3,3
550,,12,1,6,5,1
550,,13,1,6,4,2
550,,14,1,6,5,1
550,,15,1,6,4,2
550,,0,1,6,5,1
550,,1,1,6,5,1
550,,2,1,6,4,2
550,,3,1,6,5,1
550,,4,1,6,3,3
550,,5,1,6,4,2
550,,6,1,6,2,4
550,,7,1,6,4,2
550,,8,1,6,4,2
550,,9,1,6,3,3
550,,10,1,6,5,1
550,,11,1,6,2,4
550,,12,1,6,6,0
550,,13,1,6,3,3
550,,14,1,6,3,3
550,,15,1,6,2,4
550,,0,1,6,5,1
550,,1,1,6,3,3
550,,2,1,6,4,2
550,,3,1,6,6,0
550,,4,1,6,4,2
550,,5,1,6,6,0
550,,6,1,6,4,2
550,,7,1,6,4,2
550,,8,1,6,4,2
550,,9,1,6,4,2
550,,10,1,6,6,0
550,,11,1,6,2,4
550,,12,1,6,4,2
550,,13,1,6,6,0
550,,14,1,6,5,1
550,,15,1,6,5,1
550,,0,1,6,5,1
550,,1,1,6,6,0
550,,2,1,6,6,0
550,,3,1,6,3,3
550,,4,1,6,5,1
550,,5,1,6,6,0
550,,6,1,6,3,3
550,,7,1,6,1,5
550,,8,1,6,3,3
550,,9,1,6,3,3
550,,10,1,6,6,0
550,,11,1,6,5,1
550,,12,1,6,5,1
550,,13,1,6,5,1
550,,14,1,6,5,1
550,,15,1,6,5,1
550,,0,1,6,5,1
550,,1,1,6,4,2
550,,2,1,6,5,1
550,,3,1,6,4,2
550,,4,1,6,5,1
550,,5,1,6,5,1
550,,6,1,6,5,1
550,,7,1,6,5,1
550,,8,1,6,5,1
550,,9,1,6,3,3
550,,10,1,6,5,1
550,,11,1,6,5,1
550,,12,1,6,4,2
550,,13,1,6,2,4
550,,14,1,6,5,1
550,,15,1,6,5,1
550,,0,1,6,3,3
550,,1,1,6,4,2
550,,2,1,6,5,1
550,,3,1,6,5,1
550,,4,1,6,5,1
550,,5,1,6,5,1
550,,6,1,6,6,0
550,,7,1,6,3,3
550,,8,1,6,5,1
550,,9,1,6,3,3
550,,10,1,6,5,1
550,,11,1,6,4,2
550,,12,1,6,6,0
550,,13,1,6,5,1
550,,14,1,6,6,0
550,,15,1,6,6,0
550,,0,1,6,6,0
550,,1,1,6,3,3
550,,2,1,6,5,1
550,,3,1,6,4,2
550,,4,1,6,5,1
550,,5,1,6,2,4
550,,6,1,6,2,4
550,,7,1,6,5,1
550,,8,1,6,5,1
550,,9,1,6,2,4
550,,10,1,6,5,1
550,,11,1,6,5,1
550,,12,1,6,6,0
550,,13,1,6,4,2
550,,14,1,6,6,0
550,,15,1,6,4,2
550,,0,1,6,6,0
550,,1,1,6,5,1
550,,2,1,6,5,1
550,,3,1,6,5,1
550,,4,1,6,6,0
550,,5,1,6,4,2
550,,6,1,6,4,2
550,,7,1,6,5,1
550,,8,1,6,2,4
550,,9,1,6,2,4
550,,10,1,6,4,2
550,,11,1,6,6,0
550,,12,1,6,3,3
550,,13,1,6,4,2
550,,14,1,6,6,0
550,,15,1,6,5,1
550,,0,1,6,4,2
550,,1,1,6,5,1
550,,2,1,6,6,0
550,,3,1,6,5,1
550,,4,1,6,6,0
550,,5,1,6,3,3
550,,6,1,6,3,3
550,,7,1,6,5,1
550,,8,1,6,4,2
550,,9,1,6,3,3
550,,10,1,6,5,1
550,,11,1,6,2,4
550,,12,1,6,5,1
550,,13,1,6,4,2
550,,14,1,6,4,2
550,,15,1,6,5,1
550,,0,1,6,5,1
550,,1,1,6,5,1
550,,2,1,6,6,0
550,,3,1,6,5,1
550,,4,1,6,4,2
550,,5,1,6,3,3
550,,6,1,6,1,5
550,,7,1,6,4,2
550,,8,1,6,4,2
550,,9,1,6,2,4
550,,10,1,6,4,2
550,,11,1,6,2,4
550,,12,1,6,5,1
550,,13,1,6,6,0
550,,14,1,6,4,2
550,,15,1,6,5,1
550,,0,1,6,4,2
550,,1,1,6,5,1
550,,2,1,6,6,0
550,,3,1,6,5,1
550,,4,1,6,2,4
550,,5,1,6,4,2
550,,6,1,6,3,3
550,,7,1,6,4,2
550,,8,1,6,5,1
550,,9,1,6,3,3
550,,10,1,6,4,2
550,,11,1,6,2,4
550,,12,1,6,4,2
550,,13,1,6,2,4
550,,14,1,6,5,1
550,,15,1,6,5,1
550,,0,1,6,4,2
550,,1,1,6,4,2
550,,2,1,6,4,2
550,,3,1,6,4,2
550,,4,1,6,6,0
550,,5,1,6,5,1
550,,6,1,6,3,3
550,,7,1,6,5,1
550,,8,1,6,1,5
550,,9,1,6,5,1
550,,10,1,6,5,1
550,,11,1,6,2,4
550,,12,1,6,6,0
550,,13,1,6,4,2
550,,14,1,6,6,0
550,,15,1,6,4,2
550,,0,1,6,2,4
550,,1,1,6,6,0
550,,2,1,6,5,1
550,,3,1,6,6,0
550,,4,1,6,4,2
550,,5,1,6,2,4
550,,6,1,6,5,1
550,,7,1,6,4,2
550,,8,1,6,2,4
550,,9,1,6,3,3
550,,10,1,6,4,2
550,,11,1,6,2,4
550,,12,1,6,6,0
550,,13,1,6,4,2
550,,14,1,6,3,3
550,,15,1,6,3,3
550,,0,1,6,3,3
550,,1,1,6,4,2
550,,2,1,6,5,1
550,,3,1,6,5,1
550,,4,1,6,4,2
550,,5,1,6,2,4
550,,6,1,6,5,1
550,,7,1,6,2,4
550,,8,1,6,2,4
550,,9,1,6,2,4
550,,10,1,6,5,1
550,,11,1,6,1,5
550,,12,1,6,4,2
550,,13,1,6,2,4
550,,14,1,6,3,3
550,,15,1,6,3,3
550,,0,1,6,6,0
550,,1,1,6,4,2
550,,2,1,6,5,1
550,,3,1,6,4,2
550,,4,1,6,3,3
550,,5,1,6,2,4
550,,6,1,6,4,2
550,,7,1,6,3,3
550,,8,1,6,1,5
550,,9,1,6,3,3
550,,10,1,6,4,2
550,,11,1,6,3,3
550,,12,1,6,5,1
550,,13,1,6,2,4
550,,14,1,6,5,1
550,,15,1,6,4,2
550,,0,1,6,3,3
550,,1,1,6,5,1
550,,2,1,6,2,4
550,,3,1,6,4,2
550,,4,1,6,3,3
550,,5,1,6,5,1
550,,6,1,6,2,4
550,,7,1,6,0,6
550,,8,1,6,0,6
550,,9,1,6,2,4
550,,10,1,6,5,1
550,,11,1,6,1,5
550,,12,1,6,4,2
550,,13,1,6,2,4
550,,14,1,6,4,2
550,,15,1,6,3,3
550,,0,1,6,6,0
550,,1,1,6,4,2
550,,2,1,6,4,2
550,,3,1,6,5,1
550,,4,1,6,4,2
550,,5,1,6,1,5
550,,6,1,6,4,2
550,,7,1,6,3,3
550,,8,1,6,2,4
550,,9,1,6,3,3
550,,10,1,6,5,1
550,,11,1,6,5,1
550,,12,1,6,6,0
550,,13,1,6,4,2
550,,14,1,6,4,2
550,,15,1,6,6,0
550,,0,1,6,3,3
550,,1,1,6,4,2
550,,2,1,6,4,2
550,,3,1,6,4,2
550,,4,1,6,6,0
550,,5,1,6,5,1
550,,6,1,6,0,6
550,,7,1,6,2,4
550,,8,1,6,2,4
550,,9,1,6,2,4
550,,10,1,6,3,3
550,,11,1,6,1,5
550,,12,1,6,2,4
550,,13,1,6,3,3
550,,14,1,6,3,3
550,,15,1,6,3,3
550,,0,1,6,2,4
550,,1,1,6,4,2
550,,2,1,6,3,3
550,,3,1,6,3,3
550,,4,1,6,4,2
550,,5,1,6,2,4
550,,6,1,6,1,5
550,,7,1,6,3,3
550,,8,1,6,1,5
550,,9,1,6,2,4
550,,10,1,6,2,4
550,,11,1,6,2,4
550,,12,1,6,5,1
550,,13,1,6,5,1
550,,14,1,6,6,0
550,,15,1,6,4,2
550,,0,1,6,1,5
550,,1,1,6,1,5
550,,2,1,6,2,4
550,,3,1,6,3,3
550,,4,1,6,2,4
550,,5,1,6,1,5
550,,6,1,6,2,4
550,,7,1,6,2,4
550,,8,1,6,1,5
550,,9,1,6,1,5
550,,10,1,6,1,5
550,,11,1,6,3,3
550,,12,1,6,2,4
550,,13,1,6,3,3
550,,14,1,6,2,4
550,,15,1,6,1,5
550,,0,1,6,2,4
550,,1,1,6,1,5
550,,2,1,6,5,1
550,,3,1,6,4,2
550,,4,1,6,6,0
550,,5,1,6,5,1
550,,6,1,6,6,0
550,,7,1,6,0,6
550,,8,1,6,1,5
550,,9,1,6,4,2
550,,10,1,6,2,4
550,,11,1,6,5,1
550,,12,1,6,5,1
550,,13,1,6,1,5
550,,14,1,6,6,0
550,,15,1,6,4,2
600,,0,1,6,1,5
600,,1,1,6,2,4
600,,2,1,6,2,4
600,,3,1,6,2,4
600,,4,1,6,0,6
600,,5,1,6,2,4
600,,6,1,6,0,6
600,,7,1,6,2,4
600,,8,1,6,1,5
600,,9,1,6,3,3
600,,10,1,6,2,4
600,,11,1,6,0,6
600,,12,1,6,1,5
600,,13,1,6,5,1
600,,14,1,6,0,6
600,,15,1,6,2,4
600,,0,1,6,1,5
600,,1,1,6,3,3
600,,2,1,6,3,3
600,,3,1,6,3,3
600,,4,1,6,0,6
600,,5,1,6,0,6
600,,6,1,6,2,4
600,,7,1,6,2,4
600,,8,1,6,1,5
600,,9,1,6,2,4
600,,10,1,6,2,4
600,,11,1,6,2,4
600,,12,1,6,5,1
600,,13,1,6,0,6
600,,14,1,6,1,5
600,,15,1,6,2,4
600,,0,1,6,1,5
600,,1,1,6,1,5
600,,2,1,6,0,6
600,,3,1,6,1,5
600,,4,1,6,2,4
600,,5,1,6,0,6
600,,6,1,6,2,4
600,,7,1,6,1,5
600,,8,1,6,0,6
600,,9,1,6,2,4
600,,10,1,6,2,4
600,,11,1,6,0,6
600,,12,1,6,4,2
600,,13,1,6,2,4
600,,14,1,6,1,5
600,,15,1,6,4,2
600,,0,1,6,4,2
600,,1,1,6,2,4
600,,2,1,6,0,6
600,,3,1,6,4,2
600,,4,1,6,1,5
600,,5,1,6,2,4
600,,6,1,6,0,6
600,,7,1,6,4,2
600,,8,1,6,1,5
600,,9,1,6,2,4
600,,10,1,6,4,2
600,,11,1,6,4,2
600,,12,1,6,4,2
600,,13,1,6,1,5
600,,14,1,6,6,0
600,,15,1,6,5,1
600,,0,1,6,2,4
600,,1,1,6,2,4
600,,2,1,6,1,5
600,,3,1,6,5,1
600,,4,1,6,1,5
600,,5,1,6,0,6
600,,6,1,6,0,6
600,,7,1,6,5,1
600,,8,1,6,1,5
600,,9,1,6,1,5
600,,10,1,6,4,2
600,,11,1,6,3,3
600,,12,1,6,5,1
600,,13,1,6,1,5
600,,14,1,6,5,1
600,,15,1,6,3,3
600,,0,1,6,0,6
600,,1,1,6,1,5
600,,2,1,6,2,4
600,,3,1,6,1,5
600,,4,1,6,3,3
600,,5,1,6,3,3
600,,6,1,6,0,6
600,,7,1,6,0,6
600,,8,1,6,1,5
600,,9,1,6,2,4
600,,10,1,6,5,1
600,,11,1,6,2,4
600,,12,1,6,4,2
600,,13,1,6,2,4
600,,14,1,6,3,3
600,,15,1,6,3,3
600,,0,1,6,0,6
600,,1,1,6,4,2
600,,2,1,6,0,6
600,,3,1,6,2,4
600,,4,1,6,5,1
600,,5,1,6,0,6
600,,6,1,6,0,6
600,,7,1,6,2,4
600,,8,1,6,2,4
600,,9,1,6,5,1
600,,10,1,6,3,3
600,,11,1,6,4,2
600,,12,1,6,4,2
600,,13,1,6,2,4
600,,14,1,6,1,5
600,,15,1,6,3,3
600,,0,1,6,1,5
600,,1,1,6,4,2
600,,2,1,6,2,4
600,,3,1,6,0,6
600,,4,1,6,2,4
600,,5,1,6,1,5
600,,6,1,6,1,5
600,,7,1,6,1,5
600,,8,1,6,0,6
600,,9,1,6,5,1
600,,10,1,6,1,5
600,,11,1,6,4,2
600,,12,1,6,2,4
600,,13,1,6,3,3
600,,14,1,6,5,1
600,,15,1,6,4,2
600,,0,1,6,4,2
600,,1,1,6,0,6
600,,2,1,6,3,3
600,,3,1,6,2,4
600,,4,1,6,2,4
600,,5,1,6,2,4
600,,6,1,6,2,4
600,,7,1,6,1,5
600,,8,1,6,3,3
600,,9,1,6,2,4
600,,10,1,6,2,4
600,,11,1,6,1,5
600,,12,1,6,5,1
600,,13,1,6,0,6
600,,14,1,6,4,2
600,,15,1,6,4,2
600,,0,1,6,2,4
600,,1,1,6,2,4
600,,2,1,6,2,4
600,,3,1,6,3,3
600,,4,1,6,3,3
600,,5,1,6,1,5
600,,6,1,6,2,4
600,,7,1,6,2,4
600,,8,1,6,0,6
600,,9,1,6,5,1
600,,10,1,6,3,3
600,,11,1,6,1,5
600,,12,1,6,4,2
600,,13,1,6,3,3
600,,14,1,6,4,2
600,,15,1,6,4,2
600,,0,1,6,2,4
600,,1,1,6,4,2
600,,2,1,6,1,5
600,,3,1,6,4,2
600,,4,1,6,6,0
600,,5,1,6,1,5
600,,6,1,6,0,6
600,,7,1,6,4,2
600,,8,1,6,1,5
600,,9,1,6,1,5
600,,10,1,6,5,1
600,,11,1,6,3,3
600,,12,1,6,2,4
600,,13,1,6,2,4
600,,14,1,6,4,2
600,,15,1,6,3,3
600,,0,1,6,3,3
600,,1,1,6,3,3
600,,2,1,6,3,3
600,,3,1,6,1,5
600,,4,1,6,1,5
600,,5,1,6,3,3
600,,6,1,6,2,4
600,,7,1,6,1,5
600,,8,1,6,0,6
600,,9,1,6,2,4
600,,10,1,6,2,4
600,,11,1,6,3,3
600,,12,1,6,4,2
600,,13,1,6,0,6
600,,14,1,6,1,5
600,,15,1,6,3,3
600,,0,1,6,0,6
600,,1,1,6,1,5
600,,2,1,6,1,5
600,,3,1,6,1,5
600,,4,1,6,4,2
600,,5,1,6,2,4
600,,6,1,6,1,5
600,,7,1,6,2,4
600,,8,1,6,0,6
600,,9,1,6,2,4
600,,10,1,6,4,2
600,,11,1,6,5,1
600,,12,1,6,6,0
600,,13,1,6,2,4
600,,14,1,6,4,2
600,,15,1,6,2,4
600,,0,1,6,2,4
600,,1,1,6,1,5
600,,2,1,6,0,6
600,,3,1,6,4,2
600,,4,1,6,3,3
600,,5,1,6,2,4
600,,6,1,6,1,5
600,,7,1,6,2,4
600,,8,1,6,0,6
600,,9,1,6,2,4
600,,10,1,6,4,2
600,,11,1,6,1,5
600,,12,1,6,6,0
600,,13,1,6,2,4
600,,14,1,6,1,5
600,,15,1,6,1,5
600,,0,1,6,5,1
600,,1,1,6,4,2
600,,2,1,6,3,3
600,,3,1,6,2,4
600,,4,1,6,4,2
600,,5,1,6,2,4
600,,6,1,6,3,3
600,,7,1,6,3,3
600,,8,1,6,2,4
600,,9,1,6,4,2
600,,10,1,6,4,2
600,,11,1,6,5,1
600,,12,1,6,6,0
600,,13,1,6,1,5
600,,14,1,6,3,3
600,,15,1,6,5,1
600,,0,1,6,4,2
600,,1,1,6,0,6
600,,2,1,6,2,4
600,,3,1,6,2,4
600,,4,1,6,6,0
600,,5,1,6,0,6
600,,6,1,6,2,4
600,,7,1,6,2,4
600,,8,1,6,0,6
600,,9,1,6,0,6
600,,10,1,6,4,2
600,,11,1,6,3,3
600,,12,1,6,6,0
600,,13,1,6,2,4
600,,14,1,6,1,5
600,,15,1,6,4,2
600,,0,1,6,6,0
600,,1,1,6,2,4
600,,2,1,6,4,2
600,,3,1,6,6,0
600,,4,1,6,5,1
600,,5,1,6,1,5
600,,6,1,6,2,4
600,,7,1,6,6,0
600,,8,1,6,0,6
600,,9,1,6,4,2
600,,10,1,6,6,0
600,,11,1,6,5,1
600,,12,1,6,5,1
600,,13,1,6,3,3
600,,14,1,6,5,1
600,,15,1,6,3,3
600,,0,1,6,4,2
600,,1,1,6,2,4
600,,2,1,6,5,1
600,,3,1,6,6,0
600,,4,1,6,5,1
600,,5,1,6,0,6
600,,6,1,6,1,5
600,,7,1,6,4,2
600,,8,1,6,1,5
600,,9,1,6,1,5
600,,10,1,6,6,0
600,,11,1,6,4,2
600,,12,1,6,4,2
600,,13,1,6,3,3
600,,14,1,6,2,4
600,,15,1,6,5,1
600,,0,1,6,3,3
600,,1,1,6,2,4
600,,2,1,6,1,5
600,,3,1,6,3,3
600,,4,1,6,4,2
600,,5,1,6,1,5
600,,6,1,6,4,2
600,,7,1,6,2,4
600,,8,1,6,1,5
600,,9,1,6,4,2
600,,10,1,6,4,2
600,,11,1,6,2,4
600,,12,1,6,6,0
600,,13,1,6,2,4
600,,14,1,6,5,1
600,,15,1,6,3,3
600,,0,1,6,6,0
600,,1,1,6,2,4
600,,2,1,6,1,5
600,,3,1,6,5,1
600,,4,1,6,6,0
600,,5,1,6,0,6
600,,6,1,6,2,4
600,,7,1,6,4,2
600,,8,1,6,0,6
600,,9,1,6,1,5
600,,10,1,6,5,1
600,,11,1,6,4,2
600,,12,1,6,6,0
600,,13,1,6,3,3
600,,14,1,6,3,3
600,,15,1,6,5,1
600,,0,1,6,3,3
600,,1,1,6,1,5
600,,2,1,6,5,1
600,,3,1,6,6,0
600,,4,1,6,5,1
600,,5,1,6,3,3
600,,6,1,6,5,1
600,,7,1,6,5,1
600,,8,1,6,3,3
600,,9,1,6,1,5
600,,10,1,6,5,1
600,,11,1,6,3,3
600,,12,1,6,6,0
600,,13,1,6,5,1
600,,14,1,6,4,2
600,,15,1,6,3,3
600,,0,1,6,4,2
600,,1,1,6,4,2
600,,2,1,6,5,1
600,,3,1,6,5,1
600,,4,1,6,6,0
600,,5,1,6,1,5
600,,6,1,6,4,2
600,,7,1,6,5,1
600,,8,1,6,2,4
600,,9,1,6,4,2
600,,10,1,6,5,1
600,,11,1,6,5,1
600,,12,1,6,6,0
600,,13,1,6,1,5
600,,14,1,6,5,1
600,,15,1,6,5,1
600,,0,1,6,4,2
600,,1,1,6,4,2
600,,2,1,6,4,2
600,,3,1,6,4,2
600,,4,1,6,5,1
600,,5,1,6,2,4
600,,6,1,6,3,3
600,,7,1,6,4,2
600,,8,1,6,2,4
600,,9,1,6,3,3
600,,10,1,6,4,2
600,,11,1,6,2,4
600,,12,1,6,4,2
600,,13,1,6,5,1
600,,14,1,6,4,2
600,,15,1,6,5,1
600,,0,1,6,4,2
600,,1,1,6,1,5
600,,2,1,6,4,2
600,,3,1,6,5,1
600,,4,1,6,6,0
600,,5,1,6,2,4
600,,6,1,6,5,1
600,,7,1,6,4,2
600,,8,1,6,3,3
600,,9,1,6,5,1
600,,10,1,6,4,2
600,,11,1,6,6,0
600,,12,1,6,6,0
600,,13,1,6,6,0
600,,14,1,6,5,1
600,,15,1,6,4,2
600,,0,1,6,5,1
600,,1,1,6,5,1
600,,2,1,6,5,1
600,,3,1,6,5,1
600,,4,1,6,4,2
600,,5,1,6,6,0
600,,6,1,6,4,2
600,,7,1,6,4,2
600,,8,1,6,2,4
600,,9,1,6,4,2
600,,10,1,6,4,2
600,,11,1,6,4,2
600,,12,1,6,6,0
600,,13,1,6,2,4
600,,14,1,6,5,1
600,,15,1,6,4,2
600,,0,1,6,6,0
600,,1,1,6,1,5
600,,2,1,6,5,1
600,,3,1,6,6,0
600,,4,1,6,6,0
600,,5,1,6,3,3
600,,6,1,6,5,1
600,,7,1,6,6,0
600,,8,1,6,6,0
600,,9,1,6,6,0
600,,10,1,6,5,1
600,,11,1,6,4,2
600,,12,1,6,6,0
600,,13,1,6,5,1
600,,14,1,6,5,1
600,,15,1,6,6,0
600,,0,1,6,5,1
600,,1,1,6,4,2
600,,2,1,6,4,2
600,,3,1,6,5,1
600,,4,1,6,5,1
600,,5,1,6,6,0
600,,6,1,6,4,2
600,,7,1,6,5,1
600,,8,1,6,3,3
600,,9,1,6,4,2
600,,10,1,6,6,0
600,,11,1,6,6,0
600,,12,1,6,6,0
600,,13,1,6,3,3
600,,14,1,6,5,1
600,,15,1,6,3,3
600,,0,1,6,4,2
600,,1,1,6,2,4
600,,2,1,6,5,1
600,,3,1,6,6,0
600,,4,1,6,5,1
600,,5,1,6,4,2
600,,6,1,6,2,4
600,,7,1,6,6,0
600,,8,1,6,4,2
600,,9,1,6,5,1
600,,10,1,6,6,0
600,,11,1,6,5,1
600,,12,1,6,4,2
600,,13,1,6,3,3
600,,14,1,6,6,0
600,,15,1,6,5,1
600,,0,1,6,6,0
600,,1,1,6,4,2
600,,2,1,6,6,0
600,,3,1,6,4,2
600,,4,1,6,6,0
600,,5,1,6,3,3
600,,6,1,6,3,3
600,,7,1,6,6,0
600,,8,1,6,6,0
600,,9,1,6,4,2
600,,10,1,6,6,0
600,,11,1,6,5,1
600,,12,1,6,4,2
600,,13,1,6,4,2
600,,14,1,6,6,0
600,,15,1,6,6,0
600,,0,1,6,4,2
600,,1,1,6,3,3
600,,2,1,6,6,0
600,,3,1,6,4,2
600,,4,1,6,5,1
600,,5,1,6,5,1
600,,6,1,6,4,2
600,,7,1,6,5,1
600,,8,1,6,6,0
600,,9,1,6,5,1
600,,10,1,6,4,2
600,,11,1,6,4,2
600,,12,1,6,4,2
600,,13,1,6,3,3
600,,14,1,6,5,1
600,,15,1,6,5,1
600,,0,1,6,3,3
600,,1,1,6,2,4
600,,2,1,6,5,1
600,,3,1,6,3,3
600,,4,1,6,5,1
600,,5,1,6,6,0
600,,6,1,6,4,2
600,,7,1,6,5,1
600,,8,1,6,3,3
600,,9,1,6,5,1
600,,10,1,6,5,1
600,,11,1,6,6,0
600,,12,1,6,3,3
600,,13,1,6,6,0
600,,14,1,6,5,1
600,,15,1,6,5,1
600,,0,1,6,6,0
600,,1,1,6,2,4
600,,2,1,6,3,3
600,,3,1,6,4,2
600,,4,1,6,5,1
600,,5,1,6,6,0
600,,6,1,6,2,4
600,,7,1,6,6,0
600,,8,1,6,5,1
600,,9,1,6,4,2
600,,10,1,6,6,0
600,,11,1,6,5,1
600,,12,1,6,6,0
600,,13,1,6,4,2
600,,14,1,6,6,0
600,,15,1,6,5,1
600,,0,1,6,5,1
600,,1,1,6,2,4
600,,2,1,6,5,1
600,,3,1,6,6,0
600,,4,1,6,6,0
600,,5,1,6,5,1
600,,6,1,6,4,2
600,,7,1,6,4,2
600,,8,1,6,6,0
600,,9,1,6,6,0
600,,10,1,6,4,2
600,,11,1,6,4,2
600,,12,1,6,5,1
600,,13,1,6,5,1
600,,14,1,6,3,3
600,,15,1,6,4,2
600,,0,1,6,6,0
600,,1,1,6,5,1
600,,2,1,6,4,2
600,,3,1,6,5,1
600,,4,1,6,5,1
600,,5,1,6,5,1
600,,6,1,6,4,2
600,,7,1,6,4,2
600,,8,1,6,2,4
600,,9,1,6,6,0
600,,10,1,6,6,0
600,,11,1,6,5,1
600,,12,1,6,6,0
600,,13,1,6,5,1
600,,14,1,6,3,3
600,,15,1,6,6,0
600,,0,1,6,5,1
600,,1,1,6,3,3
600,,2,1,6,4,2
600,,3,1,6,5,1
600,,4,1,6,4,2
600,,5,1,6,4,2
600,,6,1,6,5,1
600,,7,1,6,5,1
600,,8,1,6,4,2
600,,9,1,6,4,2
600,,10,1,6,5,1
600,,11,1,6,5,1
600,,12,1,6,6,0
600,,13,1,6,2,4
600,,14,1,6,3,3
600,,15,1,6,4,2
600,,0,1,6,4,2
600,,1,1,6,0,6
600,,2,1,6,3,3
600,,3,1,6,4,2
600,,4,1,6,6,0
600,,5,1,6,5,1
600,,6,1,6,5,1
600,,7,1,6,5,1
600,,8,1,6,2,4
600,,9,1,6,3,3
600,,10,1,6,4,2
600,,11,1,6,4,2
600,,12,1,6,6,0
600,,13,1,6,3,3
600,,14,1,6,5,1
600,,15,1,6,5,1
600,,0,1,6,6,0
600,,1,1,6,4,2
600,,2,1,6,4,2
600,,3,1,6,5,1
600,,4,1,6,6,0
600,,5,1,6,6,0
600,,6,1,6,6,0
600,,7,1,6,5,1
600,,8,1,6,4,2
600,,9,1,6,6,0
600,,10,1,6,6,0
600,,11,1,6,5,1
600,,12,1,6,5,1
600,,13,1,6,6,0
600,,14,1,6,2,4
600,,15,1,6,5,1
600,,0,1,6,4,2
600,,1,1,6,4,2
600,,2,1,6,4,2
600,,3,1,6,4,2
600,,4,1,6,6,0
600,,5,1,6,5,1
600,,6,1,6,6,0
600,,7,1,6,6,0
600,,8,1,6,6,0
600,,9,1,6,3,3
600,,10,1,6,5,1
600,,11,1,6,5,1
600,,12,1,6,6,0
600,,13,1,6,6,0
600,,14,1,6,5,1
600,,15,1,6,5,1
600,,0,1,6,3,3
600,,1,1,6,3,3
600,,2,1,6,2,4
600,,3,1,6,5,1
600,,4,1,6,2,4
600,,5,1,6,6,0
600,,6,1,6,5,1
600,,7,1,6,4,2
600,,8,1,6,1,5
600,,9,1,6,5,1
600,,10,1,6,3,3
600,,11,1,6,6,0
600,,12,1,6,5,1
600,,13,1,6,6,0
600,,14,1,6,6,0
600,,15,1,6,4,2
600,,0,1,6,3,3
600,,1,1,6,6,0
600,,2,1,6,5,1
600,,3,1,6,5,1
600,,4,1,6,6,0
600,,5,1,6,4,2
600,,6,1,6,6,0
600,,7,1,6,5,1
600,,8,1,6,3,3
600,,9,1,6,2,4
600,,10,1,6,6,0
600,,11,1,6,5,1
600,,12,1,6,6,0
600,,13,1,6,4,2
600,,14,1,6,5,1
600,,15,1,6,4,2
600,,0,1,6,5,1
600,,1,1,6,4,2
600,,2,1,6,6,0
600,,3,1,6,6,0
600,,4,1,6,2,4
600,,5,1,6,5,1
600,,6,1,6,5,1
600,,7,1,6,5,1
600,,8,1,6,5,1
600,,9,1,6,3,3
600,,10,1,6,5,1
600,,11,1,6,3,3
600,,12,1,6,5,1
600,,13,1,6,6,0
600,,14,1,6,6,0
600,,15,1,6,6,0
600,,0,1,6,5,1
600,,1,1,6,2,4
600,,2,1,6,4,2
600,,3,1,6,5,1
600,,4,1,6,6,0
600,,5,1,6,5,1
600,,6,1,6,5,1
600,,7,1,6,5,1
600,,8,1,6,4,2
600,,9,1,6,2,4
600,,10,1,6,6,0
600,,11,1,6,6,0
600,,12,1,6,6,0
600,,13,1,6,4,2
600,,14,1,6,5,1
600,,15,1,6,5,1
600,,0,1,6,3,3
600,,1,1,6,5,1
600,,2,1,6,5,1
600,,3,1,6,4,2
600,,4,1,6,6,0
600,,5,1,6,4,2
600,,6,1,6,5,1
600,,7,1,6,2,4
600,,8,1,6,4,2
600,,9,1,6,3,3
600,,10,1,6,5,1
600,,11,1,6,5,1
600,,12,1,6,5,1
600,,13,1,6,5,1
600,,14,1,6,4,2
600,,15,1,6,4,2
600,,0,1,6,6,0
600,,1,1,6,4,2
600,,2,1,6,5,1
600,,3,1,6,5,1
600,,4,1,6,3,3
600,,5,1,6,6,0
600,,6,1,6,4,2
600,,7,1,6,5,1
600,,8,1,6,3,3
600,,9,1,6,2,4
600,,10,1,6,5,1
600,,11,1,6,4,2
600,,12,1,6,4,2
600,,13,1,6,5,1
600,,14,1,6,4,2
600,,15,1,6,6,0
600,,0,1,6,4,2
600,,1,1,6,3,3
600,,2,1,6,5,1
600,,3,1,6,3,3
600,,4,1,6,6,0
600,,5,1,6,5,1
600,,6,1,6,5,1
600,,7,1,6,5,1
600,,8,1,6,4,2
600,,9,1,6,1,5
600,,10,1,6,5,1
600,,11,1,6,5,1
600,,12,1,6,6,0
600,,13,1,6,4,2
600,,14,1,6,6,0
600,,15,1,6,6,0
600,,0,1,6,3,3
600,,1,1,6,5,1
600,,2,1,6,3,3
600,,3,1,6,5,1
600,,4,1,6,4,2
600,,5,1,6,6,0
600,,6,1,6,6,0
600,,7,1,6,6,0
600,,8,1,6,5,1
600,,9,1,6,3,3
600,,10,1,6,5,1
600,,11,1,6,2,4
600,,12,1,6,6,0
600,,13,1,6,6,0
600,,14,1,6,4,2
600,,15,1,6,4,2
600,,0,1,6,4,2
600,,1,1,6,4,2
600,,2,1,6,3,3
600,,3,1,6,5,1
600,,4,1,6,3,3
600,,5,1,6,4,2
600,,6,1,6,5,1
600,,7,1,6,5,1
600,,8,1,6,1,5
600,,9,1,6,2,4
600,,10,1,6,5,1
600,,11,1,6,3,3
600,,12,1,6,6,0
600,,13,1,6,6,0
600,,14,1,6,3,3
600,,15,1,6,6,0
600,,0,1,6,5,1
600,,1,1,6,3,3
600,,2,1,6,5,1
600,,3,1,6,4,2
600,,4,1,6,5,1
600,,5,1,6,6,0
600,,6,1,6,6,0
600,,7,1,6,5,1
600,,8,1,6,5,1
600,,9,1,6,2,4
600,,10,1,6,5,1
600,,11,1,6,4,2
600,,12,1,6,5,1
600,,13,1,6,4,2
600,,14,1,6,6,0
600,,15,1,6,4,2
600,,0,1,6,6,0
600,,1,1,6,3,3
600,,2,1,6,5,1
600,,3,1,6,4,2
600,,4,1,6,4,2
600,,5,1,6,6,0
600,,6,1,6,3,3
600,,7,1,6,2,4
600,,8,1,6,4,2
600,,9,1,6,3,3
600,,10,1,6,5,1
600,,11,1,6,5,1
600,,12,1,6,6,0
600,,13,1,6,6,0
600,,14,1,6,6,0
600,,15,1,6,5,1
600,,0,1,6,3,3
600,,1,1,6,5,1
600,,2,1,6,1,5
600,,3,1,6,5,1
600,,4,1,6,5,1
600,,5,1,6,4,2
600,,6,1,6,3,3
600,,7,1,6,5,1
600,,8,1,6,1,5
600,,9,1,6,4,2
600,,10,1,6,4,2
600,,11,1,6,5,1
600,,12,1,6,4,2
600,,13,1,6,4,2
600,,14,1,6,6,0
600,,15,1,6,4,2
600,,0,1,6,1,5
600,,1,1,6,3,3
600,,2,1,6,5,1
600,,3,1,6,3,3
600,,4,1,6,4,2
600,,5,1,6,3,3
600,,6,1,6,2,4
600,,7,1,6,2,4
600,,8,1,6,1,5
600,,9,1,6,3,3
600,,10,1,6,5,1
600,,11,1,6,3,3
600,,12,1,6,5,1
600,,13,1,6,2,4
600,,14,1,6,2,4
600,,15,1,6,4,2
600,,0,1,6,4,2
600,,1,1,6,3,3
600,,2,1,6,3,3
600,,3,1,6,6,0
600,,4,1,6,5,1
600,,5,1,6,6,0
600,,6,1,6,2,4
600,,7,1,6,4,2
600,,8,1,6,1,5
600,,9,1,6,1,5
600,,10,1,6,6,0
600,,11,1,6,3,3
600,,12,1,6,6,0
600,,13,1,6,1,5
600,,14,1,6,4,2
600,,15,1,6,5,1
600,,0,1,6,6,0
600,,1,1,6,4,2
600,,2,1,6,5,1
600,,3,1,6,3,3
600,,4,1,6,4,2
600,,5,1,6,4,2
600,,6,1,6,3,3
600,,7,1,6,4,2
600,,8,1,6,3,3
600,,9,1,6,3,3
600,,10,1,6,3,3
600,,11,1,6,5,1
600,,12,1,6,1,5
600,,13,1,6,4,2
600,,14,1,6,6,0
600,,15,1,6,4,2
600,,0,1,6,3,3
600,,1,1,6,5,1
600,,2,1,6,4,2
600,,3,1,6,1,5
600,,4,1,6,3,3
600,,5,1,6,3,3
600,,6,1,6,3,3
600,,7,1,6,0,6
600,,8,1,6,2,4
600,,9,1,6,1,5
600,,10,1,6,5,1
600,,11,1,6,5,1
600,,12,1,6,3,3
600,,13,1,6,3,3
600,,14,1,6,4,2
600,,15,1,6,3,3
600,,0,1,6,1,5
600,,1,1,6,5,1
600,,2,1,6,2,4
600,,3,1,6,3,3
600,,4,1,6,3,3
600,,5,1,6,4,2
600,,6,1,6,3,3
600,,7,1,6,2,4
600,,8,1,6,4,2
600,,9,1,6,1,5
600,,10,1,6,5,1
600,,11,1,6,2,4
600,,12,1,6,5,1
600,,13,1,6,5,1
600,,14,1,6,2,4
600,,15,1,6,4,2
600,,0,1,6,1,5
600,,1,1,6,4,2
600,,2,1,6,2,4
600,,3,1,6,4,2
600,,4,1,6,5,1
600,,5,1,6,6,0
600,,6,1,6,4,2
600,,7,1,6,5,1
600,,8,1,6,2,4
600,,9,1,6,2,4
600,,10,1,6,5,1
600,,11,1,6,2,4
600,,12,1,6,5,1
600,,13,1,6,3,3
600,,14,1,6,6,0
600,,15,1,6,5,1
600,,0,1,6,1,5
600,,1,1,6,2,4
600,,2,1,6,3,3
600,,3,1,6,4,2
600,,4,1,6,5,1
600,,5,1,6,5,1
600,,6,1,6,4,2
600,,7,1,6,4,2
600,,8,1,6,2,4
600,,9,1,6,2,4
600,,10,1,6,4,2
600,,11,1,6,2,4
600,,12,1,6,5,1
600,,13,1,6,2,4
600,,14,1,6,5,1
600,,15,1,6,6,0
600,,0,1,6,1,5
600,,1,1,6,4,2
600,,2,1,6,1,5
600,,3,1,6,2,4
600,,4,1,6,4,2
600,,5,1,6,4,2
600,,6,1,6,3,3
600,,7,1,6,4,2
600,,8,1,6,4,2
600,,9,1,6,0,6
600,,10,1,6,4,2
600,,11,1,6,1,5
600,,12,1,6,4,2
600,,13,1,6,6,0
600,,14,1,6,4,2
600,,15,1,6,5,1
600,,0,1,6,1,5
600,,1,1,6,5,1
600,,2,1,6,0,6
600,,3,1,6,0,6
600,,4,1,6,6,0
600,,5,1,6,5,1
600,,6,1,6,2,4
600,,7,1,6,0,6
600,,8,1,6,1,5
600,,9,1,6,2,4
600,,10,1,6,5,1
600,,11,1,6,1,5
600,,12,1,6,6,0
600,,13,1,6,5,1
600,,14,1,6,2,4
600,,15,1,6,6,0
650,,0,1,6,2,4
650,,1,1,6,0,6
650,,2,1,6,1,5
650,,3,1,6,2,4
650,,4,1,6,1,5
650,,5,1,6,0,6
650,,6,1,6,2,4
650,,7,1,6,1,5
650,,8,1,6,2,4
650,,9,1,6,1,5
650,,10,1,6,0,6
650,,11,1,6,1,5
650,,12,1,6,2,4
650,,13,1,6,2,4
650,,14,1,6,0,6
650,,15,1,6,0,6
650,,0,1,6,0,6
650,,1,1,6,0,6
650,,2,1,6,1,5
650,,3,1,6,1,5
650,,4,1,6,0,6
650,,5,1,6,1,5
650,,6,1,6,1,5
650,,7,1,6,1,5
650,,8,1,6,1,5
650,,9,1,6,1,5
650,,10,1,6,1,5
650,,11,1,6,2,4
650,,12,1,6,2,4
650,,13,1,6,0,6
650,,14,1,6,1,5
650,,15,1,6,1,5
650,,0,1,6,4,2
650,,1,1,6,2,4
650,,2,1,6,0,6
650,,3,1,6,1,5
650,,4,1,6,0,6
650,,5,1,6,0,6
650,,6,1,6,3,3
650,,7,1,6,2,4
650,,8,1,6,0,6
650,,9,1,6,0,6
650,,10,1,6,2,4
650,,11,1,6,4,2
650,,12,1,6,0,6
650,,13,1,6,1,5
650,,14,1,6,1,5
650,,15,1,6,1,5
650,,0,1,6,2,4
650,,1,1,6,3,3
650,,2,1,6,1,5
650,,3,1,6,0,6
650,,4,1,6,5,1
650,,5,1,6,3,3
650,,6,1,6,1,5
650,,7,1,6,4,2
650,,8,1,6,0,6
650,,9,1,6,6,0
650,,10,1,6,2,4
650,,11,1,6,2,4
650,,12,1,6,1,5
650,,13,1,6,1,5
650,,14,1,6,3,3
650,,15,1,6,2,4
650,,0,1,6,3,3
650,,1,1,6,4,2
650,,2,1,6,2,4
650,,3,1,6,1,5
650,,4,1,6,2,4
650,,5,1,6,2,4
650,,6,1,6,2,4
650,,7,1,6,2,4
650,,8,1,6,0,6
650,,9,1,6,1,5
650,,10,1,6,2,4
650,,11,1,6,2,4
650,,12,1,6,3,3
650,,13,1,6,1,5
650,,14,1,6,2,4
650,,15,1,6,2,4
650,,0,1,6,3,3
650,,1,1,6,4,2
650,,2,1,6,2,4
650,,3,1,6,1,5
650,,4,1,6,4,2
650,,5,1,6,0,6
650,,6,1,6,3,3
650,,7,1,6,2,4
650,,8,1,6,3,3
650,,9,1,6,4,2
650,,10,1,6,3,3
650,,11,1,6,4,2
650,,12,1,6,0,6
650,,13,1,6,0,6
650,,14,1,6,4,2
650,,15,1,6,4,2
650,,0,1,6,0,6
650,,1,1,6,4,2
650,,2,1,6,2,4
650,,3,1,6,2,4
650,,4,1,6,6,0
650,,5,1,6,0,6
650,,6,1,6,1,5
650,,7,1,6,2,4
650,,8,1,6,1,5
650,,9,1,6,4,2
650,,10,1,6,1,5
650,,11,1,6,1,5
650,,12,1,6,2,4
650,,13,1,6,0,6
650,,14,1,6,2,4
650,,15,1,6,1,5
650,,0,1,6,2,4
650,,1,1,6,4,2
650,,2,1,6,3,3
650,,3,1,6,2,4
650,,4,1,6,6,0
650,,5,1,6,3,3
650,,6,1,6,1,5
650,,7,1,6,3,3
650,,8,1,6,1,5
650,,9,1,6,4,2
650,,10,1,6,3,3
650,,11,1,6,3,3
650,,12,1,6,1,5
650,,13,1,6,0,6
650,,14,1,6,5,1
650,,15,1,6,2,4
650,,0,1,6,1,5
650,,1,1,6,3,3
650,,2,1,6,1,5
650,,3,1,6,2,4
650,,4,1,6,3,3
650,,5,1,6,3,3
650,,6,1,6,1,5
650,,7,1,6,5,1
650,,8,1,6,1,5
650,,9,1,6,3,3
650,,10,1,6,3,3
650,,11,1,6,1,5
650,,12,1,6,2,4
650,,13,1,6,1,5
650,,14,1,6,3,3
650,,15,1,6,2,4
650,,0,1,6,4,2
650,,1,1,6,5,1
650,,2,1,6,4,2
650,,3,1,6,1,5
650,,4,1,6,2,4
650,,5,1,6,4,2
650,,6,1,6,2,4
650,,7,1,6,3,3
650,,8,1,6,2,4
650,,9,1,6,5,1
650,,10,1,6,0,6
650,,11,1,6,4,2
650,,12,1,6,1,5
650,,13,1,6,1,5
650,,14,1,6,2,4
650,,15,1,6,4,2
650,,0,1,6,3,3
650,,1,1,6,1,5
650,,2,1,6,0,6
650,,3,1,6,4,2
650,,4,1,6,4,2
650,,5,1,6,1,5
650,,6,1,6,1,5
650,,7,1,6,2,4
650,,8,1,6,1,5
650,,9,1,6,3,3
650,,10,1,6,2,4
650,,11,1,6,3,3
650,,12,1,6,2,4
650,,13,1,6,2,4
650,,14,1,6,6,0
650,,15,1,6,0,6
650,,0,1,6,4,2
650,,1,1,6,1,5
650,,2,1,6,2,4
650,,3,1,6,6,0
650,,4,1,6,4,2
650,,5,1,6,1,5
650,,6,1,6,1,5
650,,7,1,6,3,3
650,,8,1,6,2,4
650,,9,1,6,4,2
650,,10,1,6,0,6
650,,11,1,6,5,1
650,,12,1,6,3,3
650,,13,1,6,2,4
650,,14,1,6,3,3
650,,15,1,6,1,5
650,,0,1,6,1,5
650,,1,1,6,4,2
650,,2,1,6,1,5
650,,3,1,6,2,4
650,,4,1,6,5,1
650,,5,1,6,4,2
650,,6,1,6,0,6
650,,7,1,6,1,5
650,,8,1,6,3,3
650,,9,1,6,5,1
650,,10,1,6,3,3
650,,11,1,6,2,4
650,,12,1,6,1,5
650,,13,1,6,1,5
650,,14,1,6,0,6
650,,15,1,6,3,3
650,,0,1,6,5,1
650,,1,1,6,6,0
650,,2,1,6,2,4
650,,3,1,6,3,3
650,,4,1,6,3,3
650,,5,1,6,2,4
650,,6,1,6,2,4
650,,7,1,6,3,3
650,,8,1,6,4,2
650,,9,1,6,2,4
650,,10,1,6,1,5
650,,11,1,6,4,2
650,,12,1,6,1,5
650,,13,1,6,4,2
650,,14,1,6,1,5
650,,15,1,6,5,1
650,,0,1,6,4,2
650,,1,1,6,5,1
650,,2,1,6,1,5
650,,3,1,6,1,5
650,,4,1,6,6,0
550,,5,1,6,1,5
550,,6,1,6,3,3
550,,7,1,6,6,0
550,,8,1,6,4,2
550,,9,1,6,3,3
550,,10,1,6,6,0
550,,11,1,6,4,2
550,,12,1,6,6,0
550,,13,1,6,1,5
550,,14,1,6,1,5
550,,15,1,6,2,4
550,,0,1,6,0,6
550,,1,1,6,2,4
550,,2,1,6,6,0
550,,3,1,6,4,2
550,,4,1,6,2,4
550,,5,1,6,2,4
550,,6,1,6,2,4
550,,7,1,6,2,4
550,,8,1,6,2,4
550,,9,1,6,1,5
550,,10,1,6,3,3
550,,11,1,6,4,2
550,,12,1,6,3,3
550,,13,1,6,1,5
550,,14,1,6,2,4
550,,15,1,6,5,1
550,,0,1,6,1,5
550,,1,1,6,2,4
550,,2,1,6,5,1
550,,3,1,6,2,4
550,,4,1,6,4,2
550,,5,1,6,0,6
550,,6,1,6,3,3
550,,7,1,6,3,3
550,,8,1,6,4,2
550,,9,1,6,5,1
550,,10,1,6,5,1
550,,11,1,6,3,3
550,,12,1,6,4,2
550,,13,1,6,6,0
550,,14,1,6,5,1
550,,15,1,6,2,4
550,,0,1,6,1,5
550,,1,1,6,2,4
550,,2,1,6,5,1
550,,3,1,6,3,3
550,,4,1,6,3,3
550,,5,1,6,2,4
550,,6,1,6,2,4
550,,7,1,6,4,2
550,,8,1,6,3,3
550,,9,1,6,5,1
550,,10,1,6,2,4
550,,11,1,6,1,5
550,,12,1,6,2,4
550,,13,1,6,5,1
550,,14,1,6,2,4
550,,15,1,6,3,3
550,,0,1,6,3,3
550,,1,1,6,2,4
550,,2,1,6,6,0
550,,3,1,6,3,3
550,,4,1,6,3,3
550,,5,1,6,2,4
550,,6,1,6,4,2
550,,7,1,6,4,2
550,,8,1,6,1,5
550,,9,1,6,2,4
550,,10,1,6,0,6
550,,11,1,6,5,1
550,,12,1,6,1,5
550,,13,1,6,4,2
550,,14,1,6,1,5
550,,15,1,6,2,4
550,,0,1,6,1,5
550,,1,1,6,3,3
550,,2,1,6,5,1
550,,3,1,6,3,3
550,,4,1,6,6,0
550,,5,1,6,2,4
550,,6,1,6,1,5
550,,7,1,6,2,4
550,,8,1,6,1,5
550,,9,1,6,2,4
550,,10,1,6,1,5
550,,11,1,6,3,3
550,,12,1,6,1,5
550,,13,1,6,5,1
550,,14,1,6,2,4
550,,15,1,6,3,3
550,,0,1,6,2,4
550,,1,1,6,0,6
550,,2,1,6,5,1
550,,3,1,6,6,0
550,,4,1,6,4,2
550,,5,1,6,0,6
550,,6,1,6,6,0
550,,7,1,6,5,1
550,,8,1,6,2,4
550,,9,1,6,5,1
550,,10,1,6,2,4
550,,11,1,6,6,0
550,,12,1,6,1,5
550,,13,1,6,5,1
550,,14,1,6,4,2
550,,15,1,6,0,6
550,,0,1,6,1,5
550,,1,1,6,2,4
550,,2,1,6,5,1
550,,3,1,6,4,2
550,,4,1,6,1,5
550,,5,1,6,1,5
550,,6,1,6,2,4
550,,7,1,6,1,5
550,,8,1,6,4,2
550,,9,1,6,4,2
550,,10,1,6,2,4
550,,11,1,6,4,2
550,,12,1,6,5,1
550,,13,1,6,3,3
550,,14,1,6,3,3
550,,15,1,6,5,1
550,,0,1,6,2,4
550,,1,1,6,0,6
550,,2,1,6,4,2
550,,3,1,6,3,3
550,,4,1,6,6,0
550,,5,1,6,3,3
550,,6,1,6,3,3
550,,7,1,6,5,1
550,,8,1,6,2,4
550,,9,1,6,4,2
550,,10,1,6,3,3
550,,11,1,6,5,1
550,,12,1,6,3,3
550,,13,1,6,3,3
550,,14,1,6,2,4
550,,15,1,6,3,3
550,,0,1,6,3,3
550,,1,1,6,0,6
550,,2,1,6,4,2
550,,3,1,6,2,4
550,,4,1,6,5,1
550,,5,1,6,0,6
550,,6,1,6,6,0
550,,7,1,6,5,1
550,,8,1,6,2,4
550,,9,1,6,4,2
550,,10,1,6,5,1
550,,11,1,6,5,1
550,,12,1,6,5,1
550,,13,1,6,4,2
550,,14,1,6,1,5
550,,15,1,6,6,0
550,,0,1,6,2,4
550,,1,1,6,2,4
550,,2,1,6,6,0
550,,3,1,6,4,2
550,,4,1,6,3,3
550,,5,1,6,0,6
550,,6,1,6,1,5
550,,7,1,6,3,3
550,,8,1,6,5,1
550,,9,1,6,5,1
550,,10,1,6,3,3
550,,11,1,6,4,2
550,,12,1,6,4,2
550,,13,1,6,3,3
550,,14,1,6,4,2
550,,15,1,6,2,4
550,,0,1,6,3,3
550,,1,1,6,1,5
550,,2,1,6,0,6
550,,3,1,6,4,2
550,,4,1,6,4,2
550,,5,1,6,2,4
550,,6,1,6,4,2
550,,7,1,6,1,5
550,,8,1,6,5,1
550,,9,1,6,6,0
550,,10,1,6,4,2
550,,11,1,6,4,2
550,,12,1,6,5,1
550,,13,1,6,2,4
550,,14,1,6,1,5
550,,15,1,6,4,2
550,,0,1,6,3,3
550,,1,1,6,2,4
550,,2,1,6,4,2
550,,3,1,6,5,1
550,,4,1,6,5,1
550,,5,1,6,2,4
550,,6,1,6,4,2
550,,7,1,6,5,1
550,,8,1,6,1,5
550,,9,1,6,3,3
550,,10,1,6,6,0
550,,11,1,6,5,1
550,,12,1,6,4,2
550,,13,1,6,3,3
550,,14,1,6,4,2
550,,15,1,6,3,3
550,,0,1,6,2,4
550,,1,1,6,1,5
550,,2,1,6,6,0
550,,3,1,6,3,3
550,,4,1,6,4,2
550,,5,1,6,2,4
550,,6,1,6,4,2
550,,7,1,6,6,0
550,,8,1,6,4,2
550,,9,1,6,6,0
550,,10,1,6,6,0
550,,11,1,6,4,2
550,,12,1,6,6,0
550,,13,1,6,6,0
550,,14,1,6,3,3
550,,15,1,6,4,2
550,,0,1,6,4,2
550,,1,1,6,1,5
550,,2,1,6,6,0
550,,3,1,6,5,1
550,,4,1,6,5,1
550,,5,1,6,1,5
550,,6,1,6,4,2
550,,7,1,6,6,0
550,,8,1,6,4,2
550,,9,1,6,5,1
550,,10,1,6,6,0
550,,11,1,6,4,2
550,,12,1,6,6,0
550,,13,1,6,3,3
550,,14,1,6,4,2
550,,15,1,6,4,2
550,,0,1,6,3,3
550,,1,1,6,1,5
550,,2,1,6,6,0
550,,3,1,6,5,1
550,,4,1,6,5,1
550,,5,1,6,4,2
550,,6,1,6,4,2
550,,7,1,6,4,2
550,,8,1,6,5,1
550,,9,1,6,4,2
550,,10,1,6,5,1
550,,11,1,6,4,2
550,,12,1,6,5,1
550,,13,1,6,5,1
550,,14,1,6,4,2
550,,15,1,6,5,1
550,,0,1,6,3,3
550,,1,1,6,4,2
550,,2,1,6,4,2
550,,3,1,6,4,2
550,,4,1,6,3,3
550,,5,1,6,3,3
550,,6,1,6,4,2
550,,7,1,6,3,3
550,,8,1,6,4,2
550,,9,1,6,4,2
550,,10,1,6,6,0
550,,11,1,6,4,2
550,,12,1,6,6,0
550,,13,1,6,5,1
550,,14,1,6,2,4
550,,15,1,6,4,2
550,,0,1,6,1,5
550,,1,1,6,1,5
550,,2,1,6,4,2
550,,3,1,6,3,3
550,,4,1,6,5,1
550,,5,1,6,3,3
550,,6,1,6,4,2
550,,7,1,6,5,1
550,,8,1,6,4,2
550,,9,1,6,5,1
550,,10,1,6,2,4
550,,11,1,6,3,3
550,,12,1,6,4,2
550,,13,1,6,6,0
550,,14,1,6,2,4
550,,15,1,6,3,3
550,,0,1,6,4,2
550,,1,1,6,0,6
550,,2,1,6,3,3
550,,3,1,6,6,0
550,,4,1,6,5,1
550,,5,1,6,4,2
550,,6,1,6,5,1
550,,7,1,6,5,1
550,,8,1,6,4,2
550,,9,1,6,5,1
550,,10,1,6,6,0
550,,11,1,6,6,0
550,,12,1,6,6,0
550,,13,1,6,3,3
550,,14,1,6,3,3
550,,15,1,6,4,2
550,,0,1,6,5,1
550,,1,1,6,4,2
550,,2,1,6,6,0
550,,3,1,6,6,0
550,,4,1,6,4,2
550,,5,1,6,6,0
550,,6,1,6,6,0
550,,7,1,6,5,1
550,,8,1,6,3,3
550,,9,1,6,5,1
550,,10,1,6,6,0
550,,11,1,6,5,1
550,,12,1,6,6,0
550,,13,1,6,2,4
550,,14,1,6,5,1
550,,15,1,6,6,0
550,,0,1,6,3,3
550,,1,1,6,5,1
550,,2,1,6,6,0
550,,3,1,6,6,0
550,,4,1,6,5,1
550,,5,1,6,6,0
550,,6,1,6,6,0
550,,7,1,6,5,1
550,,8,1,6,6,0
550,,9,1,6,6,0
550,,10,1,6,4,2
550,,11,1,6,6,0
550,,12,1,6,4,2
550,,13,1,6,3,3
550,,14,1,6,1,5
550,,15,1,6,2,4
550,,0,1,6,5,1
550,,1,1,6,5,1
550,,2,1,6,6,0
550,,3,1,6,3,3
550,,4,1,6,3,3
550,,5,1,6,6,0
550,,6,1,6,6,0
550,,7,1,6,6,0
550,,8,1,6,2,4
550,,9,1,6,5,1
550,,10,1,6,6,0
550,,11,1,6,3,3
550,,12,1,6,5,1
550,,13,1,6,5,1
550,,14,1,6,5,1
550,,15,1,6,5,1
550,,0,1,6,6,0
550,,1,1,6,5,1
550,,2,1,6,5,1
550,,3,1,6,2,4
550,,4,1,6,2,4
550,,5,1,6,6,0
550,,6,1,6,4,2
550,,7,1,6,6,0
550,,8,1,6,4,2
550,,9,1,6,5,1
550,,10,1,6,6,0
550,,11,1,6,1,5
550,,12,1,6,5,1
550,,13,1,6,4,2
550,,14,1,6,6,0
550,,15,1,6,6,0
550,,0,1,6,3,3
550,,1,1,6,5,1
550,,2,1,6,6,0
550,,3,1,6,5,1
550,,4,1,6,5,1
550,,5,1,6,5,1
550,,6,1,6,4,2
550,,7,1,6,5,1
550,,8,1,6,4,2
550,,9,1,6,4,2
550,,10,1,6,2,4
550,,11,1,6,5,1
550,,12,1,6,5,1
550,,13,1,6,1,5
550,,14,1,6,3,3
550,,15,1,6,5,1
550,,0,1,6,2,4
550,,1,1,6,6,0
550,,2,1,6,4,2
550,,3,1,6,5,1
550,,4,1,6,3,3
550,,5,1,6,6,0
550,,6,1,6,2,4
550,,7,1,6,6,0
550,,8,1,6,6,0
550,,9,1,6,5,1
550,,10,1,6,6,0
550,,11,1,6,4,2
550,,12,1,6,6,0
550,,13,1,6,5,1
550,,14,1,6,1,5
550,,15,1,6,4,2
550,,0,1,6,6,0
550,,1,1,6,4,2
550,,2,1,6,6,0
550,,3,1,6,6,0
550,,4,1,6,4,2
550,,5,1,6,4,2
550,,6,1,6,5,1
550,,7,1,6,6,0
550,,8,1,6,5,1
550,,9,1,6,4,2
550,,10,1,6,6,0
550,,11,1,6,3,3
550,,12,1,6,5,1
550,,13,1,6,5,1
550,,14,1,6,5,1
550,,15,1,6,6,0
550,,0,1,6,4,2
550,,1,1,6,6,0
550,,2,1,6,5,1
550,,3,1,6,6,0
550,,4,1,6,6,0
550,,5,1,6,6,0
550,,6,1,6,4,2
550,,7,1,6,5,1
550,,8,1,6,5,1
550,,9,1,6,4,2
550,,10,1,6,5,1
550,,11,1,6,5,1
550,,12,1,6,6,0
550,,13,1,6,4,2
550,,14,1,6,6,0
550,,15,1,6,5,1
550,,0,1,6,5,1
550,,1,1,6,6,0
550,,2,1,6,5,1
550,,3,1,6,5,1
550,,4,1,6,5,1
550,,5,1,6,5,1
550,,6,1,6,6,0
550,,7,1,6,6,0
550,,8,1,6,2,4
550,,9,1,6,5,1
550,,10,1,6,6,0
550,,11,1,6,2,4
550,,12,1,6,4,2
550,,13,1,6,5,1
550,,14,1,6,5,1
550,,15,1,6,5,1
550,,0,1,6,3,3
550,,1,1,6,5,1
550,,2,1,6,6,0
550,,3,1,6,4,2
550,,4,1,6,3,3
550,,5,1,6,5,1
550,,6,1,6,5,1
550,,7,1,6,5,1
550,,8,1,6,5,1
550,,9,1,6,2,4
550,,10,1,6,5,1
550,,11,1,6,4,2
550,,12,1,6,3,3
550,,13,1,6,5,1
550,,14,1,6,5,1
550,,15,1,6,4,2
550,,0,1,6,5,1
550,,1,1,6,6,0
550,,2,1,6,6,0
550,,3,1,6,4,2
550,,4,1,6,6,0
550,,5,1,6,6,0
550,,6,1,6,6,0
550,,7,1,6,5,1
550,,8,1,6,3,3
550,,9,1,6,1,5
550,,10,1,6,5,1
550,,11,1,6,6,0
550,,12,1,6,5,1
550,,13,1,6,5,1
550,,14,1,6,5,1
550,,15,1,6,4,2
550,,0,1,6,5,1
550,,1,1,6,4,2
550,,2,1,6,4,2
550,,3,1,6,6,0
550,,4,1,6,6,0
550,,5,1,6,5,1
550,,6,1,6,3,3
550,,7,1,6,6,0
550,,8,1,6,4,2
550,,9,1,6,3,3
550,,10,1,6,6,0
550,,11,1,6,5,1
550,,12,1,6,4,2
550,,13,1,6,5,1
550,,14,1,6,5,1
550,,15,1,6,5,1
550,,0,1,6,6,0
550,,1,1,6,6,0
550,,2,1,6,4,2
550,,3,1,6,6,0
550,,4,1,6,4,2
550,,5,1,6,6,0
550,,6,1,6,5,1
550,,7,1,6,5,1
550,,8,1,6,5,1
650,,5,1,6,4,2
650,,6,1,6,1,5
650,,7,1,6,1,5
650,,8,1,6,1,5
650,,9,1,6,1,5
650,,10,1,6,3,3
650,,11,1,6,5,1
650,,12,1,6,2,4
650,,13,1,6,2,4
650,,14,1,6,2,4
650,,15,1,6,3,3
650,,0,1,6,3,3
650,,1,1,6,6,0
650,,2,1,6,3,3
650,,3,1,6,4,2
650,,4,1,6,4,2
650,,5,1,6,3,3
650,,6,1,6,3,3
650,,7,1,6,4,2
650,,8,1,6,2,4
650,,9,1,6,4,2
650,,10,1,6,5,1
650,,11,1,6,3,3
650,,12,1,6,1,5
650,,13,1,6,2,4
650,,14,1,6,2,4
650,,15,1,6,1,5
650,,0,1,6,5,1
650,,1,1,6,6,0
650,,2,1,6,2,4
650,,3,1,6,5,1
650,,4,1,6,5,1
650,,5,1,6,3,3
650,,6,1,6,2,4
650,,7,1,6,2,4
650,,8,1,6,2,4
650,,9,1,6,3,3
650,,10,1,6,6,0
650,,11,1,6,5,1
650,,12,1,6,3,3
650,,13,1,6,3,3
650,,14,1,6,4,2
650,,15,1,6,2,4
650,,0,1,6,3,3
650,,1,1,6,3,3
650,,2,1,6,3,3
650,,3,1,6,4,2
650,,4,1,6,5,1
650,,5,1,6,4,2
650,,6,1,6,2,4
650,,7,1,6,3,3
650,,8,1,6,1,5
650,,9,1,6,2,4
650,,10,1,6,3,3
650,,11,1,6,4,2
650,,12,1,6,4,2
650,,13,1,6,4,2
650,,14,1,6,2,4
650,,15,1,6,1,5
650,,0,1,6,3,3
650,,1,1,6,5,1
650,,2,1,6,4,2
650,,3,1,6,5,1
650,,4,1,6,4,2
650,,5,1,6,4,2
650,,6,1,6,3,3
650,,7,1,6,4,2
650,,8,1,6,1,5
650,,9,1,6,3,3
650,,10,1,6,6,0
650,,11,1,6,4,2
650,,12,1,6,3,3
650,,13,1,6,0,6
650,,14,1,6,3,3
650,,15,1,6,4,2
650,,0,1,6,5,1
650,,1,1,6,5,1
650,,2,1,6,4,2
650,,3,1,6,5,1
650,,4,1,6,5,1
650,,5,1,6,3,3
650,,6,1,6,1,5
650,,7,1,6,5,1
650,,8,1,6,3,3
650,,9,1,6,4,2
650,,10,1,6,5,1
650,,11,1,6,4,2
650,,12,1,6,4,2
650,,13,1,6,1,5
650,,14,1,6,6,0
650,,15,1,6,3,3
650,,0,1,6,2,4
650,,1,1,6,4,2
650,,2,1,6,6,0
650,,3,1,6,4,2
650,,4,1,6,5,1
650,,5,1,6,3,3
650,,6,1,6,2,4
650,,7,1,6,4,2
650,,8,1,6,1,5
650,,9,1,6,4,2
650,,10,1,6,5,1
650,,11,1,6,3,3
650,,12,1,6,3,3
650,,13,1,6,2,4
650,,14,1,6,3,3
650,,15,1,6,5,1
650,,0,1,6,5,1
650,,1,1,6,1,5
650,,2,1,6,6,0
650,,3,1,6,5,1
650,,4,1,6,5,1
650,,5,1,6,3,3
650,,6,1,6,4,2
650,,7,1,6,3,3
650,,8,1,6,2,4
650,,9,1,6,4,2
650,,10,1,6,2,4
650,,11,1,6,5,1
650,,12,1,6,6,0
650,,13,1,6,3,3
650,,14,1,6,4,2
650,,15,1,6,1,5
650,,0,1,6,6,0
650,,1,1,6,4,2
650,,2,1,6,6,0
650,,3,1,6,5,1
650,,4,1,6,3,3
650,,5,1,6,2,4
650,,6,1,6,2,4
650,,7,1,6,4,2
650,,8,1,6,4,2
650,,9,1,6,5,1
650,,10,1,6,5,1
650,,11,1,6,6,0
650,,12,1,6,3,3
650,,13,1,6,3,3
650,,14,1,6,4,2
650,,15,1,6,3,3
650,,0,1,6,6,0
650,,1,1,6,2,4
650,,2,1,6,5,1
650,,3,1,6,3,3
650,,4,1,6,3,3
650,,5,1,6,2,4
650,,6,1,6,5,1
650,,7,1,6,4,2
650,,8,1,6,3,3
650,,9,1,6,3,3
650,,10,1,6,5,1
650,,11,1,6,6,0
650,,12,1,6,2,4
650,,13,1,6,4,2
650,,14,1,6,5,1
650,,15,1,6,3,3
650,,0,1,6,5,1
650,,1,1,6,4,2
650,,2,1,6,3,3
650,,3,1,6,5,1
650,,4,1,6,5,1
650,,5,1,6,5,1
650,,6,1,6,5,1
650,,7,1,6,4,2
650,,8,1,6,3,3
650,,9,1,6,5,1
650,,10,1,6,5,1
650,,11,1,6,6,0
650,,12,1,6,2,4
650,,13,1,6,3,3
650,,14,1,6,5,1
650,,15,1,6,3,3
650,,0,1,6,6,0
650,,1,1,6,6,0
650,,2,1,6,6,0
650,,3,1,6,4,2
650,,4,1,6,6,0
650,,5,1,6,4,2
650,,6,1,6,3,3
650,,7,1,6,4,2
650,,8,1,6,5,1
650,,9,1,6,5,1
650,,10,1,6,4,2
650,,11,1,6,6,0
650,,12,1,6,2,4
650,,13,1,6,4,2
650,,14,1,6,3,3
650,,15,1,6,5,1
650,,0,1,6,6,0
650,,1,1,6,4,2
650,,2,1,6,4,2
650,,3,1,6,5,1
650,,4,1,6,4,2
650,,5,1,6,4,2
650,,6,1,6,4,2
650,,7,1,6,3,3
650,,8,1,6,4,2
650,,9,1,6,5,1
650,,10,1,6,5,1
650,,11,1,6,6,0
650,,12,1,6,1,5
650,,13,1,6,6,0
650,,14,1,6,4,2
650,,15,1,6,4,2
650,,0,1,6,6,0
650,,1,1,6,3,3
650,,2,1,6,6,0
650,,3,1,6,5,1
650,,4,1,6,5,1
650,,5,1,6,5,1
650,,6,1,6,4,2
650,,7,1,6,5,1
650,,8,1,6,4,2
650,,9,1,6,5,1
650,,10,1,6,5,1
650,,11,1,6,5,1
650,,12,1,6,3,3
650,,13,1,6,3,3
650,,14,1,6,6,0
650,,15,1,6,5,1
650,,0,1,6,4,2
650,,1,1,6,6,0
650,,2,1,6,4,2
650,,3,1,6,5,1
650,,4,1,6,5,1
650,,5,1,6,5,1
650,,6,1,6,3,3
650,,7,1,6,4,2
650,,8,1,6,5,1
650,,9,1,6,6,0
650,,10,1,6,6,0
650,,11,1,6,5,1
650,,12,1,6,1,5
650,,13,1,6,3,3
650,,14,1,6,4,2
650,,15,1,6,3,3
650,,0,1,6,6,0
650,,1,1,6,4,2
650,,2,1,6,6,0
650,,3,1,6,3,3
650,,4,1,6,4,2
650,,5,1,6,6,0
650,,6,1,6,6,0
650,,7,1,6,3,3
650,,8,1,6,5,1
650,,9,1,6,5,1
650,,10,1,6,3,3
650,,11,1,6,5,1
650,,12,1,6,2,4
650,,13,1,6,6,0
650,,14,1,6,5,1
650,,15,1,6,4,2
650,,0,1,6,5,1
650,,1,1,6,5,1
650,,2,1,6,4,2
650,,3,1,6,5,1
650,,4,1,6,6,0
650,,5,1,6,4,2
650,,6,1,6,4,2
650,,7,1,6,5,1
650,,8,1,6,6,0
650,,9,1,6,5,1
650,,10,1,6,5,1
650,,11,1,6,6,0
650,,12,1,6,3,3
650,,13,1,6,4,2
650,,14,1,6,5,1
650,,15,1,6,6,0
650,,0,1,6,6,0
650,,1,1,6,3,3
650,,2,1,6,5,1
650,,3,1,6,5,1
650,,4,1,6,4,2
650,,5,1,6,5,1
650,,6,1,6,4,2
650,,7,1,6,4,2
650,,8,1,6,5,1
650,,9,1,6,5,1
650,,10,1,6,3,3
650,,11,1,6,5,1
650,,12,1,6,3,3
650,,13,1,6,5,1
650,,14,1,6,3,3
650,,15,1,6,4,2
650,,0,1,6,5,1
650,,1,1,6,5,1
650,,2,1,6,6,0
650,,3,1,6,5,1
650,,4,1,6,3,3
650,,5,1,6,2,4
650,,6,1,6,4,2
650,,7,1,6,2,4
650,,8,1,6,6,0
650,,9,1,6,5,1
650,,10,1,6,5,1
650,,11,1,6,6,0
650,,12,1,6,3,3
650,,13,1,6,5,1
650,,14,1,6,5,1
650,,15,1,6,5,1
650,,0,1,6,6,0
650,,1,1,6,4,2
650,,2,1,6,5,1
650,,3,1,6,4,2
650,,4,1,6,6,0
650,,5,1,6,6,0
650,,6,1,6,5,1
650,,7,1,6,4,2
650,,8,1,6,6,0
650,,9,1,6,4,2
650,,10,1,6,4,2
650,,11,1,6,6,0
650,,12,1,6,3,3
650,,13,1,6,4,2
650,,14,1,6,4,2
650,,15,1,6,6,0
650,,0,1,6,6,0
650,,1,1,6,3,3
650,,2,1,6,2,4
650,,3,1,6,3,3
650,,4,1,6,3,3
650,,5,1,6,6,0
650,,6,1,6,3,3
650,,7,1,6,3,3
650,,8,1,6,5,1
650,,9,1,6,5,1
650,,10,1,6,4,2
650,,11,1,6,6,0
650,,12,1,6,4,2
650,,13,1,6,4,2
650,,14,1,6,5,1
650,,15,1,6,3,3
650,,0,1,6,5,1
650,,1,1,6,4,2
650,,2,1,6,6,0
650,,3,1,6,5,1
650,,4,1,6,3,3
650,,5,1,6,4,2
650,,6,1,6,4,2
650,,7,1,6,6,0
650,,8,1,6,5,1
650,,9,1,6,5,1
650,,10,1,6,5,1
650,,11,1,6,5,1
650,,12,1,6,2,4
650,,13,1,6,4,2
650,,14,1,6,5,1
650,,15,1,6,4,2
650,,0,1,6,6,0
650,,1,1,6,3,3
650,,2,1,6,4,2
650,,3,1,6,4,2
650,,4,1,6,3,3
650,,5,1,6,4,2
650,,6,1,6,4,2
650,,7,1,6,6,0
650,,8,1,6,6,0
650,,9,1,6,5,1
650,,10,1,6,4,2
650,,11,1,6,5,1
650,,12,1,6,1,5
650,,13,1,6,6,0
650,,14,1,6,5,1
650,,15,1,6,6,0
650,,0,1,6,6,0
650,,1,1,6,5,1
650,,2,1,6,4,2
650,,3,1,6,5,1
650,,4,1,6,5,1
650,,5,1,6,1,5
650,,6,1,6,5,1
650,,7,1,6,3,3
650,,8,1,6,5,1
650,,9,1,6,5,1
650,,10,1,6,4,2
650,,11,1,6,5,1
650,,12,1,6,3,3
650,,13,1,6,5,1
650,,14,1,6,5,1
650,,15,1,6,6,0
650,,0,1,6,5,1
650,,1,1,6,6,0
650,,2,1,6,5,1
650,,3,1,6,5,1
650,,4,1,6,5,1
650,,5,1,6,4,2
650,,6,1,6,4,2
650,,7,1,6,3,3
650,,8,1,6,5,1
650,,9,1,6,3,3
650,,10,1,6,4,2
650,,11,1,6,5,1
650,,12,1,6,3,3
650,,13,1,6,5,1
650,,14,1,6,3,3
650,,15,1,6,6,0
650,,0,1,6,6,0
650,,1,1,6,4,2
650,,2,1,6,4,2
650,,3,1,6,4,2
650,,4,1,6,5,1
650,,5,1,6,6,0
650,,6,1,6,5,1
650,,7,1,6,2,4
650,,8,1,6,6,0
650,,9,1,6,4,2
650,,10,1,6,6,0
650,,11,1,6,5,1
650,,12,1,6,4,2
650,,13,1,6,5,1
650,,14,1,6,4,2
650,,15,1,6,5,1
650,,0,1,6,6,0
650,,1,1,6,3,3
650,,2,1,6,6,0
650,,3,1,6,5,1
650,,4,1,6,5,1
650,,5,1,6,6,0
650,,6,1,6,5,1
650,,7,1,6,6,0
650,,8,1,6,3,3
650,,9,1,6,3,3
650,,10,1,6,3,3
650,,11,1,6,6,0
650,,12,1,6,3,3
650,,13,1,6,5,1
650,,14,1,6,5,1
650,,15,1,6,3,3
650,,0,1,6,4,2
650,,1,1,6,2,4
650,,2,1,6,6,0
650,,3,1,6,4,2
650,,4,1,6,6,0
650,,5,1,6,5,1
650,,6,1,6,1,5
650,,7,1,6,6,0
650,,8,1,6,5,1
650,,9,1,6,4,2
650,,10,1,6,3,3
650,,11,1,6,6,0
650,,12,1,6,2,4
650,,13,1,6,6,0
650,,14,1,6,6,0
650,,15,1,6,6,0
650,,0,1,6,3,3
650,,1,1,6,6,0
650,,2,1,6,2,4
650,,3,1,6,3,3
650,,4,1,6,5,1
650,,5,1,6,6,0
650,,6,1,6,5,1
650,,7,1,6,5,1
650,,8,1,6,4,2
650,,9,1,6,0,6
650,,10,1,6,4,2
650,,11,1,6,5,1
650,,12,1,6,2,4
650,,13,1,6,2,4
650,,14,1,6,4,2
650,,15,1,6,4,2
650,,0,1,6,6,0
650,,1,1,6,4,2
650,,2,1,6,2,4
650,,3,1,6,4,2
650,,4,1,6,6,0
650,,5,1,6,4,2
650,,6,1,6,3,3
650,,7,1,6,4,2
650,,8,1,6,2,4
650,,9,1,6,2,4
650,,10,1,6,4,2
650,,11,1,6,6,0
650,,12,1,6,4,2
650,,13,1,6,3,3
650,,14,1,6,4,2
650,,15,1,6,4,2
650,,0,1,6,6,0
650,,1,1,6,6,0
650,,2,1,6,5,1
650,,3,1,6,5,1
650,,4,1,6,6,0
650,,5,1,6,5,1
650,,6,1,6,4,2
650,,7,1,6,4,2
650,,8,1,6,5,1
650,,9,1,6,4,2
650,,10,1,6,4,2
650,,11,1,6,6,0
650,,12,1,6,4,2
650,,13,1,6,6,0
650,,14,1,6,5,1
650,,15,1,6,2,4
650,,0,1,6,5,1
650,,1,1,6,3,3
650,,2,1,6,4,2
650,,3,1,6,4,2
650,,4,1,6,5,1
650,,5,1,6,5,1
650,,6,1,6,6,0
650,,7,1,6,6,0
650,,8,1,6,5,1
650,,9,1,6,3,3
650,,10,1,6,5,1
650,,11,1,6,6,0
650,,12,1,6,3,3
650,,13,1,6,4,2
650,,14,1,6,3,3
650,,15,1,6,6,0
650,,0,1,6,3,3
650,,1,1,6,3,3
650,,2,1,6,3,3
650,,3,1,6,6,0
650,,4,1,6,6,0
650,,5,1,6,4,2
650,,6,1,6,4,2
650,,7,1,6,5,1
650,,8,1,6,5,1
650,,9,1,6,2,4
650,,10,1,6,3,3
650,,11,1,6,5,1
650,,12,1,6,5,1
650,,13,1,6,4,2
650,,14,1,6,4,2
650,,15,1,6,3,3
650,,0,1,6,6,0
650,,1,1,6,4,2
650,,2,1,6,3,3
650,,3,1,6,6,0
650,,4,1,6,4,2
650,,5,1,6,2,4
650,,6,1,6,4,2
650,,7,1,6,6,0
650,,8,1,6,4,2
650,,9,1,6,3,3
650,,10,1,6,3,3
650,,11,1,6,4,2
650,,12,1,6,3,3
650,,13,1,6,6,0
650,,14,1,6,5,1
650,,15,1,6,4,2
650,,0,1,6,3,3
650,,1,1,6,6,0
650,,2,1,6,2,4
650,,3,1,6,2,4
650,,4,1,6,5,1
650,,5,1,6,3,3
650,,6,1,6,5,1
650,,7,1,6,4,2
650,,8,1,6,2,4
650,,9,1,6,3,3
650,,10,1,6,5,1
650,,11,1,6,6,0
650,,12,1,6,3,3
650,,13,1,6,4,2
650,,14,1,6,5,1
650,,15,1,6,4,2
650,,0,1,6,3,3
650,,1,1,6,3,3
650,,2,1,6,3,3
650,,3,1,6,4,2
650,,4,1,6,5,1
650,,5,1,6,2,4
650,,6,1,6,6,0
650,,7,1,6,6,0
650,,8,1,6,4,2
650,,9,1,6,4,2
650,,10,1,6,2,4
650,,11,1,6,5,1
650,,12,1,6,4,2
650,,13,1,6,5,1
650,,14,1,6,5,1
650,,15,1,6,6,0
650,,0,1,6,2,4
650,,1,1,6,3,3
650,,2,1,6,2,4
650,,3,1,6,5,1
650,,4,1,6,4,2
650,,5,1,6,3,3
650,,6,1,6,2,4
650,,7,1,6,4,2
650,,8,1,6,4,2
650,,9,1,6,4,2
650,,10,1,6,5,1
650,,11,1,6,3,3
650,,12,1,6,4,2
650,,13,1,6,2,4
650,,14,1,6,2,4
650,,15,1,6,4,2
650,,0,1,6,5,1
650,,1,1,6,6,0
650,,2,1,6,4,2
650,,3,1,6,4,2
650,,4,1,6,5,1
650,,5,1,6,3,3
650,,6,1,6,4,2
650,,7,1,6,3,3
650,,8,1,6,5,1
650,,9,1,6,1,5
650,,10,1,6,3,3
650,,11,1,6,6,0
650,,12,1,6,1,5
650,,13,1,6,3,3
650,,14,1,6,5,1
650,,15,1,6,2,4
650,,0,1,6,4,2
650,,1,1,6,4,2
650,,2,1,6,2,4
650,,3,1,6,5,1
650,,4,1,6,4,2
650,,5,1,6,4,2
650,,6,1,6,2,4
650,,7,1,6,3,3
650,,8,1,6,2,4
650,,9,1,6,3,3
650,,10,1,6,4,2
650,,11,1,6,3,3
650,,12,1,6,5,1
650,,13,1,6,4,2
650,,14,1,6,5,1
650,,15,1,6,3,3
650,,0,1,6,3,3
650,,1,1,6,4,2
650,,2,1,6,0,6
650,,3,1,6,5,1
650,,4,1,6,5,1
650,,5,1,6,3,3
650,,6,1,6,5,1
650,,7,1,6,5,1
650,,8,1,6,2,4
650,,9,1,6,4,2
650,,10,1,6,4,2
650,,11,1,6,6,0
650,,12,1,6,4,2
650,,13,1,6,4,2
650,,14,1,6,5,1
650,,15,1,6,6,0
650,,0,1,6,6,0
650,,1,1,6,5,1
650,,2,1,6,4,2
650,,3,1,6,3,3
650,,4,1,6,5,1
650,,5,1,6,3,3
650,,6,1,6,5,1
650,,7,1,6,4,2
650,,8,1,6,2,4
650,,9,1,6,5,1
650,,10,1,6,3,3
650,,11,1,6,4,2
650,,12,1,6,1,5
650,,13,1,6,6,0
650,,14,1,6,3,3
650,,15,1,6,5,1
650,,0,1,6,4,2
650,,1,1,6,4,2
650,,2,1,6,6,0
650,,3,1,6,2,4
650,,4,1,6,5,1
650,,5,1,6,2,4
650,,6,1,6,4,2
650,,7,1,6,3,3
650,,8,1,6,4,2
650,,9,1,6,2,4
650,,10,1,6,5,1
650,,11,1,6,4,2
650,,12,1,6,2,4
650,,13,1,6,2,4
650,,14,1,6,5,1
650,,15,1,6,4,2
650,,0,1,6,5,1
650,,1,1,6,2,4
650,,2,1,6,3,3
650,,3,1,6,6,0
650,,4,1,6,4,2
650,,5,1,6,3,3
650,,6,1,6,2,4
650,,7,1,6,4,2
650,,8,1,6,4,2
650,,9,1,6,3,3
650,,10,1,6,5,1
650,,11,1,6,5,1
650,,12,1,6,2,4
650,,13,1,6,5,1
650,,14,1,6,4,2
650,,15,1,6,5,1
650,,0,1,6,6,0
650,,1,1,6,6,0
650,,2,1,6,2,4
650,,3,1,6,6,0
650,,4,1,6,4,2
650,,5,1,6,3,3
650,,6,1,6,3,3
650,,7,1,6,2,4
650,,8,1,6,5,1
650,,9,1,6,1,5
650,,10,1,6,3,3
650,,11,1,6,5,1
650,,12,1,6,1,5
650,,13,1,6,6,0
650,,14,1,6,4,2
650,,15,1,6,4,2
650,,0,1,6,6,0
650,,1,1,6,4,2
650,,2,1,6,3,3
650,,3,1,6,2,4
650,,4,1,6,2,4
650,,5,1,6,4,2
650,,6,1,6,2,4
650,,7,1,6,2,4
650,,8,1,6,5,1
650,,9,1,6,3,3
650,,10,1,6,1,5
650,,11,1,6,6,0
650,,12,1,6,2,4
650,,13,1,6,4,2
650,,14,1,6,6,0
650,,15,1,6,5,1
700,,0,1,6,0,6
700,,1,1,6,2,4
700,,2,1,6,2,4
700,,3,1,6,2,4
700,,4,1,6,1,5
700,,5,1,6,0,6
700,,0,1,6,1,5
700,,1,1,6,1,5
700,,2,1,6,3,3
700,,3,1,6,0,6
700,,4,1,6,2,4
700,,5,1,6,0,6
700,,0,1,6,2,4
700,,1,1,6,1,5
700,,2,1,6,0,6
700,,3,1,6,0,6
700,,4,1,6,1,5
700,,5,1,6,0,6
700,,0,1,6,3,3
700,,1,1,6,4,2
700,,2,1,6,1,5
700,,3,1,6,0,6
700,,4,1,6,4,2
700,,5,1,6,0,6
700,,0,1,6,4,2
700,,1,1,6,3,3
700,,2,1,6,2,4
700,,3,1,6,0,6
700,,4,1,6,3,3
700,,5,1,6,1,5
700,,0,1,6,1,5
700,,1,1,6,2,4
700,,2,1,6,2,4
700,,3,1,6,0,6
700,,4,1,6,0,6
700,,5,1,6,1,5
700,,0,1,6,1,5
700,,1,1,6,1,5
700,,2,1,6,0,6
700,,3,1,6,1,5
700,,4,1,6,1,5
700,,5,1,6,2,4
700,,0,1,6,1,5
700,,1,1,6,1,5
700,,2,1,6,1,5
700,,3,1,6,1,5
700,,4,1,6,1,5
700,,5,1,6,3,3
700,,0,1,6,2,4
700,,1,1,6,1,5
700,,2,1,6,1,5
700,,3,1,6,5,1
700,,4,1,6,2,4
700,,5,1,6,3,3
700,,0,1,6,3,3
700,,1,1,6,4,2
700,,2,1,6,0,6
700,,3,1,6,3,3
700,,4,1,6,5,1
700,,5,1,6,4,2
700,,0,1,6,0,6
700,,1,1,6,1,5
700,,2,1,6,0,6
700,,3,1,6,1,5
700,,4,1,6,1,5
700,,5,1,6,0,6
700,,0,1,6,2,4
700,,1,1,6,1,5
700,,2,1,6,1,5
700,,3,1,6,0,6
700,,4,1,6,4,2
700,,5,1,6,1,5
700,,0,1,6,3,3
700,,1,1,6,1,5
700,,2,1,6,0,6
700,,3,1,6,1,5
700,,4,1,6,2,4
700,,5,1,6,0,6
700,,0,1,6,0,6
700,,1,1,6,1,5
700,,2,1,6,0,6
700,,3,1,6,0,6
700,,4,1,6,1,5
700,,5,1,6,1,5
700,,0,1,6,4,2
700,,1,1,6,1,5
700,,2,1,6,0,6
700,,3,1,6,2,4
700,,4,1,6,4,2
700,,5,1,6,1,5
700,,0,1,6,3,3
700,,1,1,6,0,6
700,,2,1,6,0,6
700,,3,1,6,0,6
700,,4,1,6,1,5
700,,5,1,6,2,4
700,,0,1,6,1,5
700,,1,1,6,1,5
700,,2,1,6,0,6
700,,3,1,6,0,6
700,,4,1,6,3,3
700,,5,1,6,2,4
700,,0,1,6,1,5
700,,1,1,6,1,5
700,,2,1,6,0,6
700,,3,1,6,4,2
700,,4,1,6,0,6
700,,5,1,6,0,6
700,,0,1,6,4,2
700,,1,1,6,2,4
700,,2,1,6,3,3
700,,3,1,6,0,6
700,,4,1,6,3,3
700,,5,1,6,3,3
700,,0,1,6,2,4
700,,1,1,6,0,6
700,,2,1,6,1,5
700,,3,1,6,3,3
700,,4,1,6,1,5
700,,5,1,6,2,4
700,,0,1,6,3,3
700,,1,1,6,1,5
700,,2,1,6,1,5
700,,3,1,6,1,5
700,,4,1,6,0,6
700,,5,1,6,1,5
700,,0,1,6,2,4
700,,1,1,6,3,3
700,,2,1,6,5,1
700,,3,1,6,4,2
700,,4,1,6,1,5
700,,5,1,6,2,4
700,,0,1,6,1,5
700,,1,1,6,2,4
700,,2,1,6,4,2
700,,3,1,6,0,6
700,,4,1,6,3,3
700,,5,1,6,1,5
700,,0,1,6,1,5
700,,1,1,6,4,2
700,,2,1,6,5,1
700,,3,1,6,4,2
700,,4,1,6,6,0
700,,5,1,6,3,3
700,,0,1,6,3,3
700,,1,1,6,3,3
700,,2,1,6,1,5
700,,3,1,6,3,3
700,,4,1,6,3,3
700,,5,1,6,2,4
700,,0,1,6,6,0
700,,1,1,6,4,2
700,,2,1,6,5,1
700,,3,1,6,4,2
700,,4,1,6,5,1
700,,5,1,6,4,2
700,,0,1,6,0,6
700,,1,1,6,3,3
700,,2,1,6,3,3
700,,3,1,6,4,2
700,,4,1,6,4,2
700,,5,1,6,4,2
700,,0,1,6,3,3
700,,1,1,6,0,6
700,,2,1,6,3,3
700,,3,1,6,5,1
700,,4,1,6,4,2
700,,5,1,6,3,3
700,,0,1,6,3,3
700,,1,1,6,1,5
700,,2,1,6,4,2
700,,3,1,6,5,1
700,,4,1,6,4,2
700,,5,1,6,2,4
700,,0,1,6,3,3
700,,1,1,6,2,4
700,,2,1,6,4,2
700,,3,1,6,5,1
700,,4,1,6,5,1
700,,5,1,6,6,0
700,,0,1,6,2,4
700,,1,1,6,3,3
700,,2,1,6,4,2
700,,3,1,6,5,1
700,,4,1,6,5,1
700,,5,1,6,3,3
700,,0,1,6,1,5
700,,1,1,6,2,4
700,,2,1,6,5,1
700,,3,1,6,4,2
700,,4,1,6,2,4
700,,5,1,6,3,3
700,,0,1,6,1,5
700,,1,1,6,5,1
700,,2,1,6,2,4
700,,3,1,6,4,2
700,,4,1,6,4,2
700,,5,1,6,3,3
700,,0,1,6,3,3
700,,1,1,6,3,3
700,,2,1,6,3,3
700,,3,1,6,4,2
700,,4,1,6,2,4
700,,5,1,6,5,1
700,,0,1,6,2,4
700,,1,1,6,2,4
700,,2,1,6,4,2
700,,3,1,6,3,3
700,,4,1,6,3,3
700,,5,1,6,6,0
700,,0,1,6,2,4
700,,1,1,6,3,3
700,,2,1,6,5,1
700,,3,1,6,5,1
700,,4,1,6,6,0
700,,5,1,6,3,3
700,,0,1,6,1,5
700,,1,1,6,6,0
700,,2,1,6,4,2
700,,3,1,6,5,1
700,,4,1,6,4,2
700,,5,1,6,2,4
700,,0,1,6,1,5
700,,1,1,6,3,3
700,,2,1,6,3,3
700,,3,1,6,4,2
700,,4,1,6,6,0
700,,5,1,6,3,3
700,,0,1,6,1,5
700,,1,1,6,4,2
700,,2,1,6,5,1
700,,3,1,6,6,0
700,,4,1,6,4,2
700,,5,1,6,3,3
700,,0,1,6,1,5
700,,1,1,6,2,4
700,,2,1,6,4,2
700,,3,1,6,6,0
700,,4,1,6,1,5
700,,5,1,6,4,2
700,,0,1,6,0,6
700,,1,1,6,4,2
700,,2,1,6,6,0
700,,3,1,6,5,1
700,,4,1,6,3,3
700,,5,1,6,3,3
700,,0,1,6,3,3
700,,1,1,6,4,2
700,,2,1,6,6,0
700,,3,1,6,5,1
700,,4,1,6,4,2
700,,5,1,6,4,2
700,,0,1,6,0,6
700,,1,1,6,5,1
700,,2,1,6,6,0
700,,3,1,6,6,0
700,,4,1,6,6,0
700,,5,1,6,6,0
700,,0,1,6,1,5
700,,1,1,6,4,2
700,,2,1,6,6,0
700,,3,1,6,5,1
700,,4,1,6,2,4
700,,5,1,6,4,2
700,,0,1,6,2,4
700,,1,1,6,3,3
700,,2,1,6,3,3
700,,3,1,6,6,0
700,,4,1,6,4,2
700,,5,1,6,5,1
700,,0,1,6,0,6
700,,1,1,6,5,1
700,,2,1,6,4,2
700,,3,1,6,6,0
700,,4,1,6,4,2
700,,5,1,6,4,2
700,,0,1,6,1,5
700,,1,1,6,5,1
700,,2,1,6,4,2
700,,3,1,6,6,0
700,,4,1,6,5,1
700,,5,1,6,1,5
700,,0,1,6,0,6
700,,1,1,6,6,0
700,,2,1,6,5,1
700,,3,1,6,5,1
700,,4,1,6,4,2
700,,5,1,6,3,3
700,,0,1,6,1,5
700,,1,1,6,5,1
700,,2,1,6,5,1
550,,9,1,6,3,3
550,,10,1,6,6,0
550,,11,1,6,3,3
550,,12,1,6,5,1
550,,13,1,6,4,2
550,,14,1,6,5,1
550,,15,1,6,4,2
550,,0,1,6,5,1
550,,1,1,6,5,1
550,,2,1,6,4,2
550,,3,1,6,5,1
550,,4,1,6,3,3
550,,5,1,6,4,2
550,,6,1,6,2,4
550,,7,1,6,4,2
550,,8,1,6,4,2
550,,9,1,6,3,3
550,,10,1,6,5,1
550,,11,1,6,2,4
550,,12,1,6,6,0
550,,13,1,6,3,3
550,,14,1,6,3,3
550,,15,1,6,2,4
550,,0,1,6,5,1
550,,1,1,6,3,3
550,,2,1,6,4,2
550,,3,1,6,6,0
550,,4,1,6,4,2
550,,5,1,6,6,0
550,,6,1,6,4,2
550,,7,1,6,4,2
550,,8,1,6,4,2
550,,9,1,6,4,2
550,,10,1,6,6,0
550,,11,1,6,2,4
550,,12,1,6,4,2
550,,13,1,6,6,0
550,,14,1,6,5,1
550,,15,1,6,5,1
550,,0,1,6,5,1
550,,1,1,6,6,0
550,,2,1,6,6,0
550,,3,1,6,3,3
550,,4,1,6,5,1
550,,5,1,6,6,0
550,,6,1,6,3,3
550,,7,1,6,1,5
550,,8,1,6,3,3
550,,9,1,6,3,3
550,,10,1,6,6,0
550,,11,1,6,5,1
550,,12,1,6,5,1
550,,13,1,6,5,1
550,,14,1,6,5,1
550,,15,1,6,5,1
550,,0,1,6,5,1
550,,1,1,6,4,2
550,,2,1,6,5,1
550,,3,1,6,4,2
550,,4,1,6,5,1
550,,5,1,6,5,1
550,,6,1,6,5,1
550,,7,1,6,5,1
550,,8,1,6,5,1
550,,9,1,6,3,3
550,,10,1,6,5,1
550,,11,1,6,5,1
550,,12,1,6,4,2
550,,13,1,6,2,4
550,,14,1,6,5,1
550,,15,1,6,5,1
550,,0,1,6,3,3
550,,1,1,6,4,2
550,,2,1,6,5,1
550,,3,1,6,5,1
550,,4,1,6,5,1
550,,5,1,6,5,1
550,,6,1,6,6,0
550,,7,1,6,3,3
550,,8,1,6,5,1
550,,9,1,6,3,3
550,,10,1,6,5,1
550,,11,1,6,4,2
550,,12,1,6,6,0
550,,13,1,6,5,1
550,,14,1,6,6,0
550,,15,1,6,6,0
550,,0,1,6,6,0
550,,1,1,6,3,3
550,,2,1,6,5,1
550,,3,1,6,4,2
550,,4,1,6,5,1
550,,5,1,6,2,4
550,,6,1,6,2,4
550,,7,1,6,5,1
550,,8,1,6,5,1
550,,9,1,6,2,4
550,,10,1,6,5,1
550,,11,1,6,5,1
550,,12,1,6,6,0
550,,13,1,6,4,2
550,,14,1,6,6,0
550,,15,1,6,4,2
550,,0,1,6,6,0
550,,1,1,6,5,1
550,,2,1,6,5,1
550,,3,1,6,5,1
550,,4,1,6,6,0
550,,5,1,6,4,2
550,,6,1,6,4,2
550,,7,1,6,5,1
550,,8,1,6,2,4
550,,9,1,6,2,4
550,,10,1,6,4,2
550,,11,1,6,6,0
550,,12,1,6,3,3
550,,13,1,6,4,2
550,,14,1,6,6,0
550,,15,1,6,5,1
550,,0,1,6,4,2
550,,1,1,6,5,1
550,,2,1,6,6,0
550,,3,1,6,5,1
550,,4,1,6,6,0
550,,5,1,6,3,3
550,,6,1,6,3,3
550,,7,1,6,5,1
550,,8,1,6,4,2
550,,9,1,6,3,3
550,,10,1,6,5,1
550,,11,1,6,2,4
550,,12,1,6,5,1
550,,13,1,6,4,2
550,,14,1,6,4,2
550,,15,1,6,5,1
550,,0,1,6,5,1
550,,1,1,6,5,1
550,,2,1,6,6,0
550,,3,1,6,5,1
550,,4,1,6,4,2
550,,5,1,6,3,3
550,,6,1,6,1,5
550,,7,1,6,4,2
550,,8,1,6,4,2
550,,9,1,6,2,4
550,,10,1,6,4,2
550,,11,1,6,2,4
550,,12,1,6,5,1
550,,13,1,6,6,0
550,,14,1,6,4,2
550,,15,1,6,5,1
550,,0,1,6,4,2
550,,1,1,6,5,1
550,,2,1,6,6,0
550,,3,1,6,5,1
550,,4,1,6,2,4
550,,5,1,6,4,2
550,,6,1,6,3,3
550,,7,1,6,4,2
550,,8,1,6,5,1
550,,9,1,6,3,3
550,,10,1,6,4,2
550,,11,1,6,2,4
550,,12,1,6,4,2
550,,13,1,6,2,4
550,,14,1,6,5,1
550,,15,1,6,5,1
550,,0,1,6,4,2
550,,1,1,6,4,2
550,,2,1,6,4,2
550,,3,1,6,4,2
550,,4,1,6,6,0
550,,5,1,6,5,1
550,,6,1,6,3,3
550,,7,1,6,5,1
550,,8,1,6,1,5
550,,9,1,6,5,1
550,,10,1,6,5,1
550,,11,1,6,2,4
550,,12,1,6,6,0
550,,13,1,6,4,2
550,,14,1,6,6,0
550,,15,1,6,4,2
550,,0,1,6,2,4
550,,1,1,6,6,0
550,,2,1,6,5,1
550,,3,1,6,6,0
550,,4,1,6,4,2
550,,5,1,6,2,4
550,,6,1,6,5,1
550,,7,1,6,4,2
550,,8,1,6,2,4
550,,9,1,6,3,3
550,,10,1,6,4,2
550,,11,1,6,2,4
550,,12,1,6,6,0
550,,13,1,6,4,2
550,,14,1,6,3,3
550,,15,1,6,3,3
550,,0,1,6,3,3
550,,1,1,6,4,2
550,,2,1,6,5,1
550,,3,1,6,5,1
550,,4,1,6,4,2
550,,5,1,6,2,4
550,,6,1,6,5,1
550,,7,1,6,2,4
550,,8,1,6,2,4
550,,9,1,6,2,4
550,,10,1,6,5,1
550,,11,1,6,1,5
550,,12,1,6,4,2
550,,13,1,6,2,4
550,,14,1,6,3,3
550,,15,1,6,3,3
550,,0,1,6,6,0
550,,1,1,6,4,2
550,,2,1,6,5,1
550,,3,1,6,4,2
550,,4,1,6,3,3
550,,5,1,6,2,4
550,,6,1,6,4,2
550,,7,1,6,3,3
550,,8,1,6,1,5
550,,9,1,6,3,3
550,,10,1,6,4,2
550,,11,1,6,3,3
550,,12,1,6,5,1
550,,13,1,6,2,4
550,,14,1,6,5,1
550,,15,1,6,4,2
550,,0,1,6,3,3
550,,1,1,6,5,1
550,,2,1,6,2,4
550,,3,1,6,4,2
550,,4,1,6,3,3
550,,5,1,6,5,1
550,,6,1,6,2,4
550,,7,1,6,0,6
550,,8,1,6,0,6
550,,9,1,6,2,4
550,,10,1,6,5,1
550,,11,1,6,1,5
550,,12,1,6,4,2
550,,13,1,6,2,4
550,,14,1,6,4,2
550,,15,1,6,3,3
550,,0,1,6,6,0
550,,1,1,6,4,2
550,,2,1,6,4,2
550,,3,1,6,5,1
550,,4,1,6,4,2
550,,5,1,6,1,5
550,,6,1,6,4,2
550,,7,1,6,3,3
550,,8,1,6,2,4
550,,9,1,6,3,3
550,,10,1,6,5,1
550,,11,1,6,5,1
550,,12,1,6,6,0
550,,13,1,6,4,2
550,,14,1,6,4,2
550,,15,1,6,6,0
550,,0,1,6,3,3
550,,1,1,6,4,2
550,,2,1,6,4,2
550,,3,1,6,4,2
550,,4,1,6,6,0
550,,5,1,6,5,1
550,,6,1,6,0,6
550,,7,1,6,2,4
550,,8,1,6,2,4
550,,9,1,6,2,4
550,,10,1,6,3,3
550,,11,1,6,1,5
550,,12,1,6,2,4
550,,13,1,6,3,3
550,,14,1,6,3,3
550,,15,1,6,3,3
550,,0,1,6,2,4
550,,1,1,6,4,2
550,,2,1,6,3,3
550,,3,1,6,3,3
550,,4,1,6,4,2
550,,5,1,6,2,4
550,,6,1,6,1,5
550,,7,1,6,3,3
550,,8,1,6,1,5
550,,9,1,6,2,4
550,,10,1,6,2,4
550,,11,1,6,2,4
550,,12,1,6,5,1
550,,13,1,6,5,1
550,,14,1,6,6,0
550,,15,1,6,4,2
550,,0,1,6,1,5
550,,1,1,6,1,5
550,,2,1,6,2,4
550,,3,1,6,3,3
550,,4,1,6,2,4
550,,5,1,6,1,5
550,,6,1,6,2,4
550,,7,1,6,2,4
550,,8,1,6,1,5
550,,9,1,6,1,5
550,,10,1,6,1,5
550,,11,1,6,3,3
550,,12,1,6,2,4
550,,13,1,6,3,3
550,,14,1,6,2,4
550,,15,1,6,1,5
550,,0,1,6,2,4
550,,1,1,6,1,5
550,,2,1,6,5,1
550,,3,1,6,4,2
550,,4,1,6,6,0
550,,5,1,6,5,1
550,,6,1,6,6,0
550,,7,1,6,0,6
550,,8,1,6,1,5
550,,9,1,6,4,2
550,,10,1,6,2,4
550,,11,1,6,5,1
550,,12,1,6,5,1
550,,13,1,6,1,5
550,,14,1,6,6,0
550,,15,1,6,4,2
600,,0,1,6,1,5
600,,1,1,6,2,4
600,,2,1,6,2,4
600,,3,1,6,2,4
600,,4,1,6,0,6
600,,5,1,6,2,4
600,,6,1,6,0,6
600,,7,1,6,2,4
600,,8,1,6,1,5
600,,9,1,6,3,3
600,,10,1,6,2,4
600,,11,1,6,0,6
600,,12,1,6,1,5
600,,13,1,6,5,1
600,,14,1,6,0,6
600,,15,1,6,2,4
600,,0,1,6,1,5
600,,1,1,6,3,3
600,,2,1,6,3,3
600,,3,1,6,3,3
600,,4,1,6,0,6
600,,5,1,6,0,6
600,,6,1,6,2,4
600,,7,1,6,2,4
600,,8,1,6,1,5
600,,9,1,6,2,4
600,,10,1,6,2,4
600,,11,1,6,2,4
600,,12,1,6,5,1
600,,13,1,6,0,6
600,,14,1,6,1,5
600,,15,1,6,2,4
600,,0,1,6,1,5
600,,1,1,6,1,5
600,,2,1,6,0,6
600,,3,1,6,1,5
600,,4,1,6,2,4
600,,5,1,6,0,6
600,,6,1,6,2,4
600,,7,1,6,1,5
600,,8,1,6,0,6
600,,9,1,6,2,4
600,,10,1,6,2,4
600,,11,1,6,0,6
600,,12,1,6,4,2
600,,13,1,6,2,4
600,,14,1,6,1,5
600,,15,1,6,4,2
600,,0,1,6,4,2
600,,1,1,6,2,4
600,,2,1,6,0,6
600,,3,1,6,4,2
600,,4,1,6,1,5
600,,5,1,6,2,4
600,,6,1,6,0,6
600,,7,1,6,4,2
600,,8,1,6,1,5
600,,9,1,6,2,4
600,,10,1,6,4,2
600,,11,1,6,4,2
600,,12,1,6,4,2
600,,13,1,6,1,5
600,,14,1,6,6,0
600,,15,1,6,5,1
600,,0,1,6,2,4
600,,1,1,6,2,4
600,,2,1,6,1,5
600,,3,1,6,5,1
600,,4,1,6,1,5
600,,5,1,6,0,6
600,,6,1,6,0,6
600,,7,1,6,5,1
600,,8,1,6,1,5
600,,9,1,6,1,5
600,,10,1,6,4,2
600,,11,1,6,3,3
600,,12,1,6,5,1
600,,13,1,6,1,5
600,,14,1,6,5,1
600,,15,1,6,3,3
600,,0,1,6,0,6
600,,1,1,6,1,5
600,,2,1,6,2,4
600,,3,1,6,1,5
600,,4,1,6,3,3
600,,5,1,6,3,3
600,,6,1,6,0,6
600,,7,1,6,0,6
600,,8,1,6,1,5
600,,9,1,6,2,4
600,,10,1,6,5,1
600,,11,1,6,2,4
600,,12,1,6,4,2
600,,13,1,6,2,4
600,,14,1,6,3,3
600,,15,1,6,3,3
600,,0,1,6,0,6
600,,1,1,6,4,2
600,,2,1,6,0,6
600,,3,1,6,2,4
600,,4,1,6,5,1
600,,5,1,6,0,6
600,,6,1,6,0,6
600,,7,1,6,2,4
600,,8,1,6,2,4
600,,9,1,6,5,1
600,,10,1,6,3,3
600,,11,1,6,4,2
600,,12,1,6,4,2
600,,13,1,6,2,4
600,,14,1,6,1,5
600,,15,1,6,3,3
600,,0,1,6,1,5
600,,1,1,6,4,2
600,,2,1,6,2,4
600,,3,1,6,0,6
600,,4,1,6,2,4
600,,5,1,6,1,5
600,,6,1,6,1,5
600,,7,1,6,1,5
600,,8,1,6,0,6
600,,9,1,6,5,1
600,,10,1,6,1,5
600,,11,1,6,4,2
600,,12,1,6,2,4
600,,13,1,6,3,3
600,,14,1,6,5,1
600,,15,1,6,4,2
600,,0,1,6,4,2
600,,1,1,6,0,6
600,,2,1,6,3,3
600,,3,1,6,2,4
600,,4,1,6,2,4
600,,5,1,6,2,4
600,,6,1,6,2,4
600,,7,1,6,1,5
600,,8,1,6,3,3
600,,9,1,6,2,4
600,,10,1,6,2,4
600,,11,1,6,1,5
600,,12,1,6,5,1
600,,13,1,6,0,6
600,,14,1,6,4,2
600,,15,1,6,4,2
600,,0,1,6,2,4
600,,1,1,6,2,4
600,,2,1,6,2,4
600,,3,1,6,3,3
600,,4,1,6,3,3
600,,5,1,6,1,5
600,,6,1,6,2,4
600,,7,1,6,2,4
600,,8,1,6,0,6
600,,9,1,6,5,1
600,,10,1,6,3,3
600,,11,1,6,1,5
600,,12,1,6,4,2
600,,13,1,6,3,3
600,,14,1,6,4,2
600,,15,1,6,4,2
600,,0,1,6,2,4
600,,1,1,6,4,2
600,,2,1,6,1,5
600,,3,1,6,4,2
600,,4,1,6,6,0
600,,5,1,6,1,5
600,,6,1,6,0,6
600,,7,1,6,4,2
600,,8,1,6,1,5
600,,9,1,6,1,5
600,,10,1,6,5,1
600,,11,1,6,3,3
600,,12,1,6,2,4
700,,3,1,6,4,2
700,,4,1,6,4,2
700,,5,1,6,6,0
700,,0,1,6,0,6
700,,1,1,6,5,1
700,,2,1,6,1,5
700,,3,1,6,4,2
700,,4,1,6,1,5
700,,5,1,6,5,1
700,,0,1,6,0,6
700,,1,1,6,5,1
700,,2,1,6,2,4
700,,3,1,6,2,4
700,,4,1,6,4,2
700,,5,1,6,2,4
700,,0,1,6,3,3
700,,1,1,6,3,3
700,,2,1,6,2,4
700,,3,1,6,5,1
700,,4,1,6,4,2
700,,5,1,6,6,0
700,,0,1,6,1,5
700,,1,1,6,4,2
700,,2,1,6,4,2
700,,3,1,6,3,3
700,,4,1,6,1,5
700,,5,1,6,1,5
700,,0,1,6,4,2
700,,1,1,6,3,3
700,,2,1,6,2,4
700,,3,1,6,4,2
700,,4,1,6,2,4
700,,5,1,6,2,4
700,,0,1,6,2,4
700,,1,1,6,5,1
700,,2,1,6,2,4
700,,3,1,6,4,2
700,,4,1,6,1,5
700,,5,1,6,2,4
700,,0,1,6,1,5
700,,1,1,6,3,3
700,,2,1,6,4,2
700,,3,1,6,5,1
700,,4,1,6,3,3
700,,5,1,6,3,3
700,,0,1,6,0,6
700,,1,1,6,3,3
700,,2,1,6,1,5
700,,3,1,6,5,1
700,,4,1,6,1,5
700,,5,1,6,1,5
700,,0,1,6,2,4
700,,1,1,6,2,4
700,,2,1,6,1,5
700,,3,1,6,6,0
700,,4,1,6,1,5
700,,5,1,6,2,4
700,,0,1,6,1,5
700,,1,1,6,1,5
700,,2,1,6,2,4
700,,3,1,6,4,2
700,,4,1,6,0,6
700,,5,1,6,3,3
750,,0,1,6,1,5
750,,0,1,6,0,6
750,,0,1,6,0,6
750,,0,1,6,0,6
750,,0,1,6,1,5
750,,0,1,6,1,5
750,,0,1,6,0,6
750,,0,1,6,0,6
750,,0,1,6,0,6
750,,0,1,6,0,6
750,,0,1,6,2,4
750,,0,1,6,0,6
750,,0,1,6,1,5
750,,0,1,6,0,6
750,,0,1,6,1,5
750,,0,1,6,1,5
750,,0,1,6,1,5
750,,0,1,6,0,6
750,,0,1,6,1,5
750,,0,1,6,5,1
750,,0,1,6,0,6
750,,0,1,6,3,3
750,,0,1,6,3,3
750,,0,1,6,1,5
750,,0,1,6,4,2
750,,0,1,6,2,4
750,,0,1,6,3,3
750,,0,1,6,3,3
750,,0,1,6,4,2
750,,0,1,6,5,1
750,,0,1,6,5,1
750,,0,1,6,6,0
750,,0,1,6,5,1
750,,0,1,6,3,3
750,,0,1,6,2,4
750,,0,1,6,3,3
750,,0,1,6,3,3
750,,0,1,6,2,4
750,,0,1,6,0,6
750,,0,1,6,1,5
750,,0,1,6,6,0
750,,0,1,6,3,3
750,,0,1,6,0,6
750,,0,1,6,1,5
750,,0,1,6,1,5
750,,0,1,6,1,5
750,,0,1,6,2,4
750,,0,1,6,0,6
750,,0,1,6,0,6
750,,0,1,6,1,5
750,,0,1,6,0,6
750,,0,1,6,0,6
750,,0,1,6,4,2
750,,0,1,6,0,6
750,,0,1,6,0,6
750,,0,1,6,0,6
750,,0,1,6,1,5
750,,0,1,6,5,1
750,,0,1,6,0,6
800,,0,1,6,1,5
800,,0,1,6,0,6
800,,0,1,6,2,4
800,,0,1,6,1,5
800,,0,1,6,0,6
800,,0,1,6,1,5
800,,0,1,6,0,6
800,,0,1,6,0,6
800,,0,1,6,4,2
800,,0,1,6,2,4
800,,0,1,6,1,5
800,,0,1,6,2,4
800,,0,1,6,1,5
800,,0,1,6,1,5
800,,0,1,6,0,6
800,,0,1,6,1,5
800,,0,1,6,0,6
800,,0,1,6,0,6
800,,0,1,6,0,6
800,,0,1,6,1,5
800,,0,1,6,0,6
800,,0,1,6,1,5
800,,0,1,6,1,5
800,,0,1,6,1,5
800,,0,1,6,0,6
800,,0,1,6,1,5
800,,0,1,6,1,5
800,,0,1,6,0,6
800,,0,1,6,1,5
800,,0,1,6,2,4
800,,0,1,6,2,4
800,,0,1,6,1,5
800,,0,1,6,3,3
800,,0,1,6,1,5
800,,0,1,6,2,4
800,,0,1,6,1,5
800,,0,1,6,1,5
800,,0,1,6,1,5
800,,0,1,6,2,4
800,,0,1,6,2,4
800,,0,1,6,3,3
800,,0,1,6,0,6
800,,0,1,6,2,4
800,,0,1,6,2,4
800,,0,1,6,2,4
800,,0,1,6,0,6
800,,0,1,6,0,6
800,,0,1,6,1,5
800,,0,1,6,2,4
800,,0,1,6,0,6
800,,0,1,6,1,5
800,,0,1,6,0,6
800,,0,1,6,1,5
800,,0,1,6,0,6
800,,0,1,6,1,5
800,,0,1,6,0,6
800,,0,1,6,1,5
800,,0,1,6,2,4
800,,0,1,6,1,5
850,,0,1,6,0,6
850,,0,1,6,1,5
850,,0,1,6,1,5
850,,0,1,6,0,6
850,,0,1,6,1,5
850,,0,1,6,1,5
850,,0,1,6,0,6
850,,0,1,6,1,5
850,,0,1,6,0,6
850,,0,1,6,0,6
850,,0,1,6,0,6
850,,0,1,6,5,1
850,,0,1,6,0,6
850,,0,1,6,1,5
850,,0,1,6,0,6
850,,0,1,6,2,4
850,,0,1,6,0,6
850,,0,1,6,3,3
850,,0,1,6,1,5
850,,0,1,6,1,5
850,,0,1,6,2,4
850,,0,1,6,1,5
850,,0,1,6,5,1
850,,0,1,6,0,6
850,,0,1,6,3,3
850,,0,1,6,3,3
850,,0,1,6,4,2
850,,0,1,6,0,6
850,,0,1,6,0,6
850,,0,1,6,0,6
850,,0,1,6,1,5
850,,0,1,6,0,6
850,,0,1,6,0,6
850,,0,1,6,2,4
850,,0,1,6,0,6
850,,0,1,6,1,5
850,,0,1,6,0,6
850,,0,1,6,1,5
850,,0,1,6,0,6
850,,0,1,6,1,5
850,,0,1,6,1,5
850,,0,1,6,1,5
850,,0,1,6,1,5
850,,0,1,6,1,5
850,,0,1,6,2,4
850,,0,1,6,0,6
850,,0,1,6,1,5
850,,0,1,6,0,6
850,,0,1,6,1,5
850,,0,1,6,2,4
850,,0,1,6,0,6
850,,0,1,6,2,4
850,,0,1,6,0,6
850,,0,1,6,1,5
850,,0,1,6,2,4
850,,0,1,6,0,6
850,,0,1,6,1,5
850,,0,1,6,0,6
850,,0,1,6,2,4
900,,0,1,6,2,4
900,,0,1,6,1,5
900,,0,1,6,1,5
900,,0,1,6,1,5
900,,0,1,6,1,5
900,,0,1,6,1,5
900,,0,1,6,0,6
900,,0,1,6,0,6
900,,0,1,6,1,5
900,,0,1,6,1,5
900,,0,1,6,1,5
900,,0,1,6,0,6
900,,0,1,6,0,6
900,,0,1,6,0,6
900,,0,1,6,0,6
900,,0,1,6,2,4
900,,0,1,6,0,6
900,,0,1,6,1,5
900,,0,1,6,2,4
900,,0,1,6,1,5
900,,0,1,6,0,6
900,,0,1,6,0,6
900,,0,1,6,0,6
900,,0,1,6,2,4
900,,0,1,6,3,3
900,,0,1,6,1,5
900,,0,1,6,4,2
900,,0,1,6,3,3
900,,0,1,6,0,6
900,,0,1,6,1,5
900,,0,1,6,1,5
900,,0,1,6,2,4
900,,0,1,6,1,5
900,,0,1,6,1,5
900,,0,1,6,2,4
900,,0,1,6,1,5
900,,0,1,6,1,5
900,,0,1,6,1,5
900,,0,1,6,0,6
900,,0,1,6,0,6
900,,0,1,6,1,5
900,,0,1,6,1,5
900,,0,1,6,1,5
900,,0,1,6,0,6
900,,0,1,6,0,6
900,,0,1,6,0,6
900,,0,1,6,1,5
900,,0,1,6,1,5
900,,0,1,6,0,6
900,,0,1,6,1,5
900,,0,1,6,1,5
900,,0,1,6,1,5
900,,0,1,6,0,6
900,,0,1,6,0,6
900,,0,1,6,0,6
900,,0,1,6,0,6
900,,0,1,6,1,5
900,,0,1,6,0,6
900,,0,1,6,1,5
950,,0,1,6,3,3
950,,0,1,6,1,5
950,,0,1,6,0,6
950,,0,1,6,2,4
950,,0,1,6,0,6
950,,0,1,6,1,5
950,,0,1,6,2,4
950,,0,1,6,0,6
950,,0,1,6,0,6
950,,0,1,6,1,5
950,,0,1,6,0,6
950,,0,1,6,1,5
950,,0,1,6,0,6
950,,0,1,6,0,6
950,,0,1,6,1,5
950,,0,1,6,0,6
950,,0,1,6,0,6
950,,0,1,6,0,6
950,,0,1,6,2,4
950,,0,1,6,0,6
950,,0,1,6,0,6
950,,0,1,6,0,6
950,,0,1,6,0,6
950,,0,1,6,1,5
950,,0,1,6,1,5
950,,0,1,6,1,5
950,,0,1,6,1,5
950,,0,1,6,1,5
950,,0,1,6,1,5
950,,0,1,6,1,5
950,,0,1,6,1,5
950,,0,1,6,1,5
950,,0,1,6,1,5
950,,0,1,6,2,4
950,,0,1,6,2,4
950,,0,1,6,4,2
950,,0,1,6,2,4
950,,0,1,6,0,6
950,,0,1,6,1,5
950,,0,1,6,2,4
950,,0,1,6,1,5
950,,0,1,6,0,6
950,,0,1,6,4,2
950,,0,1,6,1,5
950,,0,1,6,1,5
950,,0,1,6,1,5
950,,0,1,6,1,5
950,,0,1,6,1,5
950,,0,1,6,2,4
950,,0,1,6,1,5
950,,0,1,6,4,2
950,,0,1,6,1,5
950,,0,1,6,0,6
950,,0,1,6,0,6
950,,0,1,6,0,6
950,,0,1,6,0,6
950,,0,1,6,1,5
950,,0,1,6,1,5
950,,0,1,6,0,6
1000,,0,1,6,1,5
1000,,0,1,6,1,5
1000,,0,1,6,1,5
1000,,0,1,6,2,4
1000,,0,1,6,0,6
1000,,0,1,6,2,4
1000,,0,1,6,3,3
1000,,0,1,6,1,5
1000,,0,1,6,1,5
1000,,0,1,6,6,0
1000,,0,1,6,1,5
1000,,0,1,6,0,6
1000,,0,1,6,1,5
1000,,0,1,6,1,5
1000,,0,1,6,0,6
1000,,0,1,6,1,5
1000,,0,1,6,0,6
1000,,0,1,6,1,5
1000,,0,1,6,1,5
1000,,0,1,6,0,6
1000,,0,1,6,0,6
1000,,0,1,6,0,6
1000,,0,1,6,2,4
1000,,0,1,6,0,6
1000,,0,1,6,0,6
1000,,0,1,6,0,6
1000,,0,1,6,0,6
1000,,0,1,6,0,6
1000,,0,1,6,0,6
1000,,0,1,6,1,5
1000,,0,1,6,1,5
1000,,0,1,6,1,5
1000,,0,1,6,1,5
1000,,0,1,6,2,4
1000,,0,1,6,0,6
1000,,0,1,6,1,5
1000,,0,1,6,2,4
1000,,0,1,6,1,5
1000,,0,1,6,0,6
1000,,0,1,6,1,5
1000,,0,1,6,0,6
1000,,0,1,6,1,5
1000,,0,1,6,0,6
1000,,0,1,6,0,6
1000,,0,1,6,1,5
1000,,0,1,6,1,5
1000,,0,1,6,0,6
1000,,0,1,6,1,5
1000,,0,1,6,1,5
1000,,0,1,6,0,6
1000,,0,1,6,1,5
1000,,0,1,6,1,5
1000,,0,1,6,1,5
1000,,0,1,6,0,6
1000,,0,1,6,2,4
1000,,0,1,6,0,6
1000,,0,1,6,1,5
1000,,0,1,6,1,5
1000,,0,1,6,0,6
1050,,0,1,6,1,5
1050,,0,1,6,1,5
1050,,0,1,6,0,6
1050,,0,1,6,2,4
1050,,0,1,6,0,6
1050,,0,1,6,1,5
1050,,0,1,6,2,4
1050,,0,1,6,1,5
1050,,0,1,6,0,6
1050,,0,1,6,1,5
1050,,0,1,6,0,6
1050,,0,1,6,0,6
1050,,0,1,6,0,6
1050,,0,1,6,0,6
1050,,0,1,6,0,6
1050,,0,1,6,1,5
1050,,0,1,6,0,6
1050,,0,1,6,0,6
1050,,0,1,6,2,4
1050,,0,1,6,0,6
1050,,0,1,6,1,5
1050,,0,1,6,0,6
1050,,0,1,6,0,6
1050,,0,1,6,0,6
1050,,0,1,6,1,5
1050,,0,1,6,0,6
1050,,0,1,6,0,6
1050,,0,1,6,1,5
1050,,0,1,6,1,5
1050,,0,1,6,1,5
1050,,0,1,6,1,5
1050,,0,1,6,1,5
1050,,0,1,6,0,6
1050,,0,1,6,2,4
1050,,0,1,6,2,4
1050,,0,1,6,0,6
1050,,0,1,6,2,4
1050,,0,1,6,0,6
1050,,0,1,6,1,5
1050,,0,1,6,1,5
1050,,0,1,6,1,5
1050,,0,1,6,1,5
1050,,0,1,6,1,5
1050,,0,1,6,1,5
1050,,0,1,6,2,4
1050,,0,1,6,1,5
1050,,0,1,6,1,5
1050,,0,1,6,1,5
1050,,0,1,6,0,6
1050,,0,1,6,2,4
1050,,0,1,6,1,5
1050,,0,1,6,1,5
1050,,0,1,6,0,6
1050,,0,1,6,3,3
1050,,0,1,6,1,5
1050,,0,1,6,0,6
1050,,0,1,6,0,6
1050,,0,1,6,2,4
1050,,0,1,6,0,6
1100,,0,1,6,3,3
1100,,0,1,6,1,5
1100,,0,1,6,0,6
1100,,0,1,6,2,4
1100,,0,1,6,0,6
1100,,0,1,6,1,5
1100,,0,1,6,2,4
1100,,0,1,6,1,5
1100,,0,1,6,0,6
1100,,0,1,6,1,5
1100,,0,1,6,1,5
1100,,0,1,6,0,6
1100,,0,1,6,0,6
1100,,0,1,6,0,6
1100,,0,1,6,0,6
1100,,0,1,6,1,5
1100,,0,1,6,0,6
1100,,0,1,6,0,6
1100,,0,1,6,1,5
1100,,0,1,6,1,5
1100,,0,1,6,1,5
1100,,0,1,6,0,6
1100,,0,1,6,1,5
1100,,0,1,6,0,6
1100,,0,1,6,1,5
1100,,0,1,6,0,6
1100,,0,1,6,0,6
1100,,0,1,6,1,5
1100,,0,1,6,1,5
1100,,0,1,6,1,5
1100,,0,1,6,1,5
1100,,0,1,6,1,5
1100,,0,1,6,0,6
1100,,0,1,6,1,5
1100,,0,1,6,0,6
1100,,0,1,6,0,6
1100,,0,1,6,1,5
1100,,0,1,6,0,6
1100,,0,1,6,0,6
1100,,0,1,6,0,6
1100,,0,1,6,1,5
1100,,0,1,6,0,6
1100,,0,1,6,1,5
1100,,0,1,6,1,5
1100,,0,1,6,0,6
1100,,0,1,6,1,5
1100,,0,1,6,2,4
1100,,0,1,6,0,6
1100,,0,1,6,1,5
1100,,0,1,6,2,4
1100,,0,1,6,1,5
1100,,0,1,6,2,4
1100,,0,1,6,1,5
1100,,0,1,6,1,5
1100,,0,1,6,0,6
1100,,0,1,6,0,6
1100,,0,1,6,1,5
1100,,0,1,6,2,4
1100,,0,1,6,1,5
1150,,0,1,6,1,5
1150,,0,1,6,1,5
1150,,0,1,6,1,5
1150,,0,1,6,2,4
1150,,0,1,6,1,5
1150,,0,1,6,2,4
1150,,0,1,6,1,5
1150,,0,1,6,1,5
1150,,0,1,6,1,5
1150,,0,1,6,5,1
1150,,0,1,6,2,4
1150,,0,1,6,1,5
1150,,0,1,6,1,5
1150,,0,1,6,1,5
1150,,0,1,6,0,6
1150,,0,1,6,0,6
1150,,0,1,6,1,5
1150,,0,1,6,1,5
1150,,0,1,6,1,5
1150,,0,1,6,1,5
1150,,0,1,6,0,6
1150,,0,1,6,1,5
1150,,0,1,6,1,5
1150,,0,1,6,0,6
1150,,0,1,6,0,6
1150,,0,1,6,0,6
1150,,0,1,6,0,6
1150,,0,1,6,0,6
1150,,0,1,6,0,6
1150,,0,1,6,2,4
1150,,0,1,6,0,6
1150,,0,1,6,0,6
1150,,0,1,6,0,6
1150,,0,1,6,1,5
1150,,0,1,6,0,6
1150,,0,1,6,0,6
1150,,0,1,6,1,5
1150,,0,1,6,1,5
1150,,0,1,6,1,5
1150,,0,1,6,1,5
1150,,0,1,6,1,5
1150,,0,1,6,1,5
1150,,0,1,6,1,5
1150,,0,1,6,1,5
1150,,0,1,6,0,6
1150,,0,1,6,1,5
1150,,0,1,6,2,4
1150,,0,1,6,1,5
1150,,0,1,6,1,5
1150,,0,1,6,0,6
1150,,0,1,6,0,6
1150,,0,1,6,1,5
1150,,0,1,6,0,6
1150,,0,1,6,1,5
1150,,0,1,6,0,6
1150,,0,1,6,0,6
1150,,0,1,6,1,5
1150,,0,1,6,0,6
1150,,0,1,6,1,5
1200,,0,1,6,2,4
1200,,0,1,6,0,6
1200,,0,1,6,1,5
1200,,0,1,6,0,6
1200,,0,1,6,2,4
1200,,0,1,6,0,6
1200,,0,1,6,1,5
1200,,0,1,6,2,4
1200,,0,1,6,0,6
1200,,0,1,6,3,3
1200,,0,1,6,1,5
1200,,0,1,6,1,5
1200,,0,1,6,2,4
1200,,0,1,6,0,6
1200,,0,1,6,0,6
1200,,0,1,6,0,6
1200,,0,1,6,1,5
1200,,0,1,6,1,5
1200,,0,1,6,0,6
1200,,0,1,6,0,6
1200,,0,1,6,1,5
1200,,0,1,6,1,5
1200,,0,1,6,2,4
1200,,0,1,6,0,6
1200,,0,1,6,1,5
1200,,0,1,6,1,5
1200,,0,1,6,1,5
1200,,0,1,6,0,6
1200,,0,1,6,2,4
1200,,0,1,6,1,5
1200,,0,1,6,2,4
1200,,0,1,6,2,4
1200,,0,1,6,3,3
1200,,0,1,6,4,2
1200,,0,1,6,3,3
1200,,0,1,6,5,1
1200,,0,1,6,2,4
1200,,0,1,6,3,3
1200,,0,1,6,4,2
1200,,0,1,6,5,1
1200,,0,1,6,2,4
1200,,0,1,6,5,1
1200,,0,1,6,2,4
1200,,0,1,6,2,4
1200,,0,1,6,0,6
1200,,0,1,6,0,6
1200,,0,1,6,1,5
1200,,0,1,6,1,5
1200,,0,1,6,1,5
1200,,0,1,6,0,6
1200,,0,1,6,1,5
1200,,0,1,6,0,6
1200,,0,1,6,3,3
1200,,0,1,6,0,6
1200,,0,1,6,2,4
1200,,0,1,6,2,4
1200,,0,1,6,0,6
1200,,0,1,6,1,5
1200,,0,1,6,3,3
1250,,0,1,6,0,6
1250,,0,1,6,2,4
1250,,0,1,6,2,4
1250,,0,1,6,2,4
1250,,0,1,6,4,2
1250,,0,1,6,4,2
1250,,0,1,6,3,3
1250,,0,1,6,1,5
1250,,0,1,6,0,6
1250,,0,1,6,1,5
1250,,0,1,6,2,4
1250,,0,1,6,1,5
1250,,0,1,6,1,5
1250,,0,1,6,0,6
1250,,0,1,6,1,5
1250,,0,1,6,0,6
1250,,0,1,6,1,5
1250,,0,1,6,0,6
1250,,0,1,6,1,5
1250,,0,1,6,1,5
1250,,0,1,6,1,5
1250,,0,1,6,0,6
1250,,0,1,6,1,5
1250,,0,1,6,1,5
1250,,0,1,6,1,5
1250,,0,1,6,1,5
1250,,0,1,6,2,4
1250,,0,1,6,0,6
1250,,0,1,6,0,6
1250,,0,1,6,1,5
1250,,0,1,6,2,4
1250,,0,1,6,1,5
1250,,0,1,6,1,5
1250,,0,1,6,0,6
1250,,0,1,6,1,5
1250,,0,1,6,0,6
1250,,0,1,6,0,6
1250,,0,1,6,1,5
1250,,0,1,6,1,5
1250,,0,1,6,0,6
1250,,0,1,6,0,6
1250,,0,1,6,1,5
1250,,0,1,6,2,4
1250,,0,1,6,0,6
1250,,0,1,6,1,5
1250,,0,1,6,1,5
1250,,0,1,6,1,5
1250,,0,1,6,2,4
1250,,0,1,6,1,5
1250,,0,1,6,1,5
1250,,0,1,6,1,5
1250,,0,1,6,1,5
1250,,0,1,6,1,5
1250,,0,1,6,0,6
1250,,0,1,6,1,5
1250,,0,1,6,1,5
1250,,0,1,6,2,4
1250,,0,1,6,0,6
1250,,0,1,6,0,6
1300,,0,1,6,2,4
1300,,0,1,6,0,6
1300,,0,1,6,1,5
1300,,0,1,6,0,6
1300,,0,1,6,2,4
1300,,0,1,6,0,6
1300,,0,1,6,1,5
1300,,0,1,6,2,4
1300,,0,1,6,0,6
1300,,0,1,6,1,5
1300,,0,1,6,1,5
1300,,0,1,6,0,6
1300,,0,1,6,2,4
1300,,0,1,6,0,6
1300,,0,1,6,1,5
1300,,0,1,6,0,6
1300,,0,1,6,1,5
1300,,0,1,6,1,5
1300,,0,1,6,1,5
1300,,0,1,6,0,6
1300,,0,1,6,1,5
1300,,0,1,6,1,5
1300,,0,1,6,0,6
1300,,0,1,6,1,5
1300,,0,1,6,1,5
1300,,0,1,6,0,6
1300,,0,1,6,3,3
1300,,0,1,6,2,4
1300,,0,1,6,3,3
1300,,0,1,6,0,6
1300,,0,1,6,0,6
1300,,0,1,6,1,5
1300,,0,1,6,0,6
1300,,0,1,6,1,5
1300,,0,1,6,0,6
1300,,0,1,6,0,6
1300,,0,1,6,1,5
1300,,0,1,6,1,5
1300,,0,1,6,0,6
1300,,0,1,6,1,5
1300,,0,1,6,1,5
1300,,0,1,6,2,4
1300,,0,1,6,1,5
1300,,0,1,6,1,5
1300,,0,1,6,1,5
1300,,0,1,6,0,6
1300,,0,1,6,0,6
1300,,0,1,6,0,6
1300,,0,1,6,0,6
1300,,0,1,6,1,5
1300,,0,1,6,0,6
1300,,0,1,6,0,6
1300,,0,1,6,2,4
1300,,0,1,6,1,5
1300,,0,1,6,1,5
1300,,0,1,6,4,2
1300,,0,1,6,0,6
1300,,0,1,6,1,5
1300,,0,1,6,1,5
1350,,0,1,6,1,5
1350,,0,1,6,0,6
1350,,0,1,6,0,6
1350,,0,1,6,0,6
1350,,0,1,6,1,5
1350,,0,1,6,0,6
1350,,0,1,6,1,5
1350,,0,1,6,0,6
1350,,0,1,6,1,5
1350,,0,1,6,1,5
1350,,0,1,6,1,5
1350,,0,1,6,0,6
1350,,0,1,6,2,4
1350,,0,1,6,0,6
1350,,0,1,6,1,5
1350,,0,1,6,1,5
1350,,0,1,6,1,5
1350,,0,1,6,1,5
1350,,0,1,6,1,5
1350,,0,1,6,0,6
1350,,0,1,6,1,5
1350,,0,1,6,1,5
1350,,0,1,6,0,6
1350,,0,1,6,0,6
1350,,0,1,6,1,5
1350,,0,1,6,0,6
1350,,0,1,6,2,4
1350,,0,1,6,0,6
1350,,0,1,6,1,5
1350,,0,1,6,2,4
1350,,0,1,6,1,5
1350,,0,1,6,1,5
1350,,0,1,6,5,1
1350,,0,1,6,3,3
1350,,0,1,6,1,5
1350,,0,1,6,2,4
1350,,0,1,6,6,0
1350,,0,1,6,3,3
1350,,0,1,6,3,3
1350,,0,1,6,1,5
1350,,0,1,6,0,6
1350,,0,1,6,2,4
1350,,0,1,6,1,5
1350,,0,1,6,1,5
1350,,0,1,6,5,1
1350,,0,1,6,1,5
1350,,0,1,6,1,5
1350,,0,1,6,0,6
1350,,0,1,6,0,6
1350,,0,1,6,0,6
1350,,0,1,6,0,6
1350,,0,1,6,0,6
1350,,0,1,6,2,4
1350,,0,1,6,0,6
1350,,0,1,6,0,6
1350,,0,1,6,4,2
1350,,0,1,6,0,6
1350,,0,1,6,1,5
1350,,0,1,6,3,3
1400,,0,1,6,1,5
1400,,0,1,6,2,4
1400,,0,1,6,2,4
1400,,0,1,6,3,3
1400,,0,1,6,3,3
1400,,0,1,6,3,3
1400,,0,1,6,3,3
1400,,0,1,6,1,5
1400,,0,1,6,1,5
1400,,0,1,6,1,5
1400,,0,1,6,2,4
1400,,0,1,6,1,5
1400,,0,1,6,1,5
1400,,0,1,6,1,5
1400,,0,1,6,1,5
1400,,0,1,6,1,5
1400,,0,1,6,1,5
1400,,0,1,6,0,6
1400,,0,1,6,0,6
1400,,0,1,6,1,5
1400,,0,1,6,0,6
1400,,0,1,6,1,5
1400,,0,1,6,0,6
1400,,0,1,6,1,5
1400,,0,1,6,0,6
1400,,0,1,6,1,5
1400,,0,1,6,1,5
1400,,0,1,6,1,5
1400,,0,1,6,0,6
1400,,0,1,6,1,5
1400,,0,1,6,2,4
1400,,0,1,6,1,5
1400,,0,1,6,2,4
1400,,0,1,6,0,6
1400,,0,1,6,0,6
1400,,0,1,6,0,6
1400,,0,1,6,1,5
1400,,0,1,6,0,6
1400,,0,1,6,2,4
1400,,0,1,6,0,6
1400,,0,1,6,0,6
1400,,0,1,6,0,6
1400,,0,1,6,1,5
1400,,0,1,6,1,5
1400,,0,1,6,0,6
1400,,0,1,6,1,5
1400,,0,1,6,0,6
1400,,0,1,6,0,6
1400,,0,1,6,1,5
1400,,0,1,6,1,5
1400,,0,1,6,1,5
1400,,0,1,6,1,5
1400,,0,1,6,0,6
1400,,0,1,6,0,6
1400,,0,1,6,0,6
1400,,0,1,6,0,6
1400,,0,1,6,2,4
1400,,0,1,6,1,5
1400,,0,1,6,0,6
1450,,0,1,6,0,6
1450,,0,1,6,0,6
1450,,0,1,6,0,6
1450,,0,1,6,0,6
1450,,0,1,6,0,6
1450,,0,1,6,1,5
1450,,0,1,6,0,6
1450,,0,1,6,0,6
1450,,0,1,6,1,5
1450,,0,1,6,0,6
1450,,0,1,6,1,5
1450,,0,1,6,0,6
1450,,0,1,6,1,5
1450,,0,1,6,0,6
1450,,0,1,6,0,6
1450,,0,1,6,0,6
1450,,0,1,6,1,5
1450,,0,1,6,0,6
1450,,0,1,6,1,5
1450,,0,1,6,2,4
1450,,0,1,6,0,6
1450,,0,1,6,1,5
1450,,0,1,6,0,6
1450,,0,1,6,1,5
1450,,0,1,6,0,6
1450,,0,1,6,1,5
1450,,0,1,6,0,6
1450,,0,1,6,0,6
1450,,0,1,6,0,6
1450,,0,1,6,0,6
1450,,0,1,6,1,5
1450,,0,1,6,2,4
1450,,0,1,6,0,6
1450,,0,1,6,0,6
1450,,0,1,6,0,6
1450,,0,1,6,0,6
1450,,0,1,6,0,6
1450,,0,1,6,2,4
1450,,0,1,6,0,6
1450,,0,1,6,1,5
1450,,0,1,6,0,6
1450,,0,1,6,1,5
1450,,0,1,6,1,5
1450,,0,1,6,1,5
1450,,0,1,6,2,4
1450,,0,1,6,0,6
1450,,0,1,6,1,5
1450,,0,1,6,2,4
1450,,0,1,6,1,5
1450,,0,1,6,0,6
1450,,0,1,6,0,6
1450,,0,1,6,0,6
1450,,0,1,6,2,4
1450,,0,1,6,0,6
1450,,0,1,6,2,4
1450,,0,1,6,2,4
1450,,0,1,6,1,5
1450,,0,1,6,0,6
1450,,0,1,6,1,5
1500,,0,1,6,2,4
1500,,0,1,6,0,6
1500,,0,1,6,1,5
1500,,0,1,6,0,6
1500,,0,1,6,2,4
1500,,0,1,6,1,5
1500,,0,1,6,1,5
1500,,0,1,6,0,6
1500,,0,1,6,2,4
1500,,0,1,6,0,6
1500,,0,1,6,3,3
1500,,0,1,6,0,6
1500,,0,1,6,0,6
1500,,0,1,6,1,5
1500,,0,1,6,1,5
1500,,0,1,6,1,5
1500,,0,1,6,1,5
1500,,0,1,6,0,6
1500,,0,1,6,0,6
1500,,0,1,6,1,5
1500,,0,1,6,0,6
1500,,0,1,6,1,5
1500,,0,1,6,1,5
1500,,0,1,6,3,3
1500,,0,1,6,1,5
1500,,0,1,6,6,0
1500,,0,1,6,1,5
1500,,0,1,6,5,1
1500,,0,1,6,4,2
1500,,0,1,6,4,2
1500,,0,1,6,4,2
1500,,0,1,6,5,1
1500,,0,1,6,5,1
1500,,0,1,6,5,1
1500,,0,1,6,5,1
1500,,0,1,6,2,4
1500,,0,1,6,4,2
1500,,0,1,6,4,2
1500,,0,1,6,6,0
1500,,0,1,6,2,4
1500,,0,1,6,4,2
1500,,0,1,6,6,0
1500,,0,1,6,3,3
1500,,0,1,6,3,3
1500,,0,1,6,2,4
1500,,0,1,6,3,3
1500,,0,1,6,5,1
1500,,0,1,6,5,1
1500,,0,1,6,4,2
1500,,0,1,6,4,2
1500,,0,1,6,4,2
1500,,0,1,6,6,0
1500,,0,1,6,3,3
1500,,0,1,6,5,1
1500,,0,1,6,4,2
1500,,0,1,6,3,3
1500,,0,1,6,0,6
1500,,0,1,6,6,0
1500,,0,1,6,2,4
600,,13,1,6,2,4
600,,14,1,6,4,2
600,,15,1,6,3,3
600,,0,1,6,3,3
600,,1,1,6,3,3
600,,2,1,6,3,3
600,,3,1,6,1,5
600,,4,1,6,1,5
600,,5,1,6,3,3
600,,6,1,6,2,4
600,,7,1,6,1,5
600,,8,1,6,0,6
600,,9,1,6,2,4
600,,10,1,6,2,4
600,,11,1,6,3,3
600,,12,1,6,4,2
600,,13,1,6,0,6
600,,14,1,6,1,5
600,,15,1,6,3,3
600,,0,1,6,0,6
600,,1,1,6,1,5
600,,2,1,6,1,5
600,,3,1,6,1,5
600,,4,1,6,4,2
600,,5,1,6,2,4
600,,6,1,6,1,5
600,,7,1,6,2,4
600,,8,1,6,0,6
600,,9,1,6,2,4
600,,10,1,6,4,2
600,,11,1,6,5,1
600,,12,1,6,6,0
600,,13,1,6,2,4
600,,14,1,6,4,2
600,,15,1,6,2,4
600,,0,1,6,2,4
600,,1,1,6,1,5
600,,2,1,6,0,6
600,,3,1,6,4,2
600,,4,1,6,3,3
600,,5,1,6,2,4
600,,6,1,6,1,5
600,,7,1,6,2,4
600,,8,1,6,0,6
600,,9,1,6,2,4
600,,10,1,6,4,2
600,,11,1,6,1,5
600,,12,1,6,6,0
600,,13,1,6,2,4
600,,14,1,6,1,5
600,,15,1,6,1,5
600,,0,1,6,5,1
600,,1,1,6,4,2
600,,2,1,6,3,3
600,,3,1,6,2,4
600,,4,1,6,4,2
600,,5,1,6,2,4
600,,6,1,6,3,3
600,,7,1,6,3,3
600,,8,1,6,2,4
600,,9,1,6,4,2
600,,10,1,6,4,2
600,,11,1,6,5,1
600,,12,1,6,6,0
600,,13,1,6,1,5
600,,14,1,6,3,3
600,,15,1,6,5,1
600,,0,1,6,4,2
600,,1,1,6,0,6
600,,2,1,6,2,4
600,,3,1,6,2,4
600,,4,1,6,6,0
600,,5,1,6,0,6
600,,6,1,6,2,4
600,,7,1,6,2,4
600,,8,1,6,0,6
600,,9,1,6,0,6
600,,10,1,6,4,2
600,,11,1,6,3,3
600,,12,1,6,6,0
600,,13,1,6,2,4
600,,14,1,6,1,5
600,,15,1,6,4,2
600,,0,1,6,6,0
600,,1,1,6,2,4
600,,2,1,6,4,2
600,,3,1,6,6,0
600,,4,1,6,5,1
600,,5,1,6,1,5
600,,6,1,6,2,4
600,,7,1,6,6,0
600,,8,1,6,0,6
600,,9,1,6,4,2
600,,10,1,6,6,0
600,,11,1,6,5,1
600,,12,1,6,5,1
600,,13,1,6,3,3
600,,14,1,6,5,1
600,,15,1,6,3,3
600,,0,1,6,4,2
600,,1,1,6,2,4
600,,2,1,6,5,1
600,,3,1,6,6,0
600,,4,1,6,5,1
600,,5,1,6,0,6
600,,6,1,6,1,5
600,,7,1,6,4,2
600,,8,1,6,1,5
600,,9,1,6,1,5
600,,10,1,6,6,0
600,,11,1,6,4,2
600,,12,1,6,4,2
600,,13,1,6,3,3
600,,14,1,6,2,4
600,,15,1,6,5,1
600,,0,1,6,3,3
600,,1,1,6,2,4
600,,2,1,6,1,5
600,,3,1,6,3,3
600,,4,1,6,4,2
600,,5,1,6,1,5
600,,6,1,6,4,2
600,,7,1,6,2,4
600,,8,1,6,1,5
600,,9,1,6,4,2
600,,10,1,6,4,2
600,,11,1,6,2,4
600,,12,1,6,6,0
600,,13,1,6,2,4
600,,14,1,6,5,1
600,,15,1,6,3,3
600,,0,1,6,6,0
600,,1,1,6,2,4
600,,2,1,6,1,5
600,,3,1,6,5,1
600,,4,1,6,6,0
600,,5,1,6,0,6
600,,6,1,6,2,4
600,,7,1,6,4,2
600,,8,1,6,0,6
600,,9,1,6,1,5
600,,10,1,6,5,1
600,,11,1,6,4,2
600,,12,1,6,6,0
600,,13,1,6,3,3
600,,14,1,6,3,3
600,,15,1,6,5,1
600,,0,1,6,3,3
600,,1,1,6,1,5
600,,2,1,6,5,1
600,,3,1,6,6,0
600,,4,1,6,5,1
600,,5,1,6,3,3
600,,6,1,6,5,1
600,,7,1,6,5,1
600,,8,1,6,3,3
600,,9,1,6,1,5
600,,10,1,6,5,1
600,,11,1,6,3,3
600,,12,1,6,6,0
600,,13,1,6,5,1
600,,14,1,6,4,2
600,,15,1,6,3,3
600,,0,1,6,4,2
600,,1,1,6,4,2
600,,2,1,6,5,1
600,,3,1,6,5,1
600,,4,1,6,6,0
600,,5,1,6,1,5
600,,6,1,6,4,2
600,,7,1,6,5,1
600,,8,1,6,2,4
600,,9,1,6,4,2
600,,10,1,6,5,1
600,,11,1,6,5,1
600,,12,1,6,6,0
600,,13,1,6,1,5
600,,14,1,6,5,1
600,,15,1,6,5,1
600,,0,1,6,4,2
600,,1,1,6,4,2
600,,2,1,6,4,2
600,,3,1,6,4,2
600,,4,1,6,5,1
600,,5,1,6,2,4
600,,6,1,6,3,3
600,,7,1,6,4,2
600,,8,1,6,2,4
600,,9,1,6,3,3
600,,10,1,6,4,2
600,,11,1,6,2,4
600,,12,1,6,4,2
600,,13,1,6,5,1
600,,14,1,6,4,2
600,,15,1,6,5,1
600,,0,1,6,4,2
600,,1,1,6,1,5
600,,2,1,6,4,2
600,,3,1,6,5,1
600,,4,1,6,6,0
600,,5,1,6,2,4
600,,6,1,6,5,1
600,,7,1,6,4,2
600,,8,1,6,3,3
600,,9,1,6,5,1
600,,10,1,6,4,2
600,,11,1,6,6,0
600,,12,1,6,6,0
600,,13,1,6,6,0
600,,14,1,6,5,1
600,,15,1,6,4,2
600,,0,1,6,5,1
600,,1,1,6,5,1
600,,2,1,6,5,1
600,,3,1,6,5,1
600,,4,1,6,4,2
600,,5,1,6,6,0
600,,6,1,6,4,2
600,,7,1,6,4,2
600,,8,1,6,2,4
600,,9,1,6,4,2
600,,10,1,6,4,2
600,,11,1,6,4,2
600,,12,1,6,6,0
600,,13,1,6,2,4
600,,14,1,6,5,1
600,,15,1,6,4,2
600,,0,1,6,6,0
600,,1,1,6,1,5
600,,2,1,6,5,1
600,,3,1,6,6,0
600,,4,1,6,6,0
600,,5,1,6,3,3
600,,6,1,6,5,1
600,,7,1,6,6,0
600,,8,1,6,6,0
600,,9,1,6,6,0
600,,10,1,6,5,1
600,,11,1,6,4,2
600,,12,1,6,6,0
600,,13,1,6,5,1
600,,14,1,6,5,1
600,,15,1,6,6,0
600,,0,1,6,5,1
600,,1,1,6,4,2
600,,2,1,6,4,2
600,,3,1,6,5,1
600,,4,1,6,5,1
600,,5,1,6,6,0
600,,6,1,6,4,2
600,,7,1,6,5,1
600,,8,1,6,3,3
600,,9,1,6,4,2
600,,10,1,6,6,0
600,,11,1,6,6,0
600,,12,1,6,6,0
600,,13,1,6,3,3
600,,14,1,6,5,1
600,,15,1,6,3,3
600,,0,1,6,4,2
600,,1,1,6,2,4
600,,2,1,6,5,1
600,,3,1,6,6,0
600,,4,1,6,5,1
600,,5,1,6,4,2
600,,6,1,6,2,4
600,,7,1,6,6,0
600,,8,1,6,4,2
600,,9,1,6,5,1
600,,10,1,6,6,0
600,,11,1,6,5,1
600,,12,1,6,4,2
600,,13,1,6,3,3
600,,14,1,6,6,0
600,,15,1,6,5,1
600,,0,1,6,6,0
600,,1,1,6,4,2
600,,2,1,6,6,0
600,,3,1,6,4,2
600,,4,1,6,6,0
600,,5,1,6,3,3
600,,6,1,6,3,3
600,,7,1,6,6,0
600,,8,1,6,6,0
600,,9,1,6,4,2
600,,10,1,6,6,0
600,,11,1,6,5,1
600,,12,1,6,4,2
600,,13,1,6,4,2
600,,14,1,6,6,0
600,,15,1,6,6,0
600,,0,1,6,4,2
600,,1,1,6,3,3
600,,2,1,6,6,0
600,,3,1,6,4,2
600,,4,1,6,5,1
600,,5,1,6,5,1
600,,6,1,6,4,2
600,,7,1,6,5,1
600,,8,1,6,6,0
600,,9,1,6,5,1
600,,10,1,6,4,2
600,,11,1,6,4,2
600,,12,1,6,4,2
600,,13,1,6,3,3
600,,14,1,6,5,1
600,,15,1,6,5,1
600,,0,1,6,3,3
600,,1,1,6,2,4
600,,2,1,6,5,1
600,,3,1,6,3,3
600,,4,1,6,5,1
600,,5,1,6,6,0
600,,6,1,6,4,2
600,,7,1,6,5,1
600,,8,1,6,3,3
600,,9,1,6,5,1
600,,10,1,6,5,1
600,,11,1,6,6,0
600,,12,1,6,3,3
600,,13,1,6,6,0
600,,14,1,6,5,1
600,,15,1,6,5,1
600,,0,1,6,6,0
600,,1,1,6,2,4
600,,2,1,6,3,3
600,,3,1,6,4,2
600,,4,1,6,5,1
600,,5,1,6,6,0
600,,6,1,6,2,4
600,,7,1,6,6,0
600,,8,1,6,5,1
600,,9,1,6,4,2
600,,10,1,6,6,0
600,,11,1,6,5,1
600,,12,1,6,6,0
600,,13,1,6,4,2
600,,14,1,6,6,0
600,,15,1,6,5,1
600,,0,1,6,5,1
600,,1,1,6,2,4
600,,2,1,6,5,1
600,,3,1,6,6,0
600,,4,1,6,6,0
600,,5,1,6,5,1
600,,6,1,6,4,2
600,,7,1,6,4,2
600,,8,1,6,6,0
600,,9,1,6,6,0
600,,10,1,6,4,2
600,,11,1,6,4,2
600,,12,1,6,5,1
600,,13,1,6,5,1
600,,14,1,6,3,3
600,,15,1,6,4,2
600,,0,1,6,6,0
600,,1,1,6,5,1
600,,2,1,6,4,2
600,,3,1,6,5,1
600,,4,1,6,5,1
600,,5,1,6,5,1
600,,6,1,6,4,2
600,,7,1,6,4,2
600,,8,1,6,2,4
600,,9,1,6,6,0
600,,10,1,6,6,0
600,,11,1,6,5,1
600,,12,1,6,6,0
600,,13,1,6,5,1
600,,14,1,6,3,3
600,,15,1,6,6,0
600,,0,1,6,5,1
600,,1,1,6,3,3
600,,2,1,6,4,2
600,,3,1,6,5,1
600,,4,1,6,4,2
600,,5,1,6,4,2
600,,6,1,6,5,1
600,,7,1,6,5,1
600,,8,1,6,4,2
600,,9,1,6,4,2
600,,10,1,6,5,1
600,,11,1,6,5,1
600,,12,1,6,6,0
600,,13,1,6,2,4
600,,14,1,6,3,3
600,,15,1,6,4,2
600,,0,1,6,4,2
600,,1,1,6,0,6
600,,2,1,6,3,3
600,,3,1,6,4,2
600,,4,1,6,6,0
600,,5,1,6,5,1
600,,6,1,6,5,1
600,,7,1,6,5,1
600,,8,1,6,2,4
600,,9,1,6,3,3
600,,10,1,6,4,2
600,,11,1,6,4,2
600,,12,1,6,6,0
600,,13,1,6,3,3
600,,14,1,6,5,1
600,,15,1,6,5,1
600,,0,1,6,6,0
600,,1,1,6,4,2
600,,2,1,6,4,2
600,,3,1,6,5,1
600,,4,1,6,6,0
600,,5,1,6,6,0
600,,6,1,6,6,0
600,,7,1,6,5,1
600,,8,1,6,4,2
600,,9,1,6,6,0
600,,10,1,6,6,0
600,,11,1,6,5,1
600,,12,1,6,5,1
600,,13,1,6,6,0
600,,14,1,6,2,4
600,,15,1,6,5,1
600,,0,1,6,4,2
600,,1,1,6,4,2
600,,2,1,6,4,2
600,,3,1,6,4,2
600,,4,1,6,6,0
600,,5,1,6,5,1
600,,6,1,6,6,0
600,,7,1,6,6,0
600,,8,1,6,6,0
600,,9,1,6,3,3
600,,10,1,6,5,1
600,,11,1,6,5,1
600,,12,1,6,6,0
600,,13,1,6,6,0
600,,14,1,6,5,1
600,,15,1,6,5,1
600,,0,1,6,3,3
600,,1,1,6,3,3
600,,2,1,6,2,4
600,,3,1,6,5,1
600,,4,1,6,2,4
600,,5,1,6,6,0
600,,6,1,6,5,1
600,,7,1,6,4,2
600,,8,1,6,1,5
600,,9,1,6,5,1
600,,10,1,6,3,3
600,,11,1,6,6,0
600,,12,1,6,5,1
600,,13,1,6,6,0
600,,14,1,6,6,0
600,,15,1,6,4,2
600,,0,1,6,3,3
600,,1,1,6,6,0
600,,2,1,6,5,1
600,,3,1,6,5,1
600,,4,1,6,6,0
600,,5,1,6,4,2
600,,6,1,6,6,0
600,,7,1,6,5,1
600,,8,1,6,3,3
600,,9,1,6,2,4
600,,10,1,6,6,0
600,,11,1,6,5,1
600,,12,1,6,6,0
600,,13,1,6,4,2
600,,14,1,6,5,1
600,,15,1,6,4,2
600,,0,1,6,5,1
600,,1,1,6,4,2
600,,2,1,6,6,0
600,,3,1,6,6,0
600,,4,1,6,2,4
600,,5,1,6,5,1
600,,6,1,6,5,1
600,,7,1,6,5,1
600,,8,1,6,5,1
600,,9,1,6,3,3
600,,10,1,6,5,1
600,,11,1,6,3,3
600,,12,1,6,5,1
600,,13,1,6,6,0
600,,14,1,6,6,0
600,,15,1,6,6,0
600,,0,1,6,5,1
600,,1,1,6,2,4
600,,2,1,6,4,2
600,,3,1,6,5,1
600,,4,1,6,6,0
600,,5,1,6,5,1
600,,6,1,6,5,1
600,,7,1,6,5,1
600,,8,1,6,4,2
600,,9,1,6,2,4
600,,10,1,6,6,0
600,,11,1,6,6,0
600,,12,1,6,6,0
600,,13,1,6,4,2
600,,14,1,6,5,1
600,,15,1,6,5,1
600,,0,1,6,3,3
600,,1,1,6,5,1
600,,2,1,6,5,1
600,,3,1,6,4,2
600,,4,1,6,6,0
600,,5,1,6,4,2
600,,6,1,6,5,1
600,,7,1,6,2,4
600,,8,1,6,4,2
600,,9,1,6,3,3
600,,10,1,6,5,1
600,,11,1,6,5,1
600,,12,1,6,5,1
600,,13,1,6,5,1
600,,14,1,6,4,2
600,,15,1,6,4,2
600,,0,1,6,6,0
600,,1,1,6,4,2
600,,2,1,6,5,1
600,,3,1,6,5,1
600,,4,1,6,3,3
600,,5,1,6,6,0
600,,6,1,6,4,2
600,,7,1,6,5,1
600,,8,1,6,3,3
600,,9,1,6,2,4
600,,10,1,6,5,1
600,,11,1,6,4,2
600,,12,1,6,4,2
600,,13,1,6,5,1
600,,14,1,6,4,2
600,,15,1,6,6,0
600,,0,1,6,4,2
600,,1,1,6,3,3
600,,2,1,6,5,1
600,,3,1,6,3,3
600,,4,1,6,6,0
600,,5,1,6,5,1
600,,6,1,6,5,1
600,,7,1,6,5,1
600,,8,1,6,4,2
600,,9,1,6,1,5
600,,10,1,6,5,1
600,,11,1,6,5,1
600,,12,1,6,6,0
600,,13,1,6,4,2
600,,14,1,6,6,0
600,,15,1,6,6,0
600,,0,1,6,3,3
600,,1,1,6,5,1
600,,2,1,6,3,3
600,,3,1,6,5,1
600,,4,1,6,4,2
600,,5,1,6,6,0
600,,6,1,6,6,0
600,,7,1,6,6,0
600,,8,1,6,5,1
600,,9,1,6,3,3
600,,10,1,6,5,1
600,,11,1,6,2,4
600,,12,1,6,6,0
600,,13,1,6,6,0
600,,14,1,6,4,2
600,,15,1,6,4,2
600,,0,1,6,4,2
600,,1,1,6,4,2
600,,2,1,6,3,3
600,,3,1,6,5,1
600,,4,1,6,3,3
600,,5,1,6,4,2
600,,6,1,6,5,1
600,,7,1,6,5,1
600,,8,1,6,1,5
600,,9,1,6,2,4
600,,10,1,6,5,1
600,,11,1,6,3,3
600,,12,1,6,6,0
600,,13,1,6,6,0
600,,14,1,6,3,3
600,,15,1,6,6,0
600,,0,1,6,5,1
600,,1,1,6,3,3
600,,2,1,6,5,1
600,,3,1,6,4,2
600,,4,1,6,5,1
600,,5,1,6,6,0
600,,6,1,6,6,0
600,,7,1,6,5,1
600,,8,1,6,5,1
600,,9,1,6,2,4
600,,10,1,6,5,1
600,,11,1,6,4,2
600,,12,1,6,5,1
600,,13,1,6,4,2
600,,14,1,6,6,0
600,,15,1,6,4,2
600,,0,1,6,6,0
600,,1,1,6,3,3
600,,2,1,6,5,1
600,,3,1,6,4,2
600,,4,1,6,4,2
600,,5,1,6,6,0
600,,6,1,6,3,3
600,,7,1,6,2,4
600,,8,1,6,4,2
600,,9,1,6,3,3
600,,10,1,6,5,1
600,,11,1,6,5,1
600,,12,1,6,6,0
600,,13,1,6,6,0
600,,14,1,6,6,0
600,,15,1,6,5,1
600,,0,1,6,3,3
600,,1,1,6,5,1
600,,2,1,6,1,5
600,,3,1,6,5,1
600,,4,1,6,5,1
600,,5,1,6,4,2
600,,6,1,6,3,3
600,,7,1,6,5,1
600,,8,1,6,1,5
600,,9,1,6,4,2
600,,10,1,6,4,2
600,,11,1,6,5,1
600,,12,1,6,4,2
600,,13,1,6,4,2
600,,14,1,6,6,0
600,,15,1,6,4,2
600,,0,1,6,1,5
600,,1,1,6,3,3
600,,2,1,6,5,1
600,,3,1,6,3,3
600,,4,1,6,4,2
600,,5,1,6,3,3
600,,6,1,6,2,4
600,,7,1,6,2,4
600,,8,1,6,1,5
600,,9,1,6,3,3
600,,10,1,6,5,1
600,,11,1,6,3,3
600,,12,1,6,5,1
600,,13,1,6,2,4
600,,14,1,6,2,4
600,,15,1,6,4,2
600,,0,1,6,4,2
600,,1,1,6,3,3
600,,2,1,6,3,3
600,,3,1,6,6,0
600,,4,1,6,5,1
600,,5,1,6,6,0
600,,6,1,6,2,4
600,,7,1,6,4,2
600,,8,1,6,1,5
600,,9,1,6,1,5
600,,10,1,6,6,0
600,,11,1,6,3,3
600,,12,1,6,6,0
600,,13,1,6,1,5
600,,14,1,6,4,2
600,,15,1,6,5,1
600,,0,1,6,6,0
600,,1,1,6,4,2
600,,2,1,6,5,1
600,,3,1,6,3,3
600,,4,1,6,4,2
600,,5,1,6,4,2
600,,6,1,6,3,3
600,,7,1,6,4,2
600,,8,1,6,3,3
600,,9,1,6,3,3
600,,10,1,6,3,3
600,,11,1,6,5,1
600,,12,1,6,1,5
600,,13,1,6,4,2
600,,14,1,6,6,0
600,,15,1,6,4,2
600,,0,1,6,3,3
600,,1,1,6,5,1
600,,2,1,6,4,2
600,,3,1,6,1,5
600,,4,1,6,3,3
600,,5,1,6,3,3
600,,6,1,6,3,3
600,,7,1,6,0,6
600,,8,1,6,2,4
600,,9,1,6,1,5
600,,10,1,6,5,1
600,,11,1,6,5,1
600,,12,1,6,3,3
600,,13,1,6,3,3
600,,14,1,6,4,2
600,,15,1,6,3,3
600,,0,1,6,1,5
600,,1,1,6,5,1
600,,2,1,6,2,4
600,,3,1,6,3,3
600,,4,1,6,3,3
600,,5,1,6,4,2
600,,6,1,6,3,3
600,,7,1,6,2,4
600,,8,1,6,4,2
600,,9,1,6,1,5
600,,10,1,6,5,1
600,,11,1,6,2,4
600,,12,1,6,5,1
600,,13,1,6,5,1
600,,14,1,6,2,4
600,,15,1,6,4,2
600,,0,1,6,1,5
600,,1,1,6,4,2
600,,2,1,6,2,4
600,,3,1,6,4,2
600,,4,1,6,5,1
600,,5,1,6,6,0
600,,6,1,6,4,2
600,,7,1,6,5,1
600,,8,1,6,2,4
600,,9,1,6,2,4
600,,10,1,6,5,1
600,,11,1,6,2,4
600,,12,1,6,5,1
600,,13,1,6,3,3
600,,14,1,6,6,0
600,,15,1,6,5,1
600,,0,1,6,1,5
600,,1,1,6,2,4
600,,2,1,6,3,3
600,,3,1,6,4,2
600,,4,1,6,5,1
600,,5,1,6,5,1
600,,6,1,6,4,2
600,,7,1,6,4,2
600,,8,1,6,2,4
600,,9,1,6,2,4
600,,10,1,6,4,2
600,,11,1,6,2,4
600,,12,1,6,5,1
600,,13,1,6,2,4
600,,14,1,6,5,1
600,,15,1,6,6,0
600,,0,1,6,1,5
600,,1,1,6,4,2
600,,2,1,6,1,5
600,,3,1,6,2,4
600,,4,1,6,4,2
600,,5,1,6,4,2
600,,6,1,6,3,3
600,,7,1,6,4,2
600,,8,1,6,4,2
600,,9,1,6,0,6
600,,10,1,6,4,2
600,,11,1,6,1,5
600,,12,1,6,4,2
600,,13,1,6,6,0
600,,14,1,6,4,2
600,,15,1,6,5,1
600,,0,1,6,1,5
600,,1,1,6,5,1
600,,2,1,6,0,6
600,,3,1,6,0,6
600,,4,1,6,6,0
600,,5,1,6,5,1
600,,6,1,6,2,4
600,,7,1,6,0,6
600,,8,1,6,1,5
600,,9,1,6,2,4
600,,10,1,6,5,1
600,,11,1,6,1,5
600,,12,1,6,6,0
600,,13,1,6,5,1
600,,14,1,6,2,4
600,,15,1,6,6,0
650,,0,1,6,2,4
650,,1,1,6,0,6
650,,2,1,6,1,5
650,,3,1,6,2,4
650,,4,1,6,1,5
650,,5,1,6,0,6
650,,6,1,6,2,4
650,,7,1,6,1,5
650,,8,1,6,2,4
650,,9,1,6,1,5
650,,10,1,6,0,6
650,,11,1,6,1,5
650,,12,1,6,2,4
650,,13,1,6,2,4
650,,14,1,6,0,6
650,,15,1,6,0,6
650,,0,1,6,0,6
650,,1,1,6,0,6
650,,2,1,6,1,5
650,,3,1,6,1,5
650,,4,1,6,0,6
650,,5,1,6,1,5
650,,6,1,6,1,5
650,,7,1,6,1,5
650,,8,1,6,1,5
650,,9,1,6,1,5
650,,10,1,6,1,5
650,,11,1,6,2,4
650,,12,1,6,2,4
650,,13,1,6,0,6
650,,14,1,6,1,5
650,,15,1,6,1,5
650,,0,1,6,4,2
650,,1,1,6,2,4
650,,2,1,6,0,6
650,,3,1,6,1,5
650,,4,1,6,0,6
650,,5,1,6,0,6
650,,6,1,6,3,3
650,,7,1,6,2,4
650,,8,1,6,0,6
650,,9,1,6,0,6
650,,10,1,6,2,4
650,,11,1,6,4,2
650,,12,1,6,0,6
650,,13,1,6,1,5
650,,14,1,6,1,5
650,,15,1,6,1,5
650,,0,1,6,2,4
650,,1,1,6,3,3
650,,2,1,6,1,5
650,,3,1,6,0,6
650,,4,1,6,5,1
650,,5,1,6,3,3
650,,6,1,6,1,5
650,,7,1,6,4,2
650,,8,1,6,0,6
650,,9,1,6,6,0
650,,10,1,6,2,4
650,,11,1,6,2,4
650,,12,1,6,1,5
650,,13,1,6,1,5
650,,14,1,6,3,3
650,,15,1,6,2,4
650,,0,1,6,3,3
650,,1,1,6,4,2
650,,2,1,6,2,4
650,,3,1,6,1,5
650,,4,1,6,2,4
650,,5,1,6,2,4
650,,6,1,6,2,4
650,,7,1,6,2,4
650,,8,1,6,0,6
650,,9,1,6,1,5
650,,10,1,6,2,4
650,,11,1,6,2,4
650,,12,1,6,3,3
650,,13,1,6,1,5
650,,14,1,6,2,4
650,,15,1,6,2,4
650,,0,1,6,3,3
650,,1,1,6,4,2
650,,2,1,6,2,4
650,,3,1,6,1,5
650,,4,1,6,4,2
650,,5,1,6,0,6
650,,6,1,6,3,3
650,,7,1,6,2,4
650,,8,1,6,3,3
650,,9,1,6,4,2
650,,10,1,6,3,3
650,,11,1,6,4,2
650,,12,1,6,0,6
650,,13,1,6,0,6
650,,14,1,6,4,2
650,,15,1,6,4,2
650,,0,1,6,0,6
650,,1,1,6,4,2
650,,2,1,6,2,4
650,,3,1,6,2,4
650,,4,1,6,6,0
650,,5,1,6,0,6
650,,6,1,6,1,5
650,,7,1,6,2,4
650,,8,1,6,1,5
650,,9,1,6,4,2
650,,10,1,6,1,5
650,,11,1,6,1,5
650,,12,1,6,2,4
650,,13,1,6,0,6
650,,14,1,6,2,4
650,,15,1,6,1,5
650,,0,1,6,2,4
650,,1,1,6,4,2
650,,2,1,6,3,3
650,,3,1,6,2,4
650,,4,1,6,6,0
650,,5,1,6,3,3
650,,6,1,6,1,5
650,,7,1,6,3,3
650,,8,1,6,1,5
650,,9,1,6,4,2
650,,10,1,6,3,3
650,,11,1,6,3,3
650,,12,1,6,1,5
650,,13,1,6,0,6
650,,14,1,6,5,1
650,,15,1,6,2,4
650,,0,1,6,1,5
650,,1,1,6,3,3
650,,2,1,6,1,5
650,,3,1,6,2,4
650,,4,1,6,3,3
650,,5,1,6,3,3
650,,6,1,6,1,5
650,,7,1,6,5,1
650,,8,1,6,1,5
650,,9,1,6,3,3
650,,10,1,6,3,3
650,,11,1,6,1,5
650,,12,1,6,2,4
650,,13,1,6,1,5
650,,14,1,6,3,3
650,,15,1,6,2,4
650,,0,1,6,4,2
650,,1,1,6,5,1
650,,2,1,6,4,2
650,,3,1,6,1,5
650,,4,1,6,2,4
650,,5,1,6,4,2
650,,6,1,6,2,4
650,,7,1,6,3,3
650,,8,1,6,2,4
650,,9,1,6,5,1
650,,10,1,6,0,6
650,,11,1,6,4,2
650,,12,1,6,1,5
650,,13,1,6,1,5
650,,14,1,6,2,4
650,,15,1,6,4,2
650,,0,1,6,3,3
650,,1,1,6,1,5
650,,2,1,6,0,6
650,,3,1,6,4,2
650,,4,1,6,4,2
650,,5,1,6,1,5
650,,6,1,6,1,5
650,,7,1,6,2,4
650,,8,1,6,1,5
650,,9,1,6,3,3
650,,10,1,6,2,4
650,,11,1,6,3,3
650,,12,1,6,2,4
650,,13,1,6,2,4
650,,14,1,6,6,0
650,,15,1,6,0,6
650,,0,1,6,4,2
650,,1,1,6,1,5
650,,2,1,6,2,4
650,,3,1,6,6,0
650,,4,1,6,4,2
650,,5,1,6,1,5
650,,6,1,6,1,5
650,,7,1,6,3,3
650,,8,1,6,2,4
650,,9,1,6,4,2
650,,10,1,6,0,6
650,,11,1,6,5,1
650,,12,1,6,3,3
650,,13,1,6,2,4
650,,14,1,6,3,3
650,,15,1,6,1,5
650,,0,1,6,1,5
650,,1,1,6,4,2
650,,2,1,6,1,5
650,,3,1,6,2,4
650,,4,1,6,5,1
650,,5,1,6,4,2
650,,6,1,6,0,6
650,,7,1,6,1,5
650,,8,1,6,3,3
650,,9,1,6,5,1
650,,10,1,6,3,3
650,,11,1,6,2,4
650,,12,1,6,1,5
650,,13,1,6,1,5
650,,14,1,6,0,6
650,,15,1,6,3,3
650,,0,1,6,5,1
650,,1,1,6,6,0
650,,2,1,6,2,4
650,,3,1,6,3,3
650,,4,1,6,3,3
650,,5,1,6,2,4
650,,6,1,6,2,4
650,,7,1,6,3,3
650,,8,1,6,4,2
650,,9,1,6,2,4
650,,10,1,6,1,5
650,,11,1,6,4,2
650,,12,1,6,1,5
650,,13,1,6,4,2
650,,14,1,6,1,5
650,,15,1,6,5,1
650,,0,1,6,4,2
650,,1,1,6,5,1
650,,2,1,6,1,5
650,,3,1,6,1,5
650,,4,1,6,6,0
650,,5,1,6,4,2
650,,6,1,6,1,5
650,,7,1,6,1,5
650,,8,1,6,1,5
650,,9,1,6,1,5
650,,10,1,6,3,3
650,,11,1,6,5,1
650,,12,1,6,2,4
650,,13,1,6,2,4
650,,14,1,6,2,4
650,,15,1,6,3,3
650,,0,1,6,3,3
650,,1,1,6,6,0
650,,2,1,6,3,3
650,,3,1,6,4,2
650,,4,1,6,4,2
650,,5,1,6,3,3
650,,6,1,6,3,3
650,,7,1,6,4,2
650,,8,1,6,2,4
650,,9,1,6,4,2
650,,10,1,6,5,1
650,,11,1,6,3,3
650,,12,1,6,1,5
650,,13,1,6,2,4
650,,14,1,6,2,4
650,,15,1,6,1,5
650,,0,1,6,5,1
650,,1,1,6,6,0
650,,2,1,6,2,4
650,,3,1,6,5,1
650,,4,1,6,5,1
650,,5,1,6,3,3
650,,6,1,6,2,4
650,,7,1,6,2,4
650,,8,1,6,2,4
650,,9,1,6,3,3
650,,10,1,6,6,0
650,,11,1,6,5,1
650,,12,1,6,3,3
650,,13,1,6,3,3
650,,14,1,6,4,2
650,,15,1,6,2,4
650,,0,1,6,3,3
650,,1,1,6,3,3
650,,2,1,6,3,3
650,,3,1,6,4,2
650,,4,1,6,5,1
650,,5,1,6,4,2
650,,6,1,6,2,4
650,,7,1,6,3,3
650,,8,1,6,1,5
650,,9,1,6,2,4
650,,10,1,6,3,3
650,,11,1,6,4,2
650,,12,1,6,4,2
650,,13,1,6,4,2
650,,14,1,6,2,4
650,,15,1,6,1,5
650,,0,1,6,3,3
650,,1,1,6,5,1
650,,2,1,6,4,2
650,,3,1,6,5,1
650,,4,1,6,4,2
650,,5,1,6,4,2
650,,6,1,6,3,3
650,,7,1,6,4,2
650,,8,1,6,1,5
650,,9,1,6,3,3
650,,10,1,6,6,0
650,,11,1,6,4,2
650,,12,1,6,3,3
650,,13,1,6,0,6
650,,14,1,6,3,3
650,,15,1,6,4,2
650,,0,1,6,5,1
650,,1,1,6,5,1
650,,2,1,6,4,2
650,,3,1,6,5,1
650,,4,1,6,5,1
650,,5,1,6,3,3
650,,6,1,6,1,5
650,,7,1,6,5,1
650,,8,1,6,3,3
650,,9,1,6,4,2
650,,10,1,6,5,1
650,,11,1,6,4,2
650,,12,1,6,4,2
650,,13,1,6,1,5
650,,14,1,6,6,0
650,,15,1,6,3,3
650,,0,1,6,2,4
650,,1,1,6,4,2
650,,2,1,6,6,0
650,,3,1,6,4,2
650,,4,1,6,5,1
650,,5,1,6,3,3
650,,6,1,6,2,4
650,,7,1,6,4,2
650,,8,1,6,1,5
650,,9,1,6,4,2
650,,10,1,6,5,1
650,,11,1,6,3,3
650,,12,1,6,3,3
650,,13,1,6,2,4
650,,14,1,6,3,3
650,,15,1,6,5,1
650,,0,1,6,5,1
650,,1,1,6,1,5
650,,2,1,6,6,0
650,,3,1,6,5,1
650,,4,1,6,5,1
650,,5,1,6,3,3
650,,6,1,6,4,2
650,,7,1,6,3,3
650,,8,1,6,2,4
650,,9,1,6,4,2
650,,10,1,6,2,4
650,,11,1,6,5,1
650,,12,1,6,6,0
650,,13,1,6,3,3
650,,14,1,6,4,2
650,,15,1,6,1,5
650,,0,1,6,6,0
650,,1,1,6,4,2
650,,2,1,6,6,0
650,,3,1,6,5,1
650,,4,1,6,3,3
650,,5,1,6,2,4
650,,6,1,6,2,4
650,,7,1,6,4,2
650,,8,1,6,4,2
650,,9,1,6,5,1
650,,10,1,6,5,1
650,,11,1,6,6,0
650,,12,1,6,3,3
650,,13,1,6,3,3
650,,14,1,6,4,2
650,,15,1,6,3,3
650,,0,1,6,6,0
650,,1,1,6,2,4
650,,2,1,6,5,1
650,,3,1,6,3,3
650,,4,1,6,3,3
650,,5,1,6,2,4
650,,6,1,6,5,1
650,,7,1,6,4,2
650,,8,1,6,3,3
650,,9,1,6,3,3
650,,10,1,6,5,1
650,,11,1,6,6,0
650,,12,1,6,2,4
650,,13,1,6,4,2
650,,14,1,6,5,1
650,,15,1,6,3,3
650,,0,1,6,5,1
650,,1,1,6,4,2
650,,2,1,6,3,3
650,,3,1,6,5,1
650,,4,1,6,5,1
650,,5,1,6,5,1
650,,6,1,6,5,1
650,,7,1,6,4,2
650,,8,1,6,3,3
650,,9,1,6,5,1
650,,10,1,6,5,1
650,,11,1,6,6,0
650,,12,1,6,2,4
650,,13,1,6,3,3
650,,14,1,6,5,1
650,,15,1,6,3,3
650,,0,1,6,6,0
650,,1,1,6,6,0
650,,2,1,6,6,0
650,,3,1,6,4,2
650,,4,1,6,6,0
650,,5,1,6,4,2
650,,6,1,6,3,3
650,,7,1,6,4,2
650,,8,1,6,5,1
650,,9,1,6,5,1
650,,10,1,6,4,2
650,,11,1,6,6,0
650,,12,1,6,2,4
650,,13,1,6,4,2
650,,14,1,6,3,3
650,,15,1,6,5,1
650,,0,1,6,6,0
650,,1,1,6,4,2
650,,2,1,6,4,2
650,,3,1,6,5,1
650,,4,1,6,4,2
650,,5,1,6,4,2
650,,6,1,6,4,2
650,,7,1,6,3,3
650,,8,1,6,4,2
650,,9,1,6,5,1
650,,10,1,6,5,1
650,,11,1,6,6,0
650,,12,1,6,1,5
650,,13,1,6,6,0
650,,14,1,6,4,2
650,,15,1,6,4,2
650,,0,1,6,6,0
650,,1,1,6,3,3
650,,2,1,6,6,0
650,,3,1,6,5,1
650,,4,1,6,5,1
650,,5,1,6,5,1
650,,6,1,6,4,2
650,,7,1,6,5,1
650,,8,1,6,4,2
650,,9,1,6,5,1
650,,10,1,6,5,1
650,,11,1,6,5,1
650,,12,1,6,3,3
650,,13,1,6,3,3
650,,14,1,6,6,0
650,,15,1,6,5,1
650,,0,1,6,4,2
650,,1,1,6,6,0
650,,2,1,6,4,2
650,,3,1,6,5,1
650,,4,1,6,5,1
650,,5,1,6,5,1
650,,6,1,6,3,3
650,,7,1,6,4,2
650,,8,1,6,5,1
650,,9,1,6,6,0
650,,10,1,6,6,0
650,,11,1,6,5,1
650,,12,1,6,1,5
650,,13,1,6,3,3
650,,14,1,6,4,2
650,,15,1,6,3,3
650,,0,1,6,6,0
650,,1,1,6,4,2
650,,2,1,6,6,0
650,,3,1,6,3,3
650,,4,1,6,4,2
650,,5,1,6,6,0
650,,6,1,6,6,0
650,,7,1,6,3,3
650,,8,1,6,5,1
650,,9,1,6,5,1
650,,10,1,6,3,3
650,,11,1,6,5,1
650,,12,1,6,2,4
650,,13,1,6,6,0
650,,14,1,6,5,1
650,,15,1,6,4,2
650,,0,1,6,5,1
650,,1,1,6,5,1
650,,2,1,6,4,2
650,,3,1,6,5,1
650,,4,1,6,6,0
650,,5,1,6,4,2
650,,6,1,6,4,2
650,,7,1,6,5,1
650,,8,1,6,6,0
650,,9,1,6,5,1
650,,10,1,6,5,1
650,,11,1,6,6,0
650,,12,1,6,3,3
650,,13,1,6,4,2
650,,14,1,6,5,1
650,,15,1,6,6,0
650,,0,1,6,6,0
650,,1,1,6,3,3
650,,2,1,6,5,1
650,,3,1,6,5,1
650,,4,1,6,4,2
650,,5,1,6,5,1
650,,6,1,6,4,2
650,,7,1,6,4,2
650,,8,1,6,5,1
650,,9,1,6,5,1
650,,10,1,6,3,3
650,,11,1,6,5,1
650,,12,1,6,3,3
650,,13,1,6,5,1
650,,14,1,6,3,3
650,,15,1,6,4,2
650,,0,1,6,5,1
650,,1,1,6,5,1
650,,2,1,6,6,0
650,,3,1,6,5,1
650,,4,1,6,3,3
650,,5,1,6,2,4
650,,6,1,6,4,2
650,,7,1,6,2,4
650,,8,1,6,6,0
650,,9,1,6,5,1
650,,10,1,6,5,1
650,,11,1,6,6,0
650,,12,1,6,3,3
650,,13,1,6,5,1
650,,14,1,6,5,1
650,,15,1,6,5,1
650,,0,1,6,6,0
650,,1,1,6,4,2
650,,2,1,6,5,1
650,,3,1,6,4,2
650,,4,1,6,6,0
650,,5,1,6,6,0
650,,6,1,6,5,1
650,,7,1,6,4,2
650,,8,1,6,6,0
650,,9,1,6,4,2
650,,10,1,6,4,2
650,,11,1,6,6,0
650,,12,1,6,3,3
650,,13,1,6,4,2
650,,14,1,6,4,2
650,,15,1,6,6,0
650,,0,1,6,6,0
650,,1,1,6,3,3
650,,2,1,6,2,4
650,,3,1,6,3,3
650,,4,1,6,3,3
650,,5,1,6,6,0
650,,6,1,6,3,3
650,,7,1,6,3,3
650,,8,1,6,5,1
650,,9,1,6,5,1
650,,10,1,6,4,2
650,,11,1,6,6,0
650,,12,1,6,4,2
650,,13,1,6,4,2
650,,14,1,6,5,1
650,,15,1,6,3,3
650,,0,1,6,5,1
650,,1,1,6,4,2
650,,2,1,6,6,0
650,,3,1,6,5,1
650,,4,1,6,3,3
650,,5,1,6,4,2
650,,6,1,6,4,2
650,,7,1,6,6,0
650,,8,1,6,5,1
650,,9,1,6,5,1
650,,10,1,6,5,1
650,,11,1,6,5,1
650,,12,1,6,2,4
650,,13,1,6,4,2
650,,14,1,6,5,1
650,,15,1,6,4,2
650,,0,1,6,6,0
650,,1,1,6,3,3
650,,2,1,6,4,2
650,,3,1,6,4,2
650,,4,1,6,3,3
650,,5,1,6,4,2
650,,6,1,6,4,2
650,,7,1,6,6,0
650,,8,1,6,6,0
650,,9,1,6,5,1
650,,10,1,6,4,2
650,,11,1,6,5,1
650,,12,1,6,1,5
650,,13,1,6,6,0
650,,14,1,6,5,1
650,,15,1,6,6,0
650,,0,1,6,6,0
650,,1,1,6,5,1
650,,2,1,6,4,2
650,,3,1,6,5,1
650,,4,1,6,5,1
650,,5,1,6,1,5
650,,6,1,6,5,1
650,,7,1,6,3,3
650,,8,1,6,5,1
650,,9,1,6,5,1
650,,10,1,6,4,2
650,,11,1,6,5,1
650,,12,1,6,3,3
650,,13,1,6,5,1
650,,14,1,6,5,1
650,,15,1,6,6,0
650,,0,1,6,5,1
650,,1,1,6,6,0
650,,2,1,6,5,1
650,,3,1,6,5,1
650,,4,1,6,5,1
650,,5,1,6,4,2
650,,6,1,6,4,2
650,,7,1,6,3,3
650,,8,1,6,5,1
650,,9,1,6,3,3
650,,10,1,6,4,2
650,,11,1,6,5,1
650,,12,1,6,3,3
650,,13,1,6,5,1
650,,14,1,6,3,3
650,,15,1,6,6,0
650,,0,1,6,6,0
650,,1,1,6,4,2
650,,2,1,6,4,2
650,,3,1,6,4,2
650,,4,1,6,5,1
650,,5,1,6,6,0
650,,6,1,6,5,1
650,,7,1,6,2,4
650,,8,1,6,6,0
650,,9,1,6,4,2
650,,10,1,6,6,0
650,,11,1,6,5,1
650,,12,1,6,4,2
650,,13,1,6,5,1
650,,14,1,6,4,2
650,,15,1,6,5,1
650,,0,1,6,6,0
650,,1,1,6,3,3
650,,2,1,6,6,0
650,,3,1,6,5,1
650,,4,1,6,5,1
650,,5,1,6,6,0
650,,6,1,6,5,1
650,,7,1,6,6,0
650,,8,1,6,3,3
650,,9,1,6,3,3
650,,10,1,6,3,3
650,,11,1,6,6,0
650,,12,1,6,3,3
650,,13,1,6,5,1
650,,14,1,6,5,1
650,,15,1,6,3,3
650,,0,1,6,4,2
650,,1,1,6,2,4
650,,2,1,6,6,0
650,,3,1,6,4,2
650,,4,1,6,6,0
650,,5,1,6,5,1
650,,6,1,6,1,5
650,,7,1,6,6,0
650,,8,1,6,5,1
650,,9,1,6,4,2
650,,10,1,6,3,3
650,,11,1,6,6,0
650,,12,1,6,2,4
650,,13,1,6,6,0
650,,14,1,6,6,0
650,,15,1,6,6,0
650,,0,1,6,3,3
650,,1,1,6,6,0
650,,2,1,6,2,4
650,,3,1,6,3,3
650,,4,1,6,5,1
650,,5,1,6,6,0
650,,6,1,6,5,1
650,,7,1,6,5,1
650,,8,1,6,4,2
650,,9,1,6,0,6
650,,10,1,6,4,2
650,,11,1,6,5,1
650,,12,1,6,2,4
650,,13,1,6,2,4
650,,14,1,6,4,2
650,,15,1,6,4,2
650,,0,1,6,6,0
650,,1,1,6,4,2
650,,2,1,6,2,4
650,,3,1,6,4,2
650,,4,1,6,6,0
650,,5,1,6,4,2
650,,6,1,6,3,3
650,,7,1,6,4,2
650,,8,1,6,2,4
650,,9,1,6,2,4
650,,10,1,6,4,2
650,,11,1,6,6,0
650,,12,1,6,4,2
650,,13,1,6,3,3
650,,14,1,6,4,2
650,,15,1,6,4,2
650,,0,1,6,6,0
650,,1,1,6,6,0
650,,2,1,6,5,1
650,,3,1,6,5,1
650,,4,1,6,6,0
650,,5,1,6,5,1
650,,6,1,6,4,2
650,,7,1,6,4,2
650,,8,1,6,5,1
650,,9,1,6,4,2
650,,10,1,6,4,2
650,,11,1,6,6,0
650,,12,1,6,4,2
650,,13,1,6,6,0
650,,14,1,6,5,1
650,,15,1,6,2,4
650,,0,1,6,5,1
650,,1,1,6,3,3
650,,2,1,6,4,2
650,,3,1,6,4,2
650,,4,1,6,5,1
650,,5,1,6,5,1
650,,6,1,6,6,0
650,,7,1,6,6,0
650,,8,1,6,5,1
650,,9,1,6,3,3
650,,10,1,6,5,1
650,,11,1,6,6,0
650,,12,1,6,3,3
650,,13,1,6,4,2
650,,14,1,6,3,3
650,,15,1,6,6,0
650,,0,1,6,3,3
650,,1,1,6,3,3
650,,2,1,6,3,3
650,,3,1,6,6,0
650,,4,1,6,6,0
650,,5,1,6,4,2
650,,6,1,6,4,2
650,,7,1,6,5,1
650,,8,1,6,5,1
650,,9,1,6,2,4
650,,10,1,6,3,3
650,,11,1,6,5,1
650,,12,1,6,5,1
650,,13,1,6,4,2
650,,14,1,6,4,2
650,,15,1,6,3,3
650,,0,1,6,6,0
650,,1,1,6,4,2
650,,2,1,6,3,3
650,,3,1,6,6,0
650,,4,1,6,4,2
650,,5,1,6,2,4
650,,6,1,6,4,2
650,,7,1,6,6,0
650,,8,1,6,4,2
650,,9,1,6,3,3
650,,10,1,6,3,3
650,,11,1,6,4,2
650,,12,1,6,3,3
650,,13,1,6,6,0
650,,14,1,6,5,1
650,,15,1,6,4,2
650,,0,1,6,3,3
650,,1,1,6,6,0
650,,2,1,6,2,4
650,,3,1,6,2,4
650,,4,1,6,5,1
650,,5,1,6,3,3
650,,6,1,6,5,1
650,,7,1,6,4,2
650,,8,1,6,2,4
650,,9,1,6,3,3
650,,10,1,6,5,1
650,,11,1,6,6,0
650,,12,1,6,3,3
650,,13,1,6,4,2
650,,14,1,6,5,1
650,,15,1,6,4,2
650,,0,1,6,3,3
650,,1,1,6,3,3
650,,2,1,6,3,3
650,,3,1,6,4,2
650,,4,1,6,5,1
650,,5,1,6,2,4
650,,6,1,6,6,0
650,,7,1,6,6,0
650,,8,1,6,4,2
650,,9,1,6,4,2
650,,10,1,6,2,4
650,,11,1,6,5,1
650,,12,1,6,4,2
650,,13,1,6,5,1
650,,14,1,6,5,1
650,,15,1,6,6,0
650,,0,1,6,2,4
650,,1,1,6,3,3
650,,2,1,6,2,4
650,,3,1,6,5,1
650,,4,1,6,4,2
650,,5,1,6,3,3
650,,6,1,6,2,4
650,,7,1,6,4,2
650,,8,1,6,4,2
650,,9,1,6,4,2
650,,10,1,6,5,1
650,,11,1,6,3,3
650,,12,1,6,4,2
650,,13,1,6,2,4
650,,14,1,6,2,4
650,,15,1,6,4,2
650,,0,1,6,5,1
650,,1,1,6,6,0
650,,2,1,6,4,2
650,,3,1,6,4,2
650,,4,1,6,5,1
650,,5,1,6,3,3
650,,6,1,6,4,2
650,,7,1,6,3,3
650,,8,1,6,5,1
650,,9,1,6,1,5
650,,10,1,6,3,3
650,,11,1,6,6,0
650,,12,1,6,1,5
650,,13,1,6,3,3
650,,14,1,6,5,1
650,,15,1,6,2,4
650,,0,1,6,4,2
650,,1,1,6,4,2
650,,2,1,6,2,4
650,,3,1,6,5,1
650,,4,1,6,4,2
650,,5,1,6,4,2
650,,6,1,6,2,4
650,,7,1,6,3,3
650,,8,1,6,2,4
650,,9,1,6,3,3
650,,10,1,6,4,2
650,,11,1,6,3,3
650,,12,1,6,5,1
650,,13,1,6,4,2
650,,14,1,6,5,1
650,,15,1,6,3,3
650,,0,1,6,3,3
650,,1,1,6,4,2
650,,2,1,6,0,6
650,,3,1,6,5,1
650,,4,1,6,5,1
650,,5,1,6,3,3
650,,6,1,6,5,1
650,,7,1,6,5,1
650,,8,1,6,2,4
650,,9,1,6,4,2
650,,10,1,6,4,2
650,,11,1,6,6,0
650,,12,1,6,4,2
650,,13,1,6,4,2
650,,14,1,6,5,1
650,,15,1,6,6,0
650,,0,1,6,6,0
650,,1,1,6,5,1
650,,2,1,6,4,2
650,,3,1,6,3,3
650,,4,1,6,5,1
650,,5,1,6,3,3
650,,6,1,6,5,1
650,,7,1,6,4,2
650,,8,1,6,2,4
650,,9,1,6,5,1
650,,10,1,6,3,3
650,,11,1,6,4,2
650,,12,1,6,1,5
650,,13,1,6,6,0
650,,14,1,6,3,3
650,,15,1,6,5,1
650,,0,1,6,4,2
650,,1,1,6,4,2
650,,2,1,6,6,0
650,,3,1,6,2,4
650,,4,1,6,5,1
650,,5,1,6,2,4
650,,6,1,6,4,2
650,,7,1,6,3,3
650,,8,1,6,4,2
650,,9,1,6,2,4
650,,10,1,6,5,1
650,,11,1,6,4,2
650,,12,1,6,2,4
650,,13,1,6,2,4
650,,14,1,6,5,1
650,,15,1,6,4,2
650,,0,1,6,5,1
650,,1,1,6,2,4
650,,2,1,6,3,3
650,,3,1,6,6,0
650,,4,1,6,4,2
650,,5,1,6,3,3
650,,6,1,6,2,4
650,,7,1,6,4,2
650,,8,1,6,4,2
650,,9,1,6,3,3
650,,10,1,6,5,1
650,,11,1,6,5,1
650,,12,1,6,2,4
650,,13,1,6,5,1
650,,14,1,6,4,2
650,,15,1,6,5,1
650,,0,1,6,6,0
650,,1,1,6,6,0
650,,2,1,6,2,4
650,,3,1,6,6,0
650,,4,1,6,4,2
650,,5,1,6,3,3
650,,6,1,6,3,3
650,,7,1,6,2,4
650,,8,1,6,5,1
650,,9,1,6,1,5
650,,10,1,6,3,3
650,,11,1,6,5,1
650,,12,1,6,1,5
650,,13,1,6,6,0
650,,14,1,6,4,2
650,,15,1,6,4,2
650,,0,1,6,6,0
650,,1,1,6,4,2
650,,2,1,6,3,3
650,,3,1,6,2,4
650,,4,1,6,2,4
650,,5,1,6,4,2
650,,6,1,6,2,4
650,,7,1,6,2,4
650,,8,1,6,5,1
650,,9,1,6,3,3
650,,10,1,6,1,5
650,,11,1,6,6,0
650,,12,1,6,2,4
650,,13,1,6,4,2
650,,14,1,6,6,0
650,,15,1,6,5,1
700,,0,1,6,0,6
700,,1,1,6,2,4
700,,2,1,6,2,4
700,,3,1,6,2,4
700,,4,1,6,1,5
700,,5,1,6,0,6
700,,0,1,6,1,5
700,,1,1,6,1,5
700,,2,1,6,3,3
700,,3,1,6,0,6
700,,4,1,6,2,4
700,,5,1,6,0,6
700,,0,1,6,2,4
700,,1,1,6,1,5
700,,2,1,6,0,6
700,,3,1,6,0,6
700,,4,1,6,1,5
700,,5,1,6,0,6
700,,0,1,6,3,3
700,,1,1,6,4,2
700,,2,1,6,1,5
700,,3,1,6,0,6
700,,4,1,6,4,2
700,,5,1,6,0,6
700,,0,1,6,4,2
700,,1,1,6,3,3
700,,2,1,6,2,4
700,,3,1,6,0,6
700,,4,1,6,3,3
700,,5,1,6,1,5
700,,0,1,6,1,5
700,,1,1,6,2,4
700,,2,1,6,2,4
700,,3,1,6,0,6
700,,4,1,6,0,6
700,,5,1,6,1,5
700,,0,1,6,1,5
700,,1,1,6,1,5
700,,2,1,6,0,6
700,,3,1,6,1,5
700,,4,1,6,1,5
700,,5,1,6,2,4
700,,0,1,6,1,5
700,,1,1,6,1,5
700,,2,1,6,1,5
700,,3,1,6,1,5
700,,4,1,6,1,5
700,,5,1,6,3,3
700,,0,1,6,2,4
700,,1,1,6,1,5
700,,2,1,6,1,5
700,,3,1,6,5,1
700,,4,1,6,2,4
700,,5,1,6,3,3
700,,0,1,6,3,3
700,,1,1,6,4,2
700,,2,1,6,0,6
700,,3,1,6,3,3
700,,4,1,6,5,1
700,,5,1,6,4,2
700,,0,1,6,0,6
700,,1,1,6,1,5
700,,2,1,6,0,6
700,,3,1,6,1,5
700,,4,1,6,1,5
700,,5,1,6,0,6
700,,0,1,6,2,4
700,,1,1,6,1,5
700,,2,1,6,1,5
700,,3,1,6,0,6
700,,4,1,6,4,2
700,,5,1,6,1,5
700,,0,1,6,3,3
700,,1,1,6,1,5
700,,2,1,6,0,6
700,,3,1,6,1,5
700,,4,1,6,2,4
700,,5,1,6,0,6
700,,0,1,6,0,6
700,,1,1,6,1,5
700,,2,1,6,0,6
700,,3,1,6,0,6
700,,4,1,6,1,5
700,,5,1,6,1,5
700,,0,1,6,4,2
700,,1,1,6,1,5
700,,2,1,6,0,6
700,,3,1,6,2,4
700,,4,1,6,4,2
700,,5,1,6,1,5
700,,0,1,6,3,3
700,,1,1,6,0,6
700,,2,1,6,0,6
700,,3,1,6,0,6
700,,4,1,6,1,5
700,,5,1,6,2,4
700,,0,1,6,1,5
700,,1,1,6,1,5
700,,2,1,6,0,6
700,,3,1,6,0,6
700,,4,1,6,3,3
700,,5,1,6,2,4
700,,0,1,6,1,5
700,,1,1,6,1,5
700,,2,1,6,0,6
700,,3,1,6,4,2
700,,4,1,6,0,6
700,,5,1,6,0,6
700,,0,1,6,4,2
700,,1,1,6,2,4
700,,2,1,6,3,3
700,,3,1,6,0,6
700,,4,1,6,3,3
700,,5,1,6,3,3
700,,0,1,6,2,4
700,,1,1,6,0,6
700,,2,1,6,1,5
700,,3,1,6,3,3
700,,4,1,6,1,5
700,,5,1,6,2,4
700,,0,1,6,3,3
700,,1,1,6,1,5
700,,2,1,6,1,5
700,,3,1,6,1,5
700,,4,1,6,0,6
700,,5,1,6,1,5
700,,0,1,6,2,4
700,,1,1,6,3,3
700,,2,1,6,5,1
700,,3,1,6,4,2
700,,4,1,6,1,5
700,,5,1,6,2,4
700,,0,1,6,1,5
700,,1,1,6,2,4
700,,2,1,6,4,2
700,,3,1,6,0,6
700,,4,1,6,3,3
700,,5,1,6,1,5
700,,0,1,6,1,5
700,,1,1,6,4,2
700,,2,1,6,5,1
700,,3,1,6,4,2
700,,4,1,6,6,0
700,,5,1,6,3,3
700,,0,1,6,3,3
700,,1,1,6,3,3
700,,2,1,6,1,5
700,,3,1,6,3,3
700,,4,1,6,3,3
700,,5,1,6,2,4
700,,0,1,6,6,0
700,,1,1,6,4,2
700,,2,1,6,5,1
700,,3,1,6,4,2
700,,4,1,6,5,1
700,,5,1,6,4,2
700,,0,1,6,0,6
700,,1,1,6,3,3
700,,2,1,6,3,3
700,,3,1,6,4,2
700,,4,1,6,4,2
700,,5,1,6,4,2
700,,0,1,6,3,3
700,,1,1,6,0,6
700,,2,1,6,3,3
700,,3,1,6,5,1
700,,4,1,6,4,2
700,,5,1,6,3,3
700,,0,1,6,3,3
700,,1,1,6,1,5
700,,2,1,6,4,2
700,,3,1,6,5,1
700,,4,1,6,4,2
700,,5,1,6,2,4
700,,0,1,6,3,3
700,,1,1,6,2,4
700,,2,1,6,4,2
700,,3,1,6,5,1
700,,4,1,6,5,1
700,,5,1,6,6,0
700,,0,1,6,2,4
700,,1,1,6,3,3
700,,2,1,6,4,2
700,,3,1,6,5,1
700,,4,1,6,5,1
700,,5,1,6,3,3
700,,0,1,6,1,5
700,,1,1,6,2,4
700,,2,1,6,5,1
700,,3,1,6,4,2
700,,4,1,6,2,4
700,,5,1,6,3,3
700,,0,1,6,1,5
700,,1,1,6,5,1
700,,2,1,6,2,4
700,,3,1,6,4,2
700,,4,1,6,4,2
700,,5,1,6,3,3
700,,0,1,6,3,3
700,,1,1,6,3,3
700,,2,1,6,3,3
700,,3,1,6,4,2
700,,4,1,6,2,4
700,,5,1,6,5,1
700,,0,1,6,2,4
700,,1,1,6,2,4
700,,2,1,6,4,2
700,,3,1,6,3,3
700,,4,1,6,3,3
700,,5,1,6,6,0
700,,0,1,6,2,4
700,,1,1,6,3,3
700,,2,1,6,5,1
700,,3,1,6,5,1
700,,4,1,6,6,0
700,,5,1,6,3,3
700,,0,1,6,1,5
700,,1,1,6,6,0
700,,2,1,6,4,2
700,,3,1,6,5,1
700,,4,1,6,4,2
700,,5,1,6,2,4
700,,0,1,6,1,5
700,,1,1,6,3,3
700,,2,1,6,3,3
700,,3,1,6,4,2
700,,4,1,6,6,0
700,,5,1,6,3,3
700,,0,1,6,1,5
700,,1,1,6,4,2
700,,2,1,6,5,1
700,,3,1,6,6,0
700,,4,1,6,4,2
700,,5,1,6,3,3
700,,0,1,6,1,5
700,,1,1,6,2,4
700,,2,1,6,4,2
700,,3,1,6,6,0
700,,4,1,6,1,5
700,,5,1,6,4,2
700,,0,1,6,0,6
700,,1,1,6,4,2
700,,2,1,6,6,0
700,,3,1,6,5,1
700,,4,1,6,3,3
700,,5,1,6,3,3
700,,0,1,6,3,3
700,,1,1,6,4,2
700,,2,1,6,6,0
700,,3,1,6,5,1
700,,4,1,6,4,2
700,,5,1,6,4,2
700,,0,1,6,0,6
700,,1,1,6,5,1
700,,2,1,6,6,0
700,,3,1,6,6,0
700,,4,1,6,6,0
700,,5,1,6,6,0
700,,0,1,6,1,5
700,,1,1,6,4,2
700,,2,1,6,6,0
700,,3,1,6,5,1
700,,4,1,6,2,4
700,,5,1,6,4,2
700,,0,1,6,2,4
700,,1,1,6,3,3
700,,2,1,6,3,3
700,,3,1,6,6,0
700,,4,1,6,4,2
700,,5,1,6,5,1
700,,0,1,6,0,6
700,,1,1,6,5,1
700,,2,1,6,4,2
700,,3,1,6,6,0
700,,4,1,6,4,2
700,,5,1,6,4,2
700,,0,1,6,1,5
700,,1,1,6,5,1
700,,2,1,6,4,2
700,,3,1,6,6,0
700,,4,1,6,5,1
700,,5,1,6,1,5
700,,0,1,6,0,6
700,,1,1,6,6,0
700,,2,1,6,5,1
700,,3,1,6,5,1
700,,4,1,6,4,2
700,,5,1,6,3,3
700,,0,1,6,1,5
700,,1,1,6,5,1
700,,2,1,6,5,1
700,,3,1,6,4,2
700,,4,1,6,4,2
700,,5,1,6,6,0
700,,0,1,6,0,6
700,,1,1,6,5,1
700,,2,1,6,1,5
700,,3,1,6,4,2
700,,4,1,6,1,5
700,,5,1,6,5,1
700,,0,1,6,0,6
700,,1,1,6,5,1
700,,2,1,6,2,4
700,,3,1,6,2,4
700,,4,1,6,4,2
700,,5,1,6,2,4
700,,0,1,6,3,3
700,,1,1,6,3,3
700,,2,1,6,2,4
700,,3,1,6,5,1
700,,4,1,6,4,2
700,,5,1,6,6,0
700,,0,1,6,1,5
700,,1,1,6,4,2
700,,2,1,6,4,2
700,,3,1,6,3,3
700,,4,1,6,1,5
700,,5,1,6,1,5
700,,0,1,6,4,2
700,,1,1,6,3,3
700,,2,1,6,2,4
700,,3,1,6,4,2
700,,4,1,6,2,4
700,,5,1,6,2,4
700,,0,1,6,2,4
700,,1,1,6,5,1
700,,2,1,6,2,4
700,,3,1,6,4,2
700,,4,1,6,1,5
700,,5,1,6,2,4
700,,0,1,6,1,5
700,,1,1,6,3,3
700,,2,1,6,4,2
700,,3,1,6,5,1
700,,4,1,6,3,3
700,,5,1,6,3,3
700,,0,1,6,0,6
700,,1,1,6,3,3
700,,2,1,6,1,5
700,,3,1,6,5,1
700,,4,1,6,1,5
700,,5,1,6,1,5
700,,0,1,6,2,4
700,,1,1,6,2,4
700,,2,1,6,1,5
700,,3,1,6,6,0
700,,4,1,6,1,5
700,,5,1,6,2,4
700,,0,1,6,1,5
700,,1,1,6,1,5
700,,2,1,6,2,4
700,,3,1,6,4,2
700,,4,1,6,0,6
700,,5,1,6,3,3
750,,0,1,6,1,5
750,,0,1,6,0,6
750,,0,1,6,0,6
750,,0,1,6,0,6
750,,0,1,6,1,5
750,,0,1,6,1,5
750,,0,1,6,0,6
750,,0,1,6,0,6
750,,0,1,6,0,6
750,,0,1,6,0,6
750,,0,1,6,2,4
750,,0,1,6,0,6
750,,0,1,6,1,5
750,,0,1,6,0,6
750,,0,1,6,1,5
750,,0,1,6,1,5
750,,0,1,6,1,5
750,,0,1,6,0,6
750,,0,1,6,1,5
750,,0,1,6,5,1
750,,0,1,6,0,6
750,,0,1,6,3,3
750,,0,1,6,3,3
750,,0,1,6,1,5
750,,0,1,6,4,2
750,,0,1,6,2,4
750,,0,1,6,3,3
750,,0,1,6,3,3
750,,0,1,6,4,2
750,,0,1,6,5,1
750,,0,1,6,5,1
750,,0,1,6,6,0
750,,0,1,6,5,1
750,,0,1,6,3,3
750,,0,1,6,2,4
750,,0,1,6,3,3
750,,0,1,6,3,3
750,,0,1,6,2,4
750,,0,1,6,0,6
750,,0,1,6,1,5
750,,0,1,6,6,0
750,,0,1,6,3,3
750,,0,1,6,0,6
750,,0,1,6,1,5
750,,0,1,6,1,5
750,,0,1,6,1,5
750,,0,1,6,2,4
750,,0,1,6,0,6
750,,0,1,6,0,6
750,,0,1,6,1,5
750,,0,1,6,0,6
750,,0,1,6,0,6
750,,0,1,6,4,2
750,,0,1,6,0,6
750,,0,1,6,0,6
750,,0,1,6,0,6
750,,0,1,6,1,5
750,,0,1,6,5,1
750,,0,1,6,0,6
800,,0,1,6,1,5
800,,0,1,6,0,6
800,,0,1,6,2,4
800,,0,1,6,1,5
800,,0,1,6,0,6
800,,0,1,6,1,5
800,,0,1,6,0,6
800,,0,1,6,0,6
800,,0,1,6,4,2
800,,0,1,6,2,4
800,,0,1,6,1,5
800,,0,1,6,2,4
800,,0,1,6,1,5
800,,0,1,6,1,5
800,,0,1,6,0,6
800,,0,1,6,1,5
800,,0,1,6,0,6
800,,0,1,6,0,6
800,,0,1,6,0,6
800,,0,1,6,1,5
800,,0,1,6,0,6
800,,0,1,6,1,5
800,,0,1,6,1,5
800,,0,1,6,1,5
800,,0,1,6,0,6
800,,0,1,6,1,5
800,,0,1,6,1,5
800,,0,1,6,0,6
800,,0,1,6,1,5
800,,0,1,6,2,4
800,,0,1,6,2,4
800,,0,1,6,1,5
800,,0,1,6,3,3
800,,0,1,6,1,5
800,,0,1,6,2,4
800,,0,1,6,1,5
800,,0,1,6,1,5
800,,0,1,6,1,5
800,,0,1,6,2,4
800,,0,1,6,2,4
800,,0,1,6,3,3
800,,0,1,6,0,6
800,,0,1,6,2,4
800,,0,1,6,2,4
800,,0,1,6,2,4
800,,0,1,6,0,6
800,,0,1,6,0,6
800,,0,1,6,1,5
800,,0,1,6,2,4
800,,0,1,6,0,6
800,,0,1,6,1,5
800,,0,1,6,0,6
800,,0,1,6,1,5
800,,0,1,6,0,6
800,,0,1,6,1,5
800,,0,1,6,0,6
800,,0,1,6,1,5
800,,0,1,6,2,4
800,,0,1,6,1,5
850,,0,1,6,0,6
850,,0,1,6,1,5
850,,0,1,6,1,5
850,,0,1,6,0,6
850,,0,1,6,1,5
850,,0,1,6,1,5
850,,0,1,6,0,6
850,,0,1,6,1,5
850,,0,1,6,0,6
850,,0,1,6,0,6
850,,0,1,6,0,6
850,,0,1,6,5,1
850,,0,1,6,0,6
850,,0,1,6,1,5
850,,0,1,6,0,6
850,,0,1,6,2,4
850,,0,1,6,0,6
850,,0,1,6,3,3
850,,0,1,6,1,5
850,,0,1,6,1,5
850,,0,1,6,2,4
850,,0,1,6,1,5
850,,0,1,6,5,1
850,,0,1,6,0,6
850,,0,1,6,3,3
850,,0,1,6,3,3
850,,0,1,6,4,2
850,,0,1,6,0,6
850,,0,1,6,0,6
850,,0,1,6,0,6
850,,0,1,6,1,5
850,,0,1,6,0,6
850,,0,1,6,0,6
850,,0,1,6,2,4
850,,0,1,6,0,6
850,,0,1,6,1,5
850,,0,1,6,0,6
850,,0,1,6,1,5
850,,0,1,6,0,6
850,,0,1,6,1,5
850,,0,1,6,1,5
850,,0,1,6,1,5
850,,0,1,6,1,5
850,,0,1,6,1,5
850,,0,1,6,2,4
850,,0,1,6,0,6
850,,0,1,6,1,5
850,,0,1,6,0,6
850,,0,1,6,1,5
850,,0,1,6,2,4
850,,0,1,6,0,6
850,,0,1,6,2,4
850,,0,1,6,0,6
850,,0,1,6,1,5
850,,0,1,6,2,4
850,,0,1,6,0,6
850,,0,1,6,1,5
850,,0,1,6,0,6
850,,0,1,6,2,4
900,,0,1,6,2,4
900,,0,1,6,1,5
900,,0,1,6,1,5
900,,0,1,6,1,5
900,,0,1,6,1,5
900,,0,1,6,1,5
900,,0,1,6,0,6
900,,0,1,6,0,6
900,,0,1,6,1,5
900,,0,1,6,1,5
900,,0,1,6,1,5
900,,0,1,6,0,6
900,,0,1,6,0,6
900,,0,1,6,0,6
900,,0,1,6,0,6
900,,0,1,6,2,4
900,,0,1,6,0,6
900,,0,1,6,1,5
900,,0,1,6,2,4
900,,0,1,6,1,5
900,,0,1,6,0,6
900,,0,1,6,0,6
900,,0,1,6,0,6
900,,0,1,6,2,4
900,,0,1,6,3,3
900,,0,1,6,1,5
900,,0,1,6,4,2
900,,0,1,6,3,3
900,,0,1,6,0,6
900,,0,1,6,1,5
900,,0,1,6,1,5
900,,0,1,6,2,4
900,,0,1,6,1,5
900,,0,1,6,1,5
900,,0,1,6,2,4
900,,0,1,6,1,5
900,,0,1,6,1,5
900,,0,1,6,1,5
900,,0,1,6,0,6
900,,0,1,6,0,6
900,,0,1,6,1,5
900,,0,1,6,1,5
900,,0,1,6,1,5
900,,0,1,6,0,6
900,,0,1,6,0,6
900,,0,1,6,0,6
900,,0,1,6,1,5
900,,0,1,6,1,5
900,,0,1,6,0,6
900,,0,1,6,1,5
900,,0,1,6,1,5
900,,0,1,6,1,5
900,,0,1,6,0,6
900,,0,1,6,0,6
900,,0,1,6,0,6
900,,0,1,6,0,6
900,,0,1,6,1,5
900,,0,1,6,0,6
900,,0,1,6,1,5
950,,0,1,6,3,3
950,,0,1,6,1,5
950,,0,1,6,0,6
950,,0,1,6,2,4
950,,0,1,6,0,6
950,,0,1,6,1,5
950,,0,1,6,2,4
950,,0,1,6,0,6
950,,0,1,6,0,6
950,,0,1,6,1,5
950,,0,1,6,0,6
950,,0,1,6,1,5
950,,0,1,6,0,6
950,,0,1,6,0,6
950,,0,1,6,1,5
950,,0,1,6,0,6
950,,0,1,6,0,6
950,,0,1,6,0,6
950,,0,1,6,2,4
950,,0,1,6,0,6
950,,0,1,6,0,6
950,,0,1,6,0,6
950,,0,1,6,0,6
950,,0,1,6,1,5
950,,0,1,6,1,5
950,,0,1,6,1,5
950,,0,1,6,1,5
950,,0,1,6,1,5
950,,0,1,6,1,5
950,,0,1,6,1,5
950,,0,1,6,1,5
950,,0,1,6,1,5
950,,0,1,6,1,5
950,,0,1,6,2,4
950,,0,1,6,2,4
950,,0,1,6,4,2
950,,0,1,6,2,4
950,,0,1,6,0,6
950,,0,1,6,1,5
950,,0,1,6,2,4
950,,0,1,6,1,5
950,,0,1,6,0,6
950,,0,1,6,4,2
950,,0,1,6,1,5
950,,0,1,6,1,5
950,,0,1,6,1,5
950,,0,1,6,1,5
950,,0,1,6,1,5
950,,0,1,6,2,4
950,,0,1,6,1,5
950,,0,1,6,4,2
950,,0,1,6,1,5
950,,0,1,6,0,6
950,,0,1,6,0,6
950,,0,1,6,0,6
950,,0,1,6,0,6
950,,0,1,6,1,5
950,,0,1,6,1,5
950,,0,1,6,0,6
1000,,0,1,6,1,5
1000,,0,1,6,1,5
1000,,0,1,6,1,5
1000,,0,1,6,2,4
1000,,0,1,6,0,6
1000,,0,1,6,2,4
1000,,0,1,6,3,3
1000,,0,1,6,1,5
1000,,0,1,6,1,5
1000,,0,1,6,6,0
1000,,0,1,6,1,5
1000,,0,1,6,0,6
1000,,0,1,6,1,5
1000,,0,1,6,1,5
1000,,0,1,6,0,6
1000,,0,1,6,1,5
1000,,0,1,6,0,6
1000,,0,1,6,1,5
1000,,0,1,6,1,5
1000,,0,1,6,0,6
1000,,0,1,6,0,6
1000,,0,1,6,0,6
1000,,0,1,6,2,4
1000,,0,1,6,0,6
1000,,0,1,6,0,6
1000,,0,1,6,0,6
1000,,0,1,6,0,6
1000,,0,1,6,0,6
1000,,0,1,6,0,6
1000,,0,1,6,1,5
1000,,0,1,6,1,5
1000,,0,1,6,1,5
1000,,0,1,6,1,5
1000,,0,1,6,2,4
1000,,0,1,6,0,6
1000,,0,1,6,1,5
1000,,0,1,6,2,4
1000,,0,1,6,1,5
1000,,0,1,6,0,6
1000,,0,1,6,1,5
1000,,0,1,6,0,6
1000,,0,1,6,1,5
1000,,0,1,6,0,6
1000,,0,1,6,0,6
1000,,0,1,6,1,5
1000,,0,1,6,1,5
1000,,0,1,6,0,6
1000,,0,1,6,1,5
1000,,0,1,6,1,5
1000,,0,1,6,0,6
1000,,0,1,6,1,5
1000,,0,1,6,1,5
1000,,0,1,6,1,5
1000,,0,1,6,0,6
1000,,0,1,6,2,4
1000,,0,1,6,0,6
1000,,0,1,6,1,5
1000,,0,1,6,1,5
1000,,0,1,6,0,6
1050,,0,1,6,1,5
1050,,0,1,6,1,5
1050,,0,1,6,0,6
1050,,0,1,6,2,4
1050,,0,1,6,0,6
1050,,0,1,6,1,5
1050,,0,1,6,2,4
1050,,0,1,6,1,5
1050,,0,1,6,0,6
1050,,0,1,6,1,5
1050,,0,1,6,0,6
1050,,0,1,6,0,6
1050,,0,1,6,0,6
1050,,0,1,6,0,6
1050,,0,1,6,0,6
1050,,0,1,6,1,5
1050,,0,1,6,0,6
1050,,0,1,6,0,6
1050,,0,1,6,2,4
1050,,0,1,6,0,6
1050,,0,1,6,1,5
1050,,0,1,6,0,6
1050,,0,1,6,0,6
1050,,0,1,6,0,6
1050,,0,1,6,1,5
1050,,0,1,6,0,6
1050,,0,1,6,0,6
1050,,0,1,6,1,5
1050,,0,1,6,1,5
1050,,0,1,6,1,5
1050,,0,1,6,1,5
1050,,0,1,6,1,5
1050,,0,1,6,0,6
1050,,0,1,6,2,4
1050,,0,1,6,2,4
1050,,0,1,6,0,6
1050,,0,1,6,2,4
1050,,0,1,6,0,6
1050,,0,1,6,1,5
1050,,0,1,6,1,5
1050,,0,1,6,1,5
1050,,0,1,6,1,5
1050,,0,1,6,1,5
1050,,0,1,6,1,5
1050,,0,1,6,2,4
1050,,0,1,6,1,5
1050,,0,1,6,1,5
1050,,0,1,6,1,5
1050,,0,1,6,0,6
1050,,0,1,6,2,4
1050,,0,1,6,1,5
1050,,0,1,6,1,5
1050,,0,1,6,0,6
1050,,0,1,6,3,3
1050,,0,1,6,1,5
1050,,0,1,6,0,6
1050,,0,1,6,0,6
1050,,0,1,6,2,4
1050,,0,1,6,0,6
1100,,0,1,6,3,3
1100,,0,1,6,1,5
1100,,0,1,6,0,6
1100,,0,1,6,2,4
1100,,0,1,6,0,6
1100,,0,1,6,1,5
1100,,0,1,6,2,4
1100,,0,1,6,1,5
1100,,0,1,6,0,6
1100,,0,1,6,1,5
1100,,0,1,6,1,5
1100,,0,1,6,0,6
1100,,0,1,6,0,6
1100,,0,1,6,0,6
1100,,0,1,6,0,6
1100,,0,1,6,1,5
1100,,0,1,6,0,6
1100,,0,1,6,0,6
1100,,0,1,6,1,5
1100,,0,1,6,1,5
1100,,0,1,6,1,5
1100,,0,1,6,0,6
1100,,0,1,6,1,5
1100,,0,1,6,0,6
1100,,0,1,6,1,5
1100,,0,1,6,0,6
1100,,0,1,6,0,6
1100,,0,1,6,1,5
1100,,0,1,6,1,5
1100,,0,1,6,1,5
1100,,0,1,6,1,5
1100,,0,1,6,1,5
1100,,0,1,6,0,6
1100,,0,1,6,1,5
1100,,0,1,6,0,6
1100,,0,1,6,0,6
1100,,0,1,6,1,5
1100,,0,1,6,0,6
1100,,0,1,6,0,6
1100,,0,1,6,0,6
1100,,0,1,6,1,5
1100,,0,1,6,0,6
1100,,0,1,6,1,5
1100,,0,1,6,1,5
1100,,0,1,6,0,6
1100,,0,1,6,1,5
1100,,0,1,6,2,4
1100,,0,1,6,0,6
1100,,0,1,6,1,5
1100,,0,1,6,2,4
1100,,0,1,6,1,5
1100,,0,1,6,2,4
1100,,0,1,6,1,5
1100,,0,1,6,1,5
1100,,0,1,6,0,6
1100,,0,1,6,0,6
1100,,0,1,6,1,5
1100,,0,1,6,2,4
1100,,0,1,6,1,5
1150,,0,1,6,1,5
1150,,0,1,6,1,5
1150,,0,1,6,1,5
1150,,0,1,6,2,4
1150,,0,1,6,1,5
1150,,0,1,6,2,4
1150,,0,1,6,1,5
1150,,0,1,6,1,5
1150,,0,1,6,1,5
1150,,0,1,6,5,1
1150,,0,1,6,2,4
1150,,0,1,6,1,5
1150,,0,1,6,1,5
1150,,0,1,6,1,5
1150,,0,1,6,0,6
1150,,0,1,6,0,6
1150,,0,1,6,1,5
1150,,0,1,6,1,5
1150,,0,1,6,1,5
1150,,0,1,6,1,5
1150,,0,1,6,0,6
1150,,0,1,6,1,5
1150,,0,1,6,1,5
1150,,0,1,6,0,6
1150,,0,1,6,0,6
1150,,0,1,6,0,6
1150,,0,1,6,0,6
1150,,0,1,6,0,6
1150,,0,1,6,0,6
1150,,0,1,6,2,4
1150,,0,1,6,0,6
1150,,0,1,6,0,6
1150,,0,1,6,0,6
1150,,0,1,6,1,5
1150,,0,1,6,0,6
1150,,0,1,6,0,6
1150,,0,1,6,1,5
1150,,0,1,6,1,5
1150,,0,1,6,1,5
1150,,0,1,6,1,5
1150,,0,1,6,1,5
1150,,0,1,6,1,5
1150,,0,1,6,1,5
1150,,0,1,6,1,5
1150,,0,1,6,0,6
1150,,0,1,6,1,5
1150,,0,1,6,2,4
1150,,0,1,6,1,5
1150,,0,1,6,1,5
1150,,0,1,6,0,6
1150,,0,1,6,0,6
1150,,0,1,6,1,5
1150,,0,1,6,0,6
1150,,0,1,6,1,5
1150,,0,1,6,0,6
1150,,0,1,6,0,6
1150,,0,1,6,1,5
1150,,0,1,6,0,6
1150,,0,1,6,1,5
1200,,0,1,6,2,4
1200,,0,1,6,0,6
1200,,0,1,6,1,5
1200,,0,1,6,0,6
1200,,0,1,6,2,4
1200,,0,1,6,0,6
1200,,0,1,6,1,5
1200,,0,1,6,2,4
1200,,0,1,6,0,6
1200,,0,1,6,3,3
1200,,0,1,6,1,5
1200,,0,1,6,1,5
1200,,0,1,6,2,4
1200,,0,1,6,0,6
1200,,0,1,6,0,6
1200,,0,1,6,0,6
1200,,0,1,6,1,5
1200,,0,1,6,1,5
1200,,0,1,6,0,6
1200,,0,1,6,0,6
1200,,0,1,6,1,5
1200,,0,1,6,1,5
1200,,0,1,6,2,4
1200,,0,1,6,0,6
1200,,0,1,6,1,5
1200,,0,1,6,1,5
1200,,0,1,6,1,5
1200,,0,1,6,0,6
1200,,0,1,6,2,4
1200,,0,1,6,1,5
1200,,0,1,6,2,4
1200,,0,1,6,2,4
1200,,0,1,6,3,3
1200,,0,1,6,4,2
1200,,0,1,6,3,3
1200,,0,1,6,5,1
1200,,0,1,6,2,4
1200,,0,1,6,3,3
1200,,0,1,6,4,2
1200,,0,1,6,5,1
1200,,0,1,6,2,4
1200,,0,1,6,5,1
1200,,0,1,6,2,4
1200,,0,1,6,2,4
1200,,0,1,6,0,6
1200,,0,1,6,0,6
1200,,0,1,6,1,5
1200,,0,1,6,1,5
1200,,0,1,6,1,5
1200,,0,1,6,0,6
1200,,0,1,6,1,5
1200,,0,1,6,0,6
1200,,0,1,6,3,3
1200,,0,1,6,0,6
1200,,0,1,6,2,4
1200,,0,1,6,2,4
1200,,0,1,6,0,6
1200,,0,1,6,1,5
1200,,0,1,6,3,3
1250,,0,1,6,0,6
1250,,0,1,6,2,4
1250,,0,1,6,2,4
1250,,0,1,6,2,4
1250,,0,1,6,4,2
1250,,0,1,6,4,2
1250,,0,1,6,3,3
1250,,0,1,6,1,5
1250,,0,1,6,0,6
1250,,0,1,6,1,5
1250,,0,1,6,2,4
1250,,0,1,6,1,5
1250,,0,1,6,1,5
1250,,0,1,6,0,6
1250,,0,1,6,1,5
1250,,0,1,6,0,6
1250,,0,1,6,1,5
1250,,0,1,6,0,6
1250,,0,1,6,1,5
1250,,0,1,6,1,5
1250,,0,1,6,1,5
1250,,0,1,6,0,6
1250,,0,1,6,1,5
1250,,0,1,6,1,5
1250,,0,1,6,1,5
1250,,0,1,6,1,5
1250,,0,1,6,2,4
1250,,0,1,6,0,6
1250,,0,1,6,0,6
1250,,0,1,6,1,5
1250,,0,1,6,2,4
1250,,0,1,6,1,5
1250,,0,1,6,1,5
1250,,0,1,6,0,6
1250,,0,1,6,1,5
1250,,0,1,6,0,6
1250,,0,1,6,0,6
1250,,0,1,6,1,5
1250,,0,1,6,1,5
1250,,0,1,6,0,6
1250,,0,1,6,0,6
1250,,0,1,6,1,5
1250,,0,1,6,2,4
1250,,0,1,6,0,6
1250,,0,1,6,1,5
1250,,0,1,6,1,5
1250,,0,1,6,1,5
1250,,0,1,6,2,4
1250,,0,1,6,1,5
1250,,0,1,6,1,5
1250,,0,1,6,1,5
1250,,0,1,6,1,5
1250,,0,1,6,1,5
1250,,0,1,6,0,6
1250,,0,1,6,1,5
1250,,0,1,6,1,5
1250,,0,1,6,2,4
1250,,0,1,6,0,6
1250,,0,1,6,0,6
1300,,0,1,6,2,4
1300,,0,1,6,0,6
1300,,0,1,6,1,5
1300,,0,1,6,0,6
1300,,0,1,6,2,4
1300,,0,1,6,0,6
1300,,0,1,6,1,5
1300,,0,1,6,2,4
1300,,0,1,6,0,6
1300,,0,1,6,1,5
1300,,0,1,6,1,5
1300,,0,1,6,0,6
1300,,0,1,6,2,4
1300,,0,1,6,0,6
1300,,0,1,6,1,5
1300,,0,1,6,0,6
1300,,0,1,6,1,5
1300,,0,1,6,1,5
1300,,0,1,6,1,5
1300,,0,1,6,0,6
1300,,0,1,6,1,5
1300,,0,1,6,1,5
1300,,0,1,6,0,6
1300,,0,1,6,1,5
1300,,0,1,6,1,5
1300,,0,1,6,0,6
1300,,0,1,6,3,3
1300,,0,1,6,2,4
1300,,0,1,6,3,3
1300,,0,1,6,0,6
1300,,0,1,6,0,6
1300,,0,1,6,1,5
1300,,0,1,6,0,6
1300,,0,1,6,1,5
1300,,0,1,6,0,6
1300,,0,1,6,0,6
1300,,0,1,6,1,5
1300,,0,1,6,1,5
1300,,0,1,6,0,6
1300,,0,1,6,1,5
1300,,0,1,6,1,5
1300,,0,1,6,2,4
1300,,0,1,6,1,5
1300,,0,1,6,1,5
1300,,0,1,6,1,5
1300,,0,1,6,0,6
1300,,0,1,6,0,6
1300,,0,1,6,0,6
1300,,0,1,6,0,6
1300,,0,1,6,1,5
1300,,0,1,6,0,6
1300,,0,1,6,0,6
1300,,0,1,6,2,4
1300,,0,1,6,1,5
1300,,0,1,6,1,5
1300,,0,1,6,4,2
1300,,0,1,6,0,6
1300,,0,1,6,1,5
1300,,0,1,6,1,5
1350,,0,1,6,1,5
1350,,0,1,6,0,6
1350,,0,1,6,0,6
1350,,0,1,6,0,6
1350,,0,1,6,1,5
1350,,0,1,6,0,6
1350,,0,1,6,1,5
1350,,0,1,6,0,6
1350,,0,1,6,1,5
1350,,0,1,6,1,5
1350,,0,1,6,1,5
1350,,0,1,6,0,6
1350,,0,1,6,2,4
1350,,0,1,6,0,6
1350,,0,1,6,1,5
1350,,0,1,6,1,5
1350,,0,1,6,1,5
1350,,0,1,6,1,5
1350,,0,1,6,1,5
1350,,0,1,6,0,6
1350,,0,1,6,1,5
1350,,0,1,6,1,5
1350,,0,1,6,0,6
1350,,0,1,6,0,6
1350,,0,1,6,1,5
1350,,0,1,6,0,6
1350,,0,1,6,2,4
1350,,0,1,6,0,6
1350,,0,1,6,1,5
1350,,0,1,6,2,4
1350,,0,1,6,1,5
1350,,0,1,6,1,5
1350,,0,1,6,5,1
1350,,0,1,6,3,3
1350,,0,1,6,1,5
1350,,0,1,6,2,4
1350,,0,1,6,6,0
1350,,0,1,6,3,3
1350,,0,1,6,3,3
1350,,0,1,6,1,5
1350,,0,1,6,0,6
1350,,0,1,6,2,4
1350,,0,1,6,1,5
1350,,0,1,6,1,5
1350,,0,1,6,5,1
1350,,0,1,6,1,5
1350,,0,1,6,1,5
1350,,0,1,6,0,6
1350,,0,1,6,0,6
1350,,0,1,6,0,6
1350,,0,1,6,0,6
1350,,0,1,6,0,6
1350,,0,1,6,2,4
1350,,0,1,6,0,6
1350,,0,1,6,0,6
1350,,0,1,6,4,2
1350,,0,1,6,0,6
1350,,0,1,6,1,5
1350,,0,1,6,3,3
1400,,0,1,6,1,5
1400,,0,1,6,2,4
1400,,0,1,6,2,4
1400,,0,1,6,3,3
1400,,0,1,6,3,3
1400,,0,1,6,3,3
1400,,0,1,6,3,3
1400,,0,1,6,1,5
1400,,0,1,6,1,5
1400,,0,1,6,1,5
1400,,0,1,6,2,4
1400,,0,1,6,1,5
1400,,0,1,6,1,5
1400,,0,1,6,1,5
1400,,0,1,6,1,5
1400,,0,1,6,1,5
1400,,0,1,6,1,5
1400,,0,1,6,0,6
1400,,0,1,6,0,6
1400,,0,1,6,1,5
1400,,0,1,6,0,6
1400,,0,1,6,1,5
1400,,0,1,6,0,6
1400,,0,1,6,1,5
1400,,0,1,6,0,6
1400,,0,1,6,1,5
1400,,0,1,6,1,5
1400,,0,1,6,1,5
1400,,0,1,6,0,6
1400,,0,1,6,1,5
1400,,0,1,6,2,4
1400,,0,1,6,1,5
1400,,0,1,6,2,4
1400,,0,1,6,0,6
1400,,0,1,6,0,6
1400,,0,1,6,0,6
1400,,0,1,6,1,5
1400,,0,1,6,0,6
1400,,0,1,6,2,4
1400,,0,1,6,0,6
1400,,0,1,6,0,6
1400,,0,1,6,0,6
1400,,0,1,6,1,5
1400,,0,1,6,1,5
1400,,0,1,6,0,6
1400,,0,1,6,1,5
1400,,0,1,6,0,6
1400,,0,1,6,0,6
1400,,0,1,6,1,5
1400,,0,1,6,1,5
1400,,0,1,6,1,5
1400,,0,1,6,1,5
1400,,0,1,6,0,6
1400,,0,1,6,0,6
1400,,0,1,6,0,6
1400,,0,1,6,0,6
1400,,0,1,6,2,4
1400,,0,1,6,1,5
1400,,0,1,6,0,6
1450,,0,1,6,0,6
1450,,0,1,6,0,6
1450,,0,1,6,0,6
1450,,0,1,6,0,6
1450,,0,1,6,0,6
1450,,0,1,6,1,5
1450,,0,1,6,0,6
1450,,0,1,6,0,6
1450,,0,1,6,1,5
1450,,0,1,6,0,6
1450,,0,1,6,1,5
1450,,0,1,6,0,6
1450,,0,1,6,1,5
1450,,0,1,6,0,6
1450,,0,1,6,0,6
1450,,0,1,6,0,6
1450,,0,1,6,1,5
1450,,0,1,6,0,6
1450,,0,1,6,1,5
1450,,0,1,6,2,4
1450,,0,1,6,0,6
1450,,0,1,6,1,5
1450,,0,1,6,0,6
1450,,0,1,6,1,5
1450,,0,1,6,0,6
1450,,0,1,6,1,5
1450,,0,1,6,0,6
1450,,0,1,6,0,6
1450,,0,1,6,0,6
1450,,0,1,6,0,6
1450,,0,1,6,1,5
1450,,0,1,6,2,4
1450,,0,1,6,0,6
1450,,0,1,6,0,6
1450,,0,1,6,0,6
1450,,0,1,6,0,6
1450,,0,1,6,0,6
1450,,0,1,6,2,4
1450,,0,1,6,0,6
1450,,0,1,6,1,5
1450,,0,1,6,0,6
1450,,0,1,6,1,5
1450,,0,1,6,1,5
1450,,0,1,6,1,5
1450,,0,1,6,2,4
1450,,0,1,6,0,6
1450,,0,1,6,1,5
1450,,0,1,6,2,4
1450,,0,1,6,1,5
1450,,0,1,6,0,6
1450,,0,1,6,0,6
1450,,0,1,6,0,6
1450,,0,1,6,2,4
1450,,0,1,6,0,6
1450,,0,1,6,2,4
1450,,0,1,6,2,4
1450,,0,1,6,1,5
1450,,0,1,6,0,6
1450,,0,1,6,1,5
1500,,0,1,6,2,4
1500,,0,1,6,0,6
1500,,0,1,6,1,5
1500,,0,1,6,0,6
1500,,0,1,6,2,4
1500,,0,1,6,1,5
1500,,0,1,6,1,5
1500,,0,1,6,0,6
1500,,0,1,6,2,4
1500,,0,1,6,0,6
1500,,0,1,6,3,3
1500,,0,1,6,0,6
1500,,0,1,6,0,6
1500,,0,1,6,1,5
1500,,0,1,6,1,5
1500,,0,1,6,1,5
1500,,0,1,6,1,5
1500,,0,1,6,0,6
1500,,0,1,6,0,6
1500,,0,1,6,1,5
1500,,0,1,6,0,6
1500,,0,1,6,1,5
1500,,0,1,6,1,5
1500,,0,1,6,3,3
1500,,0,1,6,1,5
1500,,0,1,6,6,0
1500,,0,1,6,1,5
1500,,0,1,6,5,1
1500,,0,1,6,4,2
1500,,0,1,6,4,2
1500,,0,1,6,4,2
1500,,0,1,6,5,1
1500,,0,1,6,5,1
1500,,0,1,6,5,1
1500,,0,1,6,5,1
1500,,0,1,6,2,4
1500,,0,1,6,4,2
1500,,0,1,6,4,2
1500,,0,1,6,6,0
1500,,0,1,6,2,4
1500,,0,1,6,4,2
1500,,0,1,6,6,0
1500,,0,1,6,3,3
1500,,0,1,6,3,3
1500,,0,1,6,2,4
1500,,0,1,6,3,3
1500,,0,1,6,5,1
1500,,0,1,6,5,1
1500,,0,1,6,4,2
1500,,0,1,6,4,2
1500,,0,1,6,4,2
1500,,0,1,6,6,0
1500,,0,1,6,3,3
1500,,0,1,6,5,1
1500,,0,1,6,4,2
1500,,0,1,6,3,3
1500,,0,1,6,0,6
1500,,0,1,6,6,0
1500,,0,1,6,2,4
50,,0,1,6,1,5
50,,1,1,6,2,4
50,,2,1,6,1,5
50,,3,1,6,2,4
50,,4,1,6,2,4
50,,5,1,6,1,5
50,,6,1,6,1,5
50,,7,1,6,3,3
50,,8,1,6,0,6
50,,9,1,6,0,6
50,,10,1,6,2,4
50,,11,1,6,0,6
50,,12,1,6,2,4
50,,13,1,6,3,3
50,,14,1,6,1,5
50,,15,1,6,1,5
50,,0,1,6,0,6
50,,1,1,6,3,3
50,,2,1,6,1,5
50,,3,1,6,3,3
50,,4,1,6,4,2
50,,5,1,6,3,3
50,,6,1,6,1,5
50,,7,1,6,1,5
50,,8,1,6,4,2
50,,9,1,6,0,6
50,,10,1,6,3,3
50,,11,1,6,1,5
50,,12,1,6,0,6
50,,13,1,6,1,5
50,,14,1,6,6,0
50,,15,1,6,2,4
50,,0,1,6,3,3
50,,1,1,6,0,6
50,,2,1,6,4,2
50,,3,1,6,4,2
50,,4,1,6,0,6
50,,5,1,6,1,5
50,,6,1,6,2,4
50,,7,1,6,1,5
50,,8,1,6,1,5
50,,9,1,6,1,5
50,,10,1,6,6,0
50,,11,1,6,2,4
50,,12,1,6,1,5
50,,13,1,6,1,5
50,,14,1,6,5,1
50,,15,1,6,3,3
50,,0,1,6,2,4
50,,1,1,6,2,4
50,,2,1,6,3,3
50,,3,1,6,4,2
50,,4,1,6,0,6
50,,5,1,6,1,5
50,,6,1,6,1,5
50,,7,1,6,4,2
50,,8,1,6,1,5
50,,9,1,6,1,5
50,,10,1,6,4,2
50,,11,1,6,1,5
50,,12,1,6,3,3
50,,13,1,6,0,6
50,,14,1,6,3,3
50,,15,1,6,0,6
50,,0,1,6,4,2
50,,1,1,6,1,5
50,,2,1,6,4,2
50,,3,1,6,6,0
50,,4,1,6,2,4
50,,5,1,6,2,4
50,,6,1,6,1,5
50,,7,1,6,1,5
50,,8,1,6,1,5
50,,9,1,6,1,5
50,,10,1,6,1,5
50,,11,1,6,0,6
50,,12,1,6,3,3
50,,13,1,6,1,5
50,,14,1,6,3,3
50,,15,1,6,5,1
50,,0,1,6,3,3
50,,1,1,6,4,2
50,,2,1,6,3,3
50,,3,1,6,5,1
50,,4,1,6,0,6
50,,5,1,6,1,5
50,,6,1,6,1,5
50,,7,1,6,0,6
50,,8,1,6,4,2
50,,9,1,6,1,5
50,,10,1,6,6,0
50,,11,1,6,1,5
50,,12,1,6,1,5
50,,13,1,6,1,5
50,,14,1,6,3,3
50,,15,1,6,5,1
50,,0,1,6,1,5
50,,1,1,6,2,4
50,,2,1,6,3,3
50,,3,1,6,5,1
50,,4,1,6,1,5
50,,5,1,6,1,5
50,,6,1,6,5,1
50,,7,1,6,1,5
50,,8,1,6,2,4
50,,9,1,6,3,3
50,,10,1,6,3,3
50,,11,1,6,3,3
50,,12,1,6,1,5
50,,13,1,6,2,4
50,,14,1,6,5,1
50,,15,1,6,5,1
50,,0,1,6,1,5
50,,1,1,6,4,2
50,,2,1,6,2,4
50,,3,1,6,3,3
50,,4,1,6,1,5
50,,5,1,6,0,6
50,,6,1,6,6,0
50,,7,1,6,1,5
50,,8,1,6,4,2
50,,9,1,6,3,3
50,,10,1,6,5,1
50,,11,1,6,3,3
50,,12,1,6,1,5
50,,13,1,6,1,5
50,,14,1,6,4,2
50,,15,1,6,2,4
50,,0,1,6,2,4
50,,1,1,6,0,6
50,,2,1,6,2,4
50,,3,1,6,5,1
50,,4,1,6,0,6
50,,5,1,6,4,2
50,,6,1,6,3,3
50,,7,1,6,1,5
50,,8,1,6,2,4
50,,9,1,6,2,4
50,,10,1,6,5,1
50,,11,1,6,4,2
50,,12,1,6,1,5
50,,13,1,6,2,4
50,,14,1,6,5,1
50,,15,1,6,4,2
50,,0,1,6,3,3
50,,1,1,6,1,5
50,,2,1,6,3,3
50,,3,1,6,3,3
50,,4,1,6,2,4
50,,5,1,6,3,3
50,,6,1,6,3,3
50,,7,1,6,0,6
50,,8,1,6,5,1
50,,9,1,6,2,4
50,,10,1,6,2,4
50,,11,1,6,0,6
50,,12,1,6,0,6
50,,13,1,6,1,5
50,,14,1,6,6,0
50,,15,1,6,5,1
50,,0,1,6,1,5
50,,1,1,6,1,5
50,,2,1,6,1,5
50,,3,1,6,5,1
50,,4,1,6,2,4
50,,5,1,6,0,6
50,,6,1,6,3,3
50,,7,1,6,2,4
50,,8,1,6,3,3
50,,9,1,6,3,3
50,,10,1,6,5,1
50,,11,1,6,1,5
50,,12,1,6,4,2
50,,13,1,6,4,2
50,,14,1,6,3,3
50,,15,1,6,4,2
50,,0,1,6,1,5
50,,1,1,6,2,4
50,,2,1,6,0,6
50,,3,1,6,4,2
50,,4,1,6,2,4
50,,5,1,6,0,6
50,,6,1,6,1,5
50,,7,1,6,1,5
50,,8,1,6,4,2
50,,9,1,6,1,5
50,,10,1,6,6,0
50,,11,1,6,1,5
50,,12,1,6,5,1
50,,13,1,6,1,5
50,,14,1,6,3,3
50,,15,1,6,4,2
50,,0,1,6,2,4
50,,1,1,6,2,4
50,,2,1,6,0,6
50,,3,1,6,5,1
50,,4,1,6,2,4
50,,5,1,6,4,2
50,,6,1,6,0,6
50,,7,1,6,2,4
50,,8,1,6,6,0
50,,9,1,6,2,4
50,,10,1,6,6,0
50,,11,1,6,0,6
50,,12,1,6,0,6
50,,13,1,6,2,4
50,,14,1,6,2,4
50,,15,1,6,5,1
50,,0,1,6,3,3
50,,1,1,6,2,4
50,,2,1,6,0,6
50,,3,1,6,5,1
50,,4,1,6,3,3
50,,5,1,6,1,5
50,,6,1,6,4,2
50,,7,1,6,3,3
50,,8,1,6,5,1
50,,9,1,6,2,4
50,,10,1,6,5,1
50,,11,1,6,0,6
50,,12,1,6,0,6
50,,13,1,6,1,5
50,,14,1,6,4,2
50,,15,1,6,5,1
50,,0,1,6,1,5
50,,1,1,6,3,3
50,,2,1,6,0,6
50,,3,1,6,5,1
50,,4,1,6,1,5
50,,5,1,6,0,6
50,,6,1,6,2,4
50,,7,1,6,2,4
50,,8,1,6,1,5
50,,9,1,6,3,3
50,,10,1,6,3,3
50,,11,1,6,0,6
50,,12,1,6,1,5
50,,13,1,6,2,4
50,,14,1,6,5,1
50,,15,1,6,3,3
50,,0,1,6,2,4
50,,1,1,6,5,1
50,,2,1,6,5,1
50,,3,1,6,4,2
50,,4,1,6,3,3
50,,5,1,6,2,4
50,,6,1,6,1,5
50,,7,1,6,2,4
50,,8,1,6,4,2
50,,9,1,6,0,6
50,,10,1,6,5,1
50,,11,1,6,2,4
50,,12,1,6,4,2
50,,13,1,6,4,2
50,,14,1,6,6,0
50,,15,1,6,4,2
50,,0,1,6,2,4
50,,1,1,6,3,3
50,,2,1,6,2,4
50,,3,1,6,5,1
50,,4,1,6,2,4
50,,5,1,6,1,5
50,,6,1,6,4,2
50,,7,1,6,2,4
50,,8,1,6,6,0
50,,9,1,6,1,5
50,,10,1,6,5,1
50,,11,1,6,1,5
50,,12,1,6,2,4
50,,13,1,6,3,3
50,,14,1,6,4,2
50,,15,1,6,4,2
50,,0,1,6,1,5
50,,1,1,6,4,2
50,,2,1,6,6,0
50,,3,1,6,5,1
50,,4,1,6,5,1
50,,5,1,6,3,3
50,,6,1,6,2,4
50,,7,1,6,3,3
50,,8,1,6,1,5
50,,9,1,6,0,6
50,,10,1,6,4,2
50,,11,1,6,3,3
50,,12,1,6,5,1
50,,13,1,6,3,3
50,,14,1,6,4,2
50,,15,1,6,3,3
50,,0,1,6,1,5
50,,1,1,6,2,4
50,,2,1,6,4,2
50,,3,1,6,4,2
50,,4,1,6,5,1
50,,5,1,6,5,1
50,,6,1,6,3,3
50,,7,1,6,4,2
50,,8,1,6,5,1
50,,9,1,6,3,3
50,,10,1,6,5,1
50,,11,1,6,0,6
50,,12,1,6,5,1
50,,13,1,6,4,2
50,,14,1,6,4,2
50,,15,1,6,5,1
50,,0,1,6,2,4
50,,1,1,6,4,2
50,,2,1,6,5,1
50,,3,1,6,6,0
50,,4,1,6,1,5
50,,5,1,6,5,1
50,,6,1,6,2,4
50,,7,1,6,1,5
50,,8,1,6,5,1
50,,9,1,6,1,5
50,,10,1,6,5,1
50,,11,1,6,1,5
50,,12,1,6,3,3
50,,13,1,6,6,0
50,,14,1,6,5,1
50,,15,1,6,6,0
50,,0,1,6,1,5
50,,1,1,6,3,3
50,,2,1,6,1,5
50,,3,1,6,4,2
50,,4,1,6,5,1
50,,5,1,6,3,3
50,,6,1,6,1,5
50,,7,1,6,1,5
50,,8,1,6,4,2
50,,9,1,6,2,4
50,,10,1,6,4,2
50,,11,1,6,2,4
50,,12,1,6,5,1
50,,13,1,6,2,4
50,,14,1,6,5,1
50,,15,1,6,4,2
50,,0,1,6,3,3
50,,1,1,6,2,4
50,,2,1,6,6,0
50,,3,1,6,6,0
50,,4,1,6,4,2
50,,5,1,6,3,3
50,,6,1,6,5,1
50,,7,1,6,4,2
50,,8,1,6,3,3
50,,9,1,6,3,3
50,,10,1,6,5,1
50,,11,1,6,6,0
50,,12,1,6,4,2
50,,13,1,6,5,1
50,,14,1,6,6,0
50,,15,1,6,5,1
50,,0,1,6,2,4
50,,1,1,6,2,4
50,,2,1,6,6,0
50,,3,1,6,6,0
50,,4,1,6,4,2
50,,5,1,6,4,2
50,,6,1,6,3,3
50,,7,1,6,3,3
50,,8,1,6,3,3
50,,9,1,6,5,1
50,,10,1,6,6,0
50,,11,1,6,3,3
50,,12,1,6,4,2
50,,13,1,6,1,5
50,,14,1,6,5,1
50,,15,1,6,6,0
50,,0,1,6,4,2
50,,1,1,6,4,2
50,,2,1,6,6,0
50,,3,1,6,5,1
50,,4,1,6,3,3
50,,5,1,6,3,3
50,,6,1,6,2,4
50,,7,1,6,3,3
50,,8,1,6,6,0
50,,9,1,6,3,3
50,,10,1,6,6,0
50,,11,1,6,3,3
50,,12,1,6,3,3
50,,13,1,6,4,2
50,,14,1,6,4,2
50,,15,1,6,3,3
50,,0,1,6,4,2
50,,1,1,6,6,0
50,,2,1,6,6,0
50,,3,1,6,5,1
50,,4,1,6,4,2
50,,5,1,6,3,3
50,,6,1,6,4,2
50,,7,1,6,3,3
50,,8,1,6,3,3
50,,9,1,6,1,5
50,,10,1,6,6,0
50,,11,1,6,6,0
50,,12,1,6,4,2
50,,13,1,6,6,0
50,,14,1,6,5,1
50,,15,1,6,6,0
50,,0,1,6,5,1
50,,1,1,6,1,5
50,,2,1,6,6,0
50,,3,1,6,5,1
50,,4,1,6,4,2
50,,5,1,6,4,2
50,,6,1,6,5,1
50,,7,1,6,5,1
50,,8,1,6,4,2
50,,9,1,6,6,0
50,,10,1,6,5,1
50,,11,1,6,6,0
50,,12,1,6,5,1
50,,13,1,6,4,2
50,,14,1,6,4,2
50,,15,1,6,4,2
50,,0,1,6,6,0
50,,1,1,6,4,2
50,,2,1,6,6,0
50,,3,1,6,4,2
50,,4,1,6,3,3
50,,5,1,6,3,3
50,,6,1,6,4,2
50,,7,1,6,5,1
50,,8,1,6,3,3
50,,9,1,6,5,1
50,,10,1,6,5,1
50,,11,1,6,4,2
50,,12,1,6,5,1
50,,13,1,6,4,2
50,,14,1,6,3,3
50,,15,1,6,5,1
50,,0,1,6,6,0
50,,1,1,6,5,1
50,,2,1,6,5,1
50,,3,1,6,3,3
50,,4,1,6,5,1
50,,5,1,6,4,2
50,,6,1,6,3,3
50,,7,1,6,6,0
50,,8,1,6,4,2
50,,9,1,6,6,0
50,,10,1,6,4,2
50,,11,1,6,4,2
50,,12,1,6,5,1
50,,13,1,6,4,2
50,,14,1,6,3,3
50,,15,1,6,5,1
50,,0,1,6,6,0
50,,1,1,6,6,0
50,,2,1,6,6,0
50,,3,1,6,6,0
50,,4,1,6,5,1
50,,5,1,6,4,2
50,,6,1,6,4,2
50,,7,1,6,4,2
50,,8,1,6,4,2
50,,9,1,6,4,2
50,,10,1,6,5,1
50,,11,1,6,6,0
50,,12,1,6,5,1
50,,13,1,6,6,0
50,,14,1,6,6,0
50,,15,1,6,5,1
50,,0,1,6,6,0
50,,1,1,6,6,0
50,,2,1,6,6,0
50,,3,1,6,3,3
50,,4,1,6,1,5
50,,5,1,6,4,2
50,,6,1,6,4,2
50,,7,1,6,4,2
50,,8,1,6,4,2
50,,9,1,6,6,0
50,,10,1,6,5,1
50,,11,1,6,3,3
50,,12,1,6,4,2
50,,13,1,6,5,1
50,,14,1,6,4,2
50,,15,1,6,5,1
50,,0,1,6,6,0
50,,1,1,6,5,1
50,,2,1,6,5,1
50,,3,1,6,4,2
50,,4,1,6,1,5
50,,5,1,6,5,1
50,,6,1,6,5,1
50,,7,1,6,3,3
50,,8,1,6,2,4
50,,9,1,6,6,0
50,,10,1,6,4,2
50,,11,1,6,4,2
50,,12,1,6,5,1
50,,13,1,6,4,2
50,,14,1,6,6,0
50,,15,1,6,4,2
50,,0,1,6,3,3
50,,1,1,6,4,2
50,,2,1,6,2,4
50,,3,1,6,3,3
50,,4,1,6,2,4
50,,5,1,6,5,1
50,,6,1,6,2,4
50,,7,1,6,6,0
50,,8,1,6,4,2
50,,9,1,6,6,0
50,,10,1,6,5,1
50,,11,1,6,6,0
50,,12,1,6,5,1
50,,13,1,6,4,2
50,,14,1,6,5,1
50,,15,1,6,5,1
50,,0,1,6,5,1
50,,1,1,6,5,1
50,,2,1,6,6,0
50,,3,1,6,6,0
50,,4,1,6,2,4
50,,5,1,6,4,2
50,,6,1,6,4,2
50,,7,1,6,5,1
50,,8,1,6,5,1
50,,9,1,6,4,2
50,,10,1,6,6,0
50,,11,1,6,5,1
50,,12,1,6,4,2
50,,13,1,6,5,1
50,,14,1,6,5,1
50,,15,1,6,5,1
50,,0,1,6,4,2
50,,1,1,6,5,1
50,,2,1,6,4,2
50,,3,1,6,6,0
50,,4,1,6,4,2
50,,5,1,6,5,1
50,,6,1,6,4,2
50,,7,1,6,5,1
50,,8,1,6,5,1
50,,9,1,6,5,1
50,,10,1,6,5,1
50,,11,1,6,5,1
50,,12,1,6,5,1
50,,13,1,6,5,1
50,,14,1,6,2,4
50,,15,1,6,5,1
50,,0,1,6,5,1
50,,1,1,6,4,2
50,,2,1,6,5,1
50,,3,1,6,4,2
50,,4,1,6,4,2
50,,5,1,6,5,1
50,,6,1,6,4,2
50,,7,1,6,5,1
50,,8,1,6,3,3
50,,9,1,6,6,0
50,,10,1,6,3,3
50,,11,1,6,5,1
50,,12,1,6,2,4
50,,13,1,6,2,4
50,,14,1,6,5,1
50,,15,1,6,3,3
50,,0,1,6,5,1
50,,1,1,6,6,0
50,,2,1,6,5,1
50,,3,1,6,4,2
50,,4,1,6,1,5
50,,5,1,6,5,1
50,,6,1,6,5,1
50,,7,1,6,6,0
50,,8,1,6,6,0
50,,9,1,6,5,1
50,,10,1,6,5,1
50,,11,1,6,5,1
50,,12,1,6,6,0
50,,13,1,6,4,2
50,,14,1,6,3,3
50,,15,1,6,3,3
50,,0,1,6,5,1
50,,1,1,6,4,2
50,,2,1,6,6,0
50,,3,1,6,5,1
50,,4,1,6,2,4
50,,5,1,6,6,0
50,,6,1,6,4,2
50,,7,1,6,6,0
50,,8,1,6,4,2
50,,9,1,6,6,0
50,,10,1,6,4,2
50,,11,1,6,6,0
50,,12,1,6,5,1
50,,13,1,6,6,0
50,,14,1,6,4,2
50,,15,1,6,4,2
50,,0,1,6,5,1
50,,1,1,6,6,0
50,,2,1,6,5,1
50,,3,1,6,6,0
50,,4,1,6,1,5
50,,5,1,6,5,1
50,,6,1,6,2,4
50,,7,1,6,6,0
50,,8,1,6,4,2
50,,9,1,6,6,0
50,,10,1,6,5,1
50,,11,1,6,5,1
50,,12,1,6,6,0
50,,13,1,6,4,2
50,,14,1,6,6,0
50,,15,1,6,5,1
50,,0,1,6,3,3
50,,1,1,6,4,2
50,,2,1,6,2,4
50,,3,1,6,6,0
50,,4,1,6,5,1
50,,5,1,6,4,2
50,,6,1,6,3,3
50,,7,1,6,3,3
50,,8,1,6,4,2
50,,9,1,6,4,2
50,,10,1,6,4,2
50,,11,1,6,3,3
50,,12,1,6,5,1
50,,13,1,6,2,4
50,,14,1,6,5,1
50,,15,1,6,6,0
50,,0,1,6,5,1
50,,1,1,6,5,1
50,,2,1,6,6,0
50,,3,1,6,3,3
50,,4,1,6,2,4
50,,5,1,6,6,0
50,,6,1,6,4,2
50,,7,1,6,4,2
50,,8,1,6,5,1
50,,9,1,6,5,1
50,,10,1,6,6,0
50,,11,1,6,5,1
50,,12,1,6,4,2
50,,13,1,6,6,0
50,,14,1,6,4,2
50,,15,1,6,5,1
50,,0,1,6,3,3
50,,1,1,6,6,0
50,,2,1,6,5,1
50,,3,1,6,3,3
50,,4,1,6,2,4
50,,5,1,6,4,2
50,,6,1,6,2,4
50,,7,1,6,4,2
50,,8,1,6,5,1
50,,9,1,6,6,0
50,,10,1,6,4,2
50,,11,1,6,6,0
50,,12,1,6,5,1
50,,13,1,6,4,2
50,,14,1,6,6,0
50,,15,1,6,6,0
50,,0,1,6,3,3
50,,1,1,6,5,1
50,,2,1,6,4,2
50,,3,1,6,6,0
50,,4,1,6,1,5
50,,5,1,6,5,1
50,,6,1,6,5,1
50,,7,1,6,3,3
50,,8,1,6,5,1
50,,9,1,6,5,1
50,,10,1,6,5,1
50,,11,1,6,5,1
50,,12,1,6,6,0
50,,13,1,6,4,2
50,,14,1,6,2,4
50,,15,1,6,5,1
50,,0,1,6,6,0
50,,1,1,6,4,2
50,,2,1,6,4,2
50,,3,1,6,4,2
50,,4,1,6,1,5
50,,5,1,6,6,0
50,,6,1,6,6,0
50,,7,1,6,3,3
50,,8,1,6,5,1
50,,9,1,6,4,2
50,,10,1,6,5,1
50,,11,1,6,4,2
50,,12,1,6,4,2
50,,13,1,6,6,0
50,,14,1,6,4,2
50,,15,1,6,6,0
50,,0,1,6,4,2
50,,1,1,6,3,3
50,,2,1,6,5,1
50,,3,1,6,6,0
50,,4,1,6,2,4
50,,5,1,6,4,2
50,,6,1,6,6,0
50,,7,1,6,6,0
50,,8,1,6,6,0
50,,9,1,6,5,1
50,,10,1,6,6,0
50,,11,1,6,3,3
50,,12,1,6,5,1
50,,13,1,6,5,1
50,,14,1,6,4,2
50,,15,1,6,6,0
50,,0,1,6,5,1
50,,1,1,6,5,1
50,,2,1,6,4,2
50,,3,1,6,6,0
50,,4,1,6,4,2
50,,5,1,6,5,1
50,,6,1,6,5,1
50,,7,1,6,4,2
50,,8,1,6,3,3
50,,9,1,6,5,1
50,,10,1,6,5,1
50,,11,1,6,3,3
50,,12,1,6,5,1
50,,13,1,6,5,1
50,,14,1,6,3,3
50,,15,1,6,5,1
50,,0,1,6,6,0
50,,1,1,6,4,2
50,,2,1,6,5,1
50,,3,1,6,5,1
50,,4,1,6,4,2
50,,5,1,6,5,1
50,,6,1,6,6,0
50,,7,1,6,5,1
50,,8,1,6,6,0
50,,9,1,6,5,1
50,,10,1,6,2,4
50,,11,1,6,6,0
50,,12,1,6,3,3
50,,13,1,6,5,1
50,,14,1,6,3,3
50,,15,1,6,6,0
50,,0,1,6,2,4
50,,1,1,6,5,1
50,,2,1,6,6,0
50,,3,1,6,5,1
50,,4,1,6,6,0
50,,5,1,6,5,1
50,,6,1,6,3,3
50,,7,1,6,6,0
50,,8,1,6,6,0
50,,9,1,6,4,2
50,,10,1,6,5,1
50,,11,1,6,4,2
50,,12,1,6,5,1
50,,13,1,6,4,2
50,,14,1,6,4,2
50,,15,1,6,5,1
50,,0,1,6,4,2
50,,1,1,6,6,0
50,,2,1,6,3,3
50,,3,1,6,5,1
50,,4,1,6,4,2
50,,5,1,6,5,1
50,,6,1,6,3,3
50,,7,1,6,5,1
50,,8,1,6,4,2
50,,9,1,6,4,2
50,,10,1,6,5,1
50,,11,1,6,5,1
50,,12,1,6,3,3
50,,13,1,6,2,4
50,,14,1,6,2,4
50,,15,1,6,6,0
50,,0,1,6,3,3
50,,1,1,6,5,1
50,,2,1,6,3,3
50,,3,1,6,5,1
50,,4,1,6,3,3
50,,5,1,6,6,0
50,,6,1,6,2,4
50,,7,1,6,4,2
50,,8,1,6,4,2
50,,9,1,6,3,3
50,,10,1,6,5,1
50,,11,1,6,6,0
50,,12,1,6,4,2
50,,13,1,6,2,4
50,,14,1,6,1,5
50,,15,1,6,5,1
50,,0,1,6,3,3
50,,1,1,6,5,1
50,,2,1,6,6,0
50,,3,1,6,6,0
50,,4,1,6,3,3
50,,5,1,6,6,0
50,,6,1,6,3,3
50,,7,1,6,4,2
50,,8,1,6,1,5
50,,9,1,6,5,1
50,,10,1,6,4,2
50,,11,1,6,3,3
50,,12,1,6,2,4
50,,13,1,6,3,3
50,,14,1,6,2,4
50,,15,1,6,6,0
50,,0,1,6,5,1
50,,1,1,6,5,1
50,,2,1,6,3,3
50,,3,1,6,5,1
50,,4,1,6,2,4
50,,5,1,6,5,1
50,,6,1,6,5,1
50,,7,1,6,2,4
50,,8,1,6,4,2
50,,9,1,6,3,3
50,,10,1,6,6,0
50,,11,1,6,3,3
50,,12,1,6,5,1
50,,13,1,6,3,3
50,,14,1,6,3,3
50,,15,1,6,5,1
50,,0,1,6,2,4
50,,1,1,6,5,1
50,,2,1,6,5,1
50,,3,1,6,5,1
50,,4,1,6,5,1
50,,5,1,6,5,1
50,,6,1,6,3,3
50,,7,1,6,4,2
50,,8,1,6,5,1
50,,9,1,6,5,1
50,,10,1,6,5,1
50,,11,1,6,5,1
50,,12,1,6,4,2
50,,13,1,6,5,1
50,,14,1,6,3,3
50,,15,1,6,4,2
50,,0,1,6,3,3
50,,1,1,6,5,1
50,,2,1,6,2,4
50,,3,1,6,5,1
50,,4,1,6,5,1
50,,5,1,6,4,2
50,,6,1,6,4,2
50,,7,1,6,3,3
50,,8,1,6,1,5
50,,9,1,6,4,2
50,,10,1,6,5,1
50,,11,1,6,3,3
50,,12,1,6,3,3
50,,13,1,6,6,0
50,,14,1,6,2,4
50,,15,1,6,5,1
50,,0,1,6,5,1
50,,1,1,6,5,1
50,,2,1,6,2,4
50,,3,1,6,6,0
50,,4,1,6,6,0
50,,5,1,6,6,0
50,,6,1,6,3,3
50,,7,1,6,2,4
50,,8,1,6,5,1
50,,9,1,6,4,2
50,,10,1,6,4,2
50,,11,1,6,5,1
50,,12,1,6,4,2
50,,13,1,6,5,1
50,,14,1,6,2,4
50,,15,1,6,6,0
50,,0,1,6,3,3
50,,1,1,6,4,2
50,,2,1,6,2,4
50,,3,1,6,4,2
50,,4,1,6,3,3
50,,5,1,6,5,1
50,,6,1,6,3,3
50,,7,1,6,1,5
50,,8,1,6,4,2
50,,9,1,6,3,3
50,,10,1,6,5,1
50,,11,1,6,3,3
50,,12,1,6,3,3
50,,13,1,6,6,0
50,,14,1,6,2,4
50,,15,1,6,5,1
50,,0,1,6,5,1
50,,1,1,6,3,3
50,,2,1,6,2,4
50,,3,1,6,4,2
50,,4,1,6,5,1
50,,5,1,6,6,0
50,,6,1,6,4,2
50,,7,1,6,4,2
50,,8,1,6,4,2
50,,9,1,6,5,1
50,,10,1,6,4,2
50,,11,1,6,3,3
50,,12,1,6,5,1
50,,13,1,6,5,1
50,,14,1,6,0,6
50,,15,1,6,6,0
50,,0,1,6,3,3
50,,1,1,6,3,3
50,,2,1,6,3,3
50,,3,1,6,6,0
50,,4,1,6,1,5
50,,5,1,6,4,2
50,,6,1,6,4,2
50,,7,1,6,3,3
50,,8,1,6,2,4
50,,9,1,6,3,3
50,,10,1,6,5,1
50,,11,1,6,4,2
50,,12,1,6,4,2
50,,13,1,6,5,1
50,,14,1,6,3,3
50,,15,1,6,3,3
50,,0,1,6,4,2
50,,1,1,6,5,1
50,,2,1,6,4,2
50,,3,1,6,5,1
50,,4,1,6,3,3
50,,5,1,6,3,3
50,,6,1,6,3,3
50,,7,1,6,4,2
50,,8,1,6,4,2
50,,9,1,6,4,2
50,,10,1,6,1,5
50,,11,1,6,1,5
50,,12,1,6,3,3
50,,13,1,6,6,0
50,,14,1,6,1,5
50,,15,1,6,5,1
50,,0,1,6,4,2
50,,1,1,6,5,1
50,,2,1,6,1,5
50,,3,1,6,5,1
50,,4,1,6,3,3
50,,5,1,6,4,2
50,,6,1,6,3,3
50,,7,1,6,3,3
50,,8,1,6,4,2
50,,9,1,6,2,4
50,,10,1,6,3,3
50,,11,1,6,1,5
50,,12,1,6,0,6
50,,13,1,6,4,2
50,,14,1,6,2,4
50,,15,1,6,4,2
100,,0,1,6,1,5
100,,1,1,6,2,4
100,,2,1,6,1,5
100,,3,1,6,0,6
100,,4,1,6,1,5
100,,5,1,6,0,6
100,,6,1,6,1,5
100,,7,1,6,1,5
100,,8,1,6,0,6
100,,9,1,6,1,5
100,,10,1,6,0,6
100,,11,1,6,1,5
100,,12,1,6,2,4
100,,13,1,6,1,5
100,,14,1,6,4,2
100,,15,1,6,2,4
100,,0,1,6,1,5
100,,1,1,6,0,6
100,,2,1,6,3,3
100,,3,1,6,2,4
100,,4,1,6,3,3
100,,5,1,6,1,5
100,,6,1,6,1,5
100,,7,1,6,2,4
100,,8,1,6,4,2
100,,9,1,6,2,4
100,,10,1,6,1,5
100,,11,1,6,0,6
100,,12,1,6,5,1
100,,13,1,6,4,2
100,,14,1,6,3,3
100,,15,1,6,0,6
100,,0,1,6,2,4
100,,1,1,6,3,3
100,,2,1,6,0,6
100,,3,1,6,1,5
100,,4,1,6,1,5
100,,5,1,6,1,5
100,,6,1,6,2,4
100,,7,1,6,2,4
100,,8,1,6,2,4
100,,9,1,6,1,5
100,,10,1,6,5,1
100,,11,1,6,1,5
100,,12,1,6,1,5
100,,13,1,6,3,3
100,,14,1,6,4,2
100,,15,1,6,3,3
100,,0,1,6,5,1
100,,1,1,6,2,4
100,,2,1,6,2,4
100,,3,1,6,4,2
100,,4,1,6,0,6
100,,5,1,6,6,0
100,,6,1,6,5,1
100,,7,1,6,1,5
100,,8,1,6,0,6
100,,9,1,6,2,4
100,,10,1,6,4,2
100,,11,1,6,2,4
100,,12,1,6,5,1
100,,13,1,6,6,0
100,,14,1,6,2,4
100,,15,1,6,5,1
100,,0,1,6,2,4
100,,1,1,6,1,5
100,,2,1,6,1,5
100,,3,1,6,4,2
100,,4,1,6,4,2
100,,5,1,6,3,3
100,,6,1,6,4,2
100,,7,1,6,2,4
100,,8,1,6,2,4
100,,9,1,6,2,4
100,,10,1,6,2,4
100,,11,1,6,3,3
100,,12,1,6,3,3
100,,13,1,6,2,4
100,,14,1,6,3,3
100,,15,1,6,3,3
100,,0,1,6,5,1
100,,1,1,6,2,4
100,,2,1,6,0,6
100,,3,1,6,4,2
100,,4,1,6,3,3
100,,5,1,6,1,5
100,,6,1,6,5,1
100,,7,1,6,2,4
100,,8,1,6,3,3
100,,9,1,6,0,6
100,,10,1,6,4,2
100,,11,1,6,0,6
100,,12,1,6,3,3
100,,13,1,6,5,1
100,,14,1,6,2,4
100,,15,1,6,4,2
100,,0,1,6,3,3
100,,1,1,6,1,5
100,,2,1,6,2,4
100,,3,1,6,4,2
100,,4,1,6,4,2
100,,5,1,6,4,2
100,,6,1,6,4,2
100,,7,1,6,2,4
100,,8,1,6,2,4
100,,9,1,6,2,4
100,,10,1,6,4,2
100,,11,1,6,1,5
100,,12,1,6,3,3
100,,13,1,6,4,2
100,,14,1,6,6,0
100,,15,1,6,5,1
100,,0,1,6,4,2
100,,1,1,6,5,1
100,,2,1,6,1,5
100,,3,1,6,4,2
100,,4,1,6,2,4
100,,5,1,6,5,1
100,,6,1,6,4,2
100,,7,1,6,4,2
100,,8,1,6,2,4
100,,9,1,6,1,5
100,,10,1,6,3,3
100,,11,1,6,1,5
100,,12,1,6,3,3
100,,13,1,6,2,4
100,,14,1,6,4,2
100,,15,1,6,5,1
100,,0,1,6,1,5
100,,1,1,6,1,5
100,,2,1,6,4,2
100,,3,1,6,4,2
100,,4,1,6,1,5
100,,5,1,6,5,1
100,,6,1,6,2,4
100,,7,1,6,1,5
100,,8,1,6,2,4
100,,9,1,6,0,6
100,,10,1,6,2,4
100,,11,1,6,2,4
100,,12,1,6,4,2
100,,13,1,6,5,1
100,,14,1,6,5,1
100,,15,1,6,2,4
100,,0,1,6,4,2
100,,1,1,6,1,5
100,,2,1,6,0,6
100,,3,1,6,5,1
100,,4,1,6,5,1
100,,5,1,6,4,2
100,,6,1,6,2,4
100,,7,1,6,1,5
100,,8,1,6,5,1
100,,9,1,6,1,5
100,,10,1,6,5,1
100,,11,1,6,1,5
100,,12,1,6,2,4
100,,13,1,6,5,1
100,,14,1,6,6,0
100,,15,1,6,4,2
100,,0,1,6,3,3
100,,1,1,6,3,3
100,,2,1,6,5,1
100,,3,1,6,2,4
100,,4,1,6,3,3
100,,5,1,6,3,3
100,,6,1,6,3,3
100,,7,1,6,1,5
100,,8,1,6,1,5
100,,9,1,6,5,1
100,,10,1,6,3,3
100,,11,1,6,2,4
100,,12,1,6,2,4
100,,13,1,6,5,1
100,,14,1,6,5,1
100,,15,1,6,1,5
100,,0,1,6,2,4
100,,1,1,6,2,4
100,,2,1,6,1,5
100,,3,1,6,2,4
100,,4,1,6,1,5
100,,5,1,6,3,3
100,,6,1,6,1,5
100,,7,1,6,2,4
100,,8,1,6,4,2
100,,9,1,6,3,3
100,,10,1,6,2,4
100,,11,1,6,3,3
100,,12,1,6,5,1
100,,13,1,6,1,5
100,,14,1,6,3,3
100,,15,1,6,3,3
100,,0,1,6,4,2
100,,1,1,6,3,3
100,,2,1,6,3,3
100,,3,1,6,1,5
100,,4,1,6,4,2
100,,5,1,6,2,4
100,,6,1,6,3,3
100,,7,1,6,2,4
100,,8,1,6,1,5
100,,9,1,6,2,4
100,,10,1,6,3,3
100,,11,1,6,2,4
100,,12,1,6,3,3
100,,13,1,6,4,2
100,,14,1,6,5,1
100,,15,1,6,4,2
100,,0,1,6,6,0
100,,1,1,6,2,4
100,,2,1,6,3,3
100,,3,1,6,4,2
100,,4,1,6,2,4
100,,5,1,6,2,4
100,,6,1,6,5,1
100,,7,1,6,2,4
100,,8,1,6,2,4
100,,9,1,6,3,3
100,,10,1,6,4,2
100,,11,1,6,0,6
100,,12,1,6,4,2
100,,13,1,6,5,1
100,,14,1,6,6,0
100,,15,1,6,1,5
100,,0,1,6,3,3
100,,1,1,6,2,4
100,,2,1,6,1,5
100,,3,1,6,2,4
100,,4,1,6,3,3
100,,5,1,6,0,6
100,,6,1,6,5,1
100,,7,1,6,0,6
100,,8,1,6,4,2
100,,9,1,6,3,3
100,,10,1,6,5,1
100,,11,1,6,3,3
100,,12,1,6,3,3
100,,13,1,6,6,0
100,,14,1,6,5,1
100,,15,1,6,6,0
100,,0,1,6,4,2
100,,1,1,6,2,4
100,,2,1,6,0,6
100,,3,1,6,0,6
100,,4,1,6,6,0
100,,5,1,6,3,3
100,,6,1,6,4,2
100,,7,1,6,2,4
100,,8,1,6,6,0
100,,9,1,6,4,2
100,,10,1,6,2,4
100,,11,1,6,3,3
100,,12,1,6,1,5
100,,13,1,6,4,2
100,,14,1,6,2,4
100,,15,1,6,4,2
100,,0,1,6,3,3
100,,1,1,6,1,5
100,,2,1,6,1,5
100,,3,1,6,5,1
100,,4,1,6,6,0
100,,5,1,6,5,1
100,,6,1,6,2,4
100,,7,1,6,2,4
100,,8,1,6,3,3
100,,9,1,6,3,3
100,,10,1,6,5,1
100,,11,1,6,1,5
100,,12,1,6,2,4
100,,13,1,6,5,1
100,,14,1,6,6,0
100,,15,1,6,5,1
100,,0,1,6,3,3
100,,1,1,6,3,3
100,,2,1,6,3,3
100,,3,1,6,3,3
100,,4,1,6,5,1
100,,5,1,6,3,3
100,,6,1,6,4,2
100,,7,1,6,1,5
100,,8,1,6,5,1
100,,9,1,6,5,1
100,,10,1,6,4,2
100,,11,1,6,1,5
100,,12,1,6,5,1
100,,13,1,6,4,2
100,,14,1,6,4,2
100,,15,1,6,3,3
100,,0,1,6,2,4
100,,1,1,6,3,3
100,,2,1,6,4,2
100,,3,1,6,3,3
100,,4,1,6,5,1
100,,5,1,6,2,4
100,,6,1,6,5,1
100,,7,1,6,4,2
100,,8,1,6,4,2
100,,9,1,6,5,1
100,,10,1,6,4,2
100,,11,1,6,3,3
100,,12,1,6,6,0
100,,13,1,6,6,0
100,,14,1,6,5,1
100,,15,1,6,4,2
100,,0,1,6,3,3
100,,1,1,6,2,4
100,,2,1,6,3,3
100,,3,1,6,5,1
100,,4,1,6,6,0
100,,5,1,6,2,4
100,,6,1,6,4,2
100,,7,1,6,2,4
100,,8,1,6,4,2
100,,9,1,6,3,3
100,,10,1,6,4,2
100,,11,1,6,2,4
100,,12,1,6,5,1
100,,13,1,6,6,0
100,,14,1,6,4,2
100,,15,1,6,4,2
100,,0,1,6,4,2
100,,1,1,6,2,4
100,,2,1,6,5,1
100,,3,1,6,5,1
100,,4,1,6,5,1
100,,5,1,6,3,3
100,,6,1,6,6,0
100,,7,1,6,5,1
100,,8,1,6,3,3
100,,9,1,6,3,3
100,,10,1,6,4,2
100,,11,1,6,1,5
100,,12,1,6,6,0
100,,13,1,6,5,1
100,,14,1,6,5,1
100,,15,1,6,5,1
100,,0,1,6,5,1
100,,1,1,6,2,4
100,,2,1,6,5,1
100,,3,1,6,4,2
100,,4,1,6,3,3
100,,5,1,6,3,3
100,,6,1,6,6,0
100,,7,1,6,3,3
100,,8,1,6,5,1
100,,9,1,6,5,1
100,,10,1,6,5,1
100,,11,1,6,1,5
100,,12,1,6,5,1
100,,13,1,6,4,2
100,,14,1,6,6,0
100,,15,1,6,5,1
100,,0,1,6,3,3
100,,1,1,6,1,5
100,,2,1,6,3,3
100,,3,1,6,5,1
100,,4,1,6,6,0
100,,5,1,6,5,1
100,,6,1,6,5,1
100,,7,1,6,6,0
100,,8,1,6,6,0
100,,9,1,6,4,2
100,,10,1,6,6,0
100,,11,1,6,2,4
100,,12,1,6,5,1
100,,13,1,6,6,0
100,,14,1,6,4,2
100,,15,1,6,4,2
100,,0,1,6,3,3
100,,1,1,6,3,3
100,,2,1,6,5,1
100,,3,1,6,5,1
100,,4,1,6,3,3
100,,5,1,6,5,1
100,,6,1,6,5,1
100,,7,1,6,1,5
100,,8,1,6,4,2
100,,9,1,6,5,1
100,,10,1,6,4,2
100,,11,1,6,4,2
100,,12,1,6,4,2
100,,13,1,6,6,0
100,,14,1,6,6,0
100,,15,1,6,5,1
100,,0,1,6,4,2
100,,1,1,6,3,3
100,,2,1,6,3,3
100,,3,1,6,4,2
100,,4,1,6,4,2
100,,5,1,6,4,2
100,,6,1,6,6,0
100,,7,1,6,5,1
100,,8,1,6,3,3
100,,9,1,6,3,3
100,,10,1,6,4,2
100,,11,1,6,2,4
100,,12,1,6,5,1
100,,13,1,6,5,1
100,,14,1,6,5,1
100,,15,1,6,5,1
100,,0,1,6,5,1
100,,1,1,6,5,1
100,,2,1,6,2,4
100,,3,1,6,2,4
100,,4,1,6,5,1
100,,5,1,6,1,5
100,,6,1,6,4,2
100,,7,1,6,0,6
100,,8,1,6,4,2
100,,9,1,6,5,1
100,,10,1,6,5,1
100,,11,1,6,2,4
100,,12,1,6,6,0
100,,13,1,6,5,1
100,,14,1,6,3,3
100,,15,1,6,5,1
100,,0,1,6,2,4
100,,1,1,6,3,3
100,,2,1,6,6,0
100,,3,1,6,5,1
100,,4,1,6,5,1
100,,5,1,6,4,2
100,,6,1,6,4,2
100,,7,1,6,4,2
100,,8,1,6,5,1
100,,9,1,6,3,3
100,,10,1,6,3,3
100,,11,1,6,3,3
100,,12,1,6,5,1
100,,13,1,6,6,0
100,,14,1,6,2,4
100,,15,1,6,5,1
100,,0,1,6,6,0
100,,1,1,6,6,0
100,,2,1,6,4,2
100,,3,1,6,5,1
100,,4,1,6,4,2
100,,5,1,6,6,0
100,,6,1,6,5,1
100,,7,1,6,5,1
100,,8,1,6,5,1
100,,9,1,6,4,2
100,,10,1,6,5,1
100,,11,1,6,4,2
100,,12,1,6,4,2
100,,13,1,6,5,1
100,,14,1,6,2,4
100,,15,1,6,6,0
100,,0,1,6,4,2
100,,1,1,6,3,3
100,,2,1,6,5,1
100,,3,1,6,5,1
100,,4,1,6,5,1
100,,5,1,6,5,1
100,,6,1,6,6,0
100,,7,1,6,6,0
100,,8,1,6,5,1
100,,9,1,6,4,2
100,,10,1,6,6,0
100,,11,1,6,0,6
100,,12,1,6,6,0
100,,13,1,6,6,0
100,,14,1,6,4,2
100,,15,1,6,6,0
100,,0,1,6,5,1
100,,1,1,6,5,1
100,,2,1,6,5,1
100,,3,1,6,3,3
100,,4,1,6,5,1
100,,5,1,6,2,4
100,,6,1,6,5,1
100,,7,1,6,4,2
100,,8,1,6,4,2
100,,9,1,6,4,2
100,,10,1,6,6,0
100,,11,1,6,5,1
100,,12,1,6,5,1
100,,13,1,6,5,1
100,,14,1,6,1,5
100,,15,1,6,4,2
100,,0,1,6,4,2
100,,1,1,6,6,0
100,,2,1,6,6,0
100,,3,1,6,5,1
100,,4,1,6,4,2
100,,5,1,6,4,2
100,,6,1,6,5,1
100,,7,1,6,4,2
100,,8,1,6,5,1
100,,9,1,6,1,5
100,,10,1,6,6,0
100,,11,1,6,2,4
100,,12,1,6,6,0
100,,13,1,6,5,1
100,,14,1,6,5,1
100,,15,1,6,6,0
100,,0,1,6,4,2
100,,1,1,6,5,1
100,,2,1,6,5,1
100,,3,1,6,4,2
100,,4,1,6,2,4
100,,5,1,6,6,0
100,,6,1,6,5,1
100,,7,1,6,2,4
100,,8,1,6,4,2
100,,9,1,6,6,0
100,,10,1,6,4,2
100,,11,1,6,4,2
100,,12,1,6,6,0
100,,13,1,6,5,1
100,,14,1,6,3,3
100,,15,1,6,5,1
100,,0,1,6,5,1
100,,1,1,6,3,3
100,,2,1,6,6,0
100,,3,1,6,5,1
100,,4,1,6,4,2
100,,5,1,6,6,0
100,,6,1,6,5,1
100,,7,1,6,2,4
100,,8,1,6,3,3
100,,9,1,6,6,0
100,,10,1,6,5,1
100,,11,1,6,5,1
100,,12,1,6,4,2
100,,13,1,6,5,1
100,,14,1,6,5,1
100,,15,1,6,3,3
100,,0,1,6,6,0
100,,1,1,6,4,2
100,,2,1,6,4,2
100,,3,1,6,6,0
100,,4,1,6,5,1
100,,5,1,6,4,2
100,,6,1,6,6,0
100,,7,1,6,6,0
100,,8,1,6,4,2
100,,9,1,6,4,2
100,,10,1,6,5,1
100,,11,1,6,5,1
100,,12,1,6,3,3
100,,13,1,6,5,1
100,,14,1,6,3,3
100,,15,1,6,4,2
100,,0,1,6,5,1
100,,1,1,6,6,0
100,,2,1,6,5,1
100,,3,1,6,5,1
100,,4,1,6,2,4
100,,5,1,6,5,1
100,,6,1,6,5,1
100,,7,1,6,5,1
100,,8,1,6,3,3
100,,9,1,6,2,4
100,,10,1,6,6,0
100,,11,1,6,6,0
100,,12,1,6,6,0
100,,13,1,6,6,0
100,,14,1,6,1,5
100,,15,1,6,4,2
100,,0,1,6,4,2
100,,1,1,6,4,2
100,,2,1,6,5,1
100,,3,1,6,5,1
100,,4,1,6,4,2
100,,5,1,6,2,4
100,,6,1,6,5,1
100,,7,1,6,6,0
100,,8,1,6,6,0
100,,9,1,6,5,1
100,,10,1,6,5,1
100,,11,1,6,3,3
100,,12,1,6,4,2
100,,13,1,6,5,1
100,,14,1,6,3,3
100,,15,1,6,4,2
100,,0,1,6,4,2
100,,1,1,6,3,3
100,,2,1,6,5,1
100,,3,1,6,6,0
100,,4,1,6,4,2
100,,5,1,6,3,3
100,,6,1,6,6,0
100,,7,1,6,4,2
100,,8,1,6,4,2
100,,9,1,6,3,3
100,,10,1,6,6,0
100,,11,1,6,5,1
100,,12,1,6,4,2
100,,13,1,6,5,1
100,,14,1,6,5,1
100,,15,1,6,5,1
100,,0,1,6,5,1
100,,1,1,6,3,3
100,,2,1,6,4,2
100,,3,1,6,4,2
100,,4,1,6,3,3
100,,5,1,6,4,2
100,,6,1,6,5,1
100,,7,1,6,6,0
100,,8,1,6,4,2
100,,9,1,6,4,2
100,,10,1,6,4,2
100,,11,1,6,4,2
100,,12,1,6,3,3
100,,13,1,6,6,0
100,,14,1,6,2,4
100,,15,1,6,6,0
100,,0,1,6,4,2
100,,1,1,6,5,1
100,,2,1,6,6,0
100,,3,1,6,5,1
100,,4,1,6,3,3
100,,5,1,6,3,3
100,,6,1,6,5,1
100,,7,1,6,6,0
100,,8,1,6,5,1
100,,9,1,6,3,3
100,,10,1,6,6,0
100,,11,1,6,4,2
100,,12,1,6,6,0
100,,13,1,6,5,1
100,,14,1,6,2,4
100,,15,1,6,3,3
100,,0,1,6,5,1
100,,1,1,6,6,0
100,,2,1,6,5,1
100,,3,1,6,2,4
100,,4,1,6,4,2
100,,5,1,6,4,2
100,,6,1,6,6,0
100,,7,1,6,3,3
100,,8,1,6,5,1
100,,9,1,6,6,0
100,,10,1,6,6,0
100,,11,1,6,5,1
100,,12,1,6,4,2
100,,13,1,6,5,1
100,,14,1,6,4,2
100,,15,1,6,4,2
100,,0,1,6,3,3
100,,1,1,6,5,1
100,,2,1,6,4,2
100,,3,1,6,5,1
100,,4,1,6,6,0
100,,5,1,6,4,2
100,,6,1,6,5,1
100,,7,1,6,4,2
100,,8,1,6,5,1
100,,9,1,6,4,2
100,,10,1,6,5,1
100,,11,1,6,6,0
100,,12,1,6,4,2
100,,13,1,6,4,2
100,,14,1,6,3,3
100,,15,1,6,4,2
100,,0,1,6,2,4
100,,1,1,6,5,1
100,,2,1,6,6,0
100,,3,1,6,6,0
100,,4,1,6,3,3
100,,5,1,6,4,2
100,,6,1,6,1,5
100,,7,1,6,1,5
100,,8,1,6,5,1
100,,9,1,6,6,0
100,,10,1,6,6,0
100,,11,1,6,4,2
100,,12,1,6,3,3
100,,13,1,6,3,3
100,,14,1,6,2,4
100,,15,1,6,5,1
100,,0,1,6,4,2
100,,1,1,6,5,1
100,,2,1,6,5,1
100,,3,1,6,6,0
100,,4,1,6,5,1
100,,5,1,6,4,2
100,,6,1,6,6,0
100,,7,1,6,4,2
100,,8,1,6,2,4
100,,9,1,6,1,5
100,,10,1,6,5,1
100,,11,1,6,4,2
100,,12,1,6,4,2
100,,13,1,6,5,1
100,,14,1,6,4,2
100,,15,1,6,6,0
100,,0,1,6,1,5
100,,1,1,6,6,0
100,,2,1,6,4,2
100,,3,1,6,5,1
100,,4,1,6,5,1
100,,5,1,6,3,3
100,,6,1,6,4,2
100,,7,1,6,6,0
100,,8,1,6,6,0
100,,9,1,6,3,3
100,,10,1,6,6,0
100,,11,1,6,6,0
100,,12,1,6,3,3
100,,13,1,6,6,0
100,,14,1,6,3,3
100,,15,1,6,5,1
100,,0,1,6,4,2
100,,1,1,6,6,0
100,,2,1,6,2,4
100,,3,1,6,6,0
100,,4,1,6,4,2
100,,5,1,6,4,2
100,,6,1,6,4,2
100,,7,1,6,6,0
100,,8,1,6,2,4
100,,9,1,6,2,4
100,,10,1,6,5,1
100,,11,1,6,5,1
100,,12,1,6,5,1
100,,13,1,6,5,1
100,,14,1,6,3,3
100,,15,1,6,5,1
100,,0,1,6,4,2
100,,1,1,6,5,1
100,,2,1,6,4,2
100,,3,1,6,4,2
100,,4,1,6,5,1
100,,5,1,6,4,2
100,,6,1,6,3,3
100,,7,1,6,4,2
100,,8,1,6,5,1
100,,9,1,6,1,5
100,,10,1,6,4,2
100,,11,1,6,5,1
100,,12,1,6,3,3
100,,13,1,6,5,1
100,,14,1,6,6,0
100,,15,1,6,3,3
100,,0,1,6,3,3
100,,1,1,6,5,1
100,,2,1,6,3,3
100,,3,1,6,4,2
100,,4,1,6,2,4
100,,5,1,6,4,2
100,,6,1,6,5,1
100,,7,1,6,6,0
100,,8,1,6,6,0
100,,9,1,6,2,4
100,,10,1,6,5,1
100,,11,1,6,6,0
100,,12,1,6,3,3
100,,13,1,6,5,1
100,,14,1,6,6,0
100,,15,1,6,6,0
100,,0,1,6,5,1
100,,1,1,6,3,3
100,,2,1,6,5,1
100,,3,1,6,6,0
100,,4,1,6,3,3
100,,5,1,6,4,2
100,,6,1,6,5,1
100,,7,1,6,3,3
100,,8,1,6,6,0
100,,9,1,6,3,3
100,,10,1,6,4,2
100,,11,1,6,4,2
100,,12,1,6,6,0
100,,13,1,6,6,0
100,,14,1,6,2,4
100,,15,1,6,4,2
100,,0,1,6,2,4
100,,1,1,6,4,2
100,,2,1,6,3,3
100,,3,1,6,5,1
100,,4,1,6,2,4
100,,5,1,6,5,1
100,,6,1,6,5,1
100,,7,1,6,4,2
100,,8,1,6,6,0
100,,9,1,6,4,2
100,,10,1,6,5,1
100,,11,1,6,4,2
100,,12,1,6,5,1
100,,13,1,6,4,2
100,,14,1,6,6,0
100,,15,1,6,4,2
100,,0,1,6,3,3
100,,1,1,6,5,1
100,,2,1,6,5,1
100,,3,1,6,5,1
100,,4,1,6,4,2
100,,5,1,6,5,1
100,,6,1,6,4,2
100,,7,1,6,6,0
100,,8,1,6,2,4
100,,9,1,6,2,4
100,,10,1,6,6,0
100,,11,1,6,5,1
100,,12,1,6,4,2
100,,13,1,6,4,2
100,,14,1,6,2,4
100,,15,1,6,4,2
100,,0,1,6,3,3
100,,1,1,6,4,2
100,,2,1,6,2,4
100,,3,1,6,4,2
100,,4,1,6,2,4
100,,5,1,6,3,3
100,,6,1,6,6,0
100,,7,1,6,5,1
100,,8,1,6,3,3
100,,9,1,6,2,4
100,,10,1,6,4,2
100,,11,1,6,5,1
100,,12,1,6,3,3
100,,13,1,6,2,4
100,,14,1,6,5,1
100,,15,1,6,2,4
100,,0,1,6,3,3
100,,1,1,6,4,2
100,,2,1,6,4,2
100,,3,1,6,2,4
100,,4,1,6,4,2
100,,5,1,6,2,4
100,,6,1,6,4,2
100,,7,1,6,1,5
100,,8,1,6,1,5
100,,9,1,6,1,5
100,,10,1,6,3,3
100,,11,1,6,4,2
100,,12,1,6,5,1
100,,13,1,6,5,1
100,,14,1,6,5,1
100,,15,1,6,5,1
100,,0,1,6,4,2
100,,1,1,6,4,2
100,,2,1,6,3,3
100,,3,1,6,2,4
100,,4,1,6,3,3
100,,5,1,6,2,4
100,,6,1,6,4,2
100,,7,1,6,6,0
100,,8,1,6,5,1
100,,9,1,6,4,2
100,,10,1,6,6,0
100,,11,1,6,5,1
100,,12,1,6,4,2
100,,13,1,6,2,4
100,,14,1,6,4,2
100,,15,1,6,6,0
100,,0,1,6,2,4
100,,1,1,6,5,1
100,,2,1,6,5,1
100,,3,1,6,3,3
100,,4,1,6,4,2
100,,5,1,6,3,3
100,,6,1,6,1,5
100,,7,1,6,6,0
100,,8,1,6,6,0
100,,9,1,6,2,4
100,,10,1,6,4,2
100,,11,1,6,5,1
100,,12,1,6,3,3
100,,13,1,6,2,4
100,,14,1,6,3,3
100,,15,1,6,1,5
100,,0,1,6,2,4
100,,1,1,6,4,2
100,,2,1,6,4,2
100,,3,1,6,2,4
100,,4,1,6,1,5
100,,5,1,6,2,4
100,,6,1,6,3,3
100,,7,1,6,3,3
100,,8,1,6,4,2
100,,9,1,6,2,4
100,,10,1,6,3,3
100,,11,1,6,5,1
100,,12,1,6,3,3
100,,13,1,6,0,6
100,,14,1,6,4,2
100,,15,1,6,2,4
100,,0,1,6,2,4
100,,1,1,6,4,2
100,,2,1,6,3,3
100,,3,1,6,6,0
100,,4,1,6,1,5
100,,5,1,6,0,6
100,,6,1,6,5,1
100,,7,1,6,2,4
100,,8,1,6,3,3
100,,9,1,6,2,4
100,,10,1,6,6,0
100,,11,1,6,5,1
100,,12,1,6,6,0
100,,13,1,6,5,1
100,,14,1,6,6,0
100,,15,1,6,2,4
100,,0,1,6,1,5
100,,1,1,6,6,0
100,,2,1,6,3,3
100,,3,1,6,2,4
100,,4,1,6,3,3
100,,5,1,6,3,3
100,,6,1,6,5,1
100,,7,1,6,1,5
100,,8,1,6,3,3
100,,9,1,6,3,3
100,,10,1,6,3,3
100,,11,1,6,4,2
100,,12,1,6,3,3
100,,13,1,6,5,1
100,,14,1,6,3,3
100,,15,1,6,3,3
100,,0,1,6,1,5
100,,1,1,6,6,0
100,,2,1,6,6,0
100,,3,1,6,2,4
100,,4,1,6,1,5
100,,5,1,6,2,4
100,,6,1,6,6,0
100,,7,1,6,3,3
100,,8,1,6,2,4
100,,9,1,6,2,4
100,,10,1,6,6,0
100,,11,1,6,4,2
100,,12,1,6,5,1
100,,13,1,6,5,1
100,,14,1,6,5,1
100,,15,1,6,3,3
100,,0,1,6,2,4
100,,1,1,6,5,1
100,,2,1,6,2,4
100,,3,1,6,5,1
100,,4,1,6,3,3
100,,5,1,6,3,3
100,,6,1,6,2,4
100,,7,1,6,4,2
100,,8,1,6,2,4
100,,9,1,6,4,2
100,,10,1,6,4,2
100,,11,1,6,1,5
100,,12,1,6,5,1
100,,13,1,6,4,2
100,,14,1,6,3,3
100,,15,1,6,4,2
150,,0,1,6,2,4
150,,1,1,6,1,5
150,,2,1,6,3,3
150,,3,1,6,2,4
150,,4,1,6,0,6
150,,5,1,6,1,5
150,,6,1,6,3,3
150,,7,1,6,1,5
150,,8,1,6,3,3
150,,9,1,6,2,4
150,,10,1,6,1,5
150,,11,1,6,1,5
150,,12,1,6,1,5
150,,13,1,6,0,6
150,,14,1,6,0,6
150,,15,1,6,1,5
150,,0,1,6,2,4
150,,1,1,6,2,4
150,,2,1,6,0,6
150,,3,1,6,2,4
150,,4,1,6,1,5
150,,5,1,6,2,4
150,,6,1,6,1,5
150,,7,1,6,3,3
150,,8,1,6,3,3
150,,9,1,6,0,6
150,,10,1,6,2,4
150,,11,1,6,4,2
150,,12,1,6,0,6
150,,13,1,6,2,4
150,,14,1,6,0,6
150,,15,1,6,2,4
150,,0,1,6,2,4
150,,1,1,6,2,4
150,,2,1,6,1,5
150,,3,1,6,3,3
150,,4,1,6,2,4
150,,5,1,6,2,4
150,,6,1,6,1,5
150,,7,1,6,1,5
150,,8,1,6,1,5
150,,9,1,6,2,4
150,,10,1,6,1,5
150,,11,1,6,2,4
150,,12,1,6,4,2
150,,13,1,6,2,4
150,,14,1,6,2,4
150,,15,1,6,3,3
150,,0,1,6,3,3
150,,1,1,6,6,0
150,,2,1,6,1,5
150,,3,1,6,1,5
150,,4,1,6,5,1
150,,5,1,6,4,2
150,,6,1,6,4,2
150,,7,1,6,1,5
150,,8,1,6,3,3
150,,9,1,6,3,3
150,,10,1,6,1,5
150,,11,1,6,3,3
150,,12,1,6,1,5
150,,13,1,6,2,4
150,,14,1,6,0,6
150,,15,1,6,4,2
150,,0,1,6,2,4
150,,1,1,6,6,0
150,,2,1,6,2,4
150,,3,1,6,2,4
150,,4,1,6,5,1
150,,5,1,6,6,0
150,,6,1,6,4,2
150,,7,1,6,3,3
150,,8,1,6,1,5
150,,9,1,6,3,3
150,,10,1,6,3,3
150,,11,1,6,5,1
150,,12,1,6,3,3
150,,13,1,6,3,3
150,,14,1,6,1,5
150,,15,1,6,3,3
150,,0,1,6,3,3
150,,1,1,6,2,4
150,,2,1,6,2,4
150,,3,1,6,1,5
150,,4,1,6,2,4
150,,5,1,6,5,1
150,,6,1,6,2,4
150,,7,1,6,0,6
150,,8,1,6,3,3
150,,9,1,6,0,6
150,,10,1,6,1,5
150,,11,1,6,1,5
150,,12,1,6,1,5
150,,13,1,6,2,4
150,,14,1,6,1,5
150,,15,1,6,4,2
150,,0,1,6,4,2
150,,1,1,6,6,0
150,,2,1,6,5,1
150,,3,1,6,2,4
150,,4,1,6,5,1
150,,5,1,6,3,3
150,,6,1,6,2,4
150,,7,1,6,0,6
150,,8,1,6,2,4
150,,9,1,6,4,2
150,,10,1,6,2,4
150,,11,1,6,6,0
150,,12,1,6,4,2
150,,13,1,6,6,0
150,,14,1,6,0,6
150,,15,1,6,5,1
150,,0,1,6,2,4
150,,1,1,6,2,4
150,,2,1,6,5,1
150,,3,1,6,1,5
150,,4,1,6,3,3
150,,5,1,6,3,3
150,,6,1,6,5,1
150,,7,1,6,1,5
150,,8,1,6,2,4
150,,9,1,6,1,5
150,,10,1,6,1,5
150,,11,1,6,2,4
150,,12,1,6,4,2
150,,13,1,6,1,5
150,,14,1,6,1,5
150,,15,1,6,5,1
150,,0,1,6,4,2
150,,1,1,6,1,5
150,,2,1,6,2,4
150,,3,1,6,1,5
150,,4,1,6,4,2
150,,5,1,6,3,3
150,,6,1,6,2,4
150,,7,1,6,2,4
150,,8,1,6,2,4
150,,9,1,6,1,5
150,,10,1,6,3,3
150,,11,1,6,4,2
150,,12,1,6,3,3
150,,13,1,6,2,4
150,,14,1,6,3,3
150,,15,1,6,4,2
150,,0,1,6,0,6
150,,1,1,6,3,3
150,,2,1,6,3,3
150,,3,1,6,6,0
150,,4,1,6,4,2
150,,5,1,6,2,4
150,,6,1,6,2,4
150,,7,1,6,1,5
150,,8,1,6,2,4
150,,9,1,6,2,4
150,,10,1,6,1,5
150,,11,1,6,2,4
150,,12,1,6,1,5
150,,13,1,6,2,4
150,,14,1,6,3,3
150,,15,1,6,4,2
150,,0,1,6,4,2
150,,1,1,6,1,5
150,,2,1,6,4,2
150,,3,1,6,3,3
150,,4,1,6,5,1
150,,5,1,6,2,4
150,,6,1,6,2,4
150,,7,1,6,3,3
150,,8,1,6,0,6
150,,9,1,6,2,4
150,,10,1,6,2,4
150,,11,1,6,1,5
150,,12,1,6,2,4
150,,13,1,6,2,4
150,,14,1,6,2,4
150,,15,1,6,4,2
150,,0,1,6,2,4
150,,1,1,6,0,6
150,,2,1,6,4,2
150,,3,1,6,1,5
150,,4,1,6,4,2
150,,5,1,6,3,3
150,,6,1,6,4,2
150,,7,1,6,1,5
150,,8,1,6,2,4
150,,9,1,6,3,3
150,,10,1,6,1,5
150,,11,1,6,3,3
150,,12,1,6,4,2
150,,13,1,6,6,0
150,,14,1,6,2,4
150,,15,1,6,6,0
150,,0,1,6,3,3
150,,1,1,6,3,3
150,,2,1,6,6,0
150,,3,1,6,2,4
150,,4,1,6,2,4
150,,5,1,6,3,3
150,,6,1,6,4,2
150,,7,1,6,0,6
150,,8,1,6,3,3
150,,9,1,6,1,5
150,,10,1,6,2,4
150,,11,1,6,3,3
150,,12,1,6,4,2
150,,13,1,6,6,0
150,,14,1,6,5,1
150,,15,1,6,6,0
150,,0,1,6,2,4
150,,1,1,6,4,2
150,,2,1,6,5,1
150,,3,1,6,3,3
150,,4,1,6,3,3
150,,5,1,6,2,4
150,,6,1,6,4,2
150,,7,1,6,2,4
150,,8,1,6,3,3
150,,9,1,6,2,4
150,,10,1,6,2,4
150,,11,1,6,5,1
150,,12,1,6,5,1
150,,13,1,6,6,0
150,,14,1,6,1,5
150,,15,1,6,5,1
150,,0,1,6,1,5
150,,1,1,6,3,3
150,,2,1,6,1,5
150,,3,1,6,0,6
150,,4,1,6,1,5
150,,5,1,6,4,2
150,,6,1,6,1,5
150,,7,1,6,0,6
150,,8,1,6,2,4
150,,9,1,6,2,4
150,,10,1,6,2,4
150,,11,1,6,1,5
150,,12,1,6,5,1
150,,13,1,6,3,3
150,,14,1,6,4,2
150,,15,1,6,4,2
150,,0,1,6,4,2
150,,1,1,6,3,3
150,,2,1,6,3,3
150,,3,1,6,1,5
150,,4,1,6,3,3
150,,5,1,6,2,4
150,,6,1,6,4,2
150,,7,1,6,5,1
150,,8,1,6,0,6
150,,9,1,6,1,5
150,,10,1,6,2,4
150,,11,1,6,5,1
150,,12,1,6,1,5
150,,13,1,6,4,2
150,,14,1,6,4,2
150,,15,1,6,5,1
150,,0,1,6,3,3
150,,1,1,6,1,5
150,,2,1,6,3,3
150,,3,1,6,3,3
150,,4,1,6,4,2
150,,5,1,6,6,0
150,,6,1,6,6,0
150,,7,1,6,5,1
150,,8,1,6,2,4
150,,9,1,6,1,5
150,,10,1,6,2,4
150,,11,1,6,5,1
150,,12,1,6,5,1
150,,13,1,6,4,2
150,,14,1,6,4,2
150,,15,1,6,4,2
150,,0,1,6,3,3
150,,1,1,6,2,4
150,,2,1,6,1,5
150,,3,1,6,0,6
150,,4,1,6,2,4
150,,5,1,6,2,4
150,,6,1,6,3,3
150,,7,1,6,2,4
150,,8,1,6,6,0
150,,9,1,6,1,5
150,,10,1,6,3,3
150,,11,1,6,3,3
150,,12,1,6,1,5
150,,13,1,6,3,3
150,,14,1,6,4,2
150,,15,1,6,5,1
150,,0,1,6,2,4
150,,1,1,6,2,4
150,,2,1,6,3,3
150,,3,1,6,3,3
150,,4,1,6,3,3
150,,5,1,6,4,2
150,,6,1,6,6,0
150,,7,1,6,2,4
150,,8,1,6,6,0
150,,9,1,6,5,1
150,,10,1,6,2,4
150,,11,1,6,5,1
150,,12,1,6,4,2
150,,13,1,6,3,3
150,,14,1,6,4,2
150,,15,1,6,5,1
150,,0,1,6,3,3
150,,1,1,6,6,0
150,,2,1,6,1,5
150,,3,1,6,1,5
150,,4,1,6,4,2
150,,5,1,6,4,2
150,,6,1,6,5,1
150,,7,1,6,1,5
150,,8,1,6,4,2
150,,9,1,6,0,6
150,,10,1,6,2,4
150,,11,1,6,2,4
150,,12,1,6,1,5
150,,13,1,6,4,2
150,,14,1,6,4,2
150,,15,1,6,3,3
150,,0,1,6,4,2
150,,1,1,6,5,1
150,,2,1,6,3,3
150,,3,1,6,2,4
150,,4,1,6,3,3
150,,5,1,6,2,4
150,,6,1,6,4,2
150,,7,1,6,6,0
150,,8,1,6,5,1
150,,9,1,6,3,3
150,,10,1,6,2,4
150,,11,1,6,2,4
150,,12,1,6,2,4
150,,13,1,6,5,1
150,,14,1,6,3,3
150,,15,1,6,5,1
150,,0,1,6,2,4
150,,1,1,6,3,3
150,,2,1,6,3,3
150,,3,1,6,1,5
150,,4,1,6,1,5
150,,5,1,6,1,5
150,,6,1,6,3,3
150,,7,1,6,3,3
150,,8,1,6,5,1
150,,9,1,6,5,1
150,,10,1,6,2,4
150,,11,1,6,3,3
150,,12,1,6,6,0
150,,13,1,6,5,1
150,,14,1,6,4,2
150,,15,1,6,6,0
150,,0,1,6,3,3
150,,1,1,6,4,2
150,,2,1,6,6,0
150,,3,1,6,4,2
150,,4,1,6,4,2
150,,5,1,6,5,1
150,,6,1,6,4,2
150,,7,1,6,6,0
150,,8,1,6,5,1
150,,9,1,6,3,3
150,,10,1,6,3,3
150,,11,1,6,6,0
150,,12,1,6,3,3
150,,13,1,6,6,0
150,,14,1,6,4,2
150,,15,1,6,5,1
150,,0,1,6,5,1
150,,1,1,6,4,2
150,,2,1,6,6,0
150,,3,1,6,4,2
150,,4,1,6,3,3
150,,5,1,6,5,1
150,,6,1,6,4,2
150,,7,1,6,4,2
150,,8,1,6,5,1
150,,9,1,6,1,5
150,,10,1,6,2,4
150,,11,1,6,2,4
150,,12,1,6,4,2
150,,13,1,6,4,2
150,,14,1,6,5,1
150,,15,1,6,5,1
150,,0,1,6,6,0
150,,1,1,6,4,2
150,,2,1,6,3,3
150,,3,1,6,1,5
150,,4,1,6,4,2
150,,5,1,6,5,1
150,,6,1,6,6,0
150,,7,1,6,3,3
150,,8,1,6,6,0
150,,9,1,6,1,5
150,,10,1,6,3,3
150,,11,1,6,4,2
150,,12,1,6,3,3
150,,13,1,6,5,1
150,,14,1,6,4,2
150,,15,1,6,6,0
150,,0,1,6,2,4
150,,1,1,6,6,0
150,,2,1,6,2,4
150,,3,1,6,5,1
150,,4,1,6,3,3
150,,5,1,6,5,1
150,,6,1,6,5,1
150,,7,1,6,3,3
150,,8,1,6,5,1
150,,9,1,6,5,1
150,,10,1,6,1,5
150,,11,1,6,4,2
150,,12,1,6,4,2
150,,13,1,6,4,2
150,,14,1,6,3,3
150,,15,1,6,6,0
150,,0,1,6,4,2
150,,1,1,6,5,1
150,,2,1,6,1,5
150,,3,1,6,3,3
150,,4,1,6,4,2
150,,5,1,6,4,2
150,,6,1,6,5,1
150,,7,1,6,2,4
150,,8,1,6,4,2
150,,9,1,6,5,1
150,,10,1,6,2,4
150,,11,1,6,4,2
150,,12,1,6,5,1
150,,13,1,6,6,0
150,,14,1,6,3,3
150,,15,1,6,5,1
150,,0,1,6,3,3
150,,1,1,6,4,2
150,,2,1,6,2,4
150,,3,1,6,3,3
150,,4,1,6,5,1
150,,5,1,6,4,2
150,,6,1,6,5,1
150,,7,1,6,2,4
150,,8,1,6,6,0
150,,9,1,6,2,4
150,,10,1,6,2,4
150,,11,1,6,3,3
150,,12,1,6,2,4
150,,13,1,6,4,2
150,,14,1,6,4,2
150,,15,1,6,5,1
150,,0,1,6,2,4
150,,1,1,6,4,2
150,,2,1,6,4,2
150,,3,1,6,5,1
150,,4,1,6,6,0
150,,5,1,6,5,1
150,,6,1,6,5,1
150,,7,1,6,3,3
150,,8,1,6,3,3
150,,9,1,6,6,0
150,,10,1,6,2,4
150,,11,1,6,1,5
150,,12,1,6,2,4
150,,13,1,6,4,2
150,,14,1,6,3,3
150,,15,1,6,5,1
150,,0,1,6,3,3
150,,1,1,6,3,3
150,,2,1,6,3,3
150,,3,1,6,6,0
150,,4,1,6,5,1
150,,5,1,6,5,1
150,,6,1,6,5,1
150,,7,1,6,4,2
150,,8,1,6,2,4
150,,9,1,6,6,0
150,,10,1,6,4,2
150,,11,1,6,2,4
150,,12,1,6,4,2
150,,13,1,6,5,1
150,,14,1,6,5,1
150,,15,1,6,2,4
150,,0,1,6,2,4
150,,1,1,6,4,2
150,,2,1,6,4,2
150,,3,1,6,3,3
150,,4,1,6,6,0
150,,5,1,6,5,1
150,,6,1,6,3,3
150,,7,1,6,2,4
150,,8,1,6,4,2
150,,9,1,6,5,1
150,,10,1,6,4,2
150,,11,1,6,1,5
150,,12,1,6,5,1
150,,13,1,6,5,1
150,,14,1,6,5,1
150,,15,1,6,3,3
150,,0,1,6,4,2
150,,1,1,6,4,2
150,,2,1,6,6,0
150,,3,1,6,6,0
150,,4,1,6,5,1
150,,5,1,6,5,1
150,,6,1,6,5,1
150,,7,1,6,4,2
150,,8,1,6,5,1
150,,9,1,6,4,2
150,,10,1,6,1,5
150,,11,1,6,3,3
150,,12,1,6,3,3
150,,13,1,6,5,1
150,,14,1,6,4,2
150,,15,1,6,5,1
150,,0,1,6,3,3
150,,1,1,6,5,1
150,,2,1,6,4,2
150,,3,1,6,6,0
150,,4,1,6,6,0
150,,5,1,6,4,2
150,,6,1,6,5,1
150,,7,1,6,4,2
150,,8,1,6,3,3
150,,9,1,6,5,1
150,,10,1,6,4,2
150,,11,1,6,2,4
150,,12,1,6,2,4
150,,13,1,6,5,1
150,,14,1,6,4,2
150,,15,1,6,2,4
150,,0,1,6,4,2
150,,1,1,6,4,2
150,,2,1,6,6,0
150,,3,1,6,6,0
150,,4,1,6,5,1
150,,5,1,6,6,0
150,,6,1,6,4,2
150,,7,1,6,6,0
150,,8,1,6,5,1
150,,9,1,6,6,0
150,,10,1,6,3,3
150,,11,1,6,6,0
150,,12,1,6,3,3
150,,13,1,6,2,4
150,,14,1,6,4,2
150,,15,1,6,6,0
150,,0,1,6,3,3
150,,1,1,6,6,0
150,,2,1,6,4,2
150,,3,1,6,6,0
150,,4,1,6,4,2
150,,5,1,6,6,0
150,,6,1,6,6,0
150,,7,1,6,2,4
150,,8,1,6,6,0
150,,9,1,6,5,1
150,,10,1,6,1,5
150,,11,1,6,3,3
150,,12,1,6,2,4
150,,13,1,6,3,3
150,,14,1,6,3,3
150,,15,1,6,6,0
150,,0,1,6,1,5
150,,1,1,6,3,3
150,,2,1,6,5,1
150,,3,1,6,5,1
150,,4,1,6,3,3
150,,5,1,6,3,3
150,,6,1,6,5,1
150,,7,1,6,6,0
150,,8,1,6,5,1
150,,9,1,6,5,1
150,,10,1,6,1,5
150,,11,1,6,1,5
150,,12,1,6,3,3
150,,13,1,6,6,0
150,,14,1,6,5,1
150,,15,1,6,3,3
150,,0,1,6,1,5
150,,1,1,6,4,2
150,,2,1,6,6,0
150,,3,1,6,5,1
150,,4,1,6,4,2
150,,5,1,6,6,0
150,,6,1,6,3,3
150,,7,1,6,4,2
150,,8,1,6,4,2
150,,9,1,6,5,1
150,,10,1,6,3,3
150,,11,1,6,3,3
150,,12,1,6,6,0
150,,13,1,6,4,2
150,,14,1,6,5,1
150,,15,1,6,5,1
150,,0,1,6,2,4
150,,1,1,6,5,1
150,,2,1,6,4,2
150,,3,1,6,6,0
150,,4,1,6,4,2
150,,5,1,6,6,0
150,,6,1,6,6,0
150,,7,1,6,4,2
150,,8,1,6,4,2
150,,9,1,6,5,1
150,,10,1,6,3,3
150,,11,1,6,0,6
150,,12,1,6,2,4
150,,13,1,6,5,1
150,,14,1,6,1,5
150,,15,1,6,5,1
150,,0,1,6,1,5
150,,1,1,6,5,1
150,,2,1,6,4,2
150,,3,1,6,6,0
150,,4,1,6,4,2
150,,5,1,6,4,2
150,,6,1,6,6,0
150,,7,1,6,5,1
150,,8,1,6,3,3
150,,9,1,6,4,2
150,,10,1,6,4,2
150,,11,1,6,4,2
150,,12,1,6,2,4
150,,13,1,6,6,0
150,,14,1,6,3,3
150,,15,1,6,6,0
150,,0,1,6,0,6
150,,1,1,6,5,1
150,,2,1,6,5,1
150,,3,1,6,6,0
150,,4,1,6,5,1
150,,5,1,6,6,0
150,,6,1,6,3,3
150,,7,1,6,6,0
150,,8,1,6,4,2
150,,9,1,6,4,2
150,,10,1,6,2,4
150,,11,1,6,1,5
150,,12,1,6,3,3
150,,13,1,6,6,0
150,,14,1,6,4,2
150,,15,1,6,5,1
150,,0,1,6,3,3
150,,1,1,6,5,1
150,,2,1,6,6,0
150,,3,1,6,5,1
150,,4,1,6,6,0
150,,5,1,6,5,1
150,,6,1,6,4,2
150,,7,1,6,6,0
150,,8,1,6,5,1
150,,9,1,6,4,2
150,,10,1,6,1,5
150,,11,1,6,5,1
150,,12,1,6,1,5
150,,13,1,6,5,1
150,,14,1,6,2,4
150,,15,1,6,5,1
150,,0,1,6,1,5
150,,1,1,6,5,1
150,,2,1,6,5,1
150,,3,1,6,6,0
150,,4,1,6,3,3
150,,5,1,6,5,1
150,,6,1,6,3,3
150,,7,1,6,6,0
150,,8,1,6,6,0
150,,9,1,6,5,1
150,,10,1,6,5,1
150,,11,1,6,2,4
150,,12,1,6,3,3
150,,13,1,6,4,2
150,,14,1,6,5,1
150,,15,1,6,6,0
150,,0,1,6,2,4
150,,1,1,6,4,2
150,,2,1,6,6,0
150,,3,1,6,4,2
150,,4,1,6,5,1
150,,5,1,6,4,2
150,,6,1,6,5,1
150,,7,1,6,6,0
150,,8,1,6,4,2
150,,9,1,6,5,1
150,,10,1,6,2,4
150,,11,1,6,4,2
150,,12,1,6,1,5
150,,13,1,6,3,3
150,,14,1,6,2,4
150,,15,1,6,5,1
150,,0,1,6,4,2
150,,1,1,6,5,1
150,,2,1,6,5,1
150,,3,1,6,4,2
150,,4,1,6,3,3
150,,5,1,6,5,1
150,,6,1,6,4,2
150,,7,1,6,5,1
150,,8,1,6,4,2
150,,9,1,6,6,0
150,,10,1,6,0,6
150,,11,1,6,3,3
150,,12,1,6,3,3
150,,13,1,6,5,1
150,,14,1,6,2,4
150,,15,1,6,5,1
150,,0,1,6,5,1
150,,1,1,6,6,0
150,,2,1,6,2,4
150,,3,1,6,5,1
150,,4,1,6,5,1
150,,5,1,6,5,1
150,,6,1,6,6,0
150,,7,1,6,6,0
150,,8,1,6,5,1
150,,9,1,6,5,1
150,,10,1,6,1,5
150,,11,1,6,3,3
150,,12,1,6,4,2
150,,13,1,6,5,1
150,,14,1,6,2,4
150,,15,1,6,6,0
150,,0,1,6,4,2
150,,1,1,6,2,4
150,,2,1,6,4,2
150,,3,1,6,4,2
150,,4,1,6,2,4
150,,5,1,6,6,0
150,,6,1,6,4,2
150,,7,1,6,5,1
150,,8,1,6,4,2
150,,9,1,6,5,1
150,,10,1,6,3,3
150,,11,1,6,5,1
150,,12,1,6,3,3
150,,13,1,6,4,2
150,,14,1,6,4,2
150,,15,1,6,5,1
150,,0,1,6,3,3
150,,1,1,6,5,1
150,,2,1,6,4,2
150,,3,1,6,6,0
150,,4,1,6,3,3
150,,5,1,6,6,0
150,,6,1,6,6,0
150,,7,1,6,4,2
150,,8,1,6,3,3
150,,9,1,6,2,4
150,,10,1,6,1,5
150,,11,1,6,2,4
150,,12,1,6,0,6
150,,13,1,6,3,3
150,,14,1,6,4,2
150,,15,1,6,4,2
150,,0,1,6,4,2
150,,1,1,6,5,1
150,,2,1,6,6,0
150,,3,1,6,4,2
150,,4,1,6,3,3
150,,5,1,6,4,2
150,,6,1,6,4,2
150,,7,1,6,1,5
150,,8,1,6,4,2
150,,9,1,6,4,2
150,,10,1,6,2,4
150,,11,1,6,5,1
150,,12,1,6,4,2
150,,13,1,6,3,3
150,,14,1,6,6,0
150,,15,1,6,6,0
150,,0,1,6,3,3
150,,1,1,6,2,4
150,,2,1,6,5,1
150,,3,1,6,6,0
150,,4,1,6,3,3
150,,5,1,6,5,1
150,,6,1,6,6,0
150,,7,1,6,4,2
150,,8,1,6,6,0
150,,9,1,6,4,2
150,,10,1,6,3,3
150,,11,1,6,1,5
150,,12,1,6,3,3
150,,13,1,6,3,3
150,,14,1,6,0,6
150,,15,1,6,4,2
150,,0,1,6,4,2
150,,1,1,6,3,3
150,,2,1,6,6,0
150,,3,1,6,5,1
150,,4,1,6,4,2
150,,5,1,6,5,1
150,,6,1,6,4,2
150,,7,1,6,3,3
150,,8,1,6,5,1
150,,9,1,6,2,4
150,,10,1,6,2,4
150,,11,1,6,3,3
150,,12,1,6,4,2
150,,13,1,6,3,3
150,,14,1,6,2,4
150,,15,1,6,5,1
150,,0,1,6,2,4
150,,1,1,6,5,1
150,,2,1,6,3,3
150,,3,1,6,4,2
150,,4,1,6,1,5
150,,5,1,6,5,1
150,,6,1,6,4,2
150,,7,1,6,5,1
150,,8,1,6,5,1
150,,9,1,6,3,3
150,,10,1,6,1,5
150,,11,1,6,4,2
150,,12,1,6,3,3
150,,13,1,6,6,0
150,,14,1,6,5,1
150,,15,1,6,5,1
150,,0,1,6,2,4
150,,1,1,6,4,2
150,,2,1,6,4,2
150,,3,1,6,4,2
150,,4,1,6,2,4
150,,5,1,6,4,2
150,,6,1,6,5,1
150,,7,1,6,4,2
150,,8,1,6,1,5
150,,9,1,6,4,2
150,,10,1,6,1,5
150,,11,1,6,2,4
150,,12,1,6,3,3
150,,13,1,6,3,3
150,,14,1,6,2,4
150,,15,1,6,5,1
150,,0,1,6,0,6
150,,1,1,6,6,0
150,,2,1,6,3,3
150,,3,1,6,6,0
150,,4,1,6,5,1
150,,5,1,6,4,2
150,,6,1,6,6,0
150,,7,1,6,3,3
150,,8,1,6,6,0
150,,9,1,6,5,1
150,,10,1,6,1,5
150,,11,1,6,3,3
150,,12,1,6,2,4
150,,13,1,6,6,0
150,,14,1,6,3,3
150,,15,1,6,4,2
150,,0,1,6,2,4
150,,1,1,6,4,2
150,,2,1,6,6,0
150,,3,1,6,3,3
150,,4,1,6,3,3
150,,5,1,6,0,6
150,,6,1,6,5,1
150,,7,1,6,3,3
150,,8,1,6,5,1
150,,9,1,6,4,2
150,,10,1,6,4,2
150,,11,1,6,3,3
150,,12,1,6,3,3
150,,13,1,6,5,1
150,,14,1,6,4,2
150,,15,1,6,5,1
150,,0,1,6,2,4
150,,1,1,6,5,1
150,,2,1,6,5,1
150,,3,1,6,3,3
150,,4,1,6,3,3
150,,5,1,6,3,3
150,,6,1,6,4,2
150,,7,1,6,2,4
150,,8,1,6,4,2
150,,9,1,6,2,4
150,,10,1,6,3,3
150,,11,1,6,3,3
150,,12,1,6,4,2
150,,13,1,6,3,3
150,,14,1,6,0,6
150,,15,1,6,6,0
150,,0,1,6,1,5
150,,1,1,6,3,3
150,,2,1,6,4,2
150,,3,1,6,3,3
150,,4,1,6,2,4
150,,5,1,6,2,4
150,,6,1,6,6,0
150,,7,1,6,5,1
150,,8,1,6,4,2
150,,9,1,6,4,2
150,,10,1,6,4,2
150,,11,1,6,2,4
150,,12,1,6,4,2
150,,13,1,6,4,2
150,,14,1,6,1,5
150,,15,1,6,4,2
150,,0,1,6,4,2
150,,1,1,6,5,1
150,,2,1,6,4,2
150,,3,1,6,4,2
150,,4,1,6,1,5
150,,5,1,6,3,3
150,,6,1,6,5,1
150,,7,1,6,3,3
150,,8,1,6,5,1
150,,9,1,6,2,4
150,,10,1,6,5,1
150,,11,1,6,2,4
150,,12,1,6,1,5
150,,13,1,6,4,2
150,,14,1,6,2,4
150,,15,1,6,5,1
150,,0,1,6,3,3
150,,1,1,6,3,3
150,,2,1,6,5,1
150,,3,1,6,4,2
150,,4,1,6,1,5
150,,5,1,6,2,4
150,,6,1,6,5,1
150,,7,1,6,4,2
150,,8,1,6,4,2
150,,9,1,6,2,4
150,,10,1,6,2,4
150,,11,1,6,6,0
150,,12,1,6,4,2
150,,13,1,6,3,3
150,,14,1,6,2,4
150,,15,1,6,5,1
150,,0,1,6,2,4
150,,1,1,6,3,3
150,,2,1,6,4,2
150,,3,1,6,2,4
150,,4,1,6,1,5
150,,5,1,6,3,3
150,,6,1,6,3,3
150,,7,1,6,0,6
150,,8,1,6,4,2
150,,9,1,6,1,5
150,,10,1,6,1,5
150,,11,1,6,3,3
150,,12,1,6,1,5
150,,13,1,6,0,6
150,,14,1,6,2,4
150,,15,1,6,6,0
200,,0,1,6,2,4
200,,1,1,6,1,5
200,,2,1,6,1,5
200,,3,1,6,0,6
200,,4,1,6,1,5
200,,5,1,6,2,4
200,,6,1,6,2,4
200,,7,1,6,0,6
200,,8,1,6,3,3
200,,9,1,6,1,5
200,,10,1,6,0,6
200,,11,1,6,4,2
200,,12,1,6,0,6
200,,13,1,6,0,6
200,,14,1,6,0,6
200,,15,1,6,1,5
200,,0,1,6,3,3
200,,1,1,6,6,0
200,,2,1,6,1,5
200,,3,1,6,5,1
200,,4,1,6,0,6
200,,5,1,6,6,0
200,,6,1,6,0,6
200,,7,1,6,0,6
200,,8,1,6,1,5
200,,9,1,6,2,4
200,,10,1,6,1,5
200,,11,1,6,2,4
200,,12,1,6,1,5
200,,13,1,6,4,2
200,,14,1,6,0,6
200,,15,1,6,1,5
200,,0,1,6,2,4
200,,1,1,6,4,2
200,,2,1,6,2,4
200,,3,1,6,2,4
200,,4,1,6,3,3
200,,5,1,6,2,4
200,,6,1,6,4,2
200,,7,1,6,2,4
200,,8,1,6,3,3
200,,9,1,6,2,4
200,,10,1,6,0,6
200,,11,1,6,1,5
200,,12,1,6,0,6
200,,13,1,6,4,2
200,,14,1,6,0,6
200,,15,1,6,5,1
200,,0,1,6,3,3
200,,1,1,6,5,1
200,,2,1,6,2,4
200,,3,1,6,5,1
200,,4,1,6,4,2
200,,5,1,6,4,2
200,,6,1,6,6,0
200,,7,1,6,3,3
200,,8,1,6,4,2
200,,9,1,6,0,6
200,,10,1,6,1,5
200,,11,1,6,2,4
200,,12,1,6,1,5
200,,13,1,6,6,0
200,,14,1,6,2,4
200,,15,1,6,5,1
200,,0,1,6,4,2
200,,1,1,6,5,1
200,,2,1,6,3,3
200,,3,1,6,5,1
200,,4,1,6,2,4
200,,5,1,6,3,3
200,,6,1,6,2,4
200,,7,1,6,1,5
200,,8,1,6,1,5
200,,9,1,6,4,2
200,,10,1,6,1,5
200,,11,1,6,3,3
200,,12,1,6,2,4
200,,13,1,6,2,4
200,,14,1,6,2,4
200,,15,1,6,5,1
200,,0,1,6,3,3
200,,1,1,6,2,4
200,,2,1,6,5,1
200,,3,1,6,2,4
200,,4,1,6,2,4
200,,5,1,6,3,3
200,,6,1,6,3,3
200,,7,1,6,4,2
200,,8,1,6,3,3
200,,9,1,6,2,4
200,,10,1,6,2,4
200,,11,1,6,2,4
200,,12,1,6,0,6
200,,13,1,6,3,3
200,,14,1,6,1,5
200,,15,1,6,1,5
200,,0,1,6,3,3
200,,1,1,6,5,1
200,,2,1,6,3,3
200,,3,1,6,2,4
200,,4,1,6,2,4
200,,5,1,6,1,5
200,,6,1,6,4,2
200,,7,1,6,1,5
200,,8,1,6,1,5
200,,9,1,6,3,3
200,,10,1,6,2,4
200,,11,1,6,6,0
200,,12,1,6,2,4
200,,13,1,6,3,3
200,,14,1,6,4,2
200,,15,1,6,5,1
200,,0,1,6,4,2
200,,1,1,6,6,0
200,,2,1,6,2,4
200,,3,1,6,1,5
200,,4,1,6,1,5
200,,5,1,6,4,2
200,,6,1,6,0,6
200,,7,1,6,2,4
200,,8,1,6,2,4
200,,9,1,6,3,3
200,,10,1,6,3,3
200,,11,1,6,1,5
200,,12,1,6,1,5
200,,13,1,6,1,5
200,,14,1,6,2,4
200,,15,1,6,6,0
200,,0,1,6,2,4
200,,1,1,6,2,4
200,,2,1,6,2,4
200,,3,1,6,3,3
200,,4,1,6,0,6
200,,5,1,6,1,5
200,,6,1,6,0,6
200,,7,1,6,5,1
200,,8,1,6,1,5
200,,9,1,6,3,3
200,,10,1,6,3,3
200,,11,1,6,2,4
200,,12,1,6,1,5
200,,13,1,6,4,2
200,,14,1,6,4,2
200,,15,1,6,3,3
200,,0,1,6,2,4
200,,1,1,6,1,5
200,,2,1,6,2,4
200,,3,1,6,3,3
200,,4,1,6,0,6
200,,5,1,6,1,5
200,,6,1,6,0,6
200,,7,1,6,0,6
200,,8,1,6,3,3
200,,9,1,6,4,2
200,,10,1,6,1,5
200,,11,1,6,2,4
200,,12,1,6,2,4
200,,13,1,6,3,3
200,,14,1,6,1,5
200,,15,1,6,6,0
200,,0,1,6,6,0
200,,1,1,6,3,3
200,,2,1,6,4,2
200,,3,1,6,6,0
200,,4,1,6,1,5
200,,5,1,6,0,6
200,,6,1,6,0,6
200,,7,1,6,4,2
200,,8,1,6,3,3
200,,9,1,6,5,1
200,,10,1,6,2,4
200,,11,1,6,3,3
200,,12,1,6,0,6
200,,13,1,6,5,1
200,,14,1,6,3,3
200,,15,1,6,5,1
200,,0,1,6,0,6
200,,1,1,6,3,3
200,,2,1,6,6,0
200,,3,1,6,0,6
200,,4,1,6,2,4
200,,5,1,6,1,5
200,,6,1,6,1,5
200,,7,1,6,3,3
200,,8,1,6,2,4
200,,9,1,6,3,3
200,,10,1,6,2,4
200,,11,1,6,0,6
200,,12,1,6,1,5
200,,13,1,6,5,1
200,,14,1,6,3,3
200,,15,1,6,4,2
200,,0,1,6,1,5
200,,1,1,6,5,1
200,,2,1,6,3,3
200,,3,1,6,5,1
200,,4,1,6,3,3
200,,5,1,6,2,4
200,,6,1,6,0,6
200,,7,1,6,0,6
200,,8,1,6,2,4
200,,9,1,6,4,2
200,,10,1,6,3,3
200,,11,1,6,1,5
200,,12,1,6,1,5
200,,13,1,6,4,2
200,,14,1,6,2,4
200,,15,1,6,6,0
200,,0,1,6,1,5
200,,1,1,6,0,6
200,,2,1,6,5,1
200,,3,1,6,2,4
200,,4,1,6,4,2
200,,5,1,6,1,5
200,,6,1,6,1,5
200,,7,1,6,3,3
200,,8,1,6,3,3
200,,9,1,6,6,0
200,,10,1,6,1,5
200,,11,1,6,2,4
200,,12,1,6,3,3
200,,13,1,6,1,5
200,,14,1,6,0,6
200,,15,1,6,5,1
200,,0,1,6,4,2
200,,1,1,6,4,2
200,,2,1,6,5,1
200,,3,1,6,5,1
200,,4,1,6,1,5
200,,5,1,6,1,5
200,,6,1,6,0,6
200,,7,1,6,3,3
200,,8,1,6,1,5
200,,9,1,6,2,4
200,,10,1,6,6,0
200,,11,1,6,0,6
200,,12,1,6,0,6
200,,13,1,6,3,3
200,,14,1,6,2,4
200,,15,1,6,4,2
200,,0,1,6,4,2
200,,1,1,6,3,3
200,,2,1,6,5,1
200,,3,1,6,3,3
200,,4,1,6,1,5
200,,5,1,6,0,6
200,,6,1,6,0,6
200,,7,1,6,0,6
200,,8,1,6,2,4
200,,9,1,6,6,0
200,,10,1,6,0,6
200,,11,1,6,5,1
200,,12,1,6,2,4
200,,13,1,6,2,4
200,,14,1,6,0,6
200,,15,1,6,5,1
200,,0,1,6,4,2
200,,1,1,6,5,1
200,,2,1,6,4,2
200,,3,1,6,3,3
200,,4,1,6,3,3
200,,5,1,6,2,4
200,,6,1,6,0,6
200,,7,1,6,3,3
200,,8,1,6,1,5
200,,9,1,6,5,1
200,,10,1,6,3,3
200,,11,1,6,1,5
200,,12,1,6,2,4
200,,13,1,6,3,3
200,,14,1,6,1,5
200,,15,1,6,1,5
200,,0,1,6,2,4
200,,1,1,6,4,2
200,,2,1,6,3,3
200,,3,1,6,6,0
200,,4,1,6,3,3
200,,5,1,6,0,6
200,,6,1,6,1,5
200,,7,1,6,2,4
200,,8,1,6,1,5
200,,9,1,6,2,4
200,,10,1,6,4,2
200,,11,1,6,2,4
200,,12,1,6,3,3
200,,13,1,6,6,0
200,,14,1,6,5,1
200,,15,1,6,4,2
200,,0,1,6,3,3
200,,1,1,6,6,0
200,,2,1,6,2,4
200,,3,1,6,4,2
200,,4,1,6,2,4
200,,5,1,6,4,2
200,,6,1,6,1,5
200,,7,1,6,4,2
200,,8,1,6,5,1
200,,9,1,6,4,2
200,,10,1,6,4,2
200,,11,1,6,3,3
200,,12,1,6,4,2
200,,13,1,6,3,3
200,,14,1,6,1,5
200,,15,1,6,4,2
200,,0,1,6,3,3
200,,1,1,6,5,1
200,,2,1,6,3,3
200,,3,1,6,5,1
200,,4,1,6,2,4
200,,5,1,6,0,6
200,,6,1,6,0,6
200,,7,1,6,2,4
200,,8,1,6,5,1
200,,9,1,6,4,2
200,,10,1,6,3,3
200,,11,1,6,3,3
200,,12,1,6,2,4
200,,13,1,6,6,0
200,,14,1,6,5,1
200,,15,1,6,5,1
200,,0,1,6,2,4
200,,1,1,6,5,1
200,,2,1,6,6,0
200,,3,1,6,5,1
200,,4,1,6,3,3
200,,5,1,6,2,4
200,,6,1,6,2,4
200,,7,1,6,4,2
200,,8,1,6,4,2
200,,9,1,6,5,1
200,,10,1,6,4,2
200,,11,1,6,2,4
200,,12,1,6,3,3
200,,13,1,6,5,1
200,,14,1,6,6,0
200,,15,1,6,6,0
200,,0,1,6,3,3
200,,1,1,6,4,2
200,,2,1,6,4,2
200,,3,1,6,5,1
200,,4,1,6,1,5
200,,5,1,6,2,4
200,,6,1,6,0,6
200,,7,1,6,6,0
200,,8,1,6,4,2
200,,9,1,6,5,1
200,,10,1,6,6,0
200,,11,1,6,4,2
200,,12,1,6,3,3
200,,13,1,6,6,0
200,,14,1,6,3,3
200,,15,1,6,6,0
200,,0,1,6,5,1
200,,1,1,6,6,0
200,,2,1,6,6,0
200,,3,1,6,5,1
200,,4,1,6,3,3
200,,5,1,6,2,4
200,,6,1,6,3,3
200,,7,1,6,3,3
200,,8,1,6,2,4
200,,9,1,6,6,0
200,,10,1,6,3,3
200,,11,1,6,3,3
200,,12,1,6,5,1
200,,13,1,6,3,3
200,,14,1,6,3,3
200,,15,1,6,6,0
200,,0,1,6,3,3
200,,1,1,6,4,2
200,,2,1,6,5,1
200,,3,1,6,6,0
200,,4,1,6,5,1
200,,5,1,6,1,5
200,,6,1,6,4,2
200,,7,1,6,4,2
200,,8,1,6,3,3
200,,9,1,6,4,2
200,,10,1,6,5,1
200,,11,1,6,3,3
200,,12,1,6,4,2
200,,13,1,6,6,0
200,,14,1,6,5,1
200,,15,1,6,5,1
200,,0,1,6,4,2
200,,1,1,6,6,0
200,,2,1,6,6,0
200,,3,1,6,5,1
200,,4,1,6,1,5
200,,5,1,6,4,2
200,,6,1,6,2,4
200,,7,1,6,0,6
200,,8,1,6,5,1
200,,9,1,6,3,3
200,,10,1,6,5,1
200,,11,1,6,4,2
200,,12,1,6,3,3
200,,13,1,6,3,3
200,,14,1,6,5,1
200,,15,1,6,6,0
200,,0,1,6,2,4
200,,1,1,6,3,3
200,,2,1,6,6,0
200,,3,1,6,3,3
200,,4,1,6,6,0
200,,5,1,6,2,4
200,,6,1,6,3,3
200,,7,1,6,6,0
200,,8,1,6,3,3
200,,9,1,6,4,2
200,,10,1,6,5,1
200,,11,1,6,6,0
200,,12,1,6,4,2
200,,13,1,6,6,0
200,,14,1,6,5,1
200,,15,1,6,4,2
200,,0,1,6,6,0
200,,1,1,6,5,1
200,,2,1,6,6,0
200,,3,1,6,3,3
200,,4,1,6,4,2
200,,5,1,6,6,0
200,,6,1,6,6,0
200,,7,1,6,2,4
200,,8,1,6,6,0
200,,9,1,6,4,2
200,,10,1,6,5,1
200,,11,1,6,4,2
200,,12,1,6,6,0
200,,13,1,6,3,3
200,,14,1,6,4,2
200,,15,1,6,4,2
200,,0,1,6,5,1
200,,1,1,6,5,1
200,,2,1,6,3,3
200,,3,1,6,5,1
200,,4,1,6,6,0
200,,5,1,6,1,5
200,,6,1,6,6,0
200,,7,1,6,1,5
200,,8,1,6,2,4
200,,9,1,6,4,2
200,,10,1,6,3,3
200,,11,1,6,4,2
200,,12,1,6,5,1
200,,13,1,6,5,1
200,,14,1,6,5,1
200,,15,1,6,6,0
200,,0,1,6,5,1
200,,1,1,6,6,0
200,,2,1,6,5,1
200,,3,1,6,4,2
200,,4,1,6,4,2
200,,5,1,6,3,3
200,,6,1,6,2,4
200,,7,1,6,3,3
200,,8,1,6,5,1
200,,9,1,6,5,1
200,,10,1,6,6,0
200,,11,1,6,4,2
200,,12,1,6,5,1
200,,13,1,6,5,1
200,,14,1,6,4,2
200,,15,1,6,4,2
200,,0,1,6,4,2
200,,1,1,6,5,1
200,,2,1,6,1,5
200,,3,1,6,4,2
200,,4,1,6,5,1
200,,5,1,6,2,4
200,,6,1,6,4,2
200,,7,1,6,4,2
200,,8,1,6,2,4
200,,9,1,6,4,2
200,,10,1,6,4,2
200,,11,1,6,6,0
200,,12,1,6,4,2
200,,13,1,6,5,1
200,,14,1,6,5,1
200,,15,1,6,4,2
200,,0,1,6,4,2
200,,1,1,6,6,0
200,,2,1,6,3,3
200,,3,1,6,6,0
200,,4,1,6,4,2
200,,5,1,6,3,3
200,,6,1,6,4,2
200,,7,1,6,3,3
200,,8,1,6,4,2
200,,9,1,6,5,1
200,,10,1,6,3,3
200,,11,1,6,1,5
200,,12,1,6,4,2
200,,13,1,6,6,0
200,,14,1,6,4,2
200,,15,1,6,4,2
200,,0,1,6,1,5
200,,1,1,6,5,1
200,,2,1,6,4,2
200,,3,1,6,2,4
200,,4,1,6,4,2
200,,5,1,6,2,4
200,,6,1,6,4,2
200,,7,1,6,1,5
200,,8,1,6,3,3
200,,9,1,6,3,3
200,,10,1,6,4,2
200,,11,1,6,6,0
200,,12,1,6,6,0
200,,13,1,6,1,5
200,,14,1,6,5,1
200,,15,1,6,5,1
200,,0,1,6,6,0
200,,1,1,6,5,1
200,,2,1,6,5,1
200,,3,1,6,4,2
200,,4,1,6,5,1
200,,5,1,6,1,5
200,,6,1,6,6,0
200,,7,1,6,4,2
200,,8,1,6,3,3
200,,9,1,6,4,2
200,,10,1,6,5,1
200,,11,1,6,6,0
200,,12,1,6,6,0
200,,13,1,6,4,2
200,,14,1,6,6,0
200,,15,1,6,5,1
200,,0,1,6,5,1
200,,1,1,6,5,1
200,,2,1,6,2,4
200,,3,1,6,4,2
200,,4,1,6,5,1
200,,5,1,6,4,2
200,,6,1,6,6,0
200,,7,1,6,4,2
200,,8,1,6,4,2
200,,9,1,6,5,1
200,,10,1,6,4,2
200,,11,1,6,3,3
200,,12,1,6,6,0
200,,13,1,6,5,1
200,,14,1,6,5,1
200,,15,1,6,2,4
200,,0,1,6,4,2
200,,1,1,6,4,2
200,,2,1,6,5,1
200,,3,1,6,5,1
200,,4,1,6,4,2
200,,5,1,6,3,3
200,,6,1,6,4,2
200,,7,1,6,3,3
200,,8,1,6,3,3
200,,9,1,6,4,2
200,,10,1,6,5,1
200,,11,1,6,4,2
200,,12,1,6,6,0
200,,13,1,6,6,0
200,,14,1,6,4,2
200,,15,1,6,3,3
200,,0,1,6,4,2
200,,1,1,6,4,2
200,,2,1,6,5,1
200,,3,1,6,5,1
200,,4,1,6,4,2
200,,5,1,6,2,4
200,,6,1,6,5,1
200,,7,1,6,5,1
200,,8,1,6,3,3
200,,9,1,6,3,3
200,,10,1,6,5,1
200,,11,1,6,4,2
200,,12,1,6,5,1
200,,13,1,6,3,3
200,,14,1,6,5,1
200,,15,1,6,5,1
200,,0,1,6,6,0
200,,1,1,6,4,2
200,,2,1,6,3,3
200,,3,1,6,6,0
200,,4,1,6,5,1
200,,5,1,6,1,5
200,,6,1,6,5,1
200,,7,1,6,2,4
200,,8,1,6,6,0
200,,9,1,6,4,2
200,,10,1,6,6,0
200,,11,1,6,3,3
200,,12,1,6,5,1
200,,13,1,6,6,0
200,,14,1,6,6,0
200,,15,1,6,4,2
200,,0,1,6,6,0
200,,1,1,6,5,1
200,,2,1,6,6,0
200,,3,1,6,5,1
200,,4,1,6,6,0
200,,5,1,6,4,2
200,,6,1,6,4,2
200,,7,1,6,3,3
200,,8,1,6,3,3
200,,9,1,6,4,2
200,,10,1,6,6,0
200,,11,1,6,5,1
200,,12,1,6,6,0
200,,13,1,6,5,1
200,,14,1,6,3,3
200,,15,1,6,4,2
200,,0,1,6,6,0
200,,1,1,6,6,0
200,,2,1,6,5,1
200,,3,1,6,5,1
200,,4,1,6,5,1
200,,5,1,6,4,2
200,,6,1,6,5,1
200,,7,1,6,5,1
200,,8,1,6,4,2
200,,9,1,6,5,1
200,,10,1,6,5,1
200,,11,1,6,5,1
200,,12,1,6,5,1
200,,13,1,6,5,1
200,,14,1,6,5,1
200,,15,1,6,5,1
200,,0,1,6,3,3
200,,1,1,6,5,1
200,,2,1,6,5,1
200,,3,1,6,5,1
200,,4,1,6,3,3
200,,5,1,6,1,5
200,,6,1,6,4,2
200,,7,1,6,2,4
200,,8,1,6,4,2
200,,9,1,6,5,1
200,,10,1,6,6,0
200,,11,1,6,3,3
200,,12,1,6,6,0
200,,13,1,6,5,1
200,,14,1,6,5,1
200,,15,1,6,4,2
200,,0,1,6,5,1
200,,1,1,6,5,1
200,,2,1,6,6,0
200,,3,1,6,5,1
200,,4,1,6,4,2
200,,5,1,6,3,3
200,,6,1,6,5,1
200,,7,1,6,5,1
200,,8,1,6,5,1
200,,9,1,6,3,3
200,,10,1,6,5,1
200,,11,1,6,2,4
200,,12,1,6,6,0
200,,13,1,6,6,0
200,,14,1,6,5,1
200,,15,1,6,5,1
200,,0,1,6,6,0
200,,1,1,6,6,0
200,,2,1,6,5,1
200,,3,1,6,5,1
200,,4,1,6,3,3
200,,5,1,6,1,5
200,,6,1,6,3,3
200,,7,1,6,4,2
200,,8,1,6,5,1
200,,9,1,6,4,2
200,,10,1,6,4,2
200,,11,1,6,6,0
200,,12,1,6,5,1
200,,13,1,6,6,0
200,,14,1,6,3,3
200,,15,1,6,5,1
200,,0,1,6,4,2
200,,1,1,6,4,2
200,,2,1,6,5,1
200,,3,1,6,3,3
200,,4,1,6,5,1
200,,5,1,6,3,3
200,,6,1,6,6,0
200,,7,1,6,4,2
200,,8,1,6,5,1
200,,9,1,6,6,0
200,,10,1,6,4,2
200,,11,1,6,5,1
200,,12,1,6,5,1
200,,13,1,6,6,0
200,,14,1,6,6,0
200,,15,1,6,6,0
200,,0,1,6,3,3
200,,1,1,6,5,1
200,,2,1,6,5,1
200,,3,1,6,6,0
200,,4,1,6,5,1
200,,5,1,6,4,2
200,,6,1,6,2,4
200,,7,1,6,5,1
200,,8,1,6,3,3
200,,9,1,6,2,4
200,,10,1,6,4,2
200,,11,1,6,3,3
200,,12,1,6,5,1
200,,13,1,6,6,0
200,,14,1,6,5,1
200,,15,1,6,6,0
200,,0,1,6,4,2
200,,1,1,6,6,0
200,,2,1,6,5,1
200,,3,1,6,5,1
200,,4,1,6,5,1
200,,5,1,6,3,3
200,,6,1,6,3,3
200,,7,1,6,3,3
200,,8,1,6,1,5
200,,9,1,6,6,0
200,,10,1,6,4,2
200,,11,1,6,4,2
200,,12,1,6,5,1
200,,13,1,6,5,1
200,,14,1,6,4,2
200,,15,1,6,5,1
200,,0,1,6,4,2
200,,1,1,6,6,0
200,,2,1,6,4,2
200,,3,1,6,4,2
200,,4,1,6,3,3
200,,5,1,6,5,1
200,,6,1,6,4,2
200,,7,1,6,5,1
200,,8,1,6,5,1
200,,9,1,6,3,3
200,,10,1,6,6,0
200,,11,1,6,5,1
200,,12,1,6,5,1
200,,13,1,6,3,3
200,,14,1,6,4,2
200,,15,1,6,6,0
200,,0,1,6,3,3
200,,1,1,6,5,1
200,,2,1,6,6,0
200,,3,1,6,6,0
200,,4,1,6,4,2
200,,5,1,6,3,3
200,,6,1,6,2,4
200,,7,1,6,4,2
200,,8,1,6,1,5
200,,9,1,6,2,4
200,,10,1,6,4,2
200,,11,1,6,4,2
200,,12,1,6,5,1
200,,13,1,6,4,2
200,,14,1,6,4,2
200,,15,1,6,5,1
200,,0,1,6,0,6
200,,1,1,6,6,0
200,,2,1,6,4,2
200,,3,1,6,5,1
200,,4,1,6,6,0
200,,5,1,6,3,3
200,,6,1,6,1,5
200,,7,1,6,4,2
200,,8,1,6,6,0
200,,9,1,6,2,4
200,,10,1,6,6,0
200,,11,1,6,6,0
200,,12,1,6,3,3
200,,13,1,6,6,0
200,,14,1,6,3,3
200,,15,1,6,4,2
200,,0,1,6,3,3
200,,1,1,6,5,1
200,,2,1,6,6,0
200,,3,1,6,5,1
200,,4,1,6,4,2
200,,5,1,6,5,1
200,,6,1,6,2,4
200,,7,1,6,3,3
200,,8,1,6,2,4
200,,9,1,6,5,1
200,,10,1,6,6,0
200,,11,1,6,5,1
200,,12,1,6,5,1
200,,13,1,6,4,2
200,,14,1,6,5,1
200,,15,1,6,3,3
200,,0,1,6,4,2
200,,1,1,6,5,1
200,,2,1,6,5,1
200,,3,1,6,5,1
200,,4,1,6,1,5
200,,5,1,6,3,3
200,,6,1,6,1,5
200,,7,1,6,2,4
200,,8,1,6,2,4
200,,9,1,6,2,4
200,,10,1,6,6,0
200,,11,1,6,5,1
200,,12,1,6,4,2
200,,13,1,6,5,1
200,,14,1,6,5,1
200,,15,1,6,2,4
200,,0,1,6,1,5
200,,1,1,6,5,1
200,,2,1,6,1,5
200,,3,1,6,3,3
200,,4,1,6,6,0
200,,5,1,6,3,3
200,,6,1,6,2,4
200,,7,1,6,2,4
200,,8,1,6,4,2
200,,9,1,6,2,4
200,,10,1,6,3,3
200,,11,1,6,4,2
200,,12,1,6,3,3
200,,13,1,6,4,2
200,,14,1,6,4,2
200,,15,1,6,6,0
200,,0,1,6,3,3
200,,1,1,6,5,1
200,,2,1,6,5,1
200,,3,1,6,4,2
200,,4,1,6,2,4
200,,5,1,6,4,2
200,,6,1,6,1,5
200,,7,1,6,4,2
200,,8,1,6,2,4
200,,9,1,6,4,2
200,,10,1,6,3,3
200,,11,1,6,6,0
200,,12,1,6,4,2
200,,13,1,6,5,1
200,,14,1,6,2,4
200,,15,1,6,6,0
200,,0,1,6,4,2
200,,1,1,6,2,4
200,,2,1,6,5,1
200,,3,1,6,1,5
200,,4,1,6,6,0
200,,5,1,6,2,4
200,,6,1,6,1,5
200,,7,1,6,2,4
200,,8,1,6,2,4
200,,9,1,6,2,4
200,,10,1,6,4,2
200,,11,1,6,4,2
200,,12,1,6,3,3
200,,13,1,6,3,3
200,,14,1,6,5,1
200,,15,1,6,3,3
200,,0,1,6,3,3
200,,1,1,6,1,5
200,,2,1,6,5,1
200,,3,1,6,1,5
200,,4,1,6,2,4
200,,5,1,6,3,3
200,,6,1,6,2,4
200,,7,1,6,4,2
200,,8,1,6,1,5
200,,9,1,6,6,0
200,,10,1,6,4,2
200,,11,1,6,4,2
200,,12,1,6,4,2
200,,13,1,6,5,1
200,,14,1,6,3,3
200,,15,1,6,2,4
200,,0,1,6,3,3
200,,1,1,6,5,1
200,,2,1,6,2,4
200,,3,1,6,4,2
200,,4,1,6,2,4
200,,5,1,6,4,2
200,,6,1,6,2,4
200,,7,1,6,2,4
200,,8,1,6,3,3
200,,9,1,6,1,5
200,,10,1,6,5,1
200,,11,1,6,3,3
200,,12,1,6,4,2
200,,13,1,6,5,1
200,,14,1,6,5,1
200,,15,1,6,4,2
200,,0,1,6,3,3
200,,1,1,6,3,3
200,,2,1,6,5,1
200,,3,1,6,3,3
200,,4,1,6,6,0
200,,5,1,6,2,4
200,,6,1,6,3,3
200,,7,1,6,5,1
200,,8,1,6,2,4
200,,9,1,6,5,1
200,,10,1,6,3,3
200,,11,1,6,4,2
200,,12,1,6,4,2
200,,13,1,6,6,0
200,,14,1,6,6,0
200,,15,1,6,5,1
200,,0,1,6,1,5
200,,1,1,6,2,4
200,,2,1,6,5,1
200,,3,1,6,4,2
200,,4,1,6,2,4
200,,5,1,6,2,4
200,,6,1,6,2,4
200,,7,1,6,2,4
200,,8,1,6,4,2
200,,9,1,6,4,2
200,,10,1,6,5,1
200,,11,1,6,4,2
200,,12,1,6,4,2
200,,13,1,6,3,3
200,,14,1,6,3,3
200,,15,1,6,6,0
200,,0,1,6,2,4
200,,1,1,6,1,5
200,,2,1,6,5,1
200,,3,1,6,1,5
200,,4,1,6,1,5
200,,5,1,6,4,2
200,,6,1,6,0,6
200,,7,1,6,5,1
200,,8,1,6,1,5
200,,9,1,6,2,4
200,,10,1,6,3,3
200,,11,1,6,5,1
200,,12,1,6,5,1
200,,13,1,6,4,2
200,,14,1,6,2,4
200,,15,1,6,5,1
200,,0,1,6,1,5
200,,1,1,6,4,2
200,,2,1,6,6,0
200,,3,1,6,3,3
200,,4,1,6,3,3
200,,5,1,6,4,2
200,,6,1,6,1,5
200,,7,1,6,3,3
200,,8,1,6,2,4
200,,9,1,6,2,4
200,,10,1,6,3,3
200,,11,1,6,2,4
200,,12,1,6,4,2
200,,13,1,6,6,0
200,,14,1,6,6,0
200,,15,1,6,4,2
250,,0,1,6,2,4
250,,1,1,6,3,3
250,,2,1,6,1,5
250,,3,1,6,0,6
250,,4,1,6,3,3
250,,5,1,6,1,5
250,,6,1,6,1,5
250,,7,1,6,0,6
250,,8,1,6,2,4
250,,9,1,6,2,4
250,,10,1,6,0,6
250,,11,1,6,0,6
250,,12,1,6,3,3
250,,13,1,6,3,3
250,,14,1,6,0,6
250,,15,1,6,2,4
250,,0,1,6,1,5
250,,1,1,6,2,4
250,,2,1,6,0,6
250,,3,1,6,1,5
250,,4,1,6,4,2
250,,5,1,6,1,5
250,,6,1,6,1,5
250,,7,1,6,2,4
250,,8,1,6,3,3
250,,9,1,6,3,3
250,,10,1,6,0,6
250,,11,1,6,0,6
250,,12,1,6,0,6
250,,13,1,6,2,4
250,,14,1,6,1,5
250,,15,1,6,3,3
250,,0,1,6,2,4
250,,1,1,6,3,3
250,,2,1,6,1,5
250,,3,1,6,2,4
250,,4,1,6,2,4
250,,5,1,6,3,3
250,,6,1,6,5,1
250,,7,1,6,0,6
250,,8,1,6,1,5
250,,9,1,6,0,6
250,,10,1,6,3,3
250,,11,1,6,3,3
250,,12,1,6,3,3
250,,13,1,6,4,2
250,,14,1,6,1,5
250,,15,1,6,1,5
250,,0,1,6,1,5
250,,1,1,6,1,5
250,,2,1,6,2,4
250,,3,1,6,3,3
250,,4,1,6,3,3
250,,5,1,6,2,4
250,,6,1,6,0,6
250,,7,1,6,2,4
250,,8,1,6,5,1
250,,9,1,6,2,4
250,,10,1,6,1,5
250,,11,1,6,0,6
250,,12,1,6,4,2
250,,13,1,6,3,3
250,,14,1,6,2,4
250,,15,1,6,2,4
250,,0,1,6,1,5
250,,1,1,6,5,1
250,,2,1,6,1,5
250,,3,1,6,1,5
250,,4,1,6,1,5
250,,5,1,6,1,5
250,,6,1,6,4,2
250,,7,1,6,4,2
250,,8,1,6,3,3
250,,9,1,6,1,5
250,,10,1,6,1,5
250,,11,1,6,3,3
250,,12,1,6,1,5
250,,13,1,6,6,0
250,,14,1,6,3,3
250,,15,1,6,5,1
250,,0,1,6,5,1
250,,1,1,6,4,2
250,,2,1,6,4,2
250,,3,1,6,2,4
250,,4,1,6,2,4
250,,5,1,6,3,3
250,,6,1,6,1,5
250,,7,1,6,4,2
250,,8,1,6,3,3
250,,9,1,6,3,3
250,,10,1,6,2,4
250,,11,1,6,2,4
250,,12,1,6,3,3
250,,13,1,6,4,2
250,,14,1,6,3,3
250,,15,1,6,0,6
250,,0,1,6,3,3
250,,1,1,6,3,3
250,,2,1,6,2,4
250,,3,1,6,1,5
250,,4,1,6,2,4
250,,5,1,6,2,4
250,,6,1,6,2,4
250,,7,1,6,5,1
250,,8,1,6,1,5
250,,9,1,6,1,5
250,,10,1,6,2,4
250,,11,1,6,2,4
250,,12,1,6,3,3
250,,13,1,6,1,5
250,,14,1,6,5,1
250,,15,1,6,1,5
250,,0,1,6,1,5
250,,1,1,6,1,5
250,,2,1,6,1,5
250,,3,1,6,4,2
250,,4,1,6,2,4
250,,5,1,6,2,4
250,,6,1,6,2,4
250,,7,1,6,5,1
250,,8,1,6,5,1
250,,9,1,6,1,5
250,,10,1,6,1,5
250,,11,1,6,1,5
250,,12,1,6,1,5
250,,13,1,6,0,6
250,,14,1,6,6,0
250,,15,1,6,6,0
250,,0,1,6,1,5
250,,1,1,6,0,6
250,,2,1,6,3,3
250,,3,1,6,3,3
250,,4,1,6,0,6
250,,5,1,6,2,4
250,,6,1,6,1,5
250,,7,1,6,6,0
250,,8,1,6,2,4
250,,9,1,6,2,4
250,,10,1,6,3,3
250,,11,1,6,3,3
250,,12,1,6,2,4
250,,13,1,6,2,4
250,,14,1,6,2,4
250,,15,1,6,0,6
250,,0,1,6,4,2
250,,1,1,6,3,3
250,,2,1,6,4,2
250,,3,1,6,3,3
250,,4,1,6,3,3
250,,5,1,6,2,4
250,,6,1,6,5,1
250,,7,1,6,3,3
250,,8,1,6,1,5
250,,9,1,6,1,5
250,,10,1,6,1,5
250,,11,1,6,2,4
250,,12,1,6,1,5
250,,13,1,6,2,4
250,,14,1,6,5,1
250,,15,1,6,4,2
250,,0,1,6,4,2
250,,1,1,6,4,2
250,,2,1,6,5,1
250,,3,1,6,5,1
250,,4,1,6,5,1
250,,5,1,6,1,5
250,,6,1,6,5,1
250,,7,1,6,1,5
250,,8,1,6,4,2
250,,9,1,6,0,6
250,,10,1,6,2,4
250,,11,1,6,1,5
250,,12,1,6,2,4
250,,13,1,6,4,2
250,,14,1,6,4,2
250,,15,1,6,6,0
250,,0,1,6,4,2
250,,1,1,6,3,3
250,,2,1,6,3,3
250,,3,1,6,5,1
250,,4,1,6,0,6
250,,5,1,6,0,6
250,,6,1,6,3,3
250,,7,1,6,3,3
250,,8,1,6,2,4
250,,9,1,6,0,6
250,,10,1,6,3,3
250,,11,1,6,2,4
250,,12,1,6,2,4
250,,13,1,6,2,4
250,,14,1,6,2,4
250,,15,1,6,6,0
250,,0,1,6,3,3
250,,1,1,6,1,5
250,,2,1,6,1,5
250,,3,1,6,4,2
250,,4,1,6,1,5
250,,5,1,6,3,3
250,,6,1,6,2,4
250,,7,1,6,5,1
250,,8,1,6,2,4
250,,9,1,6,0,6
250,,10,1,6,4,2
250,,11,1,6,3,3
250,,12,1,6,2,4
250,,13,1,6,2,4
250,,14,1,6,6,0
250,,15,1,6,4,2
250,,0,1,6,6,0
250,,1,1,6,4,2
250,,2,1,6,2,4
250,,3,1,6,3,3
250,,4,1,6,2,4
250,,5,1,6,3,3
250,,6,1,6,3,3
250,,7,1,6,3,3
250,,8,1,6,3,3
250,,9,1,6,1,5
250,,10,1,6,3,3
250,,11,1,6,2,4
250,,12,1,6,0,6
250,,13,1,6,1,5
250,,14,1,6,4,2
250,,15,1,6,5,1
250,,0,1,6,6,0
250,,1,1,6,2,4
250,,2,1,6,5,1
250,,3,1,6,2,4
250,,4,1,6,4,2
250,,5,1,6,2,4
250,,6,1,6,5,1
250,,7,1,6,2,4
250,,8,1,6,5,1
250,,9,1,6,0,6
250,,10,1,6,2,4
250,,11,1,6,1,5
250,,12,1,6,3,3
250,,13,1,6,2,4
250,,14,1,6,4,2
250,,15,1,6,2,4
250,,0,1,6,4,2
250,,1,1,6,4,2
250,,2,1,6,3,3
250,,3,1,6,4,2
250,,4,1,6,3,3
250,,5,1,6,2,4
250,,6,1,6,4,2
250,,7,1,6,4,2
250,,8,1,6,2,4
250,,9,1,6,2,4
250,,10,1,6,1,5
250,,11,1,6,1,5
250,,12,1,6,1,5
250,,13,1,6,4,2
250,,14,1,6,5,1
250,,15,1,6,2,4
250,,0,1,6,4,2
250,,1,1,6,1,5
250,,2,1,6,4,2
250,,3,1,6,5,1
250,,4,1,6,4,2
250,,5,1,6,5,1
250,,6,1,6,3,3
250,,7,1,6,4,2
250,,8,1,6,2,4
250,,9,1,6,1,5
250,,10,1,6,0,6
250,,11,1,6,0,6
250,,12,1,6,1,5
250,,13,1,6,4,2
250,,14,1,6,6,0
250,,15,1,6,2,4
250,,0,1,6,1,5
250,,1,1,6,3,3
250,,2,1,6,5,1
250,,3,1,6,2,4
250,,4,1,6,4,2
250,,5,1,6,3,3
250,,6,1,6,6,0
250,,7,1,6,3,3
250,,8,1,6,1,5
250,,9,1,6,3,3
250,,10,1,6,2,4
250,,11,1,6,2,4
250,,12,1,6,2,4
250,,13,1,6,3,3
250,,14,1,6,6,0
250,,15,1,6,6,0
250,,0,1,6,2,4
250,,1,1,6,1,5
250,,2,1,6,3,3
250,,3,1,6,6,0
250,,4,1,6,4,2
250,,5,1,6,4,2
250,,6,1,6,3,3
250,,7,1,6,5,1
250,,8,1,6,0,6
250,,9,1,6,3,3
250,,10,1,6,1,5
250,,11,1,6,3,3
250,,12,1,6,0,6
250,,13,1,6,4,2
250,,14,1,6,5,1
250,,15,1,6,4,2
250,,0,1,6,3,3
250,,1,1,6,5,1
250,,2,1,6,3,3
250,,3,1,6,5,1
250,,4,1,6,5,1
250,,5,1,6,5,1
250,,6,1,6,2,4
250,,7,1,6,3,3
250,,8,1,6,3,3
250,,9,1,6,4,2
250,,10,1,6,4,2
250,,11,1,6,2,4
250,,12,1,6,3,3
250,,13,1,6,4,2
250,,14,1,6,6,0
250,,15,1,6,5,1
250,,0,1,6,2,4
250,,1,1,6,2,4
250,,2,1,6,5,1
250,,3,1,6,6,0
250,,4,1,6,4,2
250,,5,1,6,3,3
250,,6,1,6,3,3
250,,7,1,6,4,2
250,,8,1,6,3,3
250,,9,1,6,2,4
250,,10,1,6,2,4
250,,11,1,6,1,5
250,,12,1,6,3,3
250,,13,1,6,5,1
250,,14,1,6,5,1
250,,15,1,6,3,3
250,,0,1,6,3,3
250,,1,1,6,3,3
250,,2,1,6,5,1
250,,3,1,6,5,1
250,,4,1,6,6,0
250,,5,1,6,6,0
250,,6,1,6,3,3
250,,7,1,6,5,1
250,,8,1,6,0,6
250,,9,1,6,1,5
250,,10,1,6,1,5
250,,11,1,6,2,4
250,,12,1,6,1,5
250,,13,1,6,4,2
250,,14,1,6,6,0
250,,15,1,6,3,3
250,,0,1,6,4,2
250,,1,1,6,5,1
250,,2,1,6,3,3
250,,3,1,6,5,1
250,,4,1,6,6,0
250,,5,1,6,4,2
250,,6,1,6,5,1
250,,7,1,6,5,1
250,,8,1,6,2,4
250,,9,1,6,3,3
250,,10,1,6,3,3
250,,11,1,6,3,3
250,,12,1,6,3,3
250,,13,1,6,5,1
250,,14,1,6,4,2
250,,15,1,6,4,2
250,,0,1,6,5,1
250,,1,1,6,5,1
250,,2,1,6,3,3
250,,3,1,6,5,1
250,,4,1,6,6,0
250,,5,1,6,3,3
250,,6,1,6,5,1
250,,7,1,6,4,2
250,,8,1,6,1,5
250,,9,1,6,4,2
250,,10,1,6,6,0
250,,11,1,6,2,4
250,,12,1,6,6,0
250,,13,1,6,3,3
250,,14,1,6,6,0
250,,15,1,6,6,0
250,,0,1,6,5,1
250,,1,1,6,6,0
250,,2,1,6,3,3
250,,3,1,6,5,1
250,,4,1,6,6,0
250,,5,1,6,6,0
250,,6,1,6,3,3
250,,7,1,6,5,1
250,,8,1,6,3,3
250,,9,1,6,3,3
250,,10,1,6,3,3
250,,11,1,6,4,2
250,,12,1,6,2,4
250,,13,1,6,3,3
250,,14,1,6,4,2
250,,15,1,6,5,1
250,,0,1,6,3,3
250,,1,1,6,5,1
250,,2,1,6,4,2
250,,3,1,6,5,1
250,,4,1,6,5,1
250,,5,1,6,4,2
250,,6,1,6,4,2
250,,7,1,6,5,1
250,,8,1,6,1,5
250,,9,1,6,1,5
250,,10,1,6,3,3
250,,11,1,6,5,1
250,,12,1,6,5,1
250,,13,1,6,4,2
250,,14,1,6,5,1
250,,15,1,6,6,0
250,,0,1,6,5,1
250,,1,1,6,5,1
250,,2,1,6,3,3
250,,3,1,6,4,2
250,,4,1,6,6,0
250,,5,1,6,2,4
250,,6,1,6,4,2
250,,7,1,6,6,0
250,,8,1,6,1,5
250,,9,1,6,6,0
250,,10,1,6,2,4
250,,11,1,6,4,2
250,,12,1,6,6,0
250,,13,1,6,2,4
250,,14,1,6,6,0
250,,15,1,6,6,0
250,,0,1,6,6,0
250,,1,1,6,1,5
250,,2,1,6,6,0
250,,3,1,6,5,1
250,,4,1,6,5,1
250,,5,1,6,4,2
250,,6,1,6,6,0
250,,7,1,6,5,1
250,,8,1,6,1,5
250,,9,1,6,4,2
250,,10,1,6,3,3
250,,11,1,6,2,4
250,,12,1,6,6,0
250,,13,1,6,5,1
250,,14,1,6,5,1
250,,15,1,6,5,1
250,,0,1,6,4,2
250,,1,1,6,3,3
250,,2,1,6,6,0
250,,3,1,6,5,1
250,,4,1,6,4,2
250,,5,1,6,4,2
250,,6,1,6,5,1
250,,7,1,6,5,1
250,,8,1,6,3,3
250,,9,1,6,4,2
250,,10,1,6,6,0
250,,11,1,6,5,1
250,,12,1,6,6,0
250,,13,1,6,5,1
250,,14,1,6,6,0
250,,15,1,6,4,2
250,,0,1,6,4,2
250,,1,1,6,4,2
250,,2,1,6,4,2
250,,3,1,6,5,1
250,,4,1,6,4,2
250,,5,1,6,6,0
250,,6,1,6,4,2
250,,7,1,6,5,1
250,,8,1,6,1,5
250,,9,1,6,3,3
250,,10,1,6,4,2
250,,11,1,6,3,3
250,,12,1,6,5,1
250,,13,1,6,6,0
250,,14,1,6,5,1
250,,15,1,6,5,1
250,,0,1,6,5,1
250,,1,1,6,5,1
250,,2,1,6,5,1
250,,3,1,6,6,0
250,,4,1,6,3,3
250,,5,1,6,4,2
250,,6,1,6,3,3
250,,7,1,6,6,0
250,,8,1,6,2,4
250,,9,1,6,4,2
250,,10,1,6,1,5
250,,11,1,6,6,0
250,,12,1,6,6,0
250,,13,1,6,6,0
250,,14,1,6,6,0
250,,15,1,6,4,2
250,,0,1,6,3,3
250,,1,1,6,6,0
250,,2,1,6,5,1
250,,3,1,6,5,1
250,,4,1,6,5,1
250,,5,1,6,5,1
250,,6,1,6,5,1
250,,7,1,6,5,1
250,,8,1,6,4,2
250,,9,1,6,4,2
250,,10,1,6,4,2
250,,11,1,6,5,1
250,,12,1,6,6,0
250,,13,1,6,5,1
250,,14,1,6,5,1
250,,15,1,6,5,1
250,,0,1,6,4,2
250,,1,1,6,5,1
250,,2,1,6,5,1
250,,3,1,6,5,1
250,,4,1,6,3,3
250,,5,1,6,6,0
250,,6,1,6,5,1
250,,7,1,6,3,3
250,,8,1,6,1,5
250,,9,1,6,4,2
250,,10,1,6,6,0
250,,11,1,6,2,4
250,,12,1,6,6,0
250,,13,1,6,5,1
250,,14,1,6,5,1
250,,15,1,6,4,2
250,,0,1,6,1,5
250,,1,1,6,3,3
250,,2,1,6,5,1
250,,3,1,6,3,3
250,,4,1,6,3,3
250,,5,1,6,6,0
250,,6,1,6,5,1
250,,7,1,6,3,3
250,,8,1,6,3,3
250,,9,1,6,6,0
250,,10,1,6,6,0
250,,11,1,6,5,1
250,,12,1,6,5,1
250,,13,1,6,5,1
250,,14,1,6,5,1
250,,15,1,6,3,3
250,,0,1,6,3,3
250,,1,1,6,5,1
250,,2,1,6,2,4
250,,3,1,6,6,0
250,,4,1,6,6,0
250,,5,1,6,6,0
250,,6,1,6,6,0
250,,7,1,6,6,0
250,,8,1,6,2,4
250,,9,1,6,2,4
250,,10,1,6,3,3
250,,11,1,6,6,0
250,,12,1,6,5,1
250,,13,1,6,5,1
250,,14,1,6,6,0
250,,15,1,6,4,2
250,,0,1,6,6,0
250,,1,1,6,5,1
250,,2,1,6,3,3
250,,3,1,6,4,2
250,,4,1,6,4,2
250,,5,1,6,3,3
250,,6,1,6,5,1
250,,7,1,6,5,1
250,,8,1,6,1,5
250,,9,1,6,4,2
250,,10,1,6,6,0
250,,11,1,6,4,2
250,,12,1,6,6,0
250,,13,1,6,5,1
250,,14,1,6,6,0
250,,15,1,6,6,0
250,,0,1,6,4,2
250,,1,1,6,5,1
250,,2,1,6,2,4
250,,3,1,6,5,1
250,,4,1,6,2,4
250,,5,1,6,6,0
250,,6,1,6,4,2
250,,7,1,6,3,3
250,,8,1,6,2,4
250,,9,1,6,4,2
250,,10,1,6,5,1
250,,11,1,6,5,1
250,,12,1,6,4,2
250,,13,1,6,5,1
250,,14,1,6,5,1
250,,15,1,6,6,0
250,,0,1,6,6,0
250,,1,1,6,5,1
250,,2,1,6,0,6
250,,3,1,6,5,1
250,,4,1,6,3,3
250,,5,1,6,5,1
250,,6,1,6,4,2
250,,7,1,6,3,3
250,,8,1,6,3,3
250,,9,1,6,2,4
250,,10,1,6,6,0
250,,11,1,6,5,1
250,,12,1,6,4,2
250,,13,1,6,6,0
250,,14,1,6,5,1
250,,15,1,6,5,1
250,,0,1,6,4,2
250,,1,1,6,6,0
250,,2,1,6,3,3
250,,3,1,6,3,3
250,,4,1,6,5,1
250,,5,1,6,3,3
250,,6,1,6,6,0
250,,7,1,6,5,1
250,,8,1,6,3,3
250,,9,1,6,1,5
250,,10,1,6,3,3
250,,11,1,6,6,0
250,,12,1,6,5,1
250,,13,1,6,4,2
250,,14,1,6,5,1
250,,15,1,6,6,0
250,,0,1,6,3,3
250,,1,1,6,5,1
250,,2,1,6,6,0
250,,3,1,6,3,3
250,,4,1,6,4,2
250,,5,1,6,4,2
250,,6,1,6,4,2
250,,7,1,6,5,1
250,,8,1,6,3,3
250,,9,1,6,2,4
250,,10,1,6,6,0
250,,11,1,6,4,2
250,,12,1,6,6,0
250,,13,1,6,2,4
250,,14,1,6,5,1
250,,15,1,6,6,0
250,,0,1,6,5,1
250,,1,1,6,5,1
250,,2,1,6,2,4
250,,3,1,6,6,0
250,,4,1,6,3,3
250,,5,1,6,3,3
250,,6,1,6,6,0
250,,7,1,6,6,0
250,,8,1,6,2,4
250,,9,1,6,4,2
250,,10,1,6,6,0
250,,11,1,6,6,0
250,,12,1,6,5,1
250,,13,1,6,6,0
250,,14,1,6,6,0
250,,15,1,6,4,2
250,,0,1,6,6,0
250,,1,1,6,6,0
250,,2,1,6,5,1
250,,3,1,6,6,0
250,,4,1,6,4,2
250,,5,1,6,5,1
250,,6,1,6,6,0
250,,7,1,6,5,1
250,,8,1,6,4,2
250,,9,1,6,3,3
250,,10,1,6,6,0
250,,11,1,6,3,3
250,,12,1,6,6,0
250,,13,1,6,1,5
250,,14,1,6,5,1
250,,15,1,6,5,1
250,,0,1,6,4,2
250,,1,1,6,5,1
250,,2,1,6,5,1
250,,3,1,6,5,1
250,,4,1,6,5,1
250,,5,1,6,5,1
250,,6,1,6,3,3
250,,7,1,6,6,0
250,,8,1,6,3,3
250,,9,1,6,2,4
250,,10,1,6,5,1
250,,11,1,6,5,1
250,,12,1,6,6,0
250,,13,1,6,5,1
250,,14,1,6,5,1
250,,15,1,6,3,3
250,,0,1,6,2,4
250,,1,1,6,5,1
250,,2,1,6,5,1
250,,3,1,6,5,1
250,,4,1,6,5,1
250,,5,1,6,5,1
250,,6,1,6,5,1
250,,7,1,6,6,0
250,,8,1,6,2,4
250,,9,1,6,5,1
250,,10,1,6,6,0
250,,11,1,6,6,0
250,,12,1,6,4,2
250,,13,1,6,6,0
250,,14,1,6,3,3
250,,15,1,6,6,0
250,,0,1,6,5,1
250,,1,1,6,3,3
250,,2,1,6,1,5
250,,3,1,6,5,1
250,,4,1,6,4,2
250,,5,1,6,5,1
250,,6,1,6,6,0
250,,7,1,6,6,0
250,,8,1,6,3,3
250,,9,1,6,4,2
250,,10,1,6,6,0
250,,11,1,6,4,2
250,,12,1,6,4,2
250,,13,1,6,4,2
250,,14,1,6,5,1
250,,15,1,6,5,1
250,,0,1,6,3,3
250,,1,1,6,5,1
250,,2,1,6,6,0
250,,3,1,6,5,1
250,,4,1,6,5,1
250,,5,1,6,5,1
250,,6,1,6,4,2
250,,7,1,6,5,1
250,,8,1,6,4,2
250,,9,1,6,1,5
250,,10,1,6,5,1
250,,11,1,6,4,2
250,,12,1,6,3,3
250,,13,1,6,5,1
250,,14,1,6,4,2
250,,15,1,6,5,1
250,,0,1,6,3,3
250,,1,1,6,4,2
250,,2,1,6,6,0
250,,3,1,6,4,2
250,,4,1,6,4,2
250,,5,1,6,5,1
250,,6,1,6,3,3
250,,7,1,6,4,2
250,,8,1,6,4,2
250,,9,1,6,5,1
250,,10,1,6,4,2
250,,11,1,6,4,2
250,,12,1,6,3,3
250,,13,1,6,2,4
250,,14,1,6,4,2
250,,15,1,6,5,1
250,,0,1,6,4,2
250,,1,1,6,4,2
250,,2,1,6,4,2
250,,3,1,6,6,0
250,,4,1,6,6,0
250,,5,1,6,2,4
250,,6,1,6,1,5
250,,7,1,6,5,1
250,,8,1,6,1,5
250,,9,1,6,2,4
250,,10,1,6,3,3
250,,11,1,6,4,2
250,,12,1,6,3,3
250,,13,1,6,3,3
250,,14,1,6,5,1
250,,15,1,6,4,2
250,,0,1,6,2,4
250,,1,1,6,5,1
250,,2,1,6,6,0
250,,3,1,6,5,1
250,,4,1,6,3,3
250,,5,1,6,6,0
250,,6,1,6,5,1
250,,7,1,6,5,1
250,,8,1,6,1,5
250,,9,1,6,2,4
250,,10,1,6,2,4
250,,11,1,6,2,4
250,,12,1,6,5,1
250,,13,1,6,4,2
250,,14,1,6,3,3
250,,15,1,6,4,2
250,,0,1,6,4,2
250,,1,1,6,4,2
250,,2,1,6,4,2
250,,3,1,6,6,0
250,,4,1,6,5,1
250,,5,1,6,5,1
250,,6,1,6,4,2
250,,7,1,6,4,2
250,,8,1,6,3,3
250,,9,1,6,4,2
250,,10,1,6,3,3
250,,11,1,6,4,2
250,,12,1,6,3,3
250,,13,1,6,5,1
250,,14,1,6,5,1
250,,15,1,6,5,1
250,,0,1,6,2,4
250,,1,1,6,3,3
250,,2,1,6,1,5
250,,3,1,6,3,3
250,,4,1,6,4,2
250,,5,1,6,5,1
250,,6,1,6,4,2
250,,7,1,6,4,2
250,,8,1,6,1,5
250,,9,1,6,2,4
250,,10,1,6,6,0
250,,11,1,6,2,4
250,,12,1,6,5,1
250,,13,1,6,4,2
250,,14,1,6,5,1
250,,15,1,6,3,3
250,,0,1,6,4,2
250,,1,1,6,5,1
250,,2,1,6,5,1
250,,3,1,6,6,0
250,,4,1,6,3,3
250,,5,1,6,5,1
250,,6,1,6,2,4
250,,7,1,6,6,0
250,,8,1,6,1,5
250,,9,1,6,4,2
250,,10,1,6,5,1
250,,11,1,6,3,3
250,,12,1,6,4,2
250,,13,1,6,5,1
250,,14,1,6,6,0
250,,15,1,6,4,2
250,,0,1,6,0,6
250,,1,1,6,4,2
250,,2,1,6,5,1
250,,3,1,6,1,5
250,,4,1,6,5,1
250,,5,1,6,6,0
250,,6,1,6,3,3
250,,7,1,6,3,3
250,,8,1,6,1,5
250,,9,1,6,4,2
250,,10,1,6,4,2
250,,11,1,6,4,2
250,,12,1,6,4,2
250,,13,1,6,3,3
250,,14,1,6,6,0
250,,15,1,6,5,1
250,,0,1,6,4,2
250,,1,1,6,4,2
250,,2,1,6,5,1
250,,3,1,6,3,3
250,,4,1,6,5,1
250,,5,1,6,4,2
250,,6,1,6,4,2
250,,7,1,6,6,0
250,,8,1,6,1,5
250,,9,1,6,4,2
250,,10,1,6,2,4
250,,11,1,6,3,3
250,,12,1,6,3,3
250,,13,1,6,4,2
250,,14,1,6,6,0
250,,15,1,6,1,5
250,,0,1,6,4,2
250,,1,1,6,5,1
250,,2,1,6,4,2
250,,3,1,6,5,1
250,,4,1,6,2,4
250,,5,1,6,2,4
250,,6,1,6,3,3
250,,7,1,6,4,2
250,,8,1,6,2,4
250,,9,1,6,2,4
250,,10,1,6,4,2
250,,11,1,6,3,3
250,,12,1,6,1,5
250,,13,1,6,4,2
250,,14,1,6,4,2
250,,15,1,6,5,1
250,,0,1,6,2,4
250,,1,1,6,4,2
250,,2,1,6,3,3
250,,3,1,6,5,1
250,,4,1,6,4,2
250,,5,1,6,3,3
250,,6,1,6,5,1
250,,7,1,6,5,1
250,,8,1,6,1,5
250,,9,1,6,2,4
250,,10,1,6,3,3
250,,11,1,6,5,1
250,,12,1,6,3,3
250,,13,1,6,3,3
250,,14,1,6,4,2
250,,15,1,6,5,1
250,,0,1,6,3,3
250,,1,1,6,3,3
250,,2,1,6,4,2
250,,3,1,6,4,2
250,,4,1,6,2,4
250,,5,1,6,6,0
250,,6,1,6,2,4
250,,7,1,6,5,1
250,,8,1,6,2,4
250,,9,1,6,5,1
250,,10,1,6,5,1
250,,11,1,6,5,1
250,,12,1,6,4,2
250,,13,1,6,5,1
250,,14,1,6,6,0
250,,15,1,6,6,0
250,,0,1,6,2,4
250,,1,1,6,5,1
250,,2,1,6,6,0
250,,3,1,6,3,3
250,,4,1,6,3,3
250,,5,1,6,5,1
250,,6,1,6,0,6
250,,7,1,6,5,1
250,,8,1,6,1,5
250,,9,1,6,2,4
250,,10,1,6,2,4
250,,11,1,6,3,3
250,,12,1,6,3,3
250,,13,1,6,5,1
250,,14,1,6,5,1
250,,15,1,6,6,0
250,,0,1,6,1,5
250,,1,1,6,5,1
250,,2,1,6,5,1
250,,3,1,6,2,4
250,,4,1,6,4,2
250,,5,1,6,3,3
250,,6,1,6,1,5
250,,7,1,6,6,0
250,,8,1,6,3,3
250,,9,1,6,2,4
250,,10,1,6,3,3
250,,11,1,6,6,0
250,,12,1,6,4,2
250,,13,1,6,2,4
250,,14,1,6,6,0
250,,15,1,6,5,1
300,,0,1,6,0,6
300,,1,1,6,1,5
300,,2,1,6,2,4
300,,3,1,6,3,3
300,,4,1,6,3,3
300,,5,1,6,1,5
300,,6,1,6,3,3
300,,7,1,6,0,6
300,,8,1,6,2,4
300,,9,1,6,1,5
300,,10,1,6,2,4
300,,11,1,6,2,4
300,,12,1,6,1,5
300,,13,1,6,2,4
300,,14,1,6,2,4
300,,15,1,6,0,6
300,,0,1,6,2,4
300,,1,1,6,3,3
300,,2,1,6,4,2
300,,3,1,6,0,6
300,,4,1,6,0,6
300,,5,1,6,1,5
300,,6,1,6,0,6
300,,7,1,6,1,5
300,,8,1,6,1,5
300,,9,1,6,4,2
300,,10,1,6,1,5
300,,11,1,6,2,4
300,,12,1,6,2,4
300,,13,1,6,2,4
300,,14,1,6,0,6
300,,15,1,6,2,4
300,,0,1,6,1,5
300,,1,1,6,1,5
300,,2,1,6,4,2
300,,3,1,6,1,5
300,,4,1,6,1,5
300,,5,1,6,3,3
300,,6,1,6,2,4
300,,7,1,6,2,4
300,,8,1,6,1,5
300,,9,1,6,4,2
300,,10,1,6,1,5
300,,11,1,6,3,3
300,,12,1,6,5,1
300,,13,1,6,1,5
300,,14,1,6,2,4
300,,15,1,6,2,4
300,,0,1,6,1,5
300,,1,1,6,4,2
300,,2,1,6,5,1
300,,3,1,6,2,4
300,,4,1,6,2,4
300,,5,1,6,4,2
300,,6,1,6,3,3
300,,7,1,6,1,5
300,,8,1,6,2,4
300,,9,1,6,0,6
300,,10,1,6,2,4
300,,11,1,6,5,1
300,,12,1,6,5,1
300,,13,1,6,4,2
300,,14,1,6,4,2
300,,15,1,6,5,1
300,,0,1,6,4,2
300,,1,1,6,0,6
300,,2,1,6,3,3
300,,3,1,6,2,4
300,,4,1,6,3,3
300,,5,1,6,5,1
300,,6,1,6,2,4
300,,7,1,6,3,3
300,,8,1,6,2,4
300,,9,1,6,3,3
300,,10,1,6,3,3
300,,11,1,6,1,5
300,,12,1,6,3,3
300,,13,1,6,2,4
300,,14,1,6,2,4
300,,15,1,6,4,2
300,,0,1,6,2,4
300,,1,1,6,4,2
300,,2,1,6,6,0
300,,3,1,6,1,5
300,,4,1,6,2,4
300,,5,1,6,4,2
300,,6,1,6,2,4
300,,7,1,6,6,0
300,,8,1,6,5,1
300,,9,1,6,3,3
300,,10,1,6,3,3
300,,11,1,6,4,2
300,,12,1,6,6,0
300,,13,1,6,3,3
300,,14,1,6,1,5
300,,15,1,6,3,3
300,,0,1,6,1,5
300,,1,1,6,4,2
300,,2,1,6,2,4
300,,3,1,6,1,5
300,,4,1,6,0,6
300,,5,1,6,0,6
300,,6,1,6,2,4
300,,7,1,6,1,5
300,,8,1,6,1,5
300,,9,1,6,2,4
300,,10,1,6,0,6
300,,11,1,6,3,3
300,,12,1,6,1,5
300,,13,1,6,2,4
300,,14,1,6,2,4
300,,15,1,6,3,3
300,,0,1,6,2,4
300,,1,1,6,1,5
300,,2,1,6,4,2
300,,3,1,6,5,1
300,,4,1,6,1,5
300,,5,1,6,2,4
300,,6,1,6,2,4
300,,7,1,6,3,3
300,,8,1,6,1,5
300,,9,1,6,6,0
300,,10,1,6,1,5
300,,11,1,6,4,2
300,,12,1,6,2,4
300,,13,1,6,5,1
300,,14,1,6,2,4
300,,15,1,6,3,3
300,,0,1,6,1,5
300,,1,1,6,2,4
300,,2,1,6,4,2
300,,3,1,6,1,5
300,,4,1,6,2,4
300,,5,1,6,2,4
300,,6,1,6,1,5
300,,7,1,6,3,3
300,,8,1,6,3,3
300,,9,1,6,1,5
300,,10,1,6,3,3
300,,11,1,6,3,3
300,,12,1,6,3,3
300,,13,1,6,3,3
300,,14,1,6,3,3
300,,15,1,6,6,0
300,,0,1,6,1,5
300,,1,1,6,3,3
300,,2,1,6,5,1
300,,3,1,6,2,4
300,,4,1,6,4,2
300,,5,1,6,4,2
300,,6,1,6,3,3
300,,7,1,6,0,6
300,,8,1,6,1,5
300,,9,1,6,4,2
300,,10,1,6,2,4
300,,11,1,6,1,5
300,,12,1,6,5,1
300,,13,1,6,3,3
300,,14,1,6,4,2
300,,15,1,6,3,3
300,,0,1,6,0,6
300,,1,1,6,4,2
300,,2,1,6,4,2
300,,3,1,6,4,2
300,,4,1,6,1,5
300,,5,1,6,4,2
300,,6,1,6,2,4
300,,7,1,6,1,5
300,,8,1,6,2,4
300,,9,1,6,2,4
300,,10,1,6,3,3
300,,11,1,6,1,5
300,,12,1,6,6,0
300,,13,1,6,1,5
300,,14,1,6,3,3
300,,15,1,6,2,4
300,,0,1,6,1,5
300,,1,1,6,2,4
300,,2,1,6,6,0
300,,3,1,6,0,6
300,,4,1,6,2,4
300,,5,1,6,3,3
300,,6,1,6,2,4
300,,7,1,6,3,3
300,,8,1,6,2,4
300,,9,1,6,3,3
300,,10,1,6,1,5
300,,11,1,6,2,4
300,,12,1,6,4,2
300,,13,1,6,1,5
300,,14,1,6,1,5
300,,15,1,6,3,3
300,,0,1,6,1,5
300,,1,1,6,3,3
300,,2,1,6,4,2
300,,3,1,6,3,3
300,,4,1,6,4,2
300,,5,1,6,3,3
300,,6,1,6,3,3
300,,7,1,6,3,3
300,,8,1,6,1,5
300,,9,1,6,3,3
300,,10,1,6,3,3
300,,11,1,6,3,3
300,,12,1,6,5,1
300,,13,1,6,2,4
300,,14,1,6,1,5
300,,15,1,6,1,5
300,,0,1,6,1,5
300,,1,1,6,1,5
300,,2,1,6,4,2
300,,3,1,6,1,5
300,,4,1,6,3,3
300,,5,1,6,1,5
300,,6,1,6,1,5
300,,7,1,6,2,4
300,,8,1,6,0,6
300,,9,1,6,3,3
300,,10,1,6,3,3
300,,11,1,6,1,5
300,,12,1,6,3,3
300,,13,1,6,1,5
300,,14,1,6,1,5
300,,15,1,6,4,2
300,,0,1,6,2,4
300,,1,1,6,2,4
300,,2,1,6,4,2
300,,3,1,6,4,2
300,,4,1,6,3,3
300,,5,1,6,4,2
300,,6,1,6,3,3
300,,7,1,6,1,5
300,,8,1,6,3,3
300,,9,1,6,0,6
300,,10,1,6,0,6
300,,11,1,6,1,5
300,,12,1,6,6,0
300,,13,1,6,0,6
300,,14,1,6,2,4
300,,15,1,6,3,3
300,,0,1,6,0,6
300,,1,1,6,6,0
300,,2,1,6,6,0
300,,3,1,6,2,4
300,,4,1,6,0,6
300,,5,1,6,5,1
300,,6,1,6,2,4
300,,7,1,6,5,1
300,,8,1,6,1,5
300,,9,1,6,2,4
300,,10,1,6,3,3
300,,11,1,6,2,4
300,,12,1,6,5,1
300,,13,1,6,1,5
300,,14,1,6,1,5
300,,15,1,6,4,2
300,,0,1,6,2,4
300,,1,1,6,3,3
300,,2,1,6,4,2
300,,3,1,6,1,5
300,,4,1,6,1,5
300,,5,1,6,5,1
300,,6,1,6,2,4
300,,7,1,6,3,3
300,,8,1,6,2,4
300,,9,1,6,6,0
300,,10,1,6,5,1
300,,11,1,6,5,1
300,,12,1,6,2,4
300,,13,1,6,4,2
300,,14,1,6,2,4
300,,15,1,6,6,0
300,,0,1,6,3,3
300,,1,1,6,4,2
300,,2,1,6,3,3
300,,3,1,6,4,2
300,,4,1,6,0,6
300,,5,1,6,3,3
300,,6,1,6,5,1
300,,7,1,6,3,3
300,,8,1,6,3,3
300,,9,1,6,3,3
300,,10,1,6,5,1
300,,11,1,6,5,1
300,,12,1,6,4,2
300,,13,1,6,4,2
300,,14,1,6,3,3
300,,15,1,6,2,4
300,,0,1,6,5,1
300,,1,1,6,4,2
300,,2,1,6,6,0
300,,3,1,6,3,3
300,,4,1,6,4,2
300,,5,1,6,6,0
300,,6,1,6,2,4
300,,7,1,6,1,5
300,,8,1,6,2,4
300,,9,1,6,2,4
300,,10,1,6,3,3
300,,11,1,6,2,4
300,,12,1,6,5,1
300,,13,1,6,1,5
300,,14,1,6,4,2
300,,15,1,6,3,3
300,,0,1,6,3,3
300,,1,1,6,3,3
300,,2,1,6,5,1
300,,3,1,6,4,2
300,,4,1,6,1,5
300,,5,1,6,3,3
300,,6,1,6,4,2
300,,7,1,6,2,4
300,,8,1,6,4,2
300,,9,1,6,5,1
300,,10,1,6,1,5
300,,11,1,6,4,2
300,,12,1,6,5,1
300,,13,1,6,4,2
300,,14,1,6,4,2
300,,15,1,6,6,0
300,,0,1,6,5,1
300,,1,1,6,5,1
300,,2,1,6,4,2
300,,3,1,6,2,4
300,,4,1,6,3,3
300,,5,1,6,2,4
300,,6,1,6,2,4
300,,7,1,6,2,4
300,,8,1,6,4,2
300,,9,1,6,0,6
300,,10,1,6,4,2
300,,11,1,6,3,3
300,,12,1,6,4,2
300,,13,1,6,4,2
300,,14,1,6,3,3
300,,15,1,6,5,1
300,,0,1,6,2,4
300,,1,1,6,2,4
300,,2,1,6,2,4
300,,3,1,6,3,3
300,,4,1,6,1,5
300,,5,1,6,4,2
300,,6,1,6,3,3
300,,7,1,6,3,3
300,,8,1,6,3,3
300,,9,1,6,5,1
300,,10,1,6,3,3
300,,11,1,6,2,4
300,,12,1,6,2,4
300,,13,1,6,4,2
300,,14,1,6,6,0
300,,15,1,6,5,1
300,,0,1,6,4,2
300,,1,1,6,5,1
300,,2,1,6,5,1
300,,3,1,6,4,2
300,,4,1,6,4,2
300,,5,1,6,5,1
300,,6,1,6,3,3
300,,7,1,6,6,0
300,,8,1,6,2,4
300,,9,1,6,5,1
300,,10,1,6,6,0
300,,11,1,6,4,2
300,,12,1,6,5,1
300,,13,1,6,6,0
300,,14,1,6,6,0
300,,15,1,6,6,0
300,,0,1,6,6,0
300,,1,1,6,4,2
300,,2,1,6,6,0
300,,3,1,6,4,2
300,,4,1,6,6,0
300,,5,1,6,4,2
300,,6,1,6,3,3
300,,7,1,6,3,3
300,,8,1,6,3,3
300,,9,1,6,5,1
300,,10,1,6,4,2
300,,11,1,6,3,3
300,,12,1,6,5,1
300,,13,1,6,4,2
300,,14,1,6,2,4
300,,15,1,6,2,4
300,,0,1,6,5,1
300,,1,1,6,4,2
300,,2,1,6,6,0
300,,3,1,6,5,1
300,,4,1,6,6,0
300,,5,1,6,1,5
300,,6,1,6,3,3
300,,7,1,6,5,1
300,,8,1,6,0,6
300,,9,1,6,5,1
300,,10,1,6,6,0
300,,11,1,6,6,0
300,,12,1,6,5,1
300,,13,1,6,4,2
300,,14,1,6,5,1
300,,15,1,6,2,4
300,,0,1,6,3,3
300,,1,1,6,3,3
300,,2,1,6,6,0
300,,3,1,6,2,4
300,,4,1,6,4,2
300,,5,1,6,6,0
300,,6,1,6,4,2
300,,7,1,6,3,3
300,,8,1,6,5,1
300,,9,1,6,3,3
300,,10,1,6,4,2
300,,11,1,6,3,3
300,,12,1,6,5,1
300,,13,1,6,5,1
300,,14,1,6,6,0
300,,15,1,6,5,1
300,,0,1,6,4,2
300,,1,1,6,5,1
300,,2,1,6,4,2
300,,3,1,6,2,4
300,,4,1,6,4,2
300,,5,1,6,6,0
300,,6,1,6,5,1
300,,7,1,6,6,0
300,,8,1,6,3,3
300,,9,1,6,5,1
300,,10,1,6,6,0
300,,11,1,6,4,2
300,,12,1,6,3,3
300,,13,1,6,5,1
300,,14,1,6,5,1
300,,15,1,6,5,1
300,,0,1,6,3,3
300,,1,1,6,4,2
300,,2,1,6,5,1
300,,3,1,6,6,0
300,,4,1,6,6,0
300,,5,1,6,4,2
300,,6,1,6,5,1
300,,7,1,6,4,2
300,,8,1,6,4,2
300,,9,1,6,4,2
300,,10,1,6,3,3
300,,11,1,6,5,1
300,,12,1,6,5,1
300,,13,1,6,4,2
300,,14,1,6,1,5
300,,15,1,6,5,1
300,,0,1,6,6,0
300,,1,1,6,5,1
300,,2,1,6,6,0
300,,3,1,6,5,1
300,,4,1,6,5,1
300,,5,1,6,5,1
300,,6,1,6,6,0
300,,7,1,6,3,3
300,,8,1,6,2,4
300,,9,1,6,3,3
300,,10,1,6,5,1
300,,11,1,6,3,3
300,,12,1,6,5,1
300,,13,1,6,4,2
300,,14,1,6,5,1
300,,15,1,6,4,2
300,,0,1,6,5,1
300,,1,1,6,5,1
300,,2,1,6,4,2
300,,3,1,6,3,3
300,,4,1,6,5,1
300,,5,1,6,5,1
300,,6,1,6,3,3
300,,7,1,6,4,2
300,,8,1,6,2,4
300,,9,1,6,4,2
300,,10,1,6,6,0
300,,11,1,6,4,2
300,,12,1,6,5,1
300,,13,1,6,4,2
300,,14,1,6,5,1
300,,15,1,6,5,1
300,,0,1,6,3,3
300,,1,1,6,6,0
300,,2,1,6,4,2
300,,3,1,6,5,1
300,,4,1,6,2,4
300,,5,1,6,5,1
300,,6,1,6,5,1
300,,7,1,6,3,3
300,,8,1,6,3,3
300,,9,1,6,3,3
300,,10,1,6,4,2
300,,11,1,6,5,1
300,,12,1,6,4,2
300,,13,1,6,3,3
300,,14,1,6,4,2
300,,15,1,6,6,0
300,,0,1,6,3,3
300,,1,1,6,3,3
300,,2,1,6,4,2
300,,3,1,6,5,1
300,,4,1,6,5,1
300,,5,1,6,2,4
300,,6,1,6,5,1
300,,7,1,6,6,0
300,,8,1,6,2,4
300,,9,1,6,2,4
300,,10,1,6,6,0
300,,11,1,6,4,2
300,,12,1,6,5,1
300,,13,1,6,4,2
300,,14,1,6,5,1
300,,15,1,6,5,1
300,,0,1,6,5,1
300,,1,1,6,4,2
300,,2,1,6,3,3
300,,3,1,6,6,0
300,,4,1,6,5,1
300,,5,1,6,5,1
300,,6,1,6,5,1
300,,7,1,6,5,1
300,,8,1,6,3,3
300,,9,1,6,6,0
300,,10,1,6,5,1
300,,11,1,6,3,3
300,,12,1,6,5,1
300,,13,1,6,1,5
300,,14,1,6,3,3
300,,15,1,6,5,1
300,,0,1,6,5,1
300,,1,1,6,5,1
300,,2,1,6,5,1
300,,3,1,6,5,1
300,,4,1,6,6,0
300,,5,1,6,6,0
300,,6,1,6,4,2
300,,7,1,6,5,1
300,,8,1,6,4,2
300,,9,1,6,5,1
300,,10,1,6,4,2
300,,11,1,6,3,3
300,,12,1,6,4,2
300,,13,1,6,3,3
300,,14,1,6,5,1
300,,15,1,6,6,0
300,,0,1,6,6,0
300,,1,1,6,3,3
300,,2,1,6,5,1
300,,3,1,6,6,0
300,,4,1,6,4,2
300,,5,1,6,4,2
300,,6,1,6,4,2
300,,7,1,6,4,2
300,,8,1,6,3,3
300,,9,1,6,4,2
300,,10,1,6,6,0
300,,11,1,6,6,0
300,,12,1,6,6,0
300,,13,1,6,1,5
300,,14,1,6,5,1
300,,15,1,6,3,3
300,,0,1,6,5,1
300,,1,1,6,3,3
300,,2,1,6,4,2
300,,3,1,6,5,1
300,,4,1,6,6,0
300,,5,1,6,4,2
300,,6,1,6,5,1
300,,7,1,6,4,2
300,,8,1,6,2,4
300,,9,1,6,2,4
300,,10,1,6,4,2
300,,11,1,6,5,1
300,,12,1,6,4,2
300,,13,1,6,4,2
300,,14,1,6,3,3
300,,15,1,6,5,1
300,,0,1,6,3,3
300,,1,1,6,4,2
300,,2,1,6,3,3
300,,3,1,6,5,1
300,,4,1,6,5,1
300,,5,1,6,5,1
300,,6,1,6,6,0
300,,7,1,6,5,1
300,,8,1,6,3,3
300,,9,1,6,5,1
300,,10,1,6,5,1
300,,11,1,6,4,2
300,,12,1,6,3,3
300,,13,1,6,2,4
300,,14,1,6,5,1
300,,15,1,6,4,2
300,,0,1,6,3,3
300,,1,1,6,6,0
300,,2,1,6,5,1
300,,3,1,6,5,1
300,,4,1,6,5,1
300,,5,1,6,5,1
300,,6,1,6,6,0
300,,7,1,6,6,0
300,,8,1,6,3,3
300,,9,1,6,5,1
300,,10,1,6,5,1
300,,11,1,6,6,0
300,,12,1,6,4,2
300,,13,1,6,1,5
300,,14,1,6,5,1
300,,15,1,6,5,1
300,,0,1,6,5,1
300,,1,1,6,5,1
300,,2,1,6,5,1
300,,3,1,6,6,0
300,,4,1,6,5,1
300,,5,1,6,4,2
300,,6,1,6,5,1
300,,7,1,6,3,3
300,,8,1,6,3,3
300,,9,1,6,5,1
300,,10,1,6,6,0
300,,11,1,6,6,0
300,,12,1,6,6,0
300,,13,1,6,0,6
300,,14,1,6,5,1
300,,15,1,6,6,0
300,,0,1,6,6,0
300,,1,1,6,4,2
300,,2,1,6,4,2
300,,3,1,6,4,2
300,,4,1,6,5,1
300,,5,1,6,5,1
300,,6,1,6,4,2
300,,7,1,6,4,2
300,,8,1,6,3,3
300,,9,1,6,5,1
300,,10,1,6,5,1
300,,11,1,6,4,2
300,,12,1,6,5,1
300,,13,1,6,3,3
300,,14,1,6,5,1
300,,15,1,6,5,1
300,,0,1,6,5,1
300,,1,1,6,4,2
300,,2,1,6,6,0
300,,3,1,6,6,0
300,,4,1,6,5,1
300,,5,1,6,5,1
300,,6,1,6,5,1
300,,7,1,6,4,2
300,,8,1,6,3,3
300,,9,1,6,6,0
300,,10,1,6,5,1
300,,11,1,6,5,1
300,,12,1,6,5,1
300,,13,1,6,2,4
300,,14,1,6,5,1
300,,15,1,6,5,1
300,,0,1,6,3,3
300,,1,1,6,4,2
300,,2,1,6,3,3
300,,3,1,6,5,1
300,,4,1,6,4,2
300,,5,1,6,5,1
300,,6,1,6,5,1
300,,7,1,6,4,2
300,,8,1,6,3,3
300,,9,1,6,5,1
300,,10,1,6,4,2
300,,11,1,6,5,1
300,,12,1,6,4,2
300,,13,1,6,3,3
300,,14,1,6,5,1
300,,15,1,6,4,2
300,,0,1,6,4,2
300,,1,1,6,5,1
300,,2,1,6,6,0
300,,3,1,6,6,0
300,,4,1,6,4,2
300,,5,1,6,6,0
300,,6,1,6,5,1
300,,7,1,6,5,1
300,,8,1,6,3,3
300,,9,1,6,5,1
300,,10,1,6,6,0
300,,11,1,6,5,1
300,,12,1,6,4,2
300,,13,1,6,3,3
300,,14,1,6,5,1
300,,15,1,6,4,2
300,,0,1,6,6,0
300,,1,1,6,6,0
300,,2,1,6,6,0
300,,3,1,6,2,4
300,,4,1,6,3,3
300,,5,1,6,5,1
300,,6,1,6,6,0
300,,7,1,6,5,1
300,,8,1,6,4,2
300,,9,1,6,5,1
300,,10,1,6,6,0
300,,11,1,6,2,4
300,,12,1,6,5,1
300,,13,1,6,1,5
300,,14,1,6,5,1
300,,15,1,6,4,2
300,,0,1,6,4,2
300,,1,1,6,6,0
300,,2,1,6,6,0
300,,3,1,6,5,1
300,,4,1,6,6,0
300,,5,1,6,5,1
300,,6,1,6,5,1
300,,7,1,6,4,2
300,,8,1,6,4,2
300,,9,1,6,6,0
300,,10,1,6,4,2
300,,11,1,6,3,3
300,,12,1,6,3,3
300,,13,1,6,2,4
300,,14,1,6,6,0
300,,15,1,6,5,1
300,,0,1,6,4,2
300,,1,1,6,5,1
300,,2,1,6,3,3
300,,3,1,6,5,1
300,,4,1,6,3,3
300,,5,1,6,5,1
300,,6,1,6,6,0
300,,7,1,6,5,1
300,,8,1,6,4,2
300,,9,1,6,3,3
300,,10,1,6,4,2
300,,11,1,6,5,1
300,,12,1,6,3,3
300,,13,1,6,2,4
300,,14,1,6,3,3
300,,15,1,6,2,4
300,,0,1,6,4,2
300,,1,1,6,5,1
300,,2,1,6,5,1
300,,3,1,6,6,0
300,,4,1,6,4,2
300,,5,1,6,4,2
300,,6,1,6,5,1
300,,7,1,6,6,0
300,,8,1,6,6,0
300,,9,1,6,4,2
300,,10,1,6,1,5
300,,11,1,6,4,2
300,,12,1,6,5,1
300,,13,1,6,4,2
300,,14,1,6,4,2
300,,15,1,6,6,0
300,,0,1,6,5,1
300,,1,1,6,2,4
300,,2,1,6,4,2
300,,3,1,6,5,1
300,,4,1,6,3,3
300,,5,1,6,5,1
300,,6,1,6,6,0
300,,7,1,6,1,5
300,,8,1,6,4,2
300,,9,1,6,4,2
300,,10,1,6,3,3
300,,11,1,6,3,3
300,,12,1,6,4,2
300,,13,1,6,3,3
300,,14,1,6,4,2
300,,15,1,6,5,1
300,,0,1,6,2,4
300,,1,1,6,4,2
300,,2,1,6,6,0
300,,3,1,6,5,1
300,,4,1,6,3,3
300,,5,1,6,5,1
300,,6,1,6,3,3
300,,7,1,6,5,1
300,,8,1,6,4,2
300,,9,1,6,6,0
300,,10,1,6,6,0
300,,11,1,6,3,3
300,,12,1,6,5,1
300,,13,1,6,3,3
300,,14,1,6,2,4
300,,15,1,6,5,1
300,,0,1,6,4,2
300,,1,1,6,6,0
300,,2,1,6,4,2
300,,3,1,6,5,1
300,,4,1,6,5,1
300,,5,1,6,3,3
300,,6,1,6,6,0
300,,7,1,6,6,0
300,,8,1,6,3,3
300,,9,1,6,5,1
300,,10,1,6,5,1
300,,11,1,6,5,1
300,,12,1,6,2,4
300,,13,1,6,2,4
300,,14,1,6,4,2
300,,15,1,6,3,3
300,,0,1,6,5,1
300,,1,1,6,2,4
300,,2,1,6,3,3
300,,3,1,6,3,3
300,,4,1,6,2,4
300,,5,1,6,4,2
300,,6,1,6,3,3
300,,7,1,6,2,4
300,,8,1,6,4,2
300,,9,1,6,5,1
300,,10,1,6,4,2
300,,11,1,6,2,4
300,,12,1,6,4,2
300,,13,1,6,1,5
300,,14,1,6,5,1
300,,15,1,6,5,1
300,,0,1,6,5,1
300,,1,1,6,3,3
300,,2,1,6,6,0
300,,3,1,6,4,2
300,,4,1,6,3,3
300,,5,1,6,2,4
300,,6,1,6,4,2
300,,7,1,6,5,1
300,,8,1,6,5,1
300,,9,1,6,6,0
300,,10,1,6,1,5
300,,11,1,6,3,3
300,,12,1,6,3,3
300,,13,1,6,1,5
300,,14,1,6,2,4
300,,15,1,6,3,3
300,,0,1,6,4,2
300,,1,1,6,5,1
300,,2,1,6,3,3
300,,3,1,6,2,4
300,,4,1,6,6,0
300,,5,1,6,4,2
300,,6,1,6,4,2
300,,7,1,6,2,4
300,,8,1,6,6,0
300,,9,1,6,4,2
300,,10,1,6,3,3
300,,11,1,6,4,2
300,,12,1,6,4,2
300,,13,1,6,1,5
300,,14,1,6,4,2
300,,15,1,6,4,2
300,,0,1,6,4,2
300,,1,1,6,4,2
300,,2,1,6,6,0
300,,3,1,6,3,3
300,,4,1,6,5,1
300,,5,1,6,4,2
300,,6,1,6,4,2
300,,7,1,6,1,5
300,,8,1,6,4,2
300,,9,1,6,6,0
300,,10,1,6,3,3
300,,11,1,6,3,3
300,,12,1,6,3,3
300,,13,1,6,3,3
300,,14,1,6,3,3
300,,15,1,6,6,0
300,,0,1,6,3,3
300,,1,1,6,2,4
300,,2,1,6,4,2
300,,3,1,6,5,1
300,,4,1,6,3,3
300,,5,1,6,4,2
300,,6,1,6,3,3
300,,7,1,6,6,0
300,,8,1,6,5,1
300,,9,1,6,6,0
300,,10,1,6,2,4
300,,11,1,6,3,3
300,,12,1,6,1,5
300,,13,1,6,1,5
300,,14,1,6,3,3
300,,15,1,6,5,1
300,,0,1,6,6,0
300,,1,1,6,3,3
300,,2,1,6,5,1
300,,3,1,6,5,1
300,,4,1,6,1,5
300,,5,1,6,4,2
300,,6,1,6,3,3
300,,7,1,6,5,1
300,,8,1,6,5,1
300,,9,1,6,5,1
300,,10,1,6,5,1
300,,11,1,6,4,2
300,,12,1,6,4,2
300,,13,1,6,1,5
300,,14,1,6,4,2
300,,15,1,6,6,0
300,,0,1,6,5,1
300,,1,1,6,3,3
300,,2,1,6,4,2
300,,3,1,6,4,2
300,,4,1,6,3,3
300,,5,1,6,1,5
300,,6,1,6,5,1
300,,7,1,6,3,3
300,,8,1,6,4,2
300,,9,1,6,5,1
300,,10,1,6,3,3
300,,11,1,6,2,4
300,,12,1,6,5,1
300,,13,1,6,0,6
300,,14,1,6,4,2
300,,15,1,6,3,3
300,,0,1,6,6,0
300,,1,1,6,6,0
300,,2,1,6,3,3
300,,3,1,6,3,3
300,,4,1,6,3,3
300,,5,1,6,5,1
300,,6,1,6,4,2
300,,7,1,6,0,6
300,,8,1,6,5,1
300,,9,1,6,4,2
300,,10,1,6,3,3
300,,11,1,6,1,5
300,,12,1,6,2,4
300,,13,1,6,0,6
300,,14,1,6,1,5
300,,15,1,6,3,3
300,,0,1,6,4,2
300,,1,1,6,2,4
300,,2,1,6,5,1
300,,3,1,6,0,6
300,,4,1,6,3,3
300,,5,1,6,4,2
300,,6,1,6,4,2
300,,7,1,6,4,2
300,,8,1,6,5,1
300,,9,1,6,4,2
300,,10,1,6,3,3
300,,11,1,6,3,3
300,,12,1,6,0,6
300,,13,1,6,3,3
300,,14,1,6,2,4
300,,15,1,6,6,0
350,,0,1,6,1,5
350,,1,1,6,0,6
350,,2,1,6,1,5
350,,3,1,6,1,5
350,,4,1,6,3,3
350,,5,1,6,1,5
350,,6,1,6,3,3
350,,7,1,6,1,5
350,,8,1,6,2,4
350,,9,1,6,0,6
350,,10,1,6,1,5
350,,11,1,6,2,4
350,,12,1,6,2,4
350,,13,1,6,1,5
350,,14,1,6,1,5
350,,15,1,6,0,6
350,,0,1,6,0,6
350,,1,1,6,5,1
350,,2,1,6,4,2
350,,3,1,6,1,5
350,,4,1,6,1,5
350,,5,1,6,4,2
350,,6,1,6,2,4
350,,7,1,6,6,0
350,,8,1,6,2,4
350,,9,1,6,5,1
350,,10,1,6,1,5
350,,11,1,6,0,6
350,,12,1,6,2,4
350,,13,1,6,1,5
350,,14,1,6,1,5
350,,15,1,6,1,5
350,,0,1,6,1,5
350,,1,1,6,1,5
350,,2,1,6,0,6
350,,3,1,6,4,2
350,,4,1,6,0,6
350,,5,1,6,3,3
350,,6,1,6,0,6
350,,7,1,6,2,4
350,,8,1,6,1,5
350,,9,1,6,5,1
350,,10,1,6,1,5
350,,11,1,6,3,3
350,,12,1,6,1,5
350,,13,1,6,3,3
350,,14,1,6,1,5
350,,15,1,6,6,0
350,,0,1,6,0,6
350,,1,1,6,3,3
350,,2,1,6,3,3
350,,3,1,6,5,1
350,,4,1,6,1,5
350,,5,1,6,6,0
350,,6,1,6,6,0
350,,7,1,6,3,3
350,,8,1,6,3,3
350,,9,1,6,0,6
350,,10,1,6,1,5
350,,11,1,6,1,5
350,,12,1,6,2,4
350,,13,1,6,3,3
350,,14,1,6,1,5
350,,15,1,6,3,3
350,,0,1,6,3,3
350,,1,1,6,5,1
350,,2,1,6,1,5
350,,3,1,6,2,4
350,,4,1,6,1,5
350,,5,1,6,5,1
350,,6,1,6,2,4
350,,7,1,6,1,5
350,,8,1,6,2,4
350,,9,1,6,2,4
350,,10,1,6,3,3
350,,11,1,6,2,4
350,,12,1,6,3,3
350,,13,1,6,3,3
350,,14,1,6,2,4
350,,15,1,6,5,1
350,,0,1,6,1,5
350,,1,1,6,5,1
350,,2,1,6,3,3
350,,3,1,6,3,3
350,,4,1,6,3,3
350,,5,1,6,5,1
350,,6,1,6,2,4
350,,7,1,6,2,4
350,,8,1,6,3,3
350,,9,1,6,1,5
350,,10,1,6,1,5
350,,11,1,6,1,5
350,,12,1,6,1,5
350,,13,1,6,1,5
350,,14,1,6,1,5
350,,15,1,6,4,2
350,,0,1,6,1,5
350,,1,1,6,4,2
350,,2,1,6,0,6
350,,3,1,6,2,4
350,,4,1,6,3,3
350,,5,1,6,3,3
350,,6,1,6,2,4
350,,7,1,6,1,5
350,,8,1,6,1,5
350,,9,1,6,2,4
350,,10,1,6,2,4
350,,11,1,6,3,3
350,,12,1,6,1,5
350,,13,1,6,2,4
350,,14,1,6,0,6
350,,15,1,6,4,2
350,,0,1,6,2,4
350,,1,1,6,6,0
350,,2,1,6,1,5
350,,3,1,6,2,4
350,,4,1,6,1,5
350,,5,1,6,5,1
350,,6,1,6,4,2
350,,7,1,6,2,4
350,,8,1,6,1,5
350,,9,1,6,2,4
350,,10,1,6,1,5
350,,11,1,6,1,5
350,,12,1,6,1,5
350,,13,1,6,1,5
350,,14,1,6,4,2
350,,15,1,6,5,1
350,,0,1,6,2,4
350,,1,1,6,4,2
350,,2,1,6,2,4
350,,3,1,6,4,2
350,,4,1,6,0,6
350,,5,1,6,4,2
350,,6,1,6,4,2
350,,7,1,6,3,3
350,,8,1,6,0,6
350,,9,1,6,1,5
350,,10,1,6,4,2
350,,11,1,6,2,4
350,,12,1,6,1,5
350,,13,1,6,1,5
350,,14,1,6,2,4
350,,15,1,6,5,1
350,,0,1,6,2,4
350,,1,1,6,4,2
350,,2,1,6,3,3
350,,3,1,6,3,3
350,,4,1,6,1,5
350,,5,1,6,2,4
350,,6,1,6,2,4
350,,7,1,6,1,5
350,,8,1,6,1,5
350,,9,1,6,1,5
350,,10,1,6,4,2
350,,11,1,6,1,5
350,,12,1,6,2,4
350,,13,1,6,2,4
350,,14,1,6,3,3
350,,15,1,6,6,0
350,,0,1,6,3,3
350,,1,1,6,4,2
350,,2,1,6,1,5
350,,3,1,6,3,3
350,,4,1,6,2,4
350,,5,1,6,6,0
350,,6,1,6,2,4
350,,7,1,6,3,3
350,,8,1,6,0,6
350,,9,1,6,1,5
350,,10,1,6,0,6
350,,11,1,6,4,2
350,,12,1,6,2,4
350,,13,1,6,4,2
350,,14,1,6,2,4
350,,15,1,6,1,5
350,,0,1,6,1,5
350,,1,1,6,5,1
350,,2,1,6,5,1
350,,3,1,6,2,4
350,,4,1,6,0,6
350,,5,1,6,5,1
350,,6,1,6,1,5
350,,7,1,6,2,4
350,,8,1,6,1,5
350,,9,1,6,4,2
350,,10,1,6,2,4
350,,11,1,6,0,6
350,,12,1,6,2,4
350,,13,1,6,1,5
350,,14,1,6,1,5
350,,15,1,6,5,1
350,,0,1,6,1,5
350,,1,1,6,6,0
350,,2,1,6,3,3
350,,3,1,6,2,4
350,,4,1,6,6,0
350,,5,1,6,5,1
350,,6,1,6,1,5
350,,7,1,6,1,5
350,,8,1,6,2,4
350,,9,1,6,1,5
350,,10,1,6,5,1
350,,11,1,6,1,5
350,,12,1,6,0,6
350,,13,1,6,1,5
350,,14,1,6,0,6
350,,15,1,6,5,1
350,,0,1,6,0,6
350,,1,1,6,6,0
350,,2,1,6,1,5
350,,3,1,6,2,4
350,,4,1,6,2,4
350,,5,1,6,4,2
350,,6,1,6,1,5
350,,7,1,6,4,2
350,,8,1,6,1,5
350,,9,1,6,6,0
350,,10,1,6,3,3
350,,11,1,6,1,5
350,,12,1,6,3,3
350,,13,1,6,1,5
350,,14,1,6,1,5
350,,15,1,6,5,1
350,,0,1,6,0,6
350,,1,1,6,4,2
350,,2,1,6,2,4
350,,3,1,6,3,3
350,,4,1,6,1,5
350,,5,1,6,6,0
350,,6,1,6,1,5
350,,7,1,6,2,4
350,,8,1,6,0,6
350,,9,1,6,3,3
350,,10,1,6,6,0
350,,11,1,6,1,5
350,,12,1,6,2,4
350,,13,1,6,5,1
350,,14,1,6,1,5
350,,15,1,6,4,2
350,,0,1,6,1,5
350,,1,1,6,4,2
350,,2,1,6,5,1
350,,3,1,6,1,5
350,,4,1,6,3,3
350,,5,1,6,5,1
350,,6,1,6,3,3
350,,7,1,6,2,4
350,,8,1,6,2,4
350,,9,1,6,2,4
350,,10,1,6,3,3
350,,11,1,6,0,6
350,,12,1,6,2,4
350,,13,1,6,3,3
350,,14,1,6,2,4
350,,15,1,6,4,2
350,,0,1,6,0,6
350,,1,1,6,4,2
350,,2,1,6,4,2
350,,3,1,6,6,0
350,,4,1,6,1,5
350,,5,1,6,5,1
350,,6,1,6,5,1
350,,7,1,6,4,2
350,,8,1,6,3,3
350,,9,1,6,4,2
350,,10,1,6,6,0
350,,11,1,6,1,5
350,,12,1,6,0,6
350,,13,1,6,2,4
350,,14,1,6,1,5
350,,15,1,6,6,0
350,,0,1,6,0,6
350,,1,1,6,5,1
350,,2,1,6,6,0
350,,3,1,6,2,4
350,,4,1,6,0,6
350,,5,1,6,5,1
350,,6,1,6,2,4
350,,7,1,6,4,2
350,,8,1,6,1,5
350,,9,1,6,3,3
350,,10,1,6,4,2
350,,11,1,6,0,6
350,,12,1,6,1,5
350,,13,1,6,1,5
350,,14,1,6,1,5
350,,15,1,6,5,1
350,,0,1,6,3,3
350,,1,1,6,3,3
350,,2,1,6,4,2
350,,3,1,6,0,6
350,,4,1,6,6,0
350,,5,1,6,5,1
350,,6,1,6,4,2
350,,7,1,6,5,1
350,,8,1,6,3,3
350,,9,1,6,2,4
350,,10,1,6,6,0
350,,11,1,6,5,1
350,,12,1,6,4,2
350,,13,1,6,2,4
350,,14,1,6,0,6
350,,15,1,6,5,1
350,,0,1,6,0,6
350,,1,1,6,5,1
350,,2,1,6,5,1
350,,3,1,6,5,1
350,,4,1,6,4,2
350,,5,1,6,5,1
350,,6,1,6,4,2
350,,7,1,6,3,3
350,,8,1,6,3,3
350,,9,1,6,3,3
350,,10,1,6,6,0
350,,11,1,6,0,6
350,,12,1,6,4,2
350,,13,1,6,3,3
350,,14,1,6,3,3
350,,15,1,6,6,0
350,,0,1,6,3,3
350,,1,1,6,6,0
350,,2,1,6,5,1
350,,3,1,6,3,3
350,,4,1,6,2,4
350,,5,1,6,4,2
350,,6,1,6,5,1
350,,7,1,6,2,4
350,,8,1,6,1,5
350,,9,1,6,3,3
350,,10,1,6,5,1
350,,11,1,6,3,3
350,,12,1,6,3,3
350,,13,1,6,2,4
350,,14,1,6,5,1
350,,15,1,6,5,1
350,,0,1,6,1,5
350,,1,1,6,4,2
350,,2,1,6,6,0
350,,3,1,6,1,5
350,,4,1,6,4,2
350,,5,1,6,4,2
350,,6,1,6,5,1
350,,7,1,6,2,4
350,,8,1,6,3,3
350,,9,1,6,6,0
350,,10,1,6,5,1
350,,11,1,6,1,5
350,,12,1,6,1,5
350,,13,1,6,3,3
350,,14,1,6,3,3
350,,15,1,6,4,2
350,,0,1,6,2,4
350,,1,1,6,4,2
350,,2,1,6,4,2
350,,3,1,6,4,2
350,,4,1,6,5,1
350,,5,1,6,4,2
350,,6,1,6,3,3
350,,7,1,6,3,3
350,,8,1,6,5,1
350,,9,1,6,2,4
350,,10,1,6,4,2
350,,11,1,6,1,5
350,,12,1,6,3,3
350,,13,1,6,4,2
350,,14,1,6,4,2
350,,15,1,6,6,0
350,,0,1,6,4,2
350,,1,1,6,5,1
350,,2,1,6,6,0
350,,3,1,6,4,2
350,,4,1,6,4,2
350,,5,1,6,5,1
350,,6,1,6,5,1
350,,7,1,6,6,0
350,,8,1,6,6,0
350,,9,1,6,6,0
350,,10,1,6,6,0
350,,11,1,6,6,0
350,,12,1,6,5,1
350,,13,1,6,6,0
350,,14,1,6,4,2
350,,15,1,6,5,1
350,,0,1,6,4,2
350,,1,1,6,6,0
350,,2,1,6,6,0
350,,3,1,6,3,3
350,,4,1,6,2,4
350,,5,1,6,6,0
350,,6,1,6,6,0
350,,7,1,6,5,1
350,,8,1,6,5,1
350,,9,1,6,5,1
350,,10,1,6,5,1
350,,11,1,6,2,4
350,,12,1,6,1,5
350,,13,1,6,4,2
350,,14,1,6,2,4
350,,15,1,6,5,1
350,,0,1,6,4,2
350,,1,1,6,6,0
350,,2,1,6,5,1
350,,3,1,6,3,3
350,,4,1,6,3,3
350,,5,1,6,5,1
350,,6,1,6,6,0
350,,7,1,6,3,3
350,,8,1,6,4,2
350,,9,1,6,3,3
350,,10,1,6,4,2
350,,11,1,6,5,1
350,,12,1,6,4,2
350,,13,1,6,3,3
350,,14,1,6,5,1
350,,15,1,6,5,1
350,,0,1,6,5,1
350,,1,1,6,5,1
350,,2,1,6,5,1
350,,3,1,6,3,3
350,,4,1,6,3,3
350,,5,1,6,6,0
350,,6,1,6,4,2
350,,7,1,6,6,0
350,,8,1,6,6,0
350,,9,1,6,5,1
350,,10,1,6,5,1
350,,11,1,6,6,0
350,,12,1,6,4,2
350,,13,1,6,3,3
350,,14,1,6,5,1
350,,15,1,6,5,1
350,,0,1,6,4,2
350,,1,1,6,5,1
350,,2,1,6,5,1
350,,3,1,6,1,5
350,,4,1,6,3,3
350,,5,1,6,6,0
350,,6,1,6,3,3
350,,7,1,6,4,2
350,,8,1,6,3,3
350,,9,1,6,4,2
350,,10,1,6,4,2
350,,11,1,6,5,1
350,,12,1,6,6,0
350,,13,1,6,5,1
350,,14,1,6,5,1
350,,15,1,6,6,0
350,,0,1,6,6,0
350,,1,1,6,3,3
350,,2,1,6,5,1
350,,3,1,6,6,0
350,,4,1,6,4,2
350,,5,1,6,5,1
350,,6,1,6,4,2
350,,7,1,6,5,1
350,,8,1,6,5,1
350,,9,1,6,4,2
350,,10,1,6,5,1
350,,11,1,6,5,1
350,,12,1,6,4,2
350,,13,1,6,5,1
350,,14,1,6,6,0
350,,15,1,6,5,1
350,,0,1,6,4,2
350,,1,1,6,5,1
350,,2,1,6,4,2
350,,3,1,6,3,3
350,,4,1,6,5,1
350,,5,1,6,5,1
350,,6,1,6,6,0
350,,7,1,6,3,3
350,,8,1,6,5,1
350,,9,1,6,6,0
350,,10,1,6,5,1
350,,11,1,6,4,2
350,,12,1,6,5,1
350,,13,1,6,5,1
350,,14,1,6,3,3
350,,15,1,6,4,2
350,,0,1,6,6,0
350,,1,1,6,6,0
350,,2,1,6,6,0
350,,3,1,6,3,3
350,,4,1,6,6,0
350,,5,1,6,6,0
350,,6,1,6,5,1
350,,7,1,6,1,5
350,,8,1,6,5,1
350,,9,1,6,4,2
350,,10,1,6,6,0
350,,11,1,6,5,1
350,,12,1,6,5,1
350,,13,1,6,5,1
350,,14,1,6,4,2
350,,15,1,6,6,0
350,,0,1,6,6,0
350,,1,1,6,6,0
350,,2,1,6,5,1
350,,3,1,6,1,5
350,,4,1,6,5,1
350,,5,1,6,3,3
350,,6,1,6,4,2
350,,7,1,6,3,3
350,,8,1,6,5,1
350,,9,1,6,5,1
350,,10,1,6,6,0
350,,11,1,6,5,1
350,,12,1,6,5,1
350,,13,1,6,6,0
350,,14,1,6,6,0
350,,15,1,6,5,1
350,,0,1,6,5,1
350,,1,1,6,2,4
350,,2,1,6,3,3
350,,3,1,6,5,1
350,,4,1,6,5,1
350,,5,1,6,4,2
350,,6,1,6,4,2
350,,7,1,6,3,3
350,,8,1,6,6,0
350,,9,1,6,5,1
350,,10,1,6,4,2
350,,11,1,6,6,0
350,,12,1,6,6,0
350,,13,1,6,5,1
350,,14,1,6,6,0
350,,15,1,6,6,0
350,,0,1,6,6,0
350,,1,1,6,4,2
350,,2,1,6,6,0
350,,3,1,6,6,0
350,,4,1,6,5,1
350,,5,1,6,4,2
350,,6,1,6,2,4
350,,7,1,6,5,1
350,,8,1,6,6,0
350,,9,1,6,3,3
350,,10,1,6,5,1
350,,11,1,6,6,0
350,,12,1,6,5,1
350,,13,1,6,5,1
350,,14,1,6,6,0
350,,15,1,6,5,1
350,,0,1,6,6,0
350,,1,1,6,5,1
350,,2,1,6,4,2
350,,3,1,6,2,4
350,,4,1,6,5,1
350,,5,1,6,4,2
350,,6,1,6,3,3
350,,7,1,6,5,1
350,,8,1,6,6,0
350,,9,1,6,4,2
350,,10,1,6,6,0
350,,11,1,6,6,0
350,,12,1,6,6,0
350,,13,1,6,5,1
350,,14,1,6,6,0
350,,15,1,6,5,1
350,,0,1,6,5,1
350,,1,1,6,6,0
350,,2,1,6,4,2
350,,3,1,6,5,1
350,,4,1,6,4,2
350,,5,1,6,6,0
350,,6,1,6,5,1
350,,7,1,6,4,2
350,,8,1,6,5,1
350,,9,1,6,5,1
350,,10,1,6,5,1
350,,11,1,6,5,1
350,,12,1,6,5,1
350,,13,1,6,6,0
350,,14,1,6,5,1
350,,15,1,6,5,1
350,,0,1,6,6,0
350,,1,1,6,3,3
350,,2,1,6,3,3
350,,3,1,6,3,3
350,,4,1,6,6,0
350,,5,1,6,6,0
350,,6,1,6,4,2
350,,7,1,6,4,2
350,,8,1,6,5,1
350,,9,1,6,5,1
350,,10,1,6,4,2
350,,11,1,6,6,0
350,,12,1,6,5,1
350,,13,1,6,5,1
350,,14,1,6,5,1
350,,15,1,6,5,1
350,,0,1,6,6,0
350,,1,1,6,3,3
350,,2,1,6,3,3
350,,3,1,6,5,1
350,,4,1,6,5,1
350,,5,1,6,5,1
350,,6,1,6,3,3
350,,7,1,6,4,2
350,,8,1,6,5,1
350,,9,1,6,6,0
350,,10,1,6,5,1
350,,11,1,6,6,0
350,,12,1,6,6,0
350,,13,1,6,4,2
350,,14,1,6,6,0
350,,15,1,6,2,4
350,,0,1,6,4,2
350,,1,1,6,3,3
350,,2,1,6,4,2
350,,3,1,6,4,2
350,,4,1,6,5,1
350,,5,1,6,5,1
350,,6,1,6,6,0
350,,7,1,6,4,2
350,,8,1,6,5,1
350,,9,1,6,4,2
350,,10,1,6,6,0
350,,11,1,6,6,0
350,,12,1,6,6,0
350,,13,1,6,6,0
350,,14,1,6,5,1
350,,15,1,6,5,1
350,,0,1,6,5,1
350,,1,1,6,6,0
350,,2,1,6,4,2
350,,3,1,6,3,3
350,,4,1,6,5,1
350,,5,1,6,6,0
350,,6,1,6,5,1
350,,7,1,6,2,4
350,,8,1,6,6,0
350,,9,1,6,4,2
350,,10,1,6,6,0
350,,11,1,6,4,2
350,,12,1,6,3,3
350,,13,1,6,6,0
350,,14,1,6,6,0
350,,15,1,6,6,0
350,,0,1,6,5,1
350,,1,1,6,4,2
350,,2,1,6,5,1
350,,3,1,6,3,3
350,,4,1,6,5,1
350,,5,1,6,5,1
350,,6,1,6,6,0
350,,7,1,6,2,4
350,,8,1,6,6,0
350,,9,1,6,5,1
350,,10,1,6,6,0
350,,11,1,6,6,0
350,,12,1,6,5,1
350,,13,1,6,6,0
350,,14,1,6,5,1
350,,15,1,6,6,0
350,,0,1,6,4,2
350,,1,1,6,5,1
350,,2,1,6,4,2
350,,3,1,6,3,3
350,,4,1,6,5,1
350,,5,1,6,6,0
350,,6,1,6,5,1
350,,7,1,6,6,0
350,,8,1,6,6,0
350,,9,1,6,4,2
350,,10,1,6,5,1
350,,11,1,6,6,0
350,,12,1,6,6,0
350,,13,1,6,5,1
350,,14,1,6,4,2
350,,15,1,6,4,2
350,,0,1,6,6,0
350,,1,1,6,5,1
350,,2,1,6,4,2
350,,3,1,6,2,4
350,,4,1,6,5,1
350,,5,1,6,6,0
350,,6,1,6,5,1
350,,7,1,6,2,4
350,,8,1,6,5,1
350,,9,1,6,5,1
350,,10,1,6,5,1
350,,11,1,6,5,1
350,,12,1,6,5,1
350,,13,1,6,6,0
350,,14,1,6,5,1
350,,15,1,6,6,0
350,,0,1,6,6,0
350,,1,1,6,5,1
350,,2,1,6,5,1
350,,3,1,6,4,2
350,,4,1,6,4,2
350,,5,1,6,4,2
350,,6,1,6,5,1
350,,7,1,6,4,2
350,,8,1,6,3,3
350,,9,1,6,4,2
350,,10,1,6,5,1
350,,11,1,6,3,3
350,,12,1,6,4,2
350,,13,1,6,4,2
350,,14,1,6,4,2
350,,15,1,6,6,0
350,,0,1,6,6,0
350,,1,1,6,6,0
350,,2,1,6,4,2
350,,3,1,6,6,0
350,,4,1,6,6,0
350,,5,1,6,6,0
350,,6,1,6,3,3
350,,7,1,6,5,1
350,,8,1,6,3,3
350,,9,1,6,6,0
350,,10,1,6,6,0
350,,11,1,6,6,0
350,,12,1,6,5,1
350,,13,1,6,4,2
350,,14,1,6,6,0
350,,15,1,6,5,1
350,,0,1,6,3,3
350,,1,1,6,5,1
350,,2,1,6,6,0
350,,3,1,6,3,3
350,,4,1,6,4,2
350,,5,1,6,5,1
350,,6,1,6,4,2
350,,7,1,6,3,3
350,,8,1,6,3,3
350,,9,1,6,3,3
350,,10,1,6,6,0
350,,11,1,6,4,2
350,,12,1,6,5,1
350,,13,1,6,4,2
350,,14,1,6,4,2
350,,15,1,6,5,1
350,,0,1,6,5,1
350,,1,1,6,4,2
350,,2,1,6,5,1
350,,3,1,6,5,1
350,,4,1,6,6,0
350,,5,1,6,5,1
350,,6,1,6,4,2
350,,7,1,6,4,2
350,,8,1,6,4,2
350,,9,1,6,4,2
350,,10,1,6,5,1
350,,11,1,6,5,1
350,,12,1,6,4,2
350,,13,1,6,5,1
350,,14,1,6,6,0
350,,15,1,6,6,0
350,,0,1,6,5,1
350,,1,1,6,5,1
350,,2,1,6,5,1
350,,3,1,6,5,1
350,,4,1,6,5,1
350,,5,1,6,5,1
350,,6,1,6,6,0
350,,7,1,6,1,5
350,,8,1,6,5,1
350,,9,1,6,2,4
350,,10,1,6,3,3
350,,11,1,6,5,1
350,,12,1,6,4,2
350,,13,1,6,4,2
350,,14,1,6,4,2
350,,15,1,6,4,2
350,,0,1,6,6,0
350,,1,1,6,4,2
350,,2,1,6,6,0
350,,3,1,6,5,1
350,,4,1,6,4,2
350,,5,1,6,6,0
350,,6,1,6,2,4
350,,7,1,6,2,4
350,,8,1,6,4,2
350,,9,1,6,2,4
350,,10,1,6,5,1
350,,11,1,6,6,0
350,,12,1,6,5,1
350,,13,1,6,5,1
350,,14,1,6,3,3
350,,15,1,6,5,1
350,,0,1,6,5,1
350,,1,1,6,5,1
350,,2,1,6,5,1
350,,3,1,6,1,5
350,,4,1,6,3,3
350,,5,1,6,3,3
350,,6,1,6,6,0
350,,7,1,6,1,5
350,,8,1,6,2,4
350,,9,1,6,5,1
350,,10,1,6,6,0
350,,11,1,6,6,0
350,,12,1,6,3,3
350,,13,1,6,5,1
350,,14,1,6,4,2
350,,15,1,6,5,1
350,,0,1,6,2,4
350,,1,1,6,3,3
350,,2,1,6,2,4
350,,3,1,6,5,1
350,,4,1,6,3,3
350,,5,1,6,4,2
350,,6,1,6,4,2
350,,7,1,6,3,3
350,,8,1,6,3,3
350,,9,1,6,3,3
350,,10,1,6,4,2
350,,11,1,6,3,3
350,,12,1,6,4,2
350,,13,1,6,5,1
350,,14,1,6,5,1
350,,15,1,6,4,2
350,,0,1,6,2,4
350,,1,1,6,5,1
350,,2,1,6,4,2
350,,3,1,6,4,2
350,,4,1,6,3,3
350,,5,1,6,4,2
350,,6,1,6,4,2
350,,7,1,6,4,2
350,,8,1,6,3,3
350,,9,1,6,5,1
350,,10,1,6,6,0
350,,11,1,6,6,0
350,,12,1,6,5,1
350,,13,1,6,3,3
350,,14,1,6,4,2
350,,15,1,6,4,2
350,,0,1,6,6,0
350,,1,1,6,4,2
350,,2,1,6,3,3
350,,3,1,6,3,3
350,,4,1,6,1,5
350,,5,1,6,1,5
350,,6,1,6,2,4
350,,7,1,6,2,4
350,,8,1,6,3,3
350,,9,1,6,2,4
350,,10,1,6,6,0
350,,11,1,6,4,2
350,,12,1,6,5,1
350,,13,1,6,0,6
350,,14,1,6,3,3
350,,15,1,6,1,5
350,,0,1,6,2,4
350,,1,1,6,5,1
350,,2,1,6,3,3
350,,3,1,6,4,2
350,,4,1,6,3,3
350,,5,1,6,5,1
350,,6,1,6,5,1
350,,7,1,6,1,5
350,,8,1,6,3,3
350,,9,1,6,5,1
350,,10,1,6,3,3
350,,11,1,6,6,0
350,,12,1,6,6,0
350,,13,1,6,2,4
350,,14,1,6,2,4
350,,15,1,6,6,0
350,,0,1,6,2,4
350,,1,1,6,3,3
350,,2,1,6,6,0
350,,3,1,6,4,2
350,,4,1,6,2,4
350,,5,1,6,4,2
350,,6,1,6,4,2
350,,7,1,6,1,5
350,,8,1,6,5,1
350,,9,1,6,3,3
350,,10,1,6,2,4
350,,11,1,6,3,3
350,,12,1,6,3,3
350,,13,1,6,6,0
350,,14,1,6,6,0
350,,15,1,6,3,3
350,,0,1,6,2,4
350,,1,1,6,6,0
350,,2,1,6,3,3
350,,3,1,6,5,1
350,,4,1,6,4,2
350,,5,1,6,3,3
350,,6,1,6,3,3
350,,7,1,6,0,6
350,,8,1,6,3,3
350,,9,1,6,3,3
350,,10,1,6,3,3
350,,11,1,6,3,3
350,,12,1,6,2,4
350,,13,1,6,4,2
350,,14,1,6,3,3
350,,15,1,6,4,2
350,,0,1,6,6,0
350,,1,1,6,4,2
350,,2,1,6,2,4
350,,3,1,6,2,4
350,,4,1,6,3,3
350,,5,1,6,4,2
350,,6,1,6,1,5
350,,7,1,6,1,5
350,,8,1,6,2,4
350,,9,1,6,1,5
350,,10,1,6,5,1
350,,11,1,6,3,3
350,,12,1,6,5,1
350,,13,1,6,5,1
350,,14,1,6,1,5
350,,15,1,6,4,2
350,,0,1,6,5,1
350,,1,1,6,3,3
350,,2,1,6,5,1
350,,3,1,6,4,2
350,,4,1,6,3,3
350,,5,1,6,3,3
350,,6,1,6,3,3
350,,7,1,6,1,5
350,,8,1,6,4,2
350,,9,1,6,1,5
350,,10,1,6,2,4
350,,11,1,6,6,0
350,,12,1,6,6,0
350,,13,1,6,5,1
350,,14,1,6,4,2
350,,15,1,6,5,1
350,,0,1,6,3,3
350,,1,1,6,6,0
350,,2,1,6,5,1
350,,3,1,6,2,4
350,,4,1,6,0,6
350,,5,1,6,5,1
350,,6,1,6,2,4
350,,7,1,6,1,5
350,,8,1,6,2,4
350,,9,1,6,1,5
350,,10,1,6,5,1
350,,11,1,6,3,3
350,,12,1,6,2,4
350,,13,1,6,3,3
350,,14,1,6,3,3
350,,15,1,6,5,1
400,,0,1,6,2,4
400,,1,1,6,0,6
400,,2,1,6,2,4
400,,3,1,6,2,4
400,,4,1,6,3,3
400,,5,1,6,0,6
400,,6,1,6,2,4
400,,7,1,6,1,5
400,,8,1,6,0,6
400,,9,1,6,4,2
400,,10,1,6,3,3
400,,11,1,6,0,6
400,,12,1,6,0,6
400,,13,1,6,1,5
400,,14,1,6,0,6
400,,15,1,6,1,5
400,,0,1,6,4,2
400,,1,1,6,0,6
400,,2,1,6,3,3
400,,3,1,6,2,4
400,,4,1,6,2,4
400,,5,1,6,0,6
400,,6,1,6,2,4
400,,7,1,6,1,5
400,,8,1,6,0,6
400,,9,1,6,2,4
400,,10,1,6,0,6
400,,11,1,6,0,6
400,,12,1,6,2,4
400,,13,1,6,3,3
400,,14,1,6,2,4
400,,15,1,6,6,0
400,,0,1,6,2,4
400,,1,1,6,0,6
400,,2,1,6,5,1
400,,3,1,6,5,1
400,,4,1,6,3,3
400,,5,1,6,0,6
400,,6,1,6,4,2
400,,7,1,6,0,6
400,,8,1,6,3,3
400,,9,1,6,3,3
400,,10,1,6,2,4
400,,11,1,6,0,6
400,,12,1,6,1,5
400,,13,1,6,2,4
400,,14,1,6,4,2
400,,15,1,6,0,6
400,,0,1,6,3,3
400,,1,1,6,0,6
400,,2,1,6,1,5
400,,3,1,6,5,1
400,,4,1,6,1,5
400,,5,1,6,1,5
400,,6,1,6,3,3
400,,7,1,6,1,5
400,,8,1,6,1,5
400,,9,1,6,3,3
400,,10,1,6,0,6
400,,11,1,6,3,3
400,,12,1,6,1,5
400,,13,1,6,1,5
400,,14,1,6,6,0
400,,15,1,6,4,2
400,,0,1,6,2,4
400,,1,1,6,0,6
400,,2,1,6,1,5
400,,3,1,6,5,1
400,,4,1,6,3,3
400,,5,1,6,1,5
400,,6,1,6,6,0
400,,7,1,6,2,4
400,,8,1,6,4,2
400,,9,1,6,3,3
400,,10,1,6,1,5
400,,11,1,6,3,3
400,,12,1,6,1,5
400,,13,1,6,2,4
400,,14,1,6,3,3
400,,15,1,6,0,6
400,,0,1,6,3,3
400,,1,1,6,2,4
400,,2,1,6,4,2
400,,3,1,6,5,1
400,,4,1,6,4,2
400,,5,1,6,0,6
400,,6,1,6,5,1
400,,7,1,6,2,4
400,,8,1,6,0,6
400,,9,1,6,2,4
400,,10,1,6,1,5
400,,11,1,6,1,5
400,,12,1,6,1,5
400,,13,1,6,1,5
400,,14,1,6,5,1
400,,15,1,6,4,2
400,,0,1,6,6,0
400,,1,1,6,3,3
400,,2,1,6,2,4
400,,3,1,6,2,4
400,,4,1,6,4,2
400,,5,1,6,3,3
400,,6,1,6,4,2
400,,7,1,6,5,1
400,,8,1,6,0,6
400,,9,1,6,5,1
400,,10,1,6,2,4
400,,11,1,6,4,2
400,,12,1,6,3,3
400,,13,1,6,3,3
400,,14,1,6,6,0
400,,15,1,6,3,3
400,,0,1,6,5,1
400,,1,1,6,2,4
400,,2,1,6,0,6
400,,3,1,6,3,3
400,,4,1,6,4,2
400,,5,1,6,1,5
400,,6,1,6,3,3
400,,7,1,6,0,6
400,,8,1,6,2,4
400,,9,1,6,3,3
400,,10,1,6,1,5
400,,11,1,6,0,6
400,,12,1,6,0,6
400,,13,1,6,2,4
400,,14,1,6,6,0
400,,15,1,6,0,6
400,,0,1,6,4,2
400,,1,1,6,1,5
400,,2,1,6,2,4
400,,3,1,6,4,2
400,,4,1,6,2,4
400,,5,1,6,1,5
400,,6,1,6,3,3
400,,7,1,6,1,5
400,,8,1,6,1,5
400,,9,1,6,2,4
400,,10,1,6,1,5
400,,11,1,6,3,3
400,,12,1,6,3,3
400,,13,1,6,2,4
400,,14,1,6,3,3
400,,15,1,6,4,2
400,,0,1,6,3,3
400,,1,1,6,2,4
400,,2,1,6,3,3
400,,3,1,6,1,5
400,,4,1,6,5,1
400,,5,1,6,2,4
400,,6,1,6,2,4
400,,7,1,6,2,4
400,,8,1,6,3,3
400,,9,1,6,2,4
400,,10,1,6,5,1
400,,11,1,6,1,5
400,,12,1,6,1,5
400,,13,1,6,5,1
400,,14,1,6,5,1
400,,15,1,6,1,5
400,,0,1,6,2,4
400,,1,1,6,1,5
400,,2,1,6,5,1
400,,3,1,6,4,2
400,,4,1,6,5,1
400,,5,1,6,2,4
400,,6,1,6,5,1
400,,7,1,6,2,4
400,,8,1,6,1,5
400,,9,1,6,3,3
400,,10,1,6,6,0
400,,11,1,6,2,4
400,,12,1,6,1,5
400,,13,1,6,4,2
400,,14,1,6,5,1
400,,15,1,6,2,4
400,,0,1,6,2,4
400,,1,1,6,1,5
400,,2,1,6,3,3
400,,3,1,6,3,3
400,,4,1,6,4,2
400,,5,1,6,1,5
400,,6,1,6,6,0
400,,7,1,6,1,5
400,,8,1,6,3,3
400,,9,1,6,0,6
400,,10,1,6,3,3
400,,11,1,6,3,3
400,,12,1,6,1,5
400,,13,1,6,2,4
400,,14,1,6,3,3
400,,15,1,6,2,4
400,,0,1,6,5,1
400,,1,1,6,2,4
400,,2,1,6,1,5
400,,3,1,6,3,3
400,,4,1,6,5,1
400,,5,1,6,5,1
400,,6,1,6,2,4
400,,7,1,6,1,5
400,,8,1,6,2,4
400,,9,1,6,4,2
400,,10,1,6,1,5
400,,11,1,6,2,4
400,,12,1,6,0,6
400,,13,1,6,1,5
400,,14,1,6,3,3
400,,15,1,6,3,3
400,,0,1,6,2,4
400,,1,1,6,0,6
400,,2,1,6,2,4
400,,3,1,6,1,5
400,,4,1,6,1,5
400,,5,1,6,2,4
400,,6,1,6,1,5
400,,7,1,6,0,6
400,,8,1,6,0,6
400,,9,1,6,3,3
400,,10,1,6,0,6
400,,11,1,6,1,5
400,,12,1,6,1,5
400,,13,1,6,2,4
400,,14,1,6,3,3
400,,15,1,6,0,6
400,,0,1,6,3,3
400,,1,1,6,2,4
400,,2,1,6,5,1
400,,3,1,6,5,1
400,,4,1,6,5,1
400,,5,1,6,2,4
400,,6,1,6,5,1
400,,7,1,6,5,1
400,,8,1,6,2,4
400,,9,1,6,3,3
400,,10,1,6,5,1
400,,11,1,6,1,5
400,,12,1,6,3,3
400,,13,1,6,2,4
400,,14,1,6,5,1
400,,15,1,6,0,6
400,,0,1,6,4,2
400,,1,1,6,1,5
400,,2,1,6,5,1
400,,3,1,6,3,3
400,,4,1,6,4,2
400,,5,1,6,2,4
400,,6,1,6,4,2
400,,7,1,6,3,3
400,,8,1,6,4,2
400,,9,1,6,4,2
400,,10,1,6,1,5
400,,11,1,6,2,4
400,,12,1,6,6,0
400,,13,1,6,2,4
400,,14,1,6,4,2
400,,15,1,6,3,3
400,,0,1,6,2,4
400,,1,1,6,3,3
400,,2,1,6,4,2
400,,3,1,6,1,5
400,,4,1,6,4,2
400,,5,1,6,2,4
400,,6,1,6,5,1
400,,7,1,6,5,1
400,,8,1,6,1,5
400,,9,1,6,3,3
400,,10,1,6,1,5
400,,11,1,6,1,5
400,,12,1,6,1,5
400,,13,1,6,4,2
400,,14,1,6,6,0
400,,15,1,6,4,2
400,,0,1,6,2,4
400,,1,1,6,1,5
400,,2,1,6,5,1
400,,3,1,6,2,4
400,,4,1,6,4,2
400,,5,1,6,2,4
400,,6,1,6,2,4
400,,7,1,6,2,4
400,,8,1,6,1,5
400,,9,1,6,0,6
400,,10,1,6,2,4
400,,11,1,6,4,2
400,,12,1,6,5,1
400,,13,1,6,3,3
400,,14,1,6,5,1
400,,15,1,6,3,3
400,,0,1,6,4,2
400,,1,1,6,2,4
400,,2,1,6,4,2
400,,3,1,6,3,3
400,,4,1,6,6,0
400,,5,1,6,4,2
400,,6,1,6,4,2
400,,7,1,6,2,4
400,,8,1,6,2,4
400,,9,1,6,3,3
400,,10,1,6,4,2
400,,11,1,6,1,5
400,,12,1,6,4,2
400,,13,1,6,3,3
400,,14,1,6,6,0
400,,15,1,6,4,2
400,,0,1,6,6,0
400,,1,1,6,5,1
400,,2,1,6,5,1
400,,3,1,6,1,5
400,,4,1,6,6,0
400,,5,1,6,3,3
400,,6,1,6,4,2
400,,7,1,6,3,3
400,,8,1,6,1,5
400,,9,1,6,6,0
400,,10,1,6,1,5
400,,11,1,6,1,5
400,,12,1,6,4,2
400,,13,1,6,5,1
400,,14,1,6,4,2
400,,15,1,6,3,3
400,,0,1,6,5,1
400,,1,1,6,1,5
400,,2,1,6,4,2
400,,3,1,6,3,3
400,,4,1,6,5,1
400,,5,1,6,2,4
400,,6,1,6,4,2
400,,7,1,6,5,1
400,,8,1,6,2,4
400,,9,1,6,5,1
400,,10,1,6,5,1
400,,11,1,6,1,5
400,,12,1,6,4,2
400,,13,1,6,3,3
400,,14,1,6,1,5
400,,15,1,6,5,1
400,,0,1,6,2,4
400,,1,1,6,1,5
400,,2,1,6,5,1
400,,3,1,6,3,3
400,,4,1,6,4,2
400,,5,1,6,4,2
400,,6,1,6,3,3
400,,7,1,6,6,0
400,,8,1,6,2,4
400,,9,1,6,5,1
400,,10,1,6,3,3
400,,11,1,6,2,4
400,,12,1,6,5,1
400,,13,1,6,4,2
400,,14,1,6,2,4
400,,15,1,6,3,3
400,,0,1,6,4,2
400,,1,1,6,4,2
400,,2,1,6,4,2
400,,3,1,6,4,2
400,,4,1,6,4,2
400,,5,1,6,4,2
400,,6,1,6,6,0
400,,7,1,6,6,0
400,,8,1,6,2,4
400,,9,1,6,5,1
400,,10,1,6,5,1
400,,11,1,6,3,3
400,,12,1,6,6,0
400,,13,1,6,4,2
400,,14,1,6,3,3
400,,15,1,6,5,1
400,,0,1,6,6,0
400,,1,1,6,3,3
400,,2,1,6,5,1
400,,3,1,6,2,4
400,,4,1,6,5,1
400,,5,1,6,5,1
400,,6,1,6,6,0
400,,7,1,6,6,0
400,,8,1,6,6,0
400,,9,1,6,5,1
400,,10,1,6,2,4
400,,11,1,6,5,1
400,,12,1,6,6,0
400,,13,1,6,5,1
400,,14,1,6,3,3
400,,15,1,6,3,3
400,,0,1,6,4,2
400,,1,1,6,5,1
400,,2,1,6,5,1
400,,3,1,6,6,0
400,,4,1,6,5,1
400,,5,1,6,6,0
400,,6,1,6,2,4
400,,7,1,6,3,3
400,,8,1,6,3,3
400,,9,1,6,6,0
400,,10,1,6,2,4
400,,11,1,6,3,3
400,,12,1,6,5,1
400,,13,1,6,3,3
400,,14,1,6,5,1
400,,15,1,6,3,3
400,,0,1,6,5,1
400,,1,1,6,3,3
400,,2,1,6,4,2
400,,3,1,6,2,4
400,,4,1,6,5,1
400,,5,1,6,5,1
400,,6,1,6,2,4
400,,7,1,6,5,1
400,,8,1,6,3,3
400,,9,1,6,5,1
400,,10,1,6,1,5
400,,11,1,6,6,0
400,,12,1,6,5,1
400,,13,1,6,3,3
400,,14,1,6,6,0
400,,15,1,6,3,3
400,,0,1,6,4,2
400,,1,1,6,4,2
400,,2,1,6,4,2
400,,3,1,6,3,3
400,,4,1,6,5,1
400,,5,1,6,6,0
400,,6,1,6,6,0
400,,7,1,6,2,4
400,,8,1,6,4,2
400,,9,1,6,4,2
400,,10,1,6,3,3
400,,11,1,6,5,1
400,,12,1,6,6,0
400,,13,1,6,3,3
400,,14,1,6,2,4
400,,15,1,6,6,0
400,,0,1,6,5,1
400,,1,1,6,3,3
400,,2,1,6,4,2
400,,3,1,6,4,2
400,,4,1,6,5,1
400,,5,1,6,5,1
400,,6,1,6,3,3
400,,7,1,6,1,5
400,,8,1,6,3,3
400,,9,1,6,3,3
400,,10,1,6,2,4
400,,11,1,6,4,2
400,,12,1,6,6,0
400,,13,1,6,4,2
400,,14,1,6,6,0
400,,15,1,6,4,2
400,,0,1,6,4,2
400,,1,1,6,5,1
400,,2,1,6,5,1
400,,3,1,6,5,1
400,,4,1,6,5,1
400,,5,1,6,5,1
400,,6,1,6,4,2
400,,7,1,6,3,3
400,,8,1,6,6,0
400,,9,1,6,6,0
400,,10,1,6,5,1
400,,11,1,6,4,2
400,,12,1,6,5,1
400,,13,1,6,5,1
400,,14,1,6,4,2
400,,15,1,6,3,3
400,,0,1,6,3,3
400,,1,1,6,4,2
400,,2,1,6,5,1
400,,3,1,6,2,4
400,,4,1,6,6,0
400,,5,1,6,4,2
400,,6,1,6,3,3
400,,7,1,6,2,4
400,,8,1,6,4,2
400,,9,1,6,4,2
400,,10,1,6,3,3
400,,11,1,6,5,1
400,,12,1,6,6,0
400,,13,1,6,5,1
400,,14,1,6,4,2
400,,15,1,6,5,1
400,,0,1,6,4,2
400,,1,1,6,3,3
400,,2,1,6,3,3
400,,3,1,6,1,5
400,,4,1,6,4,2
400,,5,1,6,4,2
400,,6,1,6,4,2
400,,7,1,6,2,4
400,,8,1,6,4,2
400,,9,1,6,4,2
400,,10,1,6,3,3
400,,11,1,6,6,0
400,,12,1,6,6,0
400,,13,1,6,5,1
400,,14,1,6,4,2
400,,15,1,6,5,1
400,,0,1,6,5,1
400,,1,1,6,3,3
400,,2,1,6,5,1
400,,3,1,6,2,4
400,,4,1,6,5,1
400,,5,1,6,2,4
400,,6,1,6,3,3
400,,7,1,6,1,5
400,,8,1,6,3,3
400,,9,1,6,4,2
400,,10,1,6,4,2
400,,11,1,6,3,3
400,,12,1,6,1,5
400,,13,1,6,3,3
400,,14,1,6,4,2
400,,15,1,6,4,2
400,,0,1,6,5,1
400,,1,1,6,6,0
400,,2,1,6,6,0
400,,3,1,6,3,3
400,,4,1,6,5,1
400,,5,1,6,3,3
400,,6,1,6,4,2
400,,7,1,6,1,5
400,,8,1,6,4,2
400,,9,1,6,5,1
400,,10,1,6,6,0
400,,11,1,6,5,1
400,,12,1,6,5,1
400,,13,1,6,3,3
400,,14,1,6,2,4
400,,15,1,6,5,1
400,,0,1,6,5,1
400,,1,1,6,4,2
400,,2,1,6,4,2
400,,3,1,6,3,3
400,,4,1,6,4,2
400,,5,1,6,5,1
400,,6,1,6,2,4
400,,7,1,6,6,0
400,,8,1,6,3,3
400,,9,1,6,5,1
400,,10,1,6,4,2
400,,11,1,6,5,1
400,,12,1,6,5,1
400,,13,1,6,4,2
400,,14,1,6,5,1
400,,15,1,6,4,2
400,,0,1,6,3,3
400,,1,1,6,3,3
400,,2,1,6,2,4
400,,3,1,6,5,1
400,,4,1,6,5,1
400,,5,1,6,5,1
400,,6,1,6,4,2
400,,7,1,6,5,1
400,,8,1,6,5,1
400,,9,1,6,5,1
400,,10,1,6,3,3
400,,11,1,6,4,2
400,,12,1,6,5,1
400,,13,1,6,5,1
400,,14,1,6,5,1
400,,15,1,6,5,1
400,,0,1,6,4,2
400,,1,1,6,6,0
400,,2,1,6,4,2
400,,3,1,6,5,1
400,,4,1,6,5,1
400,,5,1,6,3,3
400,,6,1,6,6,0
400,,7,1,6,4,2
400,,8,1,6,4,2
400,,9,1,6,6,0
400,,10,1,6,4,2
400,,11,1,6,5,1
400,,12,1,6,6,0
400,,13,1,6,5,1
400,,14,1,6,5,1
400,,15,1,6,4,2
400,,0,1,6,1,5
400,,1,1,6,5,1
400,,2,1,6,3,3
400,,3,1,6,1,5
400,,4,1,6,4,2
400,,5,1,6,3,3
400,,6,1,6,4,2
400,,7,1,6,5,1
400,,8,1,6,5,1
400,,9,1,6,6,0
400,,10,1,6,4,2
400,,11,1,6,5,1
400,,12,1,6,5,1
400,,13,1,6,6,0
400,,14,1,6,6,0
400,,15,1,6,6,0
400,,0,1,6,6,0
400,,1,1,6,5,1
400,,2,1,6,4,2
400,,3,1,6,4,2
400,,4,1,6,6,0
400,,5,1,6,5,1
400,,6,1,6,5,1
400,,7,1,6,4,2
400,,8,1,6,4,2
400,,9,1,6,3,3
400,,10,1,6,5,1
400,,11,1,6,5,1
400,,12,1,6,6,0
400,,13,1,6,6,0
400,,14,1,6,2,4
400,,15,1,6,6,0
400,,0,1,6,6,0
400,,1,1,6,5,1
400,,2,1,6,6,0
400,,3,1,6,3,3
400,,4,1,6,6,0
400,,5,1,6,5,1
400,,6,1,6,5,1
400,,7,1,6,5,1
400,,8,1,6,4,2
400,,9,1,6,5,1
400,,10,1,6,5,1
400,,11,1,6,6,0
400,,12,1,6,5,1
400,,13,1,6,6,0
400,,14,1,6,5,1
400,,15,1,6,5,1
400,,0,1,6,5,1
400,,1,1,6,4,2
400,,2,1,6,4,2
400,,3,1,6,4,2
400,,4,1,6,6,0
400,,5,1,6,5,1
400,,6,1,6,6,0
400,,7,1,6,4,2
400,,8,1,6,4,2
400,,9,1,6,5,1
400,,10,1,6,3,3
400,,11,1,6,6,0
400,,12,1,6,5,1
400,,13,1,6,4,2
400,,14,1,6,6,0
400,,15,1,6,6,0
400,,0,1,6,6,0
400,,1,1,6,5,1
400,,2,1,6,3,3
400,,3,1,6,3,3
400,,4,1,6,6,0
400,,5,1,6,3,3
400,,6,1,6,4,2
400,,7,1,6,4,2
400,,8,1,6,6,0
400,,9,1,6,4,2
400,,10,1,6,5,1
400,,11,1,6,4,2
400,,12,1,6,2,4
400,,13,1,6,4,2
400,,14,1,6,3,3
400,,15,1,6,2,4
400,,0,1,6,5,1
400,,1,1,6,5,1
400,,2,1,6,4,2
400,,3,1,6,4,2
400,,4,1,6,6,0
400,,5,1,6,5,1
400,,6,1,6,4,2
400,,7,1,6,2,4
400,,8,1,6,3,3
400,,9,1,6,5,1
400,,10,1,6,4,2
400,,11,1,6,6,0
400,,12,1,6,5,1
400,,13,1,6,6,0
400,,14,1,6,3,3
400,,15,1,6,6,0
400,,0,1,6,6,0
400,,1,1,6,6,0
400,,2,1,6,3,3
400,,3,1,6,2,4
400,,4,1,6,4,2
400,,5,1,6,1,5
400,,6,1,6,4,2
400,,7,1,6,3,3
400,,8,1,6,4,2
400,,9,1,6,4,2
400,,10,1,6,3,3
400,,11,1,6,6,0
400,,12,1,6,4,2
400,,13,1,6,6,0
400,,14,1,6,6,0
400,,15,1,6,5,1
400,,0,1,6,5,1
400,,1,1,6,5,1
400,,2,1,6,3,3
400,,3,1,6,6,0
400,,4,1,6,4,2
400,,5,1,6,2,4
400,,6,1,6,6,0
400,,7,1,6,5,1
400,,8,1,6,6,0
400,,9,1,6,4,2
400,,10,1,6,3,3
400,,11,1,6,5,1
400,,12,1,6,5,1
400,,13,1,6,4,2
400,,14,1,6,4,2
400,,15,1,6,3,3
400,,0,1,6,4,2
400,,1,1,6,4,2
400,,2,1,6,2,4
400,,3,1,6,3,3
400,,4,1,6,5,1
400,,5,1,6,2,4
400,,6,1,6,4,2
400,,7,1,6,5,1
400,,8,1,6,2,4
400,,9,1,6,4,2
400,,10,1,6,3,3
400,,11,1,6,6,0
400,,12,1,6,2,4
400,,13,1,6,6,0
400,,14,1,6,2,4
400,,15,1,6,4,2
400,,0,1,6,5,1
400,,1,1,6,5,1
400,,2,1,6,1,5
400,,3,1,6,5,1
400,,4,1,6,5,1
400,,5,1,6,5,1
400,,6,1,6,3,3
400,,7,1,6,5,1
400,,8,1,6,4,2
400,,9,1,6,3,3
400,,10,1,6,6,0
400,,11,1,6,5,1
400,,12,1,6,3,3
400,,13,1,6,3,3
400,,14,1,6,4,2
400,,15,1,6,5,1
400,,0,1,6,5,1
400,,1,1,6,3,3
400,,2,1,6,1,5
400,,3,1,6,3,3
400,,4,1,6,4,2
400,,5,1,6,3,3
400,,6,1,6,5,1
400,,7,1,6,3,3
400,,8,1,6,3,3
400,,9,1,6,4,2
400,,10,1,6,4,2
400,,11,1,6,4,2
400,,12,1,6,3,3
400,,13,1,6,6,0
400,,14,1,6,4,2
400,,15,1,6,5,1
400,,0,1,6,5,1
400,,1,1,6,4,2
400,,2,1,6,4,2
400,,3,1,6,3,3
400,,4,1,6,3,3
400,,5,1,6,1,5
400,,6,1,6,5,1
400,,7,1,6,6,0
400,,8,1,6,6,0
400,,9,1,6,2,4
400,,10,1,6,3,3
400,,11,1,6,5,1
400,,12,1,6,5,1
400,,13,1,6,4,2
400,,14,1,6,3,3
400,,15,1,6,5,1
400,,0,1,6,6,0
400,,1,1,6,5,1
400,,2,1,6,2,4
400,,3,1,6,4,2
400,,4,1,6,5,1
400,,5,1,6,2,4
400,,6,1,6,3,3
400,,7,1,6,2,4
400,,8,1,6,4,2
400,,9,1,6,4,2
400,,10,1,6,6,0
400,,11,1,6,5,1
400,,12,1,6,5,1
400,,13,1,6,3,3
400,,14,1,6,4,2
400,,15,1,6,3,3
400,,0,1,6,3,3
400,,1,1,6,4,2
400,,2,1,6,1,5
400,,3,1,6,4,2
400,,4,1,6,4,2
400,,5,1,6,2,4
400,,6,1,6,5,1
400,,7,1,6,3,3
400,,8,1,6,2,4
400,,9,1,6,6,0
400,,10,1,6,5,1
400,,11,1,6,6,0
400,,12,1,6,4,2
400,,13,1,6,4,2
400,,14,1,6,5,1
400,,15,1,6,6,0
400,,0,1,6,5,1
400,,1,1,6,5,1
400,,2,1,6,2,4
400,,3,1,6,5,1
400,,4,1,6,5,1
400,,5,1,6,3,3
400,,6,1,6,3,3
400,,7,1,6,2,4
400,,8,1,6,1,5
400,,9,1,6,3,3
400,,10,1,6,4,2
400,,11,1,6,5,1
400,,12,1,6,2,4
400,,13,1,6,6,0
400,,14,1,6,4,2
400,,15,1,6,3,3
400,,0,1,6,3,3
400,,1,1,6,4,2
400,,2,1,6,1,5
400,,3,1,6,2,4
400,,4,1,6,2,4
400,,5,1,6,2,4
400,,6,1,6,3,3
400,,7,1,6,2,4
400,,8,1,6,2,4
400,,9,1,6,3,3
400,,10,1,6,4,2
400,,11,1,6,2,4
400,,12,1,6,1,5
400,,13,1,6,4,2
400,,14,1,6,2,4
400,,15,1,6,4,2
400,,0,1,6,6,0
400,,1,1,6,1,5
400,,2,1,6,4,2
400,,3,1,6,1,5
400,,4,1,6,3,3
400,,5,1,6,3,3
400,,6,1,6,4,2
400,,7,1,6,4,2
400,,8,1,6,2,4
400,,9,1,6,4,2
400,,10,1,6,5,1
400,,11,1,6,2,4
400,,12,1,6,4,2
400,,13,1,6,5,1
400,,14,1,6,5,1
400,,15,1,6,4,2
400,,0,1,6,4,2
400,,1,1,6,4,2
400,,2,1,6,1,5
400,,3,1,6,2,4
400,,4,1,6,1,5
400,,5,1,6,2,4
400,,6,1,6,5,1
400,,7,1,6,4,2
400,,8,1,6,2,4
400,,9,1,6,6,0
400,,10,1,6,3,3
400,,11,1,6,3,3
400,,12,1,6,1,5
400,,13,1,6,4,2
400,,14,1,6,3,3
400,,15,1,6,2,4
400,,0,1,6,3,3
400,,1,1,6,5,1
400,,2,1,6,4,2
400,,3,1,6,3,3
400,,4,1,6,3,3
400,,5,1,6,4,2
400,,6,1,6,5,1
400,,7,1,6,6,0
400,,8,1,6,4,2
400,,9,1,6,3,3
400,,10,1,6,5,1
400,,11,1,6,6,0
400,,12,1,6,6,0
400,,13,1,6,2,4
400,,14,1,6,2,4
400,,15,1,6,5,1
400,,0,1,6,4,2
400,,1,1,6,4,2
400,,2,1,6,3,3
400,,3,1,6,4,2
400,,4,1,6,5,1
400,,5,1,6,1,5
400,,6,1,6,5,1
400,,7,1,6,3,3
400,,8,1,6,4,2
400,,9,1,6,1,5
400,,10,1,6,3,3
400,,11,1,6,5,1
400,,12,1,6,3,3
400,,13,1,6,2,4
400,,14,1,6,4,2
400,,15,1,6,3,3
400,,0,1,6,3,3
400,,1,1,6,1,5
400,,2,1,6,1,5
400,,3,1,6,1,5
400,,4,1,6,2,4
400,,5,1,6,1,5
400,,6,1,6,3,3
400,,7,1,6,4,2
400,,8,1,6,2,4
400,,9,1,6,3,3
400,,10,1,6,4,2
400,,11,1,6,4,2
400,,12,1,6,4,2
400,,13,1,6,3,3
400,,14,1,6,4,2
400,,15,1,6,4,2
400,,0,1,6,6,0
400,,1,1,6,5,1
400,,2,1,6,1,5
400,,3,1,6,2,4
400,,4,1,6,5,1
400,,5,1,6,2,4
400,,6,1,6,2,4
400,,7,1,6,6,0
400,,8,1,6,1,5
400,,9,1,6,4,2
400,,10,1,6,5,1
400,,11,1,6,4,2
400,,12,1,6,4,2
400,,13,1,6,4,2
400,,14,1,6,4,2
400,,15,1,6,4,2
400,,0,1,6,5,1
400,,1,1,6,2,4
400,,2,1,6,3,3
400,,3,1,6,1,5
400,,4,1,6,1,5
400,,5,1,6,2,4
400,,6,1,6,4,2
400,,7,1,6,3,3
400,,8,1,6,1,5
400,,9,1,6,0,6
400,,10,1,6,4,2
400,,11,1,6,6,0
400,,12,1,6,5,1
400,,13,1,6,1,5
400,,14,1,6,3,3
400,,15,1,6,4,2
450,,0,1,6,3,3
450,,1,1,6,1,5
450,,2,1,6,3,3
450,,3,1,6,1,5
450,,4,1,6,0,6
450,,5,1,6,0,6
450,,6,1,6,2,4
450,,7,1,6,0,6
450,,8,1,6,0,6
450,,9,1,6,0,6
450,,10,1,6,3,3
450,,11,1,6,0,6
450,,12,1,6,2,4
450,,13,1,6,0,6
450,,14,1,6,2,4
450,,15,1,6,3,3
450,,0,1,6,2,4
450,,1,1,6,4,2
450,,2,1,6,5,1
450,,3,1,6,2,4
450,,4,1,6,1,5
450,,5,1,6,1,5
450,,6,1,6,2,4
450,,7,1,6,2,4
450,,8,1,6,2,4
450,,9,1,6,2,4
450,,10,1,6,3,3
450,,11,1,6,2,4
450,,12,1,6,0,6
450,,13,1,6,3,3
450,,14,1,6,0,6
450,,15,1,6,2,4
450,,0,1,6,2,4
450,,1,1,6,3,3
450,,2,1,6,5,1
450,,3,1,6,2,4
450,,4,1,6,5,1
450,,5,1,6,1,5
450,,6,1,6,1,5
450,,7,1,6,5,1
450,,8,1,6,5,1
450,,9,1,6,2,4
450,,10,1,6,3,3
450,,11,1,6,5,1
450,,12,1,6,2,4
450,,13,1,6,4,2
450,,14,1,6,1,5
450,,15,1,6,5,1
450,,0,1,6,3,3
450,,1,1,6,5,1
450,,2,1,6,2,4
450,,3,1,6,5,1
450,,4,1,6,5,1
450,,5,1,6,5,1
450,,6,1,6,1,5
450,,7,1,6,1,5
450,,8,1,6,3,3
450,,9,1,6,4,2
450,,10,1,6,0,6
450,,11,1,6,5,1
450,,12,1,6,4,2
450,,13,1,6,4,2
450,,14,1,6,2,4
450,,15,1,6,4,2
450,,0,1,6,2,4
450,,1,1,6,4,2
450,,2,1,6,3,3
450,,3,1,6,2,4
450,,4,1,6,6,0
450,,5,1,6,0,6
450,,6,1,6,3,3
450,,7,1,6,1,5
450,,8,1,6,5,1
450,,9,1,6,4,2
450,,10,1,6,2,4
450,,11,1,6,3,3
450,,12,1,6,3,3
450,,13,1,6,5,1
450,,14,1,6,1,5
450,,15,1,6,4,2
450,,0,1,6,0,6
450,,1,1,6,2,4
450,,2,1,6,5,1
450,,3,1,6,0,6
450,,4,1,6,2,4
450,,5,1,6,3,3
450,,6,1,6,2,4
450,,7,1,6,4,2
450,,8,1,6,2,4
450,,9,1,6,4,2
450,,10,1,6,3,3
450,,11,1,6,4,2
450,,12,1,6,4,2
450,,13,1,6,4,2
450,,14,1,6,2,4
450,,15,1,6,4,2
450,,0,1,6,0,6
450,,1,1,6,3,3
450,,2,1,6,3,3
450,,3,1,6,0,6
450,,4,1,6,4,2
450,,5,1,6,2,4
450,,6,1,6,0,6
450,,7,1,6,6,0
450,,8,1,6,3,3
450,,9,1,6,2,4
450,,10,1,6,1,5
450,,11,1,6,2,4
450,,12,1,6,3,3
450,,13,1,6,4,2
450,,14,1,6,2,4
450,,15,1,6,3,3
450,,0,1,6,1,5
450,,1,1,6,1,5
450,,2,1,6,5,1
450,,3,1,6,0,6
450,,4,1,6,5,1
450,,5,1,6,0,6
450,,6,1,6,1,5
450,,7,1,6,4,2
450,,8,1,6,1,5
450,,9,1,6,5,1
450,,10,1,6,0,6
450,,11,1,6,4,2
450,,12,1,6,1,5
450,,13,1,6,1,5
450,,14,1,6,4,2
450,,15,1,6,3,3
450,,0,1,6,0,6
450,,1,1,6,2,4
450,,2,1,6,2,4
450,,3,1,6,2,4
450,,4,1,6,3,3
450,,5,1,6,3,3
450,,6,1,6,1,5
450,,7,1,6,0,6
450,,8,1,6,1,5
450,,9,1,6,5,1
450,,10,1,6,0,6
450,,11,1,6,4,2
450,,12,1,6,3,3
450,,13,1,6,4,2
450,,14,1,6,1,5
450,,15,1,6,3,3
450,,0,1,6,5,1
450,,1,1,6,4,2
450,,2,1,6,2,4
450,,3,1,6,2,4
450,,4,1,6,5,1
450,,5,1,6,3,3
450,,6,1,6,2,4
450,,7,1,6,4,2
450,,8,1,6,3,3
450,,9,1,6,4,2
450,,10,1,6,2,4
450,,11,1,6,2,4
450,,12,1,6,1,5
450,,13,1,6,3,3
450,,14,1,6,2,4
450,,15,1,6,4,2
450,,0,1,6,0,6
450,,1,1,6,2,4
450,,2,1,6,3,3
450,,3,1,6,0,6
450,,4,1,6,5,1
450,,5,1,6,2,4
450,,6,1,6,1,5
450,,7,1,6,3,3
450,,8,1,6,2,4
450,,9,1,6,6,0
450,,10,1,6,0,6
450,,11,1,6,5,1
450,,12,1,6,4,2
450,,13,1,6,1,5
450,,14,1,6,4,2
450,,15,1,6,3,3
450,,0,1,6,6,0
450,,1,1,6,1,5
450,,2,1,6,3,3
450,,3,1,6,1,5
450,,4,1,6,5,1
450,,5,1,6,3,3
450,,6,1,6,2,4
450,,7,1,6,4,2
450,,8,1,6,1,5
450,,9,1,6,5,1
450,,10,1,6,2,4
450,,11,1,6,2,4
450,,12,1,6,3,3
450,,13,1,6,1,5
450,,14,1,6,5,1
450,,15,1,6,2,4
450,,0,1,6,2,4
450,,1,1,6,3,3
450,,2,1,6,3,3
450,,3,1,6,0,6
450,,4,1,6,5,1
450,,5,1,6,4,2
450,,6,1,6,3,3
450,,7,1,6,5,1
450,,8,1,6,1,5
450,,9,1,6,6,0
450,,10,1,6,1,5
450,,11,1,6,2,4
450,,12,1,6,4,2
450,,13,1,6,4,2
450,,14,1,6,5,1
450,,15,1,6,3,3
450,,0,1,6,3,3
450,,1,1,6,1,5
450,,2,1,6,5,1
450,,3,1,6,2,4
450,,4,1,6,5,1
450,,5,1,6,2,4
450,,6,1,6,2,4
450,,7,1,6,4,2
450,,8,1,6,0,6
450,,9,1,6,2,4
450,,10,1,6,2,4
450,,11,1,6,4,2
450,,12,1,6,1,5
450,,13,1,6,1,5
450,,14,1,6,2,4
450,,15,1,6,3,3
450,,0,1,6,3,3
450,,1,1,6,5,1
450,,2,1,6,2,4
450,,3,1,6,1,5
450,,4,1,6,5,1
450,,5,1,6,2,4
450,,6,1,6,3,3
450,,7,1,6,5,1
450,,8,1,6,1,5
450,,9,1,6,5,1
450,,10,1,6,3,3
450,,11,1,6,3,3
450,,12,1,6,0,6
450,,13,1,6,6,0
450,,14,1,6,1,5
450,,15,1,6,5,1
450,,0,1,6,1,5
450,,1,1,6,2,4
450,,2,1,6,4,2
450,,3,1,6,0,6
450,,4,1,6,5,1
450,,5,1,6,2,4
450,,6,1,6,5,1
450,,7,1,6,3,3
450,,8,1,6,3,3
450,,9,1,6,6,0
450,,10,1,6,4,2
450,,11,1,6,3,3
450,,12,1,6,3,3
450,,13,1,6,3,3
450,,14,1,6,3,3
450,,15,1,6,4,2
450,,0,1,6,0,6
450,,1,1,6,3,3
450,,2,1,6,3,3
450,,3,1,6,3,3
450,,4,1,6,5,1
450,,5,1,6,2,4
450,,6,1,6,4,2
450,,7,1,6,6,0
450,,8,1,6,3,3
450,,9,1,6,5,1
450,,10,1,6,2,4
450,,11,1,6,5,1
450,,12,1,6,2,4
450,,13,1,6,3,3
450,,14,1,6,3,3
450,,15,1,6,6,0
450,,0,1,6,2,4
450,,1,1,6,4,2
450,,2,1,6,4,2
450,,3,1,6,2,4
450,,4,1,6,5,1
450,,5,1,6,1,5
450,,6,1,6,4,2
450,,7,1,6,5,1
450,,8,1,6,0,6
450,,9,1,6,5,1
450,,10,1,6,3,3
450,,11,1,6,6,0
450,,12,1,6,1,5
450,,13,1,6,4,2
450,,14,1,6,1,5
450,,15,1,6,2,4
450,,0,1,6,3,3
450,,1,1,6,4,2
450,,2,1,6,3,3
450,,3,1,6,1,5
450,,4,1,6,5,1
450,,5,1,6,2,4
450,,6,1,6,4,2
450,,7,1,6,3,3
450,,8,1,6,3,3
450,,9,1,6,6,0
450,,10,1,6,1,5
450,,11,1,6,4,2
450,,12,1,6,6,0
450,,13,1,6,6,0
450,,14,1,6,3,3
450,,15,1,6,3,3
450,,0,1,6,3,3
450,,1,1,6,6,0
450,,2,1,6,6,0
450,,3,1,6,3,3
450,,4,1,6,5,1
450,,5,1,6,1,5
450,,6,1,6,4,2
450,,7,1,6,3,3
450,,8,1,6,2,4
450,,9,1,6,5,1
450,,10,1,6,3,3
450,,11,1,6,5,1
450,,12,1,6,3,3
450,,13,1,6,4,2
450,,14,1,6,5,1
450,,15,1,6,6,0
450,,0,1,6,6,0
450,,1,1,6,5,1
450,,2,1,6,2,4
450,,3,1,6,3,3
450,,4,1,6,5,1
450,,5,1,6,4,2
450,,6,1,6,2,4
450,,7,1,6,5,1
450,,8,1,6,3,3
450,,9,1,6,4,2
450,,10,1,6,2,4
450,,11,1,6,3,3
450,,12,1,6,3,3
450,,13,1,6,4,2
450,,14,1,6,1,5
450,,15,1,6,5,1
450,,0,1,6,4,2
450,,1,1,6,5,1
450,,2,1,6,5,1
450,,3,1,6,1,5
450,,4,1,6,4,2
450,,5,1,6,3,3
450,,6,1,6,4,2
450,,7,1,6,5,1
450,,8,1,6,6,0
450,,9,1,6,6,0
450,,10,1,6,4,2
450,,11,1,6,2,4
450,,12,1,6,5,1
450,,13,1,6,4,2
450,,14,1,6,5,1
450,,15,1,6,5,1
450,,0,1,6,3,3
450,,1,1,6,6,0
450,,2,1,6,6,0
450,,3,1,6,2,4
450,,4,1,6,5,1
450,,5,1,6,3,3
450,,6,1,6,3,3
450,,7,1,6,5,1
450,,8,1,6,2,4
450,,9,1,6,6,0
450,,10,1,6,4,2
450,,11,1,6,5,1
450,,12,1,6,6,0
450,,13,1,6,5,1
450,,14,1,6,5,1
450,,15,1,6,6,0
450,,0,1,6,3,3
450,,1,1,6,2,4
450,,2,1,6,5,1
450,,3,1,6,2,4
450,,4,1,6,6,0
450,,5,1,6,5,1
450,,6,1,6,5,1
450,,7,1,6,4,2
450,,8,1,6,3,3
450,,9,1,6,6,0
450,,10,1,6,3,3
450,,11,1,6,6,0
450,,12,1,6,5,1
450,,13,1,6,6,0
450,,14,1,6,5,1
450,,15,1,6,4,2
450,,0,1,6,6,0
450,,1,1,6,3,3
450,,2,1,6,5,1
450,,3,1,6,3,3
450,,4,1,6,6,0
450,,5,1,6,4,2
450,,6,1,6,6,0
450,,7,1,6,3,3
450,,8,1,6,5,1
450,,9,1,6,6,0
450,,10,1,6,1,5
450,,11,1,6,4,2
450,,12,1,6,4,2
450,,13,1,6,5,1
450,,14,1,6,6,0
450,,15,1,6,3,3
450,,0,1,6,5,1
450,,1,1,6,5,1
450,,2,1,6,6,0
450,,3,1,6,1,5
450,,4,1,6,6,0
450,,5,1,6,5,1
450,,6,1,6,6,0
450,,7,1,6,4,2
450,,8,1,6,5,1
450,,9,1,6,5,1
450,,10,1,6,1,5
450,,11,1,6,6,0
450,,12,1,6,6,0
450,,13,1,6,5,1
450,,14,1,6,6,0
450,,15,1,6,4,2
450,,0,1,6,3,3
450,,1,1,6,5,1
450,,2,1,6,3,3
450,,3,1,6,4,2
450,,4,1,6,3,3
450,,5,1,6,3,3
450,,6,1,6,6,0
450,,7,1,6,4,2
450,,8,1,6,5,1
450,,9,1,6,5,1
450,,10,1,6,2,4
450,,11,1,6,5,1
450,,12,1,6,5,1
450,,13,1,6,5,1
450,,14,1,6,5,1
450,,15,1,6,4,2
450,,0,1,6,2,4
450,,1,1,6,4,2
450,,2,1,6,6,0
450,,3,1,6,2,4
450,,4,1,6,4,2
450,,5,1,6,6,0
450,,6,1,6,5,1
450,,7,1,6,5,1
450,,8,1,6,3,3
450,,9,1,6,3,3
450,,10,1,6,1,5
450,,11,1,6,5,1
450,,12,1,6,6,0
450,,13,1,6,6,0
450,,14,1,6,3,3
450,,15,1,6,6,0
450,,0,1,6,3,3
450,,1,1,6,6,0
450,,2,1,6,3,3
450,,3,1,6,6,0
450,,4,1,6,3,3
450,,5,1,6,5,1
450,,6,1,6,6,0
450,,7,1,6,5,1
450,,8,1,6,1,5
450,,9,1,6,6,0
450,,10,1,6,4,2
450,,11,1,6,3,3
450,,12,1,6,4,2
450,,13,1,6,5,1
450,,14,1,6,6,0
450,,15,1,6,4,2
450,,0,1,6,2,4
450,,1,1,6,5,1
450,,2,1,6,5,1
450,,3,1,6,4,2
450,,4,1,6,4,2
450,,5,1,6,4,2
450,,6,1,6,4,2
450,,7,1,6,5,1
450,,8,1,6,5,1
450,,9,1,6,4,2
450,,10,1,6,4,2
450,,11,1,6,5,1
450,,12,1,6,6,0
450,,13,1,6,5,1
450,,14,1,6,5,1
450,,15,1,6,6,0
450,,0,1,6,1,5
450,,1,1,6,5,1
450,,2,1,6,3,3
450,,3,1,6,5,1
450,,4,1,6,5,1
450,,5,1,6,4,2
450,,6,1,6,5,1
450,,7,1,6,3,3
450,,8,1,6,4,2
450,,9,1,6,4,2
450,,10,1,6,4,2
450,,11,1,6,3,3
450,,12,1,6,5,1
450,,13,1,6,5,1
450,,14,1,6,5,1
450,,15,1,6,6,0
450,,0,1,6,6,0
450,,1,1,6,4,2
450,,2,1,6,3,3
450,,3,1,6,6,0
450,,4,1,6,4,2
450,,5,1,6,4,2
450,,6,1,6,3,3
450,,7,1,6,5,1
450,,8,1,6,3,3
450,,9,1,6,5,1
450,,10,1,6,5,1
450,,11,1,6,4,2
450,,12,1,6,5,1
450,,13,1,6,6,0
450,,14,1,6,5,1
450,,15,1,6,5,1
450,,0,1,6,3,3
450,,1,1,6,4,2
450,,2,1,6,6,0
450,,3,1,6,2,4
450,,4,1,6,4,2
450,,5,1,6,3,3
450,,6,1,6,5,1
450,,7,1,6,4,2
450,,8,1,6,6,0
450,,9,1,6,6,0
450,,10,1,6,6,0
450,,11,1,6,3,3
450,,12,1,6,6,0
450,,13,1,6,6,0
450,,14,1,6,6,0
450,,15,1,6,5,1
450,,0,1,6,3,3
450,,1,1,6,6,0
450,,2,1,6,6,0
450,,3,1,6,3,3
450,,4,1,6,3,3
450,,5,1,6,6,0
450,,6,1,6,5,1
450,,7,1,6,5,1
450,,8,1,6,6,0
450,,9,1,6,6,0
450,,10,1,6,4,2
450,,11,1,6,3,3
450,,12,1,6,4,2
450,,13,1,6,6,0
450,,14,1,6,4,2
450,,15,1,6,6,0
450,,0,1,6,5,1
450,,1,1,6,5,1
450,,2,1,6,5,1
450,,3,1,6,4,2
450,,4,1,6,4,2
450,,5,1,6,5,1
450,,6,1,6,6,0
450,,7,1,6,5,1
450,,8,1,6,4,2
450,,9,1,6,4,2
450,,10,1,6,6,0
450,,11,1,6,6,0
450,,12,1,6,6,0
450,,13,1,6,3,3
450,,14,1,6,6,0
450,,15,1,6,4,2
450,,0,1,6,5,1
450,,1,1,6,6,0
450,,2,1,6,5,1
450,,3,1,6,5,1
450,,4,1,6,5,1
450,,5,1,6,6,0
450,,6,1,6,5,1
450,,7,1,6,4,2
450,,8,1,6,6,0
450,,9,1,6,4,2
450,,10,1,6,5,1
450,,11,1,6,6,0
450,,12,1,6,6,0
450,,13,1,6,6,0
450,,14,1,6,5,1
450,,15,1,6,6,0
450,,0,1,6,6,0
450,,1,1,6,6,0
450,,2,1,6,5,1
450,,3,1,6,4,2
450,,4,1,6,3,3
450,,5,1,6,5,1
450,,6,1,6,5,1
450,,7,1,6,5,1
450,,8,1,6,2,4
450,,9,1,6,2,4
450,,10,1,6,2,4
450,,11,1,6,4,2
450,,12,1,6,5,1
450,,13,1,6,4,2
450,,14,1,6,3,3
450,,15,1,6,5,1
450,,0,1,6,5,1
450,,1,1,6,6,0
450,,2,1,6,4,2
450,,3,1,6,5,1
450,,4,1,6,3,3
450,,5,1,6,2,4
450,,6,1,6,5,1
450,,7,1,6,2,4
450,,8,1,6,6,0
450,,9,1,6,6,0
450,,10,1,6,4,2
450,,11,1,6,5,1
450,,12,1,6,5,1
450,,13,1,6,6,0
450,,14,1,6,3,3
450,,15,1,6,6,0
450,,0,1,6,4,2
450,,1,1,6,6,0
450,,2,1,6,1,5
450,,3,1,6,3,3
450,,4,1,6,2,4
450,,5,1,6,5,1
450,,6,1,6,4,2
450,,7,1,6,4,2
450,,8,1,6,4,2
450,,9,1,6,4,2
450,,10,1,6,0,6
450,,11,1,6,3,3
450,,12,1,6,4,2
450,,13,1,6,6,0
450,,14,1,6,4,2
450,,15,1,6,5,1
450,,0,1,6,5,1
450,,1,1,6,6,0
450,,2,1,6,4,2
450,,3,1,6,3,3
450,,4,1,6,3,3
450,,5,1,6,3,3
450,,6,1,6,6,0
450,,7,1,6,5,1
450,,8,1,6,5,1
450,,9,1,6,5,1
450,,10,1,6,1,5
450,,11,1,6,5,1
450,,12,1,6,5,1
450,,13,1,6,6,0
450,,14,1,6,4,2
450,,15,1,6,5,1
450,,0,1,6,5,1
450,,1,1,6,5,1
450,,2,1,6,4,2
450,,3,1,6,4,2
450,,4,1,6,3,3
450,,5,1,6,5,1
450,,6,1,6,5,1
450,,7,1,6,5,1
450,,8,1,6,5,1
450,,9,1,6,5,1
450,,10,1,6,3,3
450,,11,1,6,4,2
450,,12,1,6,4,2
450,,13,1,6,5,1
450,,14,1,6,5,1
450,,15,1,6,6,0
450,,0,1,6,5,1
450,,1,1,6,6,0
450,,2,1,6,4,2
450,,3,1,6,4,2
450,,4,1,6,4,2
450,,5,1,6,4,2
450,,6,1,6,6,0
450,,7,1,6,3,3
450,,8,1,6,4,2
450,,9,1,6,3,3
450,,10,1,6,0,6
450,,11,1,6,6,0
450,,12,1,6,5,1
450,,13,1,6,6,0
450,,14,1,6,3,3
450,,15,1,6,6,0
450,,0,1,6,5,1
450,,1,1,6,5,1
450,,2,1,6,6,0
450,,3,1,6,3,3
450,,4,1,6,4,2
450,,5,1,6,4,2
450,,6,1,6,5,1
450,,7,1,6,5,1
450,,8,1,6,6,0
450,,9,1,6,6,0
450,,10,1,6,1,5
450,,11,1,6,5,1
450,,12,1,6,3,3
450,,13,1,6,6,0
450,,14,1,6,4,2
450,,15,1,6,4,2
450,,0,1,6,4,2
450,,1,1,6,6,0
450,,2,1,6,5,1
450,,3,1,6,3,3
450,,4,1,6,6,0
450,,5,1,6,4,2
450,,6,1,6,5,1
450,,7,1,6,6,0
450,,8,1,6,2,4
450,,9,1,6,4,2
450,,10,1,6,2,4
450,,11,1,6,4,2
450,,12,1,6,3,3
450,,13,1,6,6,0
450,,14,1,6,4,2
450,,15,1,6,3,3
450,,0,1,6,3,3
450,,1,1,6,5,1
450,,2,1,6,4,2
450,,3,1,6,4,2
450,,4,1,6,3,3
450,,5,1,6,3,3
450,,6,1,6,5,1
450,,7,1,6,6,0
450,,8,1,6,5,1
450,,9,1,6,5,1
450,,10,1,6,3,3
450,,11,1,6,5,1
450,,12,1,6,4,2
450,,13,1,6,6,0
450,,14,1,6,6,0
450,,15,1,6,6,0
450,,0,1,6,6,0
450,,1,1,6,5,1
450,,2,1,6,5,1
450,,3,1,6,4,2
450,,4,1,6,3,3
450,,5,1,6,4,2
450,,6,1,6,3,3
450,,7,1,6,2,4
450,,8,1,6,5,1
450,,9,1,6,6,0
450,,10,1,6,4,2
450,,11,1,6,2,4
450,,12,1,6,5,1
450,,13,1,6,4,2
450,,14,1,6,3,3
450,,15,1,6,6,0
450,,0,1,6,4,2
450,,1,1,6,5,1
450,,2,1,6,3,3
450,,3,1,6,5,1
450,,4,1,6,4,2
450,,5,1,6,3,3
450,,6,1,6,6,0
450,,7,1,6,5,1
450,,8,1,6,2,4
450,,9,1,6,3,3
450,,10,1,6,6,0
450,,11,1,6,5,1
450,,12,1,6,2,4
450,,13,1,6,4,2
450,,14,1,6,3,3
450,,15,1,6,6,0
450,,0,1,6,3,3
450,,1,1,6,3,3
450,,2,1,6,1,5
450,,3,1,6,4,2
450,,4,1,6,3,3
450,,5,1,6,1,5
450,,6,1,6,5,1
450,,7,1,6,3,3
450,,8,1,6,3,3
450,,9,1,6,3,3
450,,10,1,6,6,0
450,,11,1,6,5,1
450,,12,1,6,2,4
450,,13,1,6,5,1
450,,14,1,6,5,1
450,,15,1,6,4,2
450,,0,1,6,4,2
450,,1,1,6,6,0
450,,2,1,6,5,1
450,,3,1,6,6,0
450,,4,1,6,4,2
450,,5,1,6,3,3
450,,6,1,6,5,1
450,,7,1,6,5,1
450,,8,1,6,4,2
450,,9,1,6,6,0
450,,10,1,6,3,3
450,,11,1,6,4,2
450,,12,1,6,4,2
450,,13,1,6,4,2
450,,14,1,6,2,4
450,,15,1,6,6,0
450,,0,1,6,2,4
450,,1,1,6,3,3
450,,2,1,6,6,0
450,,3,1,6,6,0
450,,4,1,6,5,1
450,,5,1,6,2,4
450,,6,1,6,4,2
450,,7,1,6,3,3
450,,8,1,6,2,4
450,,9,1,6,5,1
450,,10,1,6,3,3
450,,11,1,6,6,0
450,,12,1,6,4,2
450,,13,1,6,5,1
450,,14,1,6,6,0
450,,15,1,6,4,2
450,,0,1,6,1,5
450,,1,1,6,5,1
450,,2,1,6,4,2
450,,3,1,6,1,5
450,,4,1,6,4,2
450,,5,1,6,1,5
450,,6,1,6,2,4
450,,7,1,6,2,4
450,,8,1,6,3,3
450,,9,1,6,6,0
450,,10,1,6,3,3
450,,11,1,6,4,2
450,,12,1,6,3,3
450,,13,1,6,3,3
450,,14,1,6,2,4
450,,15,1,6,6,0
450,,0,1,6,3,3
450,,1,1,6,5,1
450,,2,1,6,1,5
450,,3,1,6,4,2
450,,4,1,6,3,3
450,,5,1,6,2,4
450,,6,1,6,3,3
450,,7,1,6,3,3
450,,8,1,6,0,6
450,,9,1,6,6,0
450,,10,1,6,5,1
450,,11,1,6,4,2
450,,12,1,6,4,2
450,,13,1,6,2,4
450,,14,1,6,3,3
450,,15,1,6,5,1
450,,0,1,6,3,3
450,,1,1,6,2,4
450,,2,1,6,1,5
450,,3,1,6,2,4
450,,4,1,6,3,3
450,,5,1,6,5,1
450,,6,1,6,5,1
450,,7,1,6,4,2
450,,8,1,6,4,2
450,,9,1,6,6,0
450,,10,1,6,4,2
450,,11,1,6,5,1
450,,12,1,6,5,1
450,,13,1,6,3,3
450,,14,1,6,2,4
450,,15,1,6,6,0
450,,0,1,6,2,4
450,,1,1,6,1,5
450,,2,1,6,1,5
450,,3,1,6,2,4
450,,4,1,6,3,3
450,,5,1,6,2,4
450,,6,1,6,5,1
450,,7,1,6,4,2
450,,8,1,6,3,3
450,,9,1,6,6,0
450,,10,1,6,3,3
450,,11,1,6,3,3
450,,12,1,6,3,3
450,,13,1,6,2,4
450,,14,1,6,6,0
450,,15,1,6,1,5
450,,0,1,6,2,4
450,,1,1,6,4,2
450,,2,1,6,6,0
450,,3,1,6,2,4
450,,4,1,6,6,0
450,,5,1,6,3,3
450,,6,1,6,6,0
450,,7,1,6,4,2
450,,8,1,6,3,3
450,,9,1,6,5,1
450,,10,1,6,5,1
450,,11,1,6,5,1
450,,12,1,6,5,1
450,,13,1,6,4,2
450,,14,1,6,5,1
450,,15,1,6,5,1
450,,0,1,6,4,2
450,,1,1,6,5,1
450,,2,1,6,5,1
450,,3,1,6,5,1
450,,4,1,6,0,6
450,,5,1,6,2,4
450,,6,1,6,5,1
450,,7,1,6,5,1
450,,8,1,6,4,2
450,,9,1,6,6,0
450,,10,1,6,5,1
450,,11,1,6,6,0
450,,12,1,6,2,4
450,,13,1,6,3,3
450,,14,1,6,3,3
450,,15,1,6,5,1
450,,0,1,6,2,4
450,,1,1,6,4,2
450,,2,1,6,3,3
450,,3,1,6,4,2
450,,4,1,6,4,2
450,,5,1,6,1,5
450,,6,1,6,5,1
450,,7,1,6,3,3
450,,8,1,6,2,4
450,,9,1,6,5,1
450,,10,1,6,4,2
450,,11,1,6,6,0
450,,12,1,6,2,4
450,,13,1,6,5,1
450,,14,1,6,1,5
450,,15,1,6,4,2
450,,0,1,6,3,3
450,,1,1,6,3,3
450,,2,1,6,0,6
450,,3,1,6,1,5
450,,4,1,6,3,3
450,,5,1,6,1,5
450,,6,1,6,5,1
450,,7,1,6,4,2
450,,8,1,6,2,4
450,,9,1,6,4,2
450,,10,1,6,3,3
450,,11,1,6,6,0
450,,12,1,6,5,1
450,,13,1,6,5,1
450,,14,1,6,3,3
450,,15,1,6,4,2
450,,0,1,6,1,5
450,,1,1,6,4,2
450,,2,1,6,2,4
450,,3,1,6,5,1
450,,4,1,6,2,4
450,,5,1,6,1,5
450,,6,1,6,5,1
450,,7,1,6,1,5
450,,8,1,6,1,5
450,,9,1,6,5,1
450,,10,1,6,5,1
450,,11,1,6,6,0
450,,12,1,6,0,6
450,,13,1,6,4,2
450,,14,1,6,1,5
450,,15,1,6,5,1
500,,0,1,6,5,1
500,,1,1,6,1,5
500,,2,1,6,0,6
500,,3,1,6,3,3
500,,4,1,6,1,5
500,,5,1,6,1,5
500,,6,1,6,1,5
500,,7,1,6,0,6
500,,8,1,6,1,5
500,,9,1,6,1,5
500,,10,1,6,0,6
500,,11,1,6,4,2
500,,12,1,6,0,6
500,,13,1,6,1,5
500,,14,1,6,3,3
500,,15,1,6,0,6
500,,0,1,6,0,6
500,,1,1,6,2,4
500,,2,1,6,1,5
500,,3,1,6,2,4
500,,4,1,6,0,6
500,,5,1,6,5,1
500,,6,1,6,0,6
500,,7,1,6,1,5
500,,8,1,6,3,3
500,,9,1,6,3,3
500,,10,1,6,3,3
500,,11,1,6,0,6
500,,12,1,6,2,4
500,,13,1,6,1,5
500,,14,1,6,1,5
500,,15,1,6,2,4
500,,0,1,6,1,5
500,,1,1,6,0,6
500,,2,1,6,0,6
500,,3,1,6,0,6
500,,4,1,6,1,5
500,,5,1,6,1,5
500,,6,1,6,4,2
500,,7,1,6,2,4
500,,8,1,6,0,6
500,,9,1,6,1,5
500,,10,1,6,0,6
500,,11,1,6,4,2
500,,12,1,6,1,5
500,,13,1,6,1,5
500,,14,1,6,2,4
500,,15,1,6,2,4
500,,0,1,6,2,4
500,,1,1,6,3,3
500,,2,1,6,1,5
500,,3,1,6,1,5
500,,4,1,6,4,2
500,,5,1,6,4,2
500,,6,1,6,3,3
500,,7,1,6,1,5
500,,8,1,6,1,5
500,,9,1,6,1,5
500,,10,1,6,1,5
500,,11,1,6,1,5
500,,12,1,6,4,2
500,,13,1,6,1,5
500,,14,1,6,2,4
500,,15,1,6,1,5
500,,0,1,6,2,4
500,,1,1,6,0,6
500,,2,1,6,4,2
500,,3,1,6,0,6
500,,4,1,6,4,2
500,,5,1,6,1,5
500,,6,1,6,2,4
500,,7,1,6,1,5
500,,8,1,6,1,5
500,,9,1,6,4,2
500,,10,1,6,2,4
500,,11,1,6,3,3
500,,12,1,6,2,4
500,,13,1,6,1,5
500,,14,1,6,2,4
500,,15,1,6,3,3
500,,0,1,6,0,6
500,,1,1,6,2,4
500,,2,1,6,2,4
500,,3,1,6,1,5
500,,4,1,6,1,5
500,,5,1,6,6,0
500,,6,1,6,4,2
500,,7,1,6,1,5
500,,8,1,6,1,5
500,,9,1,6,3,3
500,,10,1,6,1,5
500,,11,1,6,1,5
500,,12,1,6,1,5
500,,13,1,6,1,5
500,,14,1,6,0,6
500,,15,1,6,5,1
500,,0,1,6,1,5
500,,1,1,6,1,5
500,,2,1,6,1,5
500,,3,1,6,0,6
500,,4,1,6,5,1
500,,5,1,6,1,5
500,,6,1,6,2,4
500,,7,1,6,1,5
500,,8,1,6,2,4
500,,9,1,6,4,2
500,,10,1,6,0,6
500,,11,1,6,2,4
500,,12,1,6,1,5
500,,13,1,6,1,5
500,,14,1,6,2,4
500,,15,1,6,3,3
500,,0,1,6,2,4
500,,1,1,6,1,5
500,,2,1,6,0,6
500,,3,1,6,2,4
500,,4,1,6,3,3
500,,5,1,6,2,4
500,,6,1,6,3,3
500,,7,1,6,1,5
500,,8,1,6,2,4
500,,9,1,6,2,4
500,,10,1,6,1,5
500,,11,1,6,0,6
500,,12,1,6,5,1
500,,13,1,6,3,3
500,,14,1,6,2,4
500,,15,1,6,2,4
500,,0,1,6,0,6
500,,1,1,6,0,6
500,,2,1,6,1,5
500,,3,1,6,1,5
500,,4,1,6,4,2
500,,5,1,6,1,5
500,,6,1,6,2,4
500,,7,1,6,4,2
500,,8,1,6,3,3
500,,9,1,6,1,5
500,,10,1,6,1,5
500,,11,1,6,1,5
500,,12,1,6,4,2
500,,13,1,6,4,2
500,,14,1,6,0,6
500,,15,1,6,2,4
500,,0,1,6,4,2
500,,1,1,6,2,4
500,,2,1,6,1,5
500,,3,1,6,2,4
500,,4,1,6,3,3
500,,5,1,6,1,5
500,,6,1,6,0,6
500,,7,1,6,0,6
500,,8,1,6,1,5
500,,9,1,6,3,3
500,,10,1,6,3,3
500,,11,1,6,2,4
500,,12,1,6,2,4
500,,13,1,6,2,4
500,,14,1,6,2,4
500,,15,1,6,0,6
500,,0,1,6,1,5
500,,1,1,6,1,5
500,,2,1,6,2,4
500,,3,1,6,2,4
500,,4,1,6,4,2
500,,5,1,6,2,4
500,,6,1,6,6,0
500,,7,1,6,0,6
500,,8,1,6,0,6
500,,9,1,6,6,0
500,,10,1,6,1,5
500,,11,1,6,5,1
500,,12,1,6,3,3
500,,13,1,6,2,4
500,,14,1,6,1,5
500,,15,1,6,1,5
500,,0,1,6,1,5
500,,1,1,6,3,3
500,,2,1,6,3,3
500,,3,1,6,1,5
500,,4,1,6,4,2
500,,5,1,6,1,5
500,,6,1,6,4,2
500,,7,1,6,0,6
500,,8,1,6,3,3
500,,9,1,6,1,5
500,,10,1,6,2,4
500,,11,1,6,1,5
500,,12,1,6,0,6
500,,13,1,6,3,3
500,,14,1,6,2,4
500,,15,1,6,1,5
500,,0,1,6,1,5
500,,1,1,6,2,4
500,,2,1,6,5,1
500,,3,1,6,4,2
500,,4,1,6,4,2
500,,5,1,6,2,4
500,,6,1,6,4,2
500,,7,1,6,2,4
500,,8,1,6,2,4
500,,9,1,6,1,5
500,,10,1,6,3,3
500,,11,1,6,2,4
500,,12,1,6,4,2
500,,13,1,6,4,2
500,,14,1,6,4,2
500,,15,1,6,1,5
500,,0,1,6,4,2
500,,1,1,6,2,4
500,,2,1,6,2,4
500,,3,1,6,2,4
500,,4,1,6,4,2
500,,5,1,6,1,5
500,,6,1,6,1,5
500,,7,1,6,0,6
500,,8,1,6,2,4
500,,9,1,6,2,4
500,,10,1,6,3,3
500,,11,1,6,1,5
500,,12,1,6,1,5
500,,13,1,6,3,3
500,,14,1,6,2,4
500,,15,1,6,1,5
500,,0,1,6,4,2
500,,1,1,6,1,5
500,,2,1,6,1,5
500,,3,1,6,1,5
500,,4,1,6,6,0
500,,5,1,6,1,5
500,,6,1,6,3,3
500,,7,1,6,0,6
500,,8,1,6,1,5
500,,9,1,6,3,3
500,,10,1,6,2,4
500,,11,1,6,3,3
500,,12,1,6,3,3
500,,13,1,6,6,0
500,,14,1,6,4,2
500,,15,1,6,2,4
500,,0,1,6,1,5
500,,1,1,6,0,6
500,,2,1,6,1,5
500,,3,1,6,0,6
500,,4,1,6,4,2
500,,5,1,6,1,5
500,,6,1,6,1,5
500,,7,1,6,2,4
500,,8,1,6,4,2
500,,9,1,6,0,6
500,,10,1,6,3,3
500,,11,1,6,4,2
500,,12,1,6,1,5
500,,13,1,6,2,4
500,,14,1,6,1,5
500,,15,1,6,0,6
500,,0,1,6,2,4
500,,1,1,6,2,4
500,,2,1,6,4,2
500,,3,1,6,2,4
500,,4,1,6,5,1
500,,5,1,6,4,2
500,,6,1,6,2,4
500,,7,1,6,3,3
500,,8,1,6,2,4
500,,9,1,6,4,2
500,,10,1,6,3,3
500,,11,1,6,1,5
500,,12,1,6,6,0
500,,13,1,6,6,0
500,,14,1,6,3,3
500,,15,1,6,3,3
500,,0,1,6,6,0
500,,1,1,6,5,1
500,,2,1,6,2,4
500,,3,1,6,1,5
500,,4,1,6,4,2
500,,5,1,6,2,4
500,,6,1,6,2,4
500,,7,1,6,3,3
500,,8,1,6,2,4
500,,9,1,6,2,4
500,,10,1,6,3,3
500,,11,1,6,3,3
500,,12,1,6,4,2
500,,13,1,6,5,1
500,,14,1,6,4,2
500,,15,1,6,2,4
500,,0,1,6,5,1
500,,1,1,6,4,2
500,,2,1,6,6,0
500,,3,1,6,5,1
500,,4,1,6,3,3
500,,5,1,6,2,4
500,,6,1,6,5,1
500,,7,1,6,1,5
500,,8,1,6,3,3
500,,9,1,6,4,2
500,,10,1,6,1,5
500,,11,1,6,2,4
500,,12,1,6,5,1
500,,13,1,6,4,2
500,,14,1,6,5,1
500,,15,1,6,4,2
500,,0,1,6,1,5
500,,1,1,6,2,4
500,,2,1,6,3,3
500,,3,1,6,0,6
500,,4,1,6,4,2
500,,5,1,6,4,2
500,,6,1,6,5,1
500,,7,1,6,6,0
500,,8,1,6,2,4
500,,9,1,6,3,3
500,,10,1,6,3,3
500,,11,1,6,1,5
500,,12,1,6,6,0
500,,13,1,6,6,0
500,,14,1,6,1,5
500,,15,1,6,1,5
500,,0,1,6,3,3
500,,1,1,6,3,3
500,,2,1,6,1,5
500,,3,1,6,3,3
500,,4,1,6,5,1
500,,5,1,6,5,1
500,,6,1,6,4,2
500,,7,1,6,3,3
500,,8,1,6,3,3
500,,9,1,6,5,1
500,,10,1,6,3,3
500,,11,1,6,4,2
500,,12,1,6,3,3
500,,13,1,6,3,3
500,,14,1,6,3,3
500,,15,1,6,1,5
500,,0,1,6,2,4
500,,1,1,6,3,3
500,,2,1,6,1,5
500,,3,1,6,4,2
500,,4,1,6,3,3
500,,5,1,6,2,4
500,,6,1,6,1,5
500,,7,1,6,3,3
500,,8,1,6,3,3
500,,9,1,6,2,4
500,,10,1,6,2,4
500,,11,1,6,3,3
500,,12,1,6,5,1
500,,13,1,6,5,1
500,,14,1,6,5,1
500,,15,1,6,2,4
500,,0,1,6,2,4
500,,1,1,6,4,2
500,,2,1,6,6,0
500,,3,1,6,4,2
500,,4,1,6,6,0
500,,5,1,6,6,0
500,,6,1,6,3,3
500,,7,1,6,2,4
500,,8,1,6,1,5
500,,9,1,6,1,5
500,,10,1,6,3,3
500,,11,1,6,3,3
500,,12,1,6,5,1
500,,13,1,6,5,1
500,,14,1,6,3,3
500,,15,1,6,4,2
500,,0,1,6,4,2
500,,1,1,6,3,3
500,,2,1,6,4,2
500,,3,1,6,4,2
500,,4,1,6,6,0
500,,5,1,6,6,0
500,,6,1,6,6,0
500,,7,1,6,3,3
500,,8,1,6,1,5
500,,9,1,6,6,0
500,,10,1,6,2,4
500,,11,1,6,6,0
500,,12,1,6,5,1
500,,13,1,6,5,1
500,,14,1,6,5,1
500,,15,1,6,5,1
500,,0,1,6,5,1
500,,1,1,6,4,2
500,,2,1,6,5,1
500,,3,1,6,5,1
500,,4,1,6,5,1
500,,5,1,6,4,2
500,,6,1,6,5,1
500,,7,1,6,4,2
500,,8,1,6,3,3
500,,9,1,6,4,2
500,,10,1,6,2,4
500,,11,1,6,4,2
500,,12,1,6,5,1
500,,13,1,6,6,0
500,,14,1,6,4,2
500,,15,1,6,4,2
500,,0,1,6,4,2
500,,1,1,6,6,0
500,,2,1,6,5,1
500,,3,1,6,5,1
500,,4,1,6,4,2
500,,5,1,6,6,0
500,,6,1,6,1,5
500,,7,1,6,4,2
500,,8,1,6,4,2
500,,9,1,6,3,3
500,,10,1,6,4,2
500,,11,1,6,1,5
500,,12,1,6,4,2
500,,13,1,6,4,2
500,,14,1,6,4,2
500,,15,1,6,4,2
500,,0,1,6,5,1
500,,1,1,6,4,2
500,,2,1,6,4,2
500,,3,1,6,3,3
500,,4,1,6,2,4
500,,5,1,6,4,2
500,,6,1,6,3,3
500,,7,1,6,3,3
500,,8,1,6,6,0
500,,9,1,6,4,2
500,,10,1,6,6,0
500,,11,1,6,3,3
500,,12,1,6,6,0
500,,13,1,6,6,0
500,,14,1,6,4,2
500,,15,1,6,3,3
500,,0,1,6,3,3
500,,1,1,6,5,1
500,,2,1,6,6,0
500,,3,1,6,3,3
500,,4,1,6,5,1
500,,5,1,6,2,4
500,,6,1,6,4,2
500,,7,1,6,1,5
500,,8,1,6,4,2
500,,9,1,6,4,2
500,,10,1,6,4,2
500,,11,1,6,3,3
500,,12,1,6,5,1
500,,13,1,6,5,1
500,,14,1,6,4,2
500,,15,1,6,1,5
500,,0,1,6,4,2
500,,1,1,6,5,1
500,,2,1,6,6,0
500,,3,1,6,5,1
500,,4,1,6,5,1
500,,5,1,6,5,1
500,,6,1,6,4,2
500,,7,1,6,3,3
500,,8,1,6,4,2
500,,9,1,6,3,3
500,,10,1,6,5,1
500,,11,1,6,4,2
500,,12,1,6,5,1
500,,13,1,6,6,0
500,,14,1,6,4,2
500,,15,1,6,5,1
500,,0,1,6,5,1
500,,1,1,6,5,1
500,,2,1,6,6,0
500,,3,1,6,5,1
500,,4,1,6,5,1
500,,5,1,6,5,1
500,,6,1,6,3,3
500,,7,1,6,6,0
500,,8,1,6,6,0
500,,9,1,6,4,2
500,,10,1,6,6,0
500,,11,1,6,2,4
500,,12,1,6,5,1
500,,13,1,6,4,2
500,,14,1,6,4,2
500,,15,1,6,4,2
500,,0,1,6,4,2
500,,1,1,6,6,0
500,,2,1,6,5,1
500,,3,1,6,5,1
500,,4,1,6,5,1
500,,5,1,6,5,1
500,,6,1,6,2,4
500,,7,1,6,4,2
500,,8,1,6,6,0
500,,9,1,6,5,1
500,,10,1,6,5,1
500,,11,1,6,0,6
500,,12,1,6,5,1
500,,13,1,6,5,1
500,,14,1,6,3,3
500,,15,1,6,4,2
500,,0,1,6,5,1
500,,1,1,6,6,0
500,,2,1,6,6,0
500,,3,1,6,6,0
500,,4,1,6,6,0
500,,5,1,6,5,1
500,,6,1,6,3,3
500,,7,1,6,3,3
500,,8,1,6,6,0
500,,9,1,6,3,3
500,,10,1,6,5,1
500,,11,1,6,2,4
500,,12,1,6,4,2
500,,13,1,6,5,1
500,,14,1,6,5,1
500,,15,1,6,2,4
500,,0,1,6,6,0
500,,1,1,6,6,0
500,,2,1,6,6,0
500,,3,1,6,4,2
500,,4,1,6,5,1
500,,5,1,6,4,2
500,,6,1,6,4,2
500,,7,1,6,3,3
500,,8,1,6,5,1
500,,9,1,6,6,0
500,,10,1,6,6,0
500,,11,1,6,3,3
500,,12,1,6,6,0
500,,13,1,6,4,2
500,,14,1,6,5,1
500,,15,1,6,4,2
500,,0,1,6,5,1
500,,1,1,6,5,1
500,,2,1,6,5,1
500,,3,1,6,4,2
500,,4,1,6,5,1
500,,5,1,6,5,1
500,,6,1,6,2,4
500,,7,1,6,2,4
500,,8,1,6,6,0
500,,9,1,6,3,3
500,,10,1,6,6,0
500,,11,1,6,5,1
500,,12,1,6,6,0
500,,13,1,6,4,2
500,,14,1,6,5,1
500,,15,1,6,4,2
500,,0,1,6,4,2
500,,1,1,6,5,1
500,,2,1,6,6,0
500,,3,1,6,5,1
500,,4,1,6,5,1
500,,5,1,6,5,1
500,,6,1,6,2,4
500,,7,1,6,1,5
500,,8,1,6,6,0
500,,9,1,6,4,2
500,,10,1,6,5,1
500,,11,1,6,4,2
500,,12,1,6,6,0
500,,13,1,6,2,4
500,,14,1,6,4,2
500,,15,1,6,5,1
500,,0,1,6,3,3
500,,1,1,6,4,2
500,,2,1,6,5,1
500,,3,1,6,4,2
500,,4,1,6,5,1
500,,5,1,6,5,1
500,,6,1,6,4,2
500,,7,1,6,2,4
500,,8,1,6,5,1
500,,9,1,6,4,2
500,,10,1,6,6,0
500,,11,1,6,4,2
500,,12,1,6,5,1
500,,13,1,6,4,2
500,,14,1,6,2,4
500,,15,1,6,3,3
500,,0,1,6,6,0
500,,1,1,6,6,0
500,,2,1,6,6,0
500,,3,1,6,3,3
500,,4,1,6,4,2
500,,5,1,6,4,2
500,,6,1,6,5,1
500,,7,1,6,2,4
500,,8,1,6,6,0
500,,9,1,6,4,2
500,,10,1,6,6,0
500,,11,1,6,6,0
500,,12,1,6,5,1
500,,13,1,6,5,1
500,,14,1,6,5,1
500,,15,1,6,5,1
500,,0,1,6,4,2
500,,1,1,6,5,1
500,,2,1,6,6,0
500,,3,1,6,4,2
500,,4,1,6,6,0
500,,5,1,6,4,2
500,,6,1,6,4,2
500,,7,1,6,3,3
500,,8,1,6,5,1
500,,9,1,6,6,0
500,,10,1,6,5,1
500,,11,1,6,5,1
500,,12,1,6,4,2
500,,13,1,6,5,1
500,,14,1,6,5,1
500,,15,1,6,3,3
500,,0,1,6,4,2
500,,1,1,6,6,0
500,,2,1,6,6,0
500,,3,1,6,3,3
500,,4,1,6,5,1
500,,5,1,6,3,3
500,,6,1,6,5,1
500,,7,1,6,5,1
500,,8,1,6,6,0
500,,9,1,6,5,1
500,,10,1,6,5,1
500,,11,1,6,3,3
500,,12,1,6,5,1
500,,13,1,6,5,1
500,,14,1,6,5,1
500,,15,1,6,4,2
500,,0,1,6,3,3
500,,1,1,6,6,0
500,,2,1,6,6,0
500,,3,1,6,4,2
500,,4,1,6,3,3
500,,5,1,6,5,1
500,,6,1,6,4,2
500,,7,1,6,3,3
500,,8,1,6,5,1
500,,9,1,6,2,4
500,,10,1,6,6,0
500,,11,1,6,6,0
500,,12,1,6,6,0
500,,13,1,6,4,2
500,,14,1,6,3,3
500,,15,1,6,5,1
500,,0,1,6,6,0
500,,1,1,6,6,0
500,,2,1,6,6,0
500,,3,1,6,4,2
500,,4,1,6,6,0
500,,5,1,6,4,2
500,,6,1,6,4,2
500,,7,1,6,0,6
500,,8,1,6,5,1
500,,9,1,6,3,3
500,,10,1,6,5,1
500,,11,1,6,3,3
500,,12,1,6,6,0
500,,13,1,6,4,2
500,,14,1,6,6,0
500,,15,1,6,5,1
500,,0,1,6,5,1
500,,1,1,6,4,2
500,,2,1,6,6,0
500,,3,1,6,4,2
500,,4,1,6,4,2
500,,5,1,6,5,1
500,,6,1,6,6,0
500,,7,1,6,3,3
500,,8,1,6,5,1
500,,9,1,6,6,0
500,,10,1,6,5,1
500,,11,1,6,4,2
500,,12,1,6,6,0
500,,13,1,6,4,2
500,,14,1,6,3,3
500,,15,1,6,4,2
500,,0,1,6,5,1
500,,1,1,6,4,2
500,,2,1,6,6,0
500,,3,1,6,6,0
500,,4,1,6,6,0
500,,5,1,6,5,1
500,,6,1,6,4,2
500,,7,1,6,1,5
500,,8,1,6,6,0
500,,9,1,6,2,4
500,,10,1,6,4,2
500,,11,1,6,5,1
500,,12,1,6,4,2
500,,13,1,6,4,2
500,,14,1,6,5,1
500,,15,1,6,3,3
500,,0,1,6,5,1
500,,1,1,6,5,1
500,,2,1,6,4,2
500,,3,1,6,1,5
500,,4,1,6,4,2
500,,5,1,6,3,3
500,,6,1,6,5,1
500,,7,1,6,2,4
500,,8,1,6,4,2
500,,9,1,6,6,0
500,,10,1,6,4,2
500,,11,1,6,6,0
500,,12,1,6,5,1
500,,13,1,6,4,2
500,,14,1,6,3,3
500,,15,1,6,3,3
500,,0,1,6,6,0
500,,1,1,6,5,1
500,,2,1,6,4,2
500,,3,1,6,2,4
500,,4,1,6,6,0
500,,5,1,6,5,1
500,,6,1,6,5,1
500,,7,1,6,1,5
500,,8,1,6,5,1
500,,9,1,6,4,2
500,,10,1,6,5,1
500,,11,1,6,5,1
500,,12,1,6,5,1
500,,13,1,6,3,3
500,,14,1,6,6,0
500,,15,1,6,6,0
500,,0,1,6,6,0
500,,1,1,6,6,0
500,,2,1,6,5,1
500,,3,1,6,4,2
500,,4,1,6,5,1
500,,5,1,6,5,1
500,,6,1,6,6,0
500,,7,1,6,1,5
500,,8,1,6,5,1
500,,9,1,6,2,4
500,,10,1,6,5,1
500,,11,1,6,4,2
500,,12,1,6,5,1
500,,13,1,6,5,1
500,,14,1,6,5,1
500,,15,1,6,5,1
500,,0,1,6,5,1
500,,1,1,6,5,1
500,,2,1,6,5,1
500,,3,1,6,6,0
500,,4,1,6,4,2
500,,5,1,6,4,2
500,,6,1,6,5,1
500,,7,1,6,2,4
500,,8,1,6,4,2
500,,9,1,6,1,5
500,,10,1,6,5,1
500,,11,1,6,5,1
500,,12,1,6,4,2
500,,13,1,6,5,1
500,,14,1,6,3,3
500,,15,1,6,4,2
500,,0,1,6,5,1
500,,1,1,6,5,1
500,,2,1,6,5,1
500,,3,1,6,4,2
500,,4,1,6,5,1
500,,5,1,6,1,5
500,,6,1,6,4,2
500,,7,1,6,2,4
500,,8,1,6,3,3
500,,9,1,6,1,5
500,,10,1,6,3,3
500,,11,1,6,4,2
500,,12,1,6,4,2
500,,13,1,6,5,1
500,,14,1,6,4,2
500,,15,1,6,4,2
500,,0,1,6,6,0
500,,1,1,6,5,1
500,,2,1,6,5,1
500,,3,1,6,5,1
500,,4,1,6,4,2
500,,5,1,6,3,3
500,,6,1,6,4,2
500,,7,1,6,2,4
500,,8,1,6,4,2
500,,9,1,6,3,3
500,,10,1,6,4,2
500,,11,1,6,3,3
500,,12,1,6,5,1
500,,13,1,6,2,4
500,,14,1,6,2,4
500,,15,1,6,3,3
500,,0,1,6,6,0
500,,1,1,6,4,2
500,,2,1,6,6,0
500,,3,1,6,2,4
500,,4,1,6,6,0
500,,5,1,6,3,3
500,,6,1,6,5,1
500,,7,1,6,2,4
500,,8,1,6,4,2
500,,9,1,6,2,4
500,,10,1,6,3,3
500,,11,1,6,2,4
500,,12,1,6,4,2
500,,13,1,6,6,0
500,,14,1,6,1,5
500,,15,1,6,4,2
500,,0,1,6,4,2
500,,1,1,6,2,4
500,,2,1,6,3,3
500,,3,1,6,2,4
500,,4,1,6,5,1
500,,5,1,6,4,2
500,,6,1,6,3,3
500,,7,1,6,1,5
500,,8,1,6,3,3
500,,9,1,6,3,3
500,,10,1,6,4,2
500,,11,1,6,4,2
500,,12,1,6,4,2
500,,13,1,6,2,4
500,,14,1,6,5,1
500,,15,1,6,4,2
500,,0,1,6,3,3
500,,1,1,6,4,2
500,,2,1,6,4,2
500,,3,1,6,3,3
500,,4,1,6,6,0
500,,5,1,6,3,3
500,,6,1,6,5,1
500,,7,1,6,2,4
500,,8,1,6,3,3
500,,9,1,6,2,4
500,,10,1,6,4,2
500,,11,1,6,5,1
500,,12,1,6,4,2
500,,13,1,6,1,5
500,,14,1,6,4,2
500,,15,1,6,5,1
500,,0,1,6,4,2
500,,1,1,6,5,1
500,,2,1,6,2,4
500,,3,1,6,1,5
500,,4,1,6,4,2
500,,5,1,6,5,1
500,,6,1,6,5,1
500,,7,1,6,1,5
500,,8,1,6,4,2
500,,9,1,6,4,2
500,,10,1,6,2,4
500,,11,1,6,6,0
500,,12,1,6,2,4
500,,13,1,6,4,2
500,,14,1,6,2,4
500,,15,1,6,3,3
500,,0,1,6,3,3
500,,1,1,6,4,2
500,,2,1,6,1,5
500,,3,1,6,1,5
500,,4,1,6,5,1
500,,5,1,6,4,2
500,,6,1,6,3,3
500,,7,1,6,1,5
500,,8,1,6,6,0
500,,9,1,6,3,3
500,,10,1,6,4,2
500,,11,1,6,4,2
500,,12,1,6,2,4
500,,13,1,6,2,4
500,,14,1,6,2,4
500,,15,1,6,4,2
500,,0,1,6,2,4
500,,1,1,6,4,2
500,,2,1,6,3,3
500,,3,1,6,0,6
500,,4,1,6,6,0
500,,5,1,6,5,1
500,,6,1,6,2,4
500,,7,1,6,0,6
500,,8,1,6,4,2
500,,9,1,6,0,6
500,,10,1,6,4,2
500,,11,1,6,6,0
500,,12,1,6,4,2
500,,13,1,6,1,5
500,,14,1,6,4,2
500,,15,1,6,5,1
500,,0,1,6,4,2
500,,1,1,6,4,2
500,,2,1,6,3,3
500,,3,1,6,0,6
500,,4,1,6,4,2
500,,5,1,6,6,0
500,,6,1,6,4,2
500,,7,1,6,1,5
500,,8,1,6,2,4
500,,9,1,6,1,5
500,,10,1,6,4,2
500,,11,1,6,5,1
500,,12,1,6,6,0
500,,13,1,6,2,4
500,,14,1,6,6,0
500,,15,1,6,6,0
500,,0,1,6,3,3
500,,1,1,6,4,2
500,,2,1,6,4,2
500,,3,1,6,0,6
500,,4,1,6,5,1
500,,5,1,6,3,3
500,,6,1,6,5,1
500,,7,1,6,1,5
500,,8,1,6,3,3
500,,9,1,6,1,5
500,,10,1,6,4,2
500,,11,1,6,6,0
500,,12,1,6,0,6
500,,13,1,6,4,2
500,,14,1,6,2,4
500,,15,1,6,3,3
500,,0,1,6,6,0
500,,1,1,6,5,1
500,,2,1,6,6,0
500,,3,1,6,3,3
500,,4,1,6,6,0
500,,5,1,6,4,2
500,,6,1,6,2,4
500,,7,1,6,0,6
500,,8,1,6,3,3
500,,9,1,6,1,5
500,,10,1,6,3,3
500,,11,1,6,5,1
500,,12,1,6,2,4
500,,13,1,6,2,4
500,,14,1,6,2,4
500,,15,1,6,3,3
500,,0,1,6,2,4
500,,1,1,6,5,1
500,,2,1,6,3,3
500,,3,1,6,2,4
500,,4,1,6,4,2
500,,5,1,6,1,5
500,,6,1,6,4,2
500,,7,1,6,2,4
500,,8,1,6,3,3
500,,9,1,6,3,3
500,,10,1,6,4,2
500,,11,1,6,2,4
500,,12,1,6,3,3
500,,13,1,6,2,4
500,,14,1,6,3,3
500,,15,1,6,3,3
550,,0,1,6,0,6
550,,1,1,6,3,3
550,,2,1,6,1,5
550,,3,1,6,0,6
550,,4,1,6,0,6
550,,5,1,6,3,3
550,,6,1,6,2,4
550,,7,1,6,1,5
550,,8,1,6,2,4
550,,9,1,6,2,4
550,,10,1,6,0,6
550,,11,1,6,2,4
550,,12,1,6,0,6
550,,13,1,6,0,6
550,,14,1,6,0,6
550,,15,1,6,0,6
550,,0,1,6,2,4
550,,1,1,6,3,3
550,,2,1,6,2,4
550,,3,1,6,0,6
550,,4,1,6,3,3
550,,5,1,6,0,6
550,,6,1,6,0,6
550,,7,1,6,3,3
550,,8,1,6,2,4
550,,9,1,6,2,4
550,,10,1,6,2,4
550,,11,1,6,3,3
550,,12,1,6,1,5
550,,13,1,6,2,4
550,,14,1,6,2,4
550,,15,1,6,3,3
550,,0,1,6,0,6
550,,1,1,6,4,2
550,,2,1,6,3,3
550,,3,1,6,1,5
550,,4,1,6,3,3
550,,5,1,6,2,4
550,,6,1,6,1,5
550,,7,1,6,4,2
550,,8,1,6,3,3
550,,9,1,6,4,2
550,,10,1,6,0,6
550,,11,1,6,2,4
550,,12,1,6,1,5
550,,13,1,6,2,4
550,,14,1,6,2,4
550,,15,1,6,4,2
550,,0,1,6,1,5
550,,1,1,6,5,1
550,,2,1,6,5,1
550,,3,1,6,1,5
550,,4,1,6,3,3
550,,5,1,6,5,1
550,,6,1,6,2,4
550,,7,1,6,4,2
550,,8,1,6,3,3
550,,9,1,6,3,3
550,,10,1,6,5,1
550,,11,1,6,5,1
550,,12,1,6,6,0
550,,13,1,6,1,5
550,,14,1,6,0,6
550,,15,1,6,4,2
550,,0,1,6,1,5
550,,1,1,6,0,6
550,,2,1,6,5,1
550,,3,1,6,1,5
550,,4,1,6,1,5
550,,5,1,6,1,5
550,,6,1,6,1,5
550,,7,1,6,2,4
550,,8,1,6,1,5
550,,9,1,6,2,4
550,,10,1,6,4,2
550,,11,1,6,1,5
550,,12,1,6,5,1
550,,13,1,6,5,1
550,,14,1,6,1,5
550,,15,1,6,3,3
550,,0,1,6,2,4
550,,1,1,6,4,2
550,,2,1,6,3,3
550,,3,1,6,2,4
550,,4,1,6,2,4
550,,5,1,6,5,1
550,,6,1,6,3,3
550,,7,1,6,5,1
550,,8,1,6,3,3
550,,9,1,6,4,2
550,,10,1,6,3,3
550,,11,1,6,5,1
550,,12,1,6,2,4
550,,13,1,6,3,3
550,,14,1,6,1,5
550,,15,1,6,5,1
550,,0,1,6,2,4
550,,1,1,6,3,3
550,,2,1,6,1,5
550,,3,1,6,3,3
550,,4,1,6,4,2
550,,5,1,6,4,2
550,,6,1,6,4,2
550,,7,1,6,4,2
550,,8,1,6,4,2
550,,9,1,6,4,2
550,,10,1,6,1,5
550,,11,1,6,1,5
550,,12,1,6,2,4
550,,13,1,6,6,0
550,,14,1,6,0,6
550,,15,1,6,1,5
550,,0,1,6,1,5
550,,1,1,6,2,4
550,,2,1,6,1,5
550,,3,1,6,5,1
550,,4,1,6,6,0
550,,5,1,6,1,5
550,,6,1,6,3,3
550,,7,1,6,6,0
550,,8,1,6,4,2
550,,9,1,6,3,3
550,,10,1,6,6,0
550,,11,1,6,4,2
550,,12,1,6,6,0
550,,13,1,6,1,5
550,,14,1,6,1,5
550,,15,1,6,2,4
550,,0,1,6,0,6
550,,1,1,6,2,4
550,,2,1,6,6,0
550,,3,1,6,4,2
550,,4,1,6,2,4
550,,5,1,6,2,4
550,,6,1,6,2,4
550,,7,1,6,2,4
550,,8,1,6,2,4
550,,9,1,6,1,5
550,,10,1,6,3,3
550,,11,1,6,4,2
550,,12,1,6,3,3
550,,13,1,6,1,5
550,,14,1,6,2,4
550,,15,1,6,5,1
550,,0,1,6,1,5
550,,1,1,6,2,4
550,,2,1,6,5,1
550,,3,1,6,2,4
550,,4,1,6,4,2
550,,5,1,6,0,6
550,,6,1,6,3,3
550,,7,1,6,3,3
550,,8,1,6,4,2
550,,9,1,6,5,1
550,,10,1,6,5,1
550,,11,1,6,3,3
550,,12,1,6,4,2
550,,13,1,6,6,0
550,,14,1,6,5,1
550,,15,1,6,2,4
550,,0,1,6,1,5
550,,1,1,6,2,4
550,,2,1,6,5,1
550,,3,1,6,3,3
550,,4,1,6,3,3
550,,5,1,6,2,4
550,,6,1,6,2,4
550,,7,1,6,4,2
550,,8,1,6,3,3
550,,9,1,6,5,1
550,,10,1,6,2,4
550,,11,1,6,1,5
550,,12,1,6,2,4
550,,13,1,6,5,1
550,,14,1,6,2,4
550,,15,1,6,3,3
550,,0,1,6,3,3
550,,1,1,6,2,4
550,,2,1,6,6,0
550,,3,1,6,3,3
550,,4,1,6,3,3
550,,5,1,6,2,4
550,,6,1,6,4,2
550,,7,1,6,4,2
550,,8,1,6,1,5
550,,9,1,6,2,4
550,,10,1,6,0,6
550,,11,1,6,5,1
550,,12,1,6,1,5
550,,13,1,6,4,2
550,,14,1,6,1,5
550,,15,1,6,2,4
550,,0,1,6,1,5
550,,1,1,6,3,3
550,,2,1,6,5,1
550,,3,1,6,3,3
550,,4,1,6,6,0
550,,5,1,6,2,4
550,,6,1,6,1,5
550,,7,1,6,2,4
550,,8,1,6,1,5
550,,9,1,6,2,4
550,,10,1,6,1,5
550,,11,1,6,3,3
550,,12,1,6,1,5
550,,13,1,6,5,1
550,,14,1,6,2,4
550,,15,1,6,3,3
550,,0,1,6,2,4
550,,1,1,6,0,6
550,,2,1,6,5,1
550,,3,1,6,6,0
550,,4,1,6,4,2
550,,5,1,6,0,6
550,,6,1,6,6,0
550,,7,1,6,5,1
550,,8,1,6,2,4
550,,9,1,6,5,1
550,,10,1,6,2,4
550,,11,1,6,6,0
550,,12,1,6,1,5
550,,13,1,6,5,1
550,,14,1,6,4,2
550,,15,1,6,0,6
550,,0,1,6,1,5
550,,1,1,6,2,4
550,,2,1,6,5,1
550,,3,1,6,4,2
550,,4,1,6,1,5
550,,5,1,6,1,5
550,,6,1,6,2,4
550,,7,1,6,1,5
550,,8,1,6,4,2
550,,9,1,6,4,2
550,,10,1,6,2,4
550,,11,1,6,4,2
550,,12,1,6,5,1
550,,13,1,6,3,3
550,,14,1,6,3,3
550,,15,1,6,5,1
550,,0,1,6,2,4
550,,1,1,6,0,6
550,,2,1,6,4,2
550,,3,1,6,3,3
550,,4,1,6,6,0
550,,5,1,6,3,3
550,,6,1,6,3,3
550,,7,1,6,5,1
550,,8,1,6,2,4
550,,9,1,6,4,2
550,,10,1,6,3,3
550,,11,1,6,5,1
550,,12,1,6,3,3
550,,13,1,6,3,3
550,,14,1,6,2,4
550,,15,1,6,3,3
550,,0,1,6,3,3
550,,1,1,6,0,6
550,,2,1,6,4,2
550,,3,1,6,2,4
550,,4,1,6,5,1
550,,5,1,6,0,6
550,,6,1,6,6,0
550,,7,1,6,5,1
550,,8,1,6,2,4
550,,9,1,6,4,2
550,,10,1,6,5,1
550,,11,1,6,5,1
550,,12,1,6,5,1
550,,13,1,6,4,2
550,,14,1,6,1,5
550,,15,1,6,6,0
550,,0,1,6,2,4
550,,1,1,6,2,4
550,,2,1,6,6,0
550,,3,1,6,4,2
550,,4,1,6,3,3
550,,5,1,6,0,6
550,,6,1,6,1,5
550,,7,1,6,3,3
550,,8,1,6,5,1
550,,9,1,6,5,1
550,,10,1,6,3,3
550,,11,1,6,4,2
550,,12,1,6,4,2
550,,13,1,6,3,3
550,,14,1,6,4,2
550,,15,1,6,2,4
550,,0,1,6,3,3
550,,1,1,6,1,5
550,,2,1,6,0,6
550,,3,1,6,4,2
550,,4,1,6,4,2
550,,5,1,6,2,4
550,,6,1,6,4,2
550,,7,1,6,1,5
550,,8,1,6,5,1
550,,9,1,6,6,0
550,,10,1,6,4,2
550,,11,1,6,4,2
550,,12,1,6,5,1
550,,13,1,6,2,4
550,,14,1,6,1,5
550,,15,1,6,4,2
550,,0,1,6,3,3
550,,1,1,6,2,4
550,,2,1,6,4,2
550,,3,1,6,5,1
550,,4,1,6,5,1
550,,5,1,6,2,4
550,,6,1,6,4,2
550,,7,1,6,5,1
550,,8,1,6,1,5
550,,9,1,6,3,3
550,,10,1,6,6,0
550,,11,1,6,5,1
550,,12,1,6,4,2
550,,13,1,6,3,3
550,,14,1,6,4,2
550,,15,1,6,3,3
550,,0,1,6,2,4
550,,1,1,6,1,5
550,,2,1,6,6,0
550,,3,1,6,3,3
550,,4,1,6,4,2
550,,5,1,6,2,4
550,,6,1,6,4,2
550,,7,1,6,6,0
550,,8,1,6,4,2
550,,9,1,6,6,0
550,,10,1,6,6,0
550,,11,1,6,4,2
550,,12,1,6,6,0
550,,13,1,6,6,0
550,,14,1,6,3,3
550,,15,1,6,4,2
550,,0,1,6,4,2
550,,1,1,6,1,5
550,,2,1,6,6,0
550,,3,1,6,5,1
550,,4,1,6,5,1
550,,5,1,6,1,5
550,,6,1,6,4,2
550,,7,1,6,6,0
550,,8,1,6,4,2
550,,9,1,6,5,1
550,,10,1,6,6,0
550,,11,1,6,4,2
550,,12,1,6,6,0
550,,13,1,6,3,3
550,,14,1,6,4,2
550,,15,1,6,4,2
550,,0,1,6,3,3
550,,1,1,6,1,5
550,,2,1,6,6,0
550,,3,1,6,5,1
550,,4,1,6,5,1
550,,5,1,6,4,2
550,,6,1,6,4,2
550,,7,1,6,4,2
550,,8,1,6,5,1
550,,9,1,6,4,2
550,,10,1,6,5,1
550,,11,1,6,4,2
550,,12,1,6,5,1
550,,13,1,6,5,1
550,,14,1,6,4,2
550,,15,1,6,5,1
550,,0,1,6,3,3
550,,1,1,6,4,2
550,,2,1,6,4,2
550,,3,1,6,4,2
550,,4,1,6,3,3
550,,5,1,6,3,3
550,,6,1,6,4,2
550,,7,1,6,3,3
550,,8,1,6,4,2
550,,9,1,6,4,2
550,,10,1,6,6,0
550,,11,1,6,4,2
550,,12,1,6,6,0
550,,13,1,6,5,1
550,,14,1,6,2,4
550,,15,1,6,4,2
550,,0,1,6,1,5
550,,1,1,6,1,5
550,,2,1,6,4,2
550,,3,1,6,3,3
550,,4,1,6,5,1
550,,5,1,6,3,3
550,,6,1,6,4,2
550,,7,1,6,5,1
550,,8,1,6,4,2
550,,9,1,6,5,1
550,,10,1,6,2,4
550,,11,1,6,3,3
550,,12,1,6,4,2
550,,13,1,6,6,0
550,,14,1,6,2,4
550,,15,1,6,3,3
550,,0,1,6,4,2
550,,1,1,6,0,6
550,,2,1,6,3,3
550,,3,1,6,6,0
550,,4,1,6,5,1
550,,5,1,6,4,2
550,,6,1,6,5,1
550,,7,1,6,5,1
550,,8,1,6,4,2
550,,9,1,6,5,1
550,,10,1,6,6,0
550,,11,1,6,6,0
550,,12,1,6,6,0
550,,13,1,6,3,3
550,,14,1,6,3,3
550,,15,1,6,4,2
550,,0,1,6,5,1
550,,1,1,6,4,2
550,,2,1,6,6,0
550,,3,1,6,6,0
550,,4,1,6,4,2
550,,5,1,6,6,0
550,,6,1,6,6,0
550,,7,1,6,5,1
550,,8,1,6,3,3
550,,9,1,6,5,1
550,,10,1,6,6,0
550,,11,1,6,5,1
550,,12,1,6,6,0
550,,13,1,6,2,4
550,,14,1,6,5,1
550,,15,1,6,6,0
550,,0,1,6,3,3
550,,1,1,6,5,1
550,,2,1,6,6,0
550,,3,1,6,6,0
550,,4,1,6,5,1
550,,5,1,6,6,0
550,,6,1,6,6,0
550,,7,1,6,5,1
550,,8,1,6,6,0
550,,9,1,6,6,0
550,,10,1,6,4,2
550,,11,1,6,6,0
550,,12,1,6,4,2
550,,13,1,6,3,3
550,,14,1,6,1,5
550,,15,1,6,2,4
550,,0,1,6,5,1
550,,1,1,6,5,1
550,,2,1,6,6,0
550,,3,1,6,3,3
550,,4,1,6,3,3
550,,5,1,6,6,0
550,,6,1,6,6,0
550,,7,1,6,6,0
550,,8,1,6,2,4
550,,9,1,6,5,1
550,,10,1,6,6,0
550,,11,1,6,3,3
550,,12,1,6,5,1
550,,13,1,6,5,1
550,,14,1,6,5,1
550,,15,1,6,5,1
550,,0,1,6,6,0
550,,1,1,6,5,1
550,,2,1,6,5,1
550,,3,1,6,2,4
550,,4,1,6,2,4
550,,5,1,6,6,0
550,,6,1,6,4,2
550,,7,1,6,6,0
550,,8,1,6,4,2
550,,9,1,6,5,1
550,,10,1,6,6,0
550,,11,1,6,1,5
550,,12,1,6,5,1
550,,13,1,6,4,2
550,,14,1,6,6,0
550,,15,1,6,6,0
550,,0,1,6,3,3
550,,1,1,6,5,1
550,,2,1,6,6,0
550,,3,1,6,5,1
550,,4,1,6,5,1
550,,5,1,6,5,1
550,,6,1,6,4,2
550,,7,1,6,5,1
550,,8,1,6,4,2
550,,9,1,6,4,2
550,,10,1,6,2,4
550,,11,1,6,5,1
550,,12,1,6,5,1
550,,13,1,6,1,5
550,,14,1,6,3,3
550,,15,1,6,5,1
550,,0,1,6,2,4
550,,1,1,6,6,0
550,,2,1,6,4,2
550,,3,1,6,5,1
550,,4,1,6,3,3
550,,5,1,6,6,0
550,,6,1,6,2,4
550,,7,1,6,6,0
550,,8,1,6,6,0
550,,9,1,6,5,1
550,,10,1,6,6,0
550,,11,1,6,4,2
550,,12,1,6,6,0
550,,13,1,6,5,1
550,,14,1,6,1,5
550,,15,1,6,4,2
550,,0,1,6,6,0
550,,1,1,6,4,2
550,,2,1,6,6,0
550,,3,1,6,6,0
550,,4,1,6,4,2
550,,5,1,6,4,2
550,,6,1,6,5,1
550,,7,1,6,6,0
550,,8,1,6,5,1
550,,9,1,6,4,2
550,,10,1,6,6,0
550,,11,1,6,3,3
550,,12,1,6,5,1
550,,13,1,6,5,1
550,,14,1,6,5,1
550,,15,1,6,6,0
550,,0,1,6,4,2
550,,1,1,6,6,0
550,,2,1,6,5,1
550,,3,1,6,6,0
550,,4,1,6,6,0
550,,5,1,6,6,0
550,,6,1,6,4,2
550,,7,1,6,5,1
550,,8,1,6,5,1
550,,9,1,6,4,2
550,,10,1,6,5,1
550,,11,1,6,5,1
550,,12,1,6,6,0
550,,13,1,6,4,2
550,,14,1,6,6,0
550,,15,1,6,5,1
550,,0,1,6,5,1
550,,1,1,6,6,0
550,,2,1,6,5,1
550,,3,1,6,5,1
550,,4,1,6,5,1
550,,5,1,6,5,1
550,,6,1,6,6,0
550,,7,1,6,6,0
550,,8,1,6,2,4
550,,9,1,6,5,1
550,,10,1,6,6,0
550,,11,1,6,2,4
550,,12,1,6,4,2
550,,13,1,6,5,1
550,,14,1,6,5,1
550,,15,1,6,5,1
550,,0,1,6,3,3
550,,1,1,6,5,1
550,,2,1,6,6,0
550,,3,1,6,4,2
550,,4,1,6,3,3
550,,5,1,6,5,1
550,,6,1,6,5,1
550,,7,1,6,5,1
550,,8,1,6,5,1
550,,9,1,6,2,4
550,,10,1,6,5,1
550,,11,1,6,4,2
550,,12,1,6,3,3
550,,13,1,6,5,1
550,,14,1,6,5,1
550,,15,1,6,4,2
550,,0,1,6,5,1
550,,1,1,6,6,0
550,,2,1,6,6,0
550,,3,1,6,4,2
550,,4,1,6,6,0
550,,5,1,6,6,0
550,,6,1,6,6,0
550,,7,1,6,5,1
550,,8,1,6,3,3
550,,9,1,6,1,5
550,,10,1,6,5,1
550,,11,1,6,6,0
550,,12,1,6,5,1
550,,13,1,6,5,1
550,,14,1,6,5,1
550,,15,1,6,4,2
550,,0,1,6,5,1
550,,1,1,6,4,2
550,,2,1,6,4,2
550,,3,1,6,6,0
550,,4,1,6,6,0
550,,5,1,6,5,1
550,,6,1,6,3,3
550,,7,1,6,6,0
550,,8,1,6,4,2
550,,9,1,6,3,3
550,,10,1,6,6,0
550,,11,1,6,5,1
550,,12,1,6,4,2
550,,13,1,6,5,1
550,,14,1,6,5,1
550,,15,1,6,5,1
550,,0,1,6,6,0
550,,1,1,6,6,0
550,,2,1,6,4,2
550,,3,1,6,6,0
550,,4,1,6,4,2
550,,5,1,6,6,0
550,,6,1,6,5,1
550,,7,1,6,5,1
550,,8,1,6,5,1
550,,9,1,6,3,3
550,,10,1,6,6,0
550,,11,1,6,3,3
550,,12,1,6,5,1
550,,13,1,6,4,2
550,,14,1,6,5,1
550,,15,1,6,4,2
550,,0,1,6,5,1
550,,1,1,6,5,1
550,,2,1,6,4,2
550,,3,1,6,5,1
550,,4,1,6,3,3
550,,5,1,6,4,2
550,,6,1,6,2,4
550,,7,1,6,4,2
550,,8,1,6,4,2
550,,9,1,6,3,3
550,,10,1,6,5,1
550,,11,1,6,2,4
550,,12,1,6,6,0
550,,13,1,6,3,3
550,,14,1,6,3,3
550,,15,1,6,2,4
550,,0,1,6,5,1
550,,1,1,6,3,3
550,,2,1,6,4,2
550,,3,1,6,6,0
550,,4,1,6,4,2
550,,5,1,6,6,0
550,,6,1,6,4,2
550,,7,1,6,4,2
550,,8,1,6,4,2
550,,9,1,6,4,2
550,,10,1,6,6,0
550,,11,1,6,2,4
550,,12,1,6,4,2
550,,13,1,6,6,0
550,,14,1,6,5,1
550,,15,1,6,5,1
550,,0,1,6,5,1
550,,1,1,6,6,0
550,,2,1,6,6,0
550,,3,1,6,3,3
550,,4,1,6,5,1
550,,5,1,6,6,0
550,,6,1,6,3,3
550,,7,1,6,1,5
550,,8,1,6,3,3
550,,9,1,6,3,3
550,,10,1,6,6,0
550,,11,1,6,5,1
550,,12,1,6,5,1
550,,13,1,6,5,1
550,,14,1,6,5,1
550,,15,1,6,5,1
550,,0,1,6,5,1
550,,1,1,6,4,2
550,,2,1,6,5,1
550,,3,1,6,4,2
550,,4,1,6,5,1
550,,5,1,6,5,1
550,,6,1,6,5,1
550,,7,1,6,5,1
550,,8,1,6,5,1
550,,9,1,6,3,3
550,,10,1,6,5,1
550,,11,1,6,5,1
550,,12,1,6,4,2
550,,13,1,6,2,4
550,,14,1,6,5,1
550,,15,1,6,5,1
550,,0,1,6,3,3
550,,1,1,6,4,2
550,,2,1,6,5,1
550,,3,1,6,5,1
550,,4,1,6,5,1
550,,5,1,6,5,1
550,,6,1,6,6,0
550,,7,1,6,3,3
550,,8,1,6,5,1
550,,9,1,6,3,3
550,,10,1,6,5,1
550,,11,1,6,4,2
550,,12,1,6,6,0
550,,13,1,6,5,1
550,,14,1,6,6,0
550,,15,1,6,6,0
550,,0,1,6,6,0
550,,1,1,6,3,3
550,,2,1,6,5,1
550,,3,1,6,4,2
550,,4,1,6,5,1
550,,5,1,6,2,4
550,,6,1,6,2,4
550,,7,1,6,5,1
550,,8,1,6,5,1
550,,9,1,6,2,4
550,,10,1,6,5,1
550,,11,1,6,5,1
550,,12,1,6,6,0
550,,13,1,6,4,2
550,,14,1,6,6,0
550,,15,1,6,4,2
550,,0,1,6,6,0
550,,1,1,6,5,1
550,,2,1,6,5,1
550,,3,1,6,5,1
550,,4,1,6,6,0
550,,5,1,6,4,2
550,,6,1,6,4,2
550,,7,1,6,5,1
550,,8,1,6,2,4
550,,9,1,6,2,4
550,,10,1,6,4,2
550,,11,1,6,6,0
550,,12,1,6,3,3
550,,13,1,6,4,2
550,,14,1,6,6,0
550,,15,1,6,5,1
550,,0,1,6,4,2
550,,1,1,6,5,1
550,,2,1,6,6,0
550,,3,1,6,5,1
550,,4,1,6,6,0
550,,5,1,6,3,3
550,,6,1,6,3,3
550,,7,1,6,5,1
550,,8,1,6,4,2
550,,9,1,6,3,3
550,,10,1,6,5,1
550,,11,1,6,2,4
550,,12,1,6,5,1
550,,13,1,6,4,2
550,,14,1,6,4,2
550,,15,1,6,5,1
550,,0,1,6,5,1
550,,1,1,6,5,1
550,,2,1,6,6,0
550,,3,1,6,5,1
550,,4,1,6,4,2
550,,5,1,6,3,3
550,,6,1,6,1,5
550,,7,1,6,4,2
550,,8,1,6,4,2
550,,9,1,6,2,4
550,,10,1,6,4,2
550,,11,1,6,2,4
550,,12,1,6,5,1
550,,13,1,6,6,0
550,,14,1,6,4,2
550,,15,1,6,5,1
550,,0,1,6,4,2
550,,1,1,6,5,1
550,,2,1,6,6,0
550,,3,1,6,5,1
550,,4,1,6,2,4
550,,5,1,6,4,2
550,,6,1,6,3,3
550,,7,1,6,4,2
550,,8,1,6,5,1
550,,9,1,6,3,3
550,,10,1,6,4,2
550,,11,1,6,2,4
550,,12,1,6,4,2
550,,13,1,6,2,4
550,,14,1,6,5,1
550,,15,1,6,5,1
550,,0,1,6,4,2
550,,1,1,6,4,2
550,,2,1,6,4,2
550,,3,1,6,4,2
550,,4,1,6,6,0
550,,5,1,6,5,1
550,,6,1,6,3,3
550,,7,1,6,5,1
550,,8,1,6,1,5
550,,9,1,6,5,1
550,,10,1,6,5,1
550,,11,1,6,2,4
550,,12,1,6,6,0
550,,13,1,6,4,2
550,,14,1,6,6,0
550,,15,1,6,4,2
550,,0,1,6,2,4
550,,1,1,6,6,0
550,,2,1,6,5,1
550,,3,1,6,6,0
550,,4,1,6,4,2
550,,5,1,6,2,4
550,,6,1,6,5,1
550,,7,1,6,4,2
550,,8,1,6,2,4
550,,9,1,6,3,3
550,,10,1,6,4,2
550,,11,1,6,2,4
550,,12,1,6,6,0
550,,13,1,6,4,2
550,,14,1,6,3,3
550,,15,1,6,3,3
550,,0,1,6,3,3
550,,1,1,6,4,2
550,,2,1,6,5,1
550,,3,1,6,5,1
550,,4,1,6,4,2
550,,5,1,6,2,4
550,,6,1,6,5,1
550,,7,1,6,2,4
550,,8,1,6,2,4
550,,9,1,6,2,4
550,,10,1,6,5,1
550,,11,1,6,1,5
550,,12,1,6,4,2
550,,13,1,6,2,4
550,,14,1,6,3,3
550,,15,1,6,3,3
550,,0,1,6,6,0
550,,1,1,6,4,2
550,,2,1,6,5,1
550,,3,1,6,4,2
550,,4,1,6,3,3
550,,5,1,6,2,4
550,,6,1,6,4,2
550,,7,1,6,3,3
550,,8,1,6,1,5
550,,9,1,6,3,3
550,,10,1,6,4,2
550,,11,1,6,3,3
550,,12,1,6,5,1
550,,13,1,6,2,4
550,,14,1,6,5,1
550,,15,1,6,4,2
550,,0,1,6,3,3
550,,1,1,6,5,1
550,,2,1,6,2,4
550,,3,1,6,4,2
550,,4,1,6,3,3
550,,5,1,6,5,1
550,,6,1,6,2,4
550,,7,1,6,0,6
550,,8,1,6,0,6
550,,9,1,6,2,4
550,,10,1,6,5,1
550,,11,1,6,1,5
550,,12,1,6,4,2
550,,13,1,6,2,4
550,,14,1,6,4,2
550,,15,1,6,3,3
550,,0,1,6,6,0
550,,1,1,6,4,2
550,,2,1,6,4,2
550,,3,1,6,5,1
550,,4,1,6,4,2
550,,5,1,6,1,5
550,,6,1,6,4,2
550,,7,1,6,3,3
550,,8,1,6,2,4
550,,9,1,6,3,3
550,,10,1,6,5,1
550,,11,1,6,5,1
550,,12,1,6,6,0
550,,13,1,6,4,2
550,,14,1,6,4,2
550,,15,1,6,6,0
550,,0,1,6,3,3
550,,1,1,6,4,2
550,,2,1,6,4,2
550,,3,1,6,4,2
550,,4,1,6,6,0
550,,5,1,6,5,1
550,,6,1,6,0,6
550,,7,1,6,2,4
550,,8,1,6,2,4
550,,9,1,6,2,4
550,,10,1,6,3,3
550,,11,1,6,1,5
550,,12,1,6,2,4
550,,13,1,6,3,3
550,,14,1,6,3,3
550,,15,1,6,3,3
550,,0,1,6,2,4
550,,1,1,6,4,2
550,,2,1,6,3,3
550,,3,1,6,3,3
550,,4,1,6,4,2
550,,5,1,6,2,4
550,,6,1,6,1,5
550,,7,1,6,3,3
550,,8,1,6,1,5
550,,9,1,6,2,4
550,,10,1,6,2,4
550,,11,1,6,2,4
550,,12,1,6,5,1
550,,13,1,6,5,1
550,,14,1,6,6,0
550,,15,1,6,4,2
550,,0,1,6,1,5
550,,1,1,6,1,5
550,,2,1,6,2,4
550,,3,1,6,3,3
550,,4,1,6,2,4
550,,5,1,6,1,5
550,,6,1,6,2,4
550,,7,1,6,2,4
550,,8,1,6,1,5
550,,9,1,6,1,5
550,,10,1,6,1,5
550,,11,1,6,3,3
550,,12,1,6,2,4
550,,13,1,6,3,3
550,,14,1,6,2,4
550,,15,1,6,1,5
550,,0,1,6,2,4
550,,1,1,6,1,5
550,,2,1,6,5,1
550,,3,1,6,4,2
550,,4,1,6,6,0
550,,5,1,6,5,1
550,,6,1,6,6,0
550,,7,1,6,0,6
550,,8,1,6,1,5
550,,9,1,6,4,2
550,,10,1,6,2,4
550,,11,1,6,5,1
550,,12,1,6,5,1
550,,13,1,6,1,5
550,,14,1,6,6,0
550,,15,1,6,4,2
600,,0,1,6,1,5
600,,1,1,6,2,4
600,,2,1,6,2,4
600,,3,1,6,2,4
600,,4,1,6,0,6
600,,5,1,6,2,4
600,,6,1,6,0,6
600,,7,1,6,2,4
600,,8,1,6,1,5
600,,9,1,6,3,3
600,,10,1,6,2,4
600,,11,1,6,0,6
600,,12,1,6,1,5
600,,13,1,6,5,1
600,,14,1,6,0,6
600,,15,1,6,2,4
600,,0,1,6,1,5
600,,1,1,6,3,3
600,,2,1,6,3,3
600,,3,1,6,3,3
600,,4,1,6,0,6
600,,5,1,6,0,6
600,,6,1,6,2,4
600,,7,1,6,2,4
600,,8,1,6,1,5
600,,9,1,6,2,4
600,,10,1,6,2,4
600,,11,1,6,2,4
600,,12,1,6,5,1
600,,13,1,6,0,6
600,,14,1,6,1,5
600,,15,1,6,2,4
600,,0,1,6,1,5
600,,1,1,6,1,5
600,,2,1,6,0,6
600,,3,1,6,1,5
600,,4,1,6,2,4
600,,5,1,6,0,6
600,,6,1,6,2,4
600,,7,1,6,1,5
600,,8,1,6,0,6
600,,9,1,6,2,4
600,,10,1,6,2,4
600,,11,1,6,0,6
600,,12,1,6,4,2
600,,13,1,6,2,4
600,,14,1,6,1,5
600,,15,1,6,4,2
600,,0,1,6,4,2
600,,1,1,6,2,4
600,,2,1,6,0,6
600,,3,1,6,4,2
600,,4,1,6,1,5
600,,5,1,6,2,4
600,,6,1,6,0,6
600,,7,1,6,4,2
600,,8,1,6,1,5
600,,9,1,6,2,4
600,,10,1,6,4,2
600,,11,1,6,4,2
600,,12,1,6,4,2
600,,13,1,6,1,5
600,,14,1,6,6,0
600,,15,1,6,5,1
600,,0,1,6,2,4
600,,1,1,6,2,4
600,,2,1,6,1,5
600,,3,1,6,5,1
600,,4,1,6,1,5
600,,5,1,6,0,6
600,,6,1,6,0,6
600,,7,1,6,5,1
600,,8,1,6,1,5
600,,9,1,6,1,5
600,,10,1,6,4,2
600,,11,1,6,3,3
600,,12,1,6,5,1
600,,13,1,6,1,5
600,,14,1,6,5,1
600,,15,1,6,3,3
600,,0,1,6,0,6
600,,1,1,6,1,5
600,,2,1,6,2,4
600,,3,1,6,1,5
600,,4,1,6,3,3
600,,5,1,6,3,3
600,,6,1,6,0,6
600,,7,1,6,0,6
600,,8,1,6,1,5
600,,9,1,6,2,4
600,,10,1,6,5,1
600,,11,1,6,2,4
600,,12,1,6,4,2
600,,13,1,6,2,4
600,,14,1,6,3,3
600,,15,1,6,3,3
600,,0,1,6,0,6
600,,1,1,6,4,2
600,,2,1,6,0,6
600,,3,1,6,2,4
600,,4,1,6,5,1
600,,5,1,6,0,6
600,,6,1,6,0,6
600,,7,1,6,2,4
600,,8,1,6,2,4
600,,9,1,6,5,1
600,,10,1,6,3,3
600,,11,1,6,4,2
600,,12,1,6,4,2
600,,13,1,6,2,4
600,,14,1,6,1,5
600,,15,1,6,3,3
600,,0,1,6,1,5
600,,1,1,6,4,2
600,,2,1,6,2,4
600,,3,1,6,0,6
600,,4,1,6,2,4
600,,5,1,6,1,5
600,,6,1,6,1,5
600,,7,1,6,1,5
600,,8,1,6,0,6
600,,9,1,6,5,1
600,,10,1,6,1,5
600,,11,1,6,4,2
600,,12,1,6,2,4
600,,13,1,6,3,3
600,,14,1,6,5,1
600,,15,1,6,4,2
600,,0,1,6,4,2
600,,1,1,6,0,6
600,,2,1,6,3,3
600,,3,1,6,2,4
600,,4,1,6,2,4
600,,5,1,6,2,4
600,,6,1,6,2,4
600,,7,1,6,1,5
600,,8,1,6,3,3
600,,9,1,6,2,4
600,,10,1,6,2,4
600,,11,1,6,1,5
600,,12,1,6,5,1
600,,13,1,6,0,6
600,,14,1,6,4,2
600,,15,1,6,4,2
600,,0,1,6,2,4
600,,1,1,6,2,4
600,,2,1,6,2,4
600,,3,1,6,3,3
600,,4,1,6,3,3
600,,5,1,6,1,5
600,,6,1,6,2,4
600,,7,1,6,2,4
600,,8,1,6,0,6
600,,9,1,6,5,1
600,,10,1,6,3,3
600,,11,1,6,1,5
600,,12,1,6,4,2
600,,13,1,6,3,3
600,,14,1,6,4,2
600,,15,1,6,4,2
600,,0,1,6,2,4
600,,1,1,6,4,2
600,,2,1,6,1,5
600,,3,1,6,4,2
600,,4,1,6,6,0
600,,5,1,6,1,5
600,,6,1,6,0,6
600,,7,1,6,4,2
600,,8,1,6,1,5
600,,9,1,6,1,5
600,,10,1,6,5,1
600,,11,1,6,3,3
600,,12,1,6,2,4
600,,13,1,6,2,4
600,,14,1,6,4,2
600,,15,1,6,3,3
600,,0,1,6,3,3
600,,1,1,6,3,3
600,,2,1,6,3,3
600,,3,1,6,1,5
600,,4,1,6,1,5
600,,5,1,6,3,3
600,,6,1,6,2,4
600,,7,1,6,1,5
600,,8,1,6,0,6
600,,9,1,6,2,4
600,,10,1,6,2,4
600,,11,1,6,3,3
600,,12,1,6,4,2
600,,13,1,6,0,6
600,,14,1,6,1,5
600,,15,1,6,3,3
600,,0,1,6,0,6
600,,1,1,6,1,5
600,,2,1,6,1,5
600,,3,1,6,1,5
600,,4,1,6,4,2
600,,5,1,6,2,4
600,,6,1,6,1,5
600,,7,1,6,2,4
600,,8,1,6,0,6
600,,9,1,6,2,4
600,,10,1,6,4,2
600,,11,1,6,5,1
600,,12,1,6,6,0
600,,13,1,6,2,4
600,,14,1,6,4,2
600,,15,1,6,2,4
600,,0,1,6,2,4
600,,1,1,6,1,5
600,,2,1,6,0,6
600,,3,1,6,4,2
600,,4,1,6,3,3
600,,5,1,6,2,4
600,,6,1,6,1,5
600,,7,1,6,2,4
600,,8,1,6,0,6
600,,9,1,6,2,4
600,,10,1,6,4,2
600,,11,1,6,1,5
600,,12,1,6,6,0
600,,13,1,6,2,4
600,,14,1,6,1,5
600,,15,1,6,1,5
600,,0,1,6,5,1
600,,1,1,6,4,2
600,,2,1,6,3,3
600,,3,1,6,2,4
600,,4,1,6,4,2
600,,5,1,6,2,4
600,,6,1,6,3,3
600,,7,1,6,3,3
600,,8,1,6,2,4
600,,9,1,6,4,2
600,,10,1,6,4,2
600,,11,1,6,5,1
600,,12,1,6,6,0
600,,13,1,6,1,5
600,,14,1,6,3,3
600,,15,1,6,5,1
600,,0,1,6,4,2
600,,1,1,6,0,6
600,,2,1,6,2,4
600,,3,1,6,2,4
600,,4,1,6,6,0
600,,5,1,6,0,6
600,,6,1,6,2,4
600,,7,1,6,2,4
600,,8,1,6,0,6
600,,9,1,6,0,6
600,,10,1,6,4,2
600,,11,1,6,3,3
600,,12,1,6,6,0
600,,13,1,6,2,4
600,,14,1,6,1,5
600,,15,1,6,4,2
600,,0,1,6,6,0
600,,1,1,6,2,4
600,,2,1,6,4,2
600,,3,1,6,6,0
600,,4,1,6,5,1
600,,5,1,6,1,5
600,,6,1,6,2,4
600,,7,1,6,6,0
600,,8,1,6,0,6
600,,9,1,6,4,2
600,,10,1,6,6,0
600,,11,1,6,5,1
600,,12,1,6,5,1
600,,13,1,6,3,3
600,,14,1,6,5,1
600,,15,1,6,3,3
600,,0,1,6,4,2
600,,1,1,6,2,4
600,,2,1,6,5,1
600,,3,1,6,6,0
600,,4,1,6,5,1
600,,5,1,6,0,6
600,,6,1,6,1,5
600,,7,1,6,4,2
600,,8,1,6,1,5
600,,9,1,6,1,5
600,,10,1,6,6,0
600,,11,1,6,4,2
600,,12,1,6,4,2
600,,13,1,6,3,3
600,,14,1,6,2,4
600,,15,1,6,5,1
600,,0,1,6,3,3
600,,1,1,6,2,4
600,,2,1,6,1,5
600,,3,1,6,3,3
600,,4,1,6,4,2
600,,5,1,6,1,5
600,,6,1,6,4,2
600,,7,1,6,2,4
600,,8,1,6,1,5
600,,9,1,6,4,2
600,,10,1,6,4,2
600,,11,1,6,2,4
600,,12,1,6,6,0
600,,13,1,6,2,4
600,,14,1,6,5,1
600,,15,1,6,3,3
600,,0,1,6,6,0
600,,1,1,6,2,4
600,,2,1,6,1,5
600,,3,1,6,5,1
600,,4,1,6,6,0
600,,5,1,6,0,6
600,,6,1,6,2,4
600,,7,1,6,4,2
600,,8,1,6,0,6
600,,9,1,6,1,5
600,,10,1,6,5,1
600,,11,1,6,4,2
600,,12,1,6,6,0
600,,13,1,6,3,3
600,,14,1,6,3,3
600,,15,1,6,5,1
600,,0,1,6,3,3
600,,1,1,6,1,5
600,,2,1,6,5,1
600,,3,1,6,6,0
600,,4,1,6,5,1
600,,5,1,6,3,3
600,,6,1,6,5,1
600,,7,1,6,5,1
600,,8,1,6,3,3
600,,9,1,6,1,5
600,,10,1,6,5,1
600,,11,1,6,3,3
600,,12,1,6,6,0
600,,13,1,6,5,1
600,,14,1,6,4,2
600,,15,1,6,3,3
600,,0,1,6,4,2
600,,1,1,6,4,2
600,,2,1,6,5,1
600,,3,1,6,5,1
600,,4,1,6,6,0
600,,5,1,6,1,5
600,,6,1,6,4,2
600,,7,1,6,5,1
600,,8,1,6,2,4
600,,9,1,6,4,2
600,,10,1,6,5,1
600,,11,1,6,5,1
600,,12,1,6,6,0
600,,13,1,6,1,5
600,,14,1,6,5,1
600,,15,1,6,5,1
600,,0,1,6,4,2
600,,1,1,6,4,2
600,,2,1,6,4,2
600,,3,1,6,4,2
600,,4,1,6,5,1
600,,5,1,6,2,4
600,,6,1,6,3,3
600,,7,1,6,4,2
600,,8,1,6,2,4
600,,9,1,6,3,3
600,,10,1,6,4,2
600,,11,1,6,2,4
600,,12,1,6,4,2
600,,13,1,6,5,1
600,,14,1,6,4,2
600,,15,1,6,5,1
600,,0,1,6,4,2
600,,1,1,6,1,5
600,,2,1,6,4,2
600,,3,1,6,5,1
600,,4,1,6,6,0
600,,5,1,6,2,4
600,,6,1,6,5,1
600,,7,1,6,4,2
600,,8,1,6,3,3
600,,9,1,6,5,1
600,,10,1,6,4,2
600,,11,1,6,6,0
600,,12,1,6,6,0
600,,13,1,6,6,0
600,,14,1,6,5,1
600,,15,1,6,4,2
600,,0,1,6,5,1
600,,1,1,6,5,1
600,,2,1,6,5,1
600,,3,1,6,5,1
600,,4,1,6,4,2
600,,5,1,6,6,0
600,,6,1,6,4,2
600,,7,1,6,4,2
600,,8,1,6,2,4
600,,9,1,6,4,2
600,,10,1,6,4,2
600,,11,1,6,4,2
600,,12,1,6,6,0
600,,13,1,6,2,4
600,,14,1,6,5,1
600,,15,1,6,4,2
600,,0,1,6,6,0
600,,1,1,6,1,5
600,,2,1,6,5,1
600,,3,1,6,6,0
600,,4,1,6,6,0
600,,5,1,6,3,3
600,,6,1,6,5,1
600,,7,1,6,6,0
600,,8,1,6,6,0
600,,9,1,6,6,0
600,,10,1,6,5,1
600,,11,1,6,4,2
600,,12,1,6,6,0
600,,13,1,6,5,1
600,,14,1,6,5,1
600,,15,1,6,6,0
600,,0,1,6,5,1
600,,1,1,6,4,2
600,,2,1,6,4,2
600,,3,1,6,5,1
600,,4,1,6,5,1
600,,5,1,6,6,0
600,,6,1,6,4,2
600,,7,1,6,5,1
600,,8,1,6,3,3
600,,9,1,6,4,2
600,,10,1,6,6,0
600,,11,1,6,6,0
600,,12,1,6,6,0
600,,13,1,6,3,3
600,,14,1,6,5,1
600,,15,1,6,3,3
600,,0,1,6,4,2
600,,1,1,6,2,4
600,,2,1,6,5,1
600,,3,1,6,6,0
600,,4,1,6,5,1
600,,5,1,6,4,2
600,,6,1,6,2,4
600,,7,1,6,6,0
600,,8,1,6,4,2
600,,9,1,6,5,1
600,,10,1,6,6,0
600,,11,1,6,5,1
600,,12,1,6,4,2
600,,13,1,6,3,3
600,,14,1,6,6,0
600,,15,1,6,5,1
600,,0,1,6,6,0
600,,1,1,6,4,2
600,,2,1,6,6,0
600,,3,1,6,4,2
600,,4,1,6,6,0
600,,5,1,6,3,3
600,,6,1,6,3,3
600,,7,1,6,6,0
600,,8,1,6,6,0
600,,9,1,6,4,2
600,,10,1,6,6,0
600,,11,1,6,5,1
600,,12,1,6,4,2
600,,13,1,6,4,2
600,,14,1,6,6,0
600,,15,1,6,6,0
600,,0,1,6,4,2
600,,1,1,6,3,3
600,,2,1,6,6,0
600,,3,1,6,4,2
600,,4,1,6,5,1
600,,5,1,6,5,1
600,,6,1,6,4,2
600,,7,1,6,5,1
600,,8,1,6,6,0
600,,9,1,6,5,1
600,,10,1,6,4,2
600,,11,1,6,4,2
600,,12,1,6,4,2
600,,13,1,6,3,3
600,,14,1,6,5,1
600,,15,1,6,5,1
600,,0,1,6,3,3
600,,1,1,6,2,4
600,,2,1,6,5,1
600,,3,1,6,3,3
600,,4,1,6,5,1
600,,5,1,6,6,0
600,,6,1,6,4,2
600,,7,1,6,5,1
600,,8,1,6,3,3
600,,9,1,6,5,1
600,,10,1,6,5,1
600,,11,1,6,6,0
600,,12,1,6,3,3
600,,13,1,6,6,0
600,,14,1,6,5,1
600,,15,1,6,5,1
600,,0,1,6,6,0
600,,1,1,6,2,4
600,,2,1,6,3,3
600,,3,1,6,4,2
600,,4,1,6,5,1
600,,5,1,6,6,0
600,,6,1,6,2,4
600,,7,1,6,6,0
600,,8,1,6,5,1
600,,9,1,6,4,2
600,,10,1,6,6,0
600,,11,1,6,5,1
600,,12,1,6,6,0
600,,13,1,6,4,2
600,,14,1,6,6,0
600,,15,1,6,5,1
600,,0,1,6,5,1
600,,1,1,6,2,4
600,,2,1,6,5,1
600,,3,1,6,6,0
600,,4,1,6,6,0
600,,5,1,6,5,1
600,,6,1,6,4,2
600,,7,1,6,4,2
600,,8,1,6,6,0
600,,9,1,6,6,0
600,,10,1,6,4,2
600,,11,1,6,4,2
600,,12,1,6,5,1
600,,13,1,6,5,1
600,,14,1,6,3,3
600,,15,1,6,4,2
600,,0,1,6,6,0
600,,1,1,6,5,1
600,,2,1,6,4,2
600,,3,1,6,5,1
600,,4,1,6,5,1
600,,5,1,6,5,1
600,,6,1,6,4,2
600,,7,1,6,4,2
600,,8,1,6,2,4
600,,9,1,6,6,0
600,,10,1,6,6,0
600,,11,1,6,5,1
600,,12,1,6,6,0
600,,13,1,6,5,1
600,,14,1,6,3,3
600,,15,1,6,6,0
600,,0,1,6,5,1
600,,1,1,6,3,3
600,,2,1,6,4,2
600,,3,1,6,5,1
600,,4,1,6,4,2
600,,5,1,6,4,2
600,,6,1,6,5,1
600,,7,1,6,5,1
600,,8,1,6,4,2
600,,9,1,6,4,2
600,,10,1,6,5,1
600,,11,1,6,5,1
600,,12,1,6,6,0
600,,13,1,6,2,4
600,,14,1,6,3,3
600,,15,1,6,4,2
600,,0,1,6,4,2
600,,1,1,6,0,6
600,,2,1,6,3,3
600,,3,1,6,4,2
600,,4,1,6,6,0
600,,5,1,6,5,1
600,,6,1,6,5,1
600,,7,1,6,5,1
600,,8,1,6,2,4
600,,9,1,6,3,3
600,,10,1,6,4,2
600,,11,1,6,4,2
600,,12,1,6,6,0
600,,13,1,6,3,3
600,,14,1,6,5,1
600,,15,1,6,5,1
600,,0,1,6,6,0
600,,1,1,6,4,2
600,,2,1,6,4,2
600,,3,1,6,5,1
600,,4,1,6,6,0
600,,5,1,6,6,0
600,,6,1,6,6,0
600,,7,1,6,5,1
600,,8,1,6,4,2
600,,9,1,6,6,0
600,,10,1,6,6,0
600,,11,1,6,5,1
600,,12,1,6,5,1
600,,13,1,6,6,0
600,,14,1,6,2,4
600,,15,1,6,5,1
600,,0,1,6,4,2
600,,1,1,6,4,2
600,,2,1,6,4,2
600,,3,1,6,4,2
600,,4,1,6,6,0
600,,5,1,6,5,1
600,,6,1,6,6,0
600,,7,1,6,6,0
600,,8,1,6,6,0
600,,9,1,6,3,3
600,,10,1,6,5,1
600,,11,1,6,5,1
600,,12,1,6,6,0
600,,13,1,6,6,0
600,,14,1,6,5,1
600,,15,1,6,5,1
600,,0,1,6,3,3
600,,1,1,6,3,3
600,,2,1,6,2,4
600,,3,1,6,5,1
600,,4,1,6,2,4
600,,5,1,6,6,0
600,,6,1,6,5,1
600,,7,1,6,4,2
600,,8,1,6,1,5
600,,9,1,6,5,1
600,,10,1,6,3,3
600,,11,1,6,6,0
600,,12,1,6,5,1
600,,13,1,6,6,0
600,,14,1,6,6,0
600,,15,1,6,4,2
600,,0,1,6,3,3
600,,1,1,6,6,0
600,,2,1,6,5,1
600,,3,1,6,5,1
600,,4,1,6,6,0
600,,5,1,6,4,2
600,,6,1,6,6,0
600,,7,1,6,5,1
600,,8,1,6,3,3
600,,9,1,6,2,4
600,,10,1,6,6,0
600,,11,1,6,5,1
600,,12,1,6,6,0
600,,13,1,6,4,2
600,,14,1,6,5,1
600,,15,1,6,4,2
600,,0,1,6,5,1
600,,1,1,6,4,2
600,,2,1,6,6,0
600,,3,1,6,6,0
600,,4,1,6,2,4
600,,5,1,6,5,1
600,,6,1,6,5,1
600,,7,1,6,5,1
600,,8,1,6,5,1
600,,9,1,6,3,3
600,,10,1,6,5,1
600,,11,1,6,3,3
600,,12,1,6,5,1
600,,13,1,6,6,0
600,,14,1,6,6,0
600,,15,1,6,6,0
600,,0,1,6,5,1
600,,1,1,6,2,4
600,,2,1,6,4,2
600,,3,1,6,5,1
600,,4,1,6,6,0
600,,5,1,6,5,1
600,,6,1,6,5,1
600,,7,1,6,5,1
600,,8,1,6,4,2
600,,9,1,6,2,4
600,,10,1,6,6,0
600,,11,1,6,6,0
600,,12,1,6,6,0
600,,13,1,6,4,2
600,,14,1,6,5,1
600,,15,1,6,5,1
600,,0,1,6,3,3
600,,1,1,6,5,1
600,,2,1,6,5,1
600,,3,1,6,4,2
600,,4,1,6,6,0
600,,5,1,6,4,2
600,,6,1,6,5,1
600,,7,1,6,2,4
600,,8,1,6,4,2
600,,9,1,6,3,3
600,,10,1,6,5,1
600,,11,1,6,5,1
600,,12,1,6,5,1
600,,13,1,6,5,1
600,,14,1,6,4,2
600,,15,1,6,4,2
600,,0,1,6,6,0
600,,1,1,6,4,2
600,,2,1,6,5,1
600,,3,1,6,5,1
600,,4,1,6,3,3
600,,5,1,6,6,0
600,,6,1,6,4,2
600,,7,1,6,5,1
600,,8,1,6,3,3
600,,9,1,6,2,4
600,,10,1,6,5,1
600,,11,1,6,4,2
600,,12,1,6,4,2
600,,13,1,6,5,1
600,,14,1,6,4,2
600,,15,1,6,6,0
600,,0,1,6,4,2
600,,1,1,6,3,3
600,,2,1,6,5,1
600,,3,1,6,3,3
600,,4,1,6,6,0
600,,5,1,6,5,1
600,,6,1,6,5,1
600,,7,1,6,5,1
600,,8,1,6,4,2
600,,9,1,6,1,5
600,,10,1,6,5,1
600,,11,1,6,5,1
600,,12,1,6,6,0
600,,13,1,6,4,2
600,,14,1,6,6,0
600,,15,1,6,6,0
600,,0,1,6,3,3
600,,1,1,6,5,1
600,,2,1,6,3,3
600,,3,1,6,5,1
600,,4,1,6,4,2
600,,5,1,6,6,0
600,,6,1,6,6,0
600,,7,1,6,6,0
600,,8,1,6,5,1
600,,9,1,6,3,3
600,,10,1,6,5,1
600,,11,1,6,2,4
600,,12,1,6,6,0
600,,13,1,6,6,0
600,,14,1,6,4,2
600,,15,1,6,4,2
600,,0,1,6,4,2
600,,1,1,6,4,2
600,,2,1,6,3,3
600,,3,1,6,5,1
600,,4,1,6,3,3
600,,5,1,6,4,2
600,,6,1,6,5,1
600,,7,1,6,5,1
600,,8,1,6,1,5
600,,9,1,6,2,4
600,,10,1,6,5,1
600,,11,1,6,3,3
600,,12,1,6,6,0
600,,13,1,6,6,0
600,,14,1,6,3,3
600,,15,1,6,6,0
600,,0,1,6,5,1
600,,1,1,6,3,3
600,,2,1,6,5,1
600,,3,1,6,4,2
600,,4,1,6,5,1
600,,5,1,6,6,0
600,,6,1,6,6,0
600,,7,1,6,5,1
600,,8,1,6,5,1
600,,9,1,6,2,4
600,,10,1,6,5,1
600,,11,1,6,4,2
600,,12,1,6,5,1
600,,13,1,6,4,2
600,,14,1,6,6,0
600,,15,1,6,4,2
600,,0,1,6,6,0
600,,1,1,6,3,3
600,,2,1,6,5,1
600,,3,1,6,4,2
600,,4,1,6,4,2
600,,5,1,6,6,0
600,,6,1,6,3,3
600,,7,1,6,2,4
600,,8,1,6,4,2
600,,9,1,6,3,3
600,,10,1,6,5,1
600,,11,1,6,5,1
600,,12,1,6,6,0
600,,13,1,6,6,0
600,,14,1,6,6,0
600,,15,1,6,5,1
600,,0,1,6,3,3
600,,1,1,6,5,1
600,,2,1,6,1,5
600,,3,1,6,5,1
600,,4,1,6,5,1
600,,5,1,6,4,2
600,,6,1,6,3,3
600,,7,1,6,5,1
600,,8,1,6,1,5
600,,9,1,6,4,2
600,,10,1,6,4,2
600,,11,1,6,5,1
600,,12,1,6,4,2
600,,13,1,6,4,2
600,,14,1,6,6,0
600,,15,1,6,4,2
600,,0,1,6,1,5
600,,1,1,6,3,3
600,,2,1,6,5,1
600,,3,1,6,3,3
600,,4,1,6,4,2
600,,5,1,6,3,3
600,,6,1,6,2,4
600,,7,1,6,2,4
600,,8,1,6,1,5
600,,9,1,6,3,3
600,,10,1,6,5,1
600,,11,1,6,3,3
600,,12,1,6,5,1
600,,13,1,6,2,4
600,,14,1,6,2,4
600,,15,1,6,4,2
600,,0,1,6,4,2
600,,1,1,6,3,3
600,,2,1,6,3,3
600,,3,1,6,6,0
600,,4,1,6,5,1
600,,5,1,6,6,0
600,,6,1,6,2,4
600,,7,1,6,4,2
600,,8,1,6,1,5
600,,9,1,6,1,5
600,,10,1,6,6,0
600,,11,1,6,3,3
600,,12,1,6,6,0
600,,13,1,6,1,5
600,,14,1,6,4,2
600,,15,1,6,5,1
600,,0,1,6,6,0
600,,1,1,6,4,2
600,,2,1,6,5,1
600,,3,1,6,3,3
600,,4,1,6,4,2
600,,5,1,6,4,2
600,,6,1,6,3,3
600,,7,1,6,4,2
600,,8,1,6,3,3
600,,9,1,6,3,3
600,,10,1,6,3,3
600,,11,1,6,5,1
600,,12,1,6,1,5
600,,13,1,6,4,2
600,,14,1,6,6,0
600,,15,1,6,4,2
600,,0,1,6,3,3
600,,1,1,6,5,1
600,,2,1,6,4,2
600,,3,1,6,1,5
600,,4,1,6,3,3
600,,5,1,6,3,3
600,,6,1,6,3,3
600,,7,1,6,0,6
600,,8,1,6,2,4
600,,9,1,6,1,5
600,,10,1,6,5,1
600,,11,1,6,5,1
600,,12,1,6,3,3
600,,13,1,6,3,3
600,,14,1,6,4,2
600,,15,1,6,3,3
600,,0,1,6,1,5
600,,1,1,6,5,1
600,,2,1,6,2,4
600,,3,1,6,3,3
600,,4,1,6,3,3
600,,5,1,6,4,2
600,,6,1,6,3,3
600,,7,1,6,2,4
600,,8,1,6,4,2
600,,9,1,6,1,5
600,,10,1,6,5,1
600,,11,1,6,2,4
600,,12,1,6,5,1
600,,13,1,6,5,1
600,,14,1,6,2,4
600,,15,1,6,4,2
600,,0,1,6,1,5
600,,1,1,6,4,2
600,,2,1,6,2,4
600,,3,1,6,4,2
600,,4,1,6,5,1
600,,5,1,6,6,0
600,,6,1,6,4,2
600,,7,1,6,5,1
600,,8,1,6,2,4
600,,9,1,6,2,4
600,,10,1,6,5,1
600,,11,1,6,2,4
600,,12,1,6,5,1
600,,13,1,6,3,3
600,,14,1,6,6,0
600,,15,1,6,5,1
600,,0,1,6,1,5
600,,1,1,6,2,4
600,,2,1,6,3,3
600,,3,1,6,4,2
600,,4,1,6,5,1
600,,5,1,6,5,1
600,,6,1,6,4,2
600,,7,1,6,4,2
600,,8,1,6,2,4
600,,9,1,6,2,4
600,,10,1,6,4,2
600,,11,1,6,2,4
600,,12,1,6,5,1
600,,13,1,6,2,4
600,,14,1,6,5,1
600,,15,1,6,6,0
600,,0,1,6,1,5
600,,1,1,6,4,2
600,,2,1,6,1,5
600,,3,1,6,2,4
600,,4,1,6,4,2
600,,5,1,6,4,2
600,,6,1,6,3,3
600,,7,1,6,4,2
600,,8,1,6,4,2
600,,9,1,6,0,6
600,,10,1,6,4,2
600,,11,1,6,1,5
600,,12,1,6,4,2
600,,13,1,6,6,0
600,,14,1,6,4,2
600,,15,1,6,5,1
600,,0,1,6,1,5
600,,1,1,6,5,1
600,,2,1,6,0,6
600,,3,1,6,0,6
600,,4,1,6,6,0
600,,5,1,6,5,1
600,,6,1,6,2,4
600,,7,1,6,0,6
600,,8,1,6,1,5
600,,9,1,6,2,4
600,,10,1,6,5,1
600,,11,1,6,1,5
600,,12,1,6,6,0
600,,13,1,6,5,1
600,,14,1,6,2,4
600,,15,1,6,6,0
650,,0,1,6,2,4
650,,1,1,6,0,6
650,,2,1,6,1,5
650,,3,1,6,2,4
650,,4,1,6,1,5
650,,5,1,6,0,6
650,,6,1,6,2,4
650,,7,1,6,1,5
650,,8,1,6,2,4
650,,9,1,6,1,5
650,,10,1,6,0,6
650,,11,1,6,1,5
650,,12,1,6,2,4
650,,13,1,6,2,4
650,,14,1,6,0,6
650,,15,1,6,0,6
650,,0,1,6,0,6
650,,1,1,6,0,6
650,,2,1,6,1,5
650,,3,1,6,1,5
650,,4,1,6,0,6
650,,5,1,6,1,5
650,,6,1,6,1,5
650,,7,1,6,1,5
650,,8,1,6,1,5
650,,9,1,6,1,5
650,,10,1,6,1,5
650,,11,1,6,2,4
650,,12,1,6,2,4
650,,13,1,6,0,6
650,,14,1,6,1,5
650,,15,1,6,1,5
650,,0,1,6,4,2
650,,1,1,6,2,4
650,,2,1,6,0,6
650,,3,1,6,1,5
650,,4,1,6,0,6
650,,5,1,6,0,6
650,,6,1,6,3,3
650,,7,1,6,2,4
650,,8,1,6,0,6
650,,9,1,6,0,6
650,,10,1,6,2,4
650,,11,1,6,4,2
650,,12,1,6,0,6
650,,13,1,6,1,5
650,,14,1,6,1,5
650,,15,1,6,1,5
650,,0,1,6,2,4
650,,1,1,6,3,3
650,,2,1,6,1,5
650,,3,1,6,0,6
650,,4,1,6,5,1
650,,5,1,6,3,3
650,,6,1,6,1,5
650,,7,1,6,4,2
650,,8,1,6,0,6
650,,9,1,6,6,0
650,,10,1,6,2,4
650,,11,1,6,2,4
650,,12,1,6,1,5
650,,13,1,6,1,5
650,,14,1,6,3,3
650,,15,1,6,2,4
650,,0,1,6,3,3
650,,1,1,6,4,2
650,,2,1,6,2,4
650,,3,1,6,1,5
650,,4,1,6,2,4
650,,5,1,6,2,4
650,,6,1,6,2,4
650,,7,1,6,2,4
650,,8,1,6,0,6
650,,9,1,6,1,5
650,,10,1,6,2,4
650,,11,1,6,2,4
650,,12,1,6,3,3
650,,13,1,6,1,5
650,,14,1,6,2,4
650,,15,1,6,2,4
650,,0,1,6,3,3
650,,1,1,6,4,2
650,,2,1,6,2,4
650,,3,1,6,1,5
650,,4,1,6,4,2
650,,5,1,6,0,6
650,,6,1,6,3,3
650,,7,1,6,2,4
650,,8,1,6,3,3
650,,9,1,6,4,2
650,,10,1,6,3,3
650,,11,1,6,4,2
650,,12,1,6,0,6
650,,13,1,6,0,6
650,,14,1,6,4,2
650,,15,1,6,4,2
650,,0,1,6,0,6
650,,1,1,6,4,2
650,,2,1,6,2,4
650,,3,1,6,2,4
650,,4,1,6,6,0
650,,5,1,6,0,6
650,,6,1,6,1,5
650,,7,1,6,2,4
650,,8,1,6,1,5
650,,9,1,6,4,2
650,,10,1,6,1,5
650,,11,1,6,1,5
650,,12,1,6,2,4
650,,13,1,6,0,6
650,,14,1,6,2,4
650,,15,1,6,1,5
650,,0,1,6,2,4
650,,1,1,6,4,2
650,,2,1,6,3,3
650,,3,1,6,2,4
650,,4,1,6,6,0
650,,5,1,6,3,3
650,,6,1,6,1,5
650,,7,1,6,3,3
650,,8,1,6,1,5
650,,9,1,6,4,2
650,,10,1,6,3,3
650,,11,1,6,3,3
650,,12,1,6,1,5
650,,13,1,6,0,6
650,,14,1,6,5,1
650,,15,1,6,2,4
650,,0,1,6,1,5
650,,1,1,6,3,3
650,,2,1,6,1,5
650,,3,1,6,2,4
650,,4,1,6,3,3
650,,5,1,6,3,3
650,,6,1,6,1,5
650,,7,1,6,5,1
650,,8,1,6,1,5
650,,9,1,6,3,3
650,,10,1,6,3,3
650,,11,1,6,1,5
650,,12,1,6,2,4
650,,13,1,6,1,5
650,,14,1,6,3,3
650,,15,1,6,2,4
650,,0,1,6,4,2
650,,1,1,6,5,1
650,,2,1,6,4,2
650,,3,1,6,1,5
650,,4,1,6,2,4
650,,5,1,6,4,2
650,,6,1,6,2,4
650,,7,1,6,3,3
650,,8,1,6,2,4
650,,9,1,6,5,1
650,,10,1,6,0,6
650,,11,1,6,4,2
650,,12,1,6,1,5
650,,13,1,6,1,5
650,,14,1,6,2,4
650,,15,1,6,4,2
650,,0,1,6,3,3
650,,1,1,6,1,5
650,,2,1,6,0,6
650,,3,1,6,4,2
650,,4,1,6,4,2
650,,5,1,6,1,5
650,,6,1,6,1,5
650,,7,1,6,2,4
650,,8,1,6,1,5
650,,9,1,6,3,3
650,,10,1,6,2,4
650,,11,1,6,3,3
650,,12,1,6,2,4
650,,13,1,6,2,4
650,,14,1,6,6,0
650,,15,1,6,0,6
650,,0,1,6,4,2
650,,1,1,6,1,5
650,,2,1,6,2,4
650,,3,1,6,6,0
650,,4,1,6,4,2
650,,5,1,6,1,5
650,,6,1,6,1,5
650,,7,1,6,3,3
650,,8,1,6,2,4
650,,9,1,6,4,2
650,,10,1,6,0,6
650,,11,1,6,5,1
650,,12,1,6,3,3
650,,13,1,6,2,4
650,,14,1,6,3,3
650,,15,1,6,1,5
650,,0,1,6,1,5
650,,1,1,6,4,2
650,,2,1,6,1,5
650,,3,1,6,2,4
650,,4,1,6,5,1
650,,5,1,6,4,2
650,,6,1,6,0,6
650,,7,1,6,1,5
650,,8,1,6,3,3
650,,9,1,6,5,1
650,,10,1,6,3,3
650,,11,1,6,2,4
650,,12,1,6,1,5
650,,13,1,6,1,5
650,,14,1,6,0,6
650,,15,1,6,3,3
650,,0,1,6,5,1
650,,1,1,6,6,0
650,,2,1,6,2,4
650,,3,1,6,3,3
650,,4,1,6,3,3
650,,5,1,6,2,4
650,,6,1,6,2,4
650,,7,1,6,3,3
650,,8,1,6,4,2
650,,9,1,6,2,4
650,,10,1,6,1,5
650,,11,1,6,4,2
650,,12,1,6,1,5
650,,13,1,6,4,2
650,,14,1,6,1,5
650,,15,1,6,5,1
650,,0,1,6,4,2
650,,1,1,6,5,1
650,,2,1,6,1,5
650,,3,1,6,1,5
650,,4,1,6,6,0
650,,5,1,6,4,2
650,,6,1,6,1,5
650,,7,1,6,1,5
650,,8,1,6,1,5
650,,9,1,6,1,5
650,,10,1,6,3,3
650,,11,1,6,5,1
650,,12,1,6,2,4
650,,13,1,6,2,4
650,,14,1,6,2,4
650,,15,1,6,3,3
650,,0,1,6,3,3
650,,1,1,6,6,0
650,,2,1,6,3,3
650,,3,1,6,4,2
650,,4,1,6,4,2
650,,5,1,6,3,3
650,,6,1,6,3,3
650,,7,1,6,4,2
650,,8,1,6,2,4
650,,9,1,6,4,2
650,,10,1,6,5,1
650,,11,1,6,3,3
650,,12,1,6,1,5
650,,13,1,6,2,4
650,,14,1,6,2,4
650,,15,1,6,1,5
650,,0,1,6,5,1
650,,1,1,6,6,0
650,,2,1,6,2,4
650,,3,1,6,5,1
650,,4,1,6,5,1
650,,5,1,6,3,3
650,,6,1,6,2,4
650,,7,1,6,2,4
650,,8,1,6,2,4
650,,9,1,6,3,3
650,,10,1,6,6,0
650,,11,1,6,5,1
650,,12,1,6,3,3
650,,13,1,6,3,3
650,,14,1,6,4,2
650,,15,1,6,2,4
650,,0,1,6,3,3
650,,1,1,6,3,3
650,,2,1,6,3,3
650,,3,1,6,4,2
650,,4,1,6,5,1
650,,5,1,6,4,2
650,,6,1,6,2,4
650,,7,1,6,3,3
650,,8,1,6,1,5
650,,9,1,6,2,4
650,,10,1,6,3,3
650,,11,1,6,4,2
650,,12,1,6,4,2
650,,13,1,6,4,2
650,,14,1,6,2,4
650,,15,1,6,1,5
650,,0,1,6,3,3
650,,1,1,6,5,1
650,,2,1,6,4,2
650,,3,1,6,5,1
650,,4,1,6,4,2
650,,5,1,6,4,2
650,,6,1,6,3,3
650,,7,1,6,4,2
650,,8,1,6,1,5
650,,9,1,6,3,3
650,,10,1,6,6,0
650,,11,1,6,4,2
650,,12,1,6,3,3
650,,13,1,6,0,6
650,,14,1,6,3,3
650,,15,1,6,4,2
650,,0,1,6,5,1
650,,1,1,6,5,1
650,,2,1,6,4,2
650,,3,1,6,5,1
650,,4,1,6,5,1
650,,5,1,6,3,3
650,,6,1,6,1,5
650,,7,1,6,5,1
650,,8,1,6,3,3
650,,9,1,6,4,2
650,,10,1,6,5,1
650,,11,1,6,4,2
650,,12,1,6,4,2
650,,13,1,6,1,5
650,,14,1,6,6,0
650,,15,1,6,3,3
650,,0,1,6,2,4
650,,1,1,6,4,2
650,,2,1,6,6,0
650,,3,1,6,4,2
650,,4,1,6,5,1
650,,5,1,6,3,3
650,,6,1,6,2,4
650,,7,1,6,4,2
650,,8,1,6,1,5
650,,9,1,6,4,2
650,,10,1,6,5,1
650,,11,1,6,3,3
650,,12,1,6,3,3
650,,13,1,6,2,4
650,,14,1,6,3,3
650,,15,1,6,5,1
650,,0,1,6,5,1
650,,1,1,6,1,5
650,,2,1,6,6,0
650,,3,1,6,5,1
650,,4,1,6,5,1
650,,5,1,6,3,3
650,,6,1,6,4,2
650,,7,1,6,3,3
650,,8,1,6,2,4
650,,9,1,6,4,2
650,,10,1,6,2,4
650,,11,1,6,5,1
650,,12,1,6,6,0
650,,13,1,6,3,3
650,,14,1,6,4,2
650,,15,1,6,1,5
650,,0,1,6,6,0
650,,1,1,6,4,2
650,,2,1,6,6,0
650,,3,1,6,5,1
650,,4,1,6,3,3
650,,5,1,6,2,4
650,,6,1,6,2,4
650,,7,1,6,4,2
650,,8,1,6,4,2
650,,9,1,6,5,1
650,,10,1,6,5,1
650,,11,1,6,6,0
650,,12,1,6,3,3
650,,13,1,6,3,3
650,,14,1,6,4,2
650,,15,1,6,3,3
650,,0,1,6,6,0
650,,1,1,6,2,4
650,,2,1,6,5,1
650,,3,1,6,3,3
650,,4,1,6,3,3
650,,5,1,6,2,4
650,,6,1,6,5,1
650,,7,1,6,4,2
650,,8,1,6,3,3
650,,9,1,6,3,3
650,,10,1,6,5,1
650,,11,1,6,6,0
650,,12,1,6,2,4
650,,13,1,6,4,2
650,,14,1,6,5,1
650,,15,1,6,3,3
650,,0,1,6,5,1
650,,1,1,6,4,2
650,,2,1,6,3,3
650,,3,1,6,5,1
650,,4,1,6,5,1
650,,5,1,6,5,1
650,,6,1,6,5,1
650,,7,1,6,4,2
650,,8,1,6,3,3
650,,9,1,6,5,1
650,,10,1,6,5,1
650,,11,1,6,6,0
650,,12,1,6,2,4
650,,13,1,6,3,3
650,,14,1,6,5,1
650,,15,1,6,3,3
650,,0,1,6,6,0
650,,1,1,6,6,0
650,,2,1,6,6,0
650,,3,1,6,4,2
650,,4,1,6,6,0
650,,5,1,6,4,2
650,,6,1,6,3,3
650,,7,1,6,4,2
650,,8,1,6,5,1
650,,9,1,6,5,1
650,,10,1,6,4,2
650,,11,1,6,6,0
650,,12,1,6,2,4
650,,13,1,6,4,2
650,,14,1,6,3,3
650,,15,1,6,5,1
650,,0,1,6,6,0
650,,1,1,6,4,2
650,,2,1,6,4,2
650,,3,1,6,5,1
650,,4,1,6,4,2
650,,5,1,6,4,2
650,,6,1,6,4,2
650,,7,1,6,3,3
650,,8,1,6,4,2
650,,9,1,6,5,1
650,,10,1,6,5,1
650,,11,1,6,6,0
650,,12,1,6,1,5
650,,13,1,6,6,0
650,,14,1,6,4,2
650,,15,1,6,4,2
650,,0,1,6,6,0
650,,1,1,6,3,3
650,,2,1,6,6,0
650,,3,1,6,5,1
650,,4,1,6,5,1
650,,5,1,6,5,1
650,,6,1,6,4,2
650,,7,1,6,5,1
650,,8,1,6,4,2
650,,9,1,6,5,1
650,,10,1,6,5,1
650,,11,1,6,5,1
650,,12,1,6,3,3
650,,13,1,6,3,3
650,,14,1,6,6,0
650,,15,1,6,5,1
650,,0,1,6,4,2
650,,1,1,6,6,0
650,,2,1,6,4,2
650,,3,1,6,5,1
650,,4,1,6,5,1
650,,5,1,6,5,1
650,,6,1,6,3,3
650,,7,1,6,4,2
650,,8,1,6,5,1
650,,9,1,6,6,0
650,,10,1,6,6,0
650,,11,1,6,5,1
650,,12,1,6,1,5
650,,13,1,6,3,3
650,,14,1,6,4,2
650,,15,1,6,3,3
650,,0,1,6,6,0
650,,1,1,6,4,2
650,,2,1,6,6,0
650,,3,1,6,3,3
650,,4,1,6,4,2
650,,5,1,6,6,0
650,,6,1,6,6,0
650,,7,1,6,3,3
650,,8,1,6,5,1
650,,9,1,6,5,1
650,,10,1,6,3,3
650,,11,1,6,5,1
650,,12,1,6,2,4
650,,13,1,6,6,0
650,,14,1,6,5,1
650,,15,1,6,4,2
650,,0,1,6,5,1
650,,1,1,6,5,1
650,,2,1,6,4,2
650,,3,1,6,5,1
650,,4,1,6,6,0
650,,5,1,6,4,2
650,,6,1,6,4,2
650,,7,1,6,5,1
650,,8,1,6,6,0
650,,9,1,6,5,1
650,,10,1,6,5,1
650,,11,1,6,6,0
650,,12,1,6,3,3
650,,13,1,6,4,2
650,,14,1,6,5,1
650,,15,1,6,6,0
650,,0,1,6,6,0
650,,1,1,6,3,3
650,,2,1,6,5,1
650,,3,1,6,5,1
650,,4,1,6,4,2
650,,5,1,6,5,1
650,,6,1,6,4,2
650,,7,1,6,4,2
650,,8,1,6,5,1
650,,9,1,6,5,1
650,,10,1,6,3,3
650,,11,1,6,5,1
650,,12,1,6,3,3
650,,13,1,6,5,1
650,,14,1,6,3,3
650,,15,1,6,4,2
650,,0,1,6,5,1
650,,1,1,6,5,1
650,,2,1,6,6,0
650,,3,1,6,5,1
650,,4,1,6,3,3
650,,5,1,6,2,4
650,,6,1,6,4,2
650,,7,1,6,2,4
650,,8,1,6,6,0
650,,9,1,6,5,1
650,,10,1,6,5,1
650,,11,1,6,6,0
650,,12,1,6,3,3
650,,13,1,6,5,1
650,,14,1,6,5,1
650,,15,1,6,5,1
650,,0,1,6,6,0
650,,1,1,6,4,2
650,,2,1,6,5,1
650,,3,1,6,4,2
650,,4,1,6,6,0
650,,5,1,6,6,0
650,,6,1,6,5,1
650,,7,1,6,4,2
650,,8,1,6,6,0
650,,9,1,6,4,2
650,,10,1,6,4,2
650,,11,1,6,6,0
650,,12,1,6,3,3
650,,13,1,6,4,2
650,,14,1,6,4,2
650,,15,1,6,6,0
650,,0,1,6,6,0
650,,1,1,6,3,3
650,,2,1,6,2,4
650,,3,1,6,3,3
650,,4,1,6,3,3
650,,5,1,6,6,0
650,,6,1,6,3,3
650,,7,1,6,3,3
650,,8,1,6,5,1
650,,9,1,6,5,1
650,,10,1,6,4,2
650,,11,1,6,6,0
650,,12,1,6,4,2
650,,13,1,6,4,2
650,,14,1,6,5,1
650,,15,1,6,3,3
650,,0,1,6,5,1
650,,1,1,6,4,2
650,,2,1,6,6,0
650,,3,1,6,5,1
650,,4,1,6,3,3
650,,5,1,6,4,2
650,,6,1,6,4,2
650,,7,1,6,6,0
650,,8,1,6,5,1
650,,9,1,6,5,1
650,,10,1,6,5,1
650,,11,1,6,5,1
650,,12,1,6,2,4
650,,13,1,6,4,2
650,,14,1,6,5,1
650,,15,1,6,4,2
650,,0,1,6,6,0
650,,1,1,6,3,3
650,,2,1,6,4,2
650,,3,1,6,4,2
650,,4,1,6,3,3
650,,5,1,6,4,2
650,,6,1,6,4,2
650,,7,1,6,6,0
650,,8,1,6,6,0
650,,9,1,6,5,1
650,,10,1,6,4,2
650,,11,1,6,5,1
650,,12,1,6,1,5
650,,13,1,6,6,0
650,,14,1,6,5,1
650,,15,1,6,6,0
650,,0,1,6,6,0
650,,1,1,6,5,1
650,,2,1,6,4,2
650,,3,1,6,5,1
650,,4,1,6,5,1
650,,5,1,6,1,5
650,,6,1,6,5,1
650,,7,1,6,3,3
650,,8,1,6,5,1
650,,9,1,6,5,1
650,,10,1,6,4,2
650,,11,1,6,5,1
650,,12,1,6,3,3
650,,13,1,6,5,1
650,,14,1,6,5,1
650,,15,1,6,6,0
650,,0,1,6,5,1
650,,1,1,6,6,0
650,,2,1,6,5,1
650,,3,1,6,5,1
650,,4,1,6,5,1
650,,5,1,6,4,2
650,,6,1,6,4,2
650,,7,1,6,3,3
650,,8,1,6,5,1
650,,9,1,6,3,3
650,,10,1,6,4,2
650,,11,1,6,5,1
650,,12,1,6,3,3
650,,13,1,6,5,1
650,,14,1,6,3,3
650,,15,1,6,6,0
650,,0,1,6,6,0
650,,1,1,6,4,2
650,,2,1,6,4,2
650,,3,1,6,4,2
650,,4,1,6,5,1
650,,5,1,6,6,0
650,,6,1,6,5,1
650,,7,1,6,2,4
650,,8,1,6,6,0
650,,9,1,6,4,2
650,,10,1,6,6,0
650,,11,1,6,5,1
650,,12,1,6,4,2
650,,13,1,6,5,1
650,,14,1,6,4,2
650,,15,1,6,5,1
650,,0,1,6,6,0
650,,1,1,6,3,3
650,,2,1,6,6,0
650,,3,1,6,5,1
650,,4,1,6,5,1
650,,5,1,6,6,0
650,,6,1,6,5,1
650,,7,1,6,6,0
650,,8,1,6,3,3
650,,9,1,6,3,3
650,,10,1,6,3,3
650,,11,1,6,6,0
650,,12,1,6,3,3
650,,13,1,6,5,1
650,,14,1,6,5,1
650,,15,1,6,3,3
650,,0,1,6,4,2
650,,1,1,6,2,4
650,,2,1,6,6,0
650,,3,1,6,4,2
650,,4,1,6,6,0
650,,5,1,6,5,1
650,,6,1,6,1,5
650,,7,1,6,6,0
650,,8,1,6,5,1
650,,9,1,6,4,2
650,,10,1,6,3,3
650,,11,1,6,6,0
650,,12,1,6,2,4
650,,13,1,6,6,0
650,,14,1,6,6,0
650,,15,1,6,6,0
650,,0,1,6,3,3
650,,1,1,6,6,0
650,,2,1,6,2,4
650,,3,1,6,3,3
650,,4,1,6,5,1
650,,5,1,6,6,0
650,,6,1,6,5,1
650,,7,1,6,5,1
650,,8,1,6,4,2
650,,9,1,6,0,6
650,,10,1,6,4,2
650,,11,1,6,5,1
650,,12,1,6,2,4
650,,13,1,6,2,4
650,,14,1,6,4,2
650,,15,1,6,4,2
650,,0,1,6,6,0
650,,1,1,6,4,2
650,,2,1,6,2,4
650,,3,1,6,4,2
650,,4,1,6,6,0
650,,5,1,6,4,2
650,,6,1,6,3,3
650,,7,1,6,4,2
650,,8,1,6,2,4
650,,9,1,6,2,4
650,,10,1,6,4,2
650,,11,1,6,6,0
650,,12,1,6,4,2
650,,13,1,6,3,3
650,,14,1,6,4,2
650,,15,1,6,4,2
650,,0,1,6,6,0
650,,1,1,6,6,0
650,,2,1,6,5,1
650,,3,1,6,5,1
650,,4,1,6,6,0
650,,5,1,6,5,1
650,,6,1,6,4,2
650,,7,1,6,4,2
650,,8,1,6,5,1
650,,9,1,6,4,2
650,,10,1,6,4,2
650,,11,1,6,6,0
650,,12,1,6,4,2
650,,13,1,6,6,0
650,,14,1,6,5,1
650,,15,1,6,2,4
650,,0,1,6,5,1
650,,1,1,6,3,3
650,,2,1,6,4,2
650,,3,1,6,4,2
650,,4,1,6,5,1
650,,5,1,6,5,1
650,,6,1,6,6,0
650,,7,1,6,6,0
650,,8,1,6,5,1
650,,9,1,6,3,3
650,,10,1,6,5,1
650,,11,1,6,6,0
650,,12,1,6,3,3
650,,13,1,6,4,2
650,,14,1,6,3,3
650,,15,1,6,6,0
650,,0,1,6,3,3
650,,1,1,6,3,3
650,,2,1,6,3,3
650,,3,1,6,6,0
650,,4,1,6,6,0
650,,5,1,6,4,2
650,,6,1,6,4,2
650,,7,1,6,5,1
650,,8,1,6,5,1
650,,9,1,6,2,4
650,,10,1,6,3,3
650,,11,1,6,5,1
650,,12,1,6,5,1
650,,13,1,6,4,2
650,,14,1,6,4,2
650,,15,1,6,3,3
650,,0,1,6,6,0
650,,1,1,6,4,2
650,,2,1,6,3,3
650,,3,1,6,6,0
650,,4,1,6,4,2
650,,5,1,6,2,4
650,,6,1,6,4,2
650,,7,1,6,6,0
650,,8,1,6,4,2
650,,9,1,6,3,3
650,,10,1,6,3,3
650,,11,1,6,4,2
650,,12,1,6,3,3
650,,13,1,6,6,0
650,,14,1,6,5,1
650,,15,1,6,4,2
650,,0,1,6,3,3
650,,1,1,6,6,0
650,,2,1,6,2,4
650,,3,1,6,2,4
650,,4,1,6,5,1
650,,5,1,6,3,3
650,,6,1,6,5,1
650,,7,1,6,4,2
650,,8,1,6,2,4
650,,9,1,6,3,3
650,,10,1,6,5,1
650,,11,1,6,6,0
650,,12,1,6,3,3
650,,13,1,6,4,2
650,,14,1,6,5,1
650,,15,1,6,4,2
650,,0,1,6,3,3
650,,1,1,6,3,3
650,,2,1,6,3,3
650,,3,1,6,4,2
650,,4,1,6,5,1
650,,5,1,6,2,4
650,,6,1,6,6,0
650,,7,1,6,6,0
650,,8,1,6,4,2
650,,9,1,6,4,2
650,,10,1,6,2,4
650,,11,1,6,5,1
650,,12,1,6,4,2
650,,13,1,6,5,1
650,,14,1,6,5,1
650,,15,1,6,6,0
650,,0,1,6,2,4
650,,1,1,6,3,3
650,,2,1,6,2,4
650,,3,1,6,5,1
650,,4,1,6,4,2
650,,5,1,6,3,3
650,,6,1,6,2,4
650,,7,1,6,4,2
650,,8,1,6,4,2
650,,9,1,6,4,2
650,,10,1,6,5,1
650,,11,1,6,3,3
650,,12,1,6,4,2
650,,13,1,6,2,4
650,,14,1,6,2,4
650,,15,1,6,4,2
650,,0,1,6,5,1
650,,1,1,6,6,0
650,,2,1,6,4,2
650,,3,1,6,4,2
650,,4,1,6,5,1
650,,5,1,6,3,3
650,,6,1,6,4,2
650,,7,1,6,3,3
650,,8,1,6,5,1
650,,9,1,6,1,5
650,,10,1,6,3,3
650,,11,1,6,6,0
650,,12,1,6,1,5
650,,13,1,6,3,3
650,,14,1,6,5,1
650,,15,1,6,2,4
650,,0,1,6,4,2
650,,1,1,6,4,2
650,,2,1,6,2,4
650,,3,1,6,5,1
650,,4,1,6,4,2
650,,5,1,6,4,2
650,,6,1,6,2,4
650,,7,1,6,3,3
650,,8,1,6,2,4
650,,9,1,6,3,3
650,,10,1,6,4,2
650,,11,1,6,3,3
650,,12,1,6,5,1
650,,13,1,6,4,2
650,,14,1,6,5,1
650,,15,1,6,3,3
650,,0,1,6,3,3
650,,1,1,6,4,2
650,,2,1,6,0,6
650,,3,1,6,5,1
650,,4,1,6,5,1
650,,5,1,6,3,3
650,,6,1,6,5,1
650,,7,1,6,5,1
650,,8,1,6,2,4
650,,9,1,6,4,2
650,,10,1,6,4,2
650,,11,1,6,6,0
650,,12,1,6,4,2
650,,13,1,6,4,2
650,,14,1,6,5,1
650,,15,1,6,6,0
650,,0,1,6,6,0
650,,1,1,6,5,1
650,,2,1,6,4,2
650,,3,1,6,3,3
650,,4,1,6,5,1
650,,5,1,6,3,3
650,,6,1,6,5,1
650,,7,1,6,4,2
650,,8,1,6,2,4
650,,9,1,6,5,1
650,,10,1,6,3,3
650,,11,1,6,4,2
650,,12,1,6,1,5
650,,13,1,6,6,0
650,,14,1,6,3,3
650,,15,1,6,5,1
650,,0,1,6,4,2
650,,1,1,6,4,2
650,,2,1,6,6,0
650,,3,1,6,2,4
650,,4,1,6,5,1
650,,5,1,6,2,4
650,,6,1,6,4,2
650,,7,1,6,3,3
650,,8,1,6,4,2
650,,9,1,6,2,4
650,,10,1,6,5,1
650,,11,1,6,4,2
650,,12,1,6,2,4
650,,13,1,6,2,4
650,,14,1,6,5,1
650,,15,1,6,4,2
650,,0,1,6,5,1
650,,1,1,6,2,4
650,,2,1,6,3,3
650,,3,1,6,6,0
650,,4,1,6,4,2
650,,5,1,6,3,3
650,,6,1,6,2,4
650,,7,1,6,4,2
650,,8,1,6,4,2
650,,9,1,6,3,3
650,,10,1,6,5,1
650,,11,1,6,5,1
650,,12,1,6,2,4
650,,13,1,6,5,1
650,,14,1,6,4,2
650,,15,1,6,5,1
650,,0,1,6,6,0
650,,1,1,6,6,0
650,,2,1,6,2,4
650,,3,1,6,6,0
650,,4,1,6,4,2
650,,5,1,6,3,3
650,,6,1,6,3,3
650,,7,1,6,2,4
650,,8,1,6,5,1
650,,9,1,6,1,5
650,,10,1,6,3,3
650,,11,1,6,5,1
650,,12,1,6,1,5
650,,13,1,6,6,0
650,,14,1,6,4,2
650,,15,1,6,4,2
650,,0,1,6,6,0
650,,1,1,6,4,2
650,,2,1,6,3,3
650,,3,1,6,2,4
650,,4,1,6,2,4
650,,5,1,6,4,2
650,,6,1,6,2,4
650,,7,1,6,2,4
650,,8,1,6,5,1
650,,9,1,6,3,3
650,,10,1,6,1,5
650,,11,1,6,6,0
650,,12,1,6,2,4
650,,13,1,6,4,2
650,,14,1,6,6,0
650,,15,1,6,5,1
700,,0,1,6,0,6
700,,1,1,6,2,4
700,,2,1,6,2,4
700,,3,1,6,2,4
700,,4,1,6,1,5
700,,5,1,6,0,6
700,,0,1,6,1,5
700,,1,1,6,1,5
700,,2,1,6,3,3
700,,3,1,6,0,6
700,,4,1,6,2,4
700,,5,1,6,0,6
700,,0,1,6,2,4
700,,1,1,6,1,5
700,,2,1,6,0,6
700,,3,1,6,0,6
700,,4,1,6,1,5
700,,5,1,6,0,6
700,,0,1,6,3,3
700,,1,1,6,4,2
700,,2,1,6,1,5
700,,3,1,6,0,6
700,,4,1,6,4,2
700,,5,1,6,0,6
700,,0,1,6,4,2
700,,1,1,6,3,3
700,,2,1,6,2,4
700,,3,1,6,0,6
700,,4,1,6,3,3
700,,5,1,6,1,5
700,,0,1,6,1,5
700,,1,1,6,2,4
700,,2,1,6,2,4
700,,3,1,6,0,6
700,,4,1,6,0,6
700,,5,1,6,1,5
700,,0,1,6,1,5
700,,1,1,6,1,5
700,,2,1,6,0,6
700,,3,1,6,1,5
700,,4,1,6,1,5
700,,5,1,6,2,4
700,,0,1,6,1,5
700,,1,1,6,1,5
700,,2,1,6,1,5
700,,3,1,6,1,5
700,,4,1,6,1,5
700,,5,1,6,3,3
700,,0,1,6,2,4
700,,1,1,6,1,5
700,,2,1,6,1,5
700,,3,1,6,5,1
700,,4,1,6,2,4
700,,5,1,6,3,3
700,,0,1,6,3,3
700,,1,1,6,4,2
700,,2,1,6,0,6
700,,3,1,6,3,3
700,,4,1,6,5,1
700,,5,1,6,4,2
700,,0,1,6,0,6
700,,1,1,6,1,5
700,,2,1,6,0,6
700,,3,1,6,1,5
700,,4,1,6,1,5
700,,5,1,6,0,6
700,,0,1,6,2,4
700,,1,1,6,1,5
700,,2,1,6,1,5
700,,3,1,6,0,6
700,,4,1,6,4,2
700,,5,1,6,1,5
700,,0,1,6,3,3
700,,1,1,6,1,5
700,,2,1,6,0,6
700,,3,1,6,1,5
700,,4,1,6,2,4
700,,5,1,6,0,6
700,,0,1,6,0,6
700,,1,1,6,1,5
700,,2,1,6,0,6
700,,3,1,6,0,6
700,,4,1,6,1,5
700,,5,1,6,1,5
700,,0,1,6,4,2
700,,1,1,6,1,5
700,,2,1,6,0,6
700,,3,1,6,2,4
700,,4,1,6,4,2
700,,5,1,6,1,5
700,,0,1,6,3,3
700,,1,1,6,0,6
700,,2,1,6,0,6
700,,3,1,6,0,6
700,,4,1,6,1,5
700,,5,1,6,2,4
700,,0,1,6,1,5
700,,1,1,6,1,5
700,,2,1,6,0,6
700,,3,1,6,0,6
700,,4,1,6,3,3
700,,5,1,6,2,4
700,,0,1,6,1,5
700,,1,1,6,1,5
700,,2,1,6,0,6
700,,3,1,6,4,2
700,,4,1,6,0,6
700,,5,1,6,0,6
700,,0,1,6,4,2
700,,1,1,6,2,4
700,,2,1,6,3,3
700,,3,1,6,0,6
700,,4,1,6,3,3
700,,5,1,6,3,3
700,,0,1,6,2,4
700,,1,1,6,0,6
700,,2,1,6,1,5
700,,3,1,6,3,3
700,,4,1,6,1,5
700,,5,1,6,2,4
700,,0,1,6,3,3
700,,1,1,6,1,5
700,,2,1,6,1,5
700,,3,1,6,1,5
700,,4,1,6,0,6
700,,5,1,6,1,5
700,,0,1,6,2,4
700,,1,1,6,3,3
700,,2,1,6,5,1
700,,3,1,6,4,2
700,,4,1,6,1,5
700,,5,1,6,2,4
700,,0,1,6,1,5
700,,1,1,6,2,4
700,,2,1,6,4,2
700,,3,1,6,0,6
700,,4,1,6,3,3
700,,5,1,6,1,5
700,,0,1,6,1,5
700,,1,1,6,4,2
700,,2,1,6,5,1
700,,3,1,6,4,2
700,,4,1,6,6,0
700,,5,1,6,3,3
700,,0,1,6,3,3
700,,1,1,6,3,3
700,,2,1,6,1,5
700,,3,1,6,3,3
700,,4,1,6,3,3
700,,5,1,6,2,4
700,,0,1,6,6,0
700,,1,1,6,4,2
700,,2,1,6,5,1
700,,3,1,6,4,2
700,,4,1,6,5,1
700,,5,1,6,4,2
700,,0,1,6,0,6
700,,1,1,6,3,3
700,,2,1,6,3,3
700,,3,1,6,4,2
700,,4,1,6,4,2
700,,5,1,6,4,2
700,,0,1,6,3,3
700,,1,1,6,0,6
700,,2,1,6,3,3
700,,3,1,6,5,1
700,,4,1,6,4,2
700,,5,1,6,3,3
700,,0,1,6,3,3
700,,1,1,6,1,5
700,,2,1,6,4,2
700,,3,1,6,5,1
700,,4,1,6,4,2
700,,5,1,6,2,4
700,,0,1,6,3,3
700,,1,1,6,2,4
700,,2,1,6,4,2
700,,3,1,6,5,1
700,,4,1,6,5,1
700,,5,1,6,6,0
700,,0,1,6,2,4
700,,1,1,6,3,3
700,,2,1,6,4,2
700,,3,1,6,5,1
700,,4,1,6,5,1
700,,5,1,6,3,3
700,,0,1,6,1,5
700,,1,1,6,2,4
700,,2,1,6,5,1
700,,3,1,6,4,2
700,,4,1,6,2,4
700,,5,1,6,3,3
700,,0,1,6,1,5
700,,1,1,6,5,1
700,,2,1,6,2,4
700,,3,1,6,4,2
700,,4,1,6,4,2
700,,5,1,6,3,3
700,,0,1,6,3,3
700,,1,1,6,3,3
700,,2,1,6,3,3
700,,3,1,6,4,2
700,,4,1,6,2,4
700,,5,1,6,5,1
700,,0,1,6,2,4
700,,1,1,6,2,4
700,,2,1,6,4,2
700,,3,1,6,3,3
700,,4,1,6,3,3
700,,5,1,6,6,0
700,,0,1,6,2,4
700,,1,1,6,3,3
700,,2,1,6,5,1
700,,3,1,6,5,1
700,,4,1,6,6,0
700,,5,1,6,3,3
700,,0,1,6,1,5
700,,1,1,6,6,0
700,,2,1,6,4,2
700,,3,1,6,5,1
700,,4,1,6,4,2
700,,5,1,6,2,4
700,,0,1,6,1,5
700,,1,1,6,3,3
700,,2,1,6,3,3
700,,3,1,6,4,2
700,,4,1,6,6,0
700,,5,1,6,3,3
700,,0,1,6,1,5
700,,1,1,6,4,2
700,,2,1,6,5,1
700,,3,1,6,6,0
700,,4,1,6,4,2
700,,5,1,6,3,3
700,,0,1,6,1,5
700,,1,1,6,2,4
700,,2,1,6,4,2
700,,3,1,6,6,0
700,,4,1,6,1,5
700,,5,1,6,4,2
700,,0,1,6,0,6
700,,1,1,6,4,2
700,,2,1,6,6,0
700,,3,1,6,5,1
700,,4,1,6,3,3
700,,5,1,6,3,3
700,,0,1,6,3,3
700,,1,1,6,4,2
700,,2,1,6,6,0
700,,3,1,6,5,1
700,,4,1,6,4,2
700,,5,1,6,4,2
700,,0,1,6,0,6
700,,1,1,6,5,1
700,,2,1,6,6,0
700,,3,1,6,6,0
700,,4,1,6,6,0
700,,5,1,6,6,0
700,,0,1,6,1,5
700,,1,1,6,4,2
700,,2,1,6,6,0
700,,3,1,6,5,1
700,,4,1,6,2,4
700,,5,1,6,4,2
700,,0,1,6,2,4
700,,1,1,6,3,3
700,,2,1,6,3,3
700,,3,1,6,6,0
700,,4,1,6,4,2
700,,5,1,6,5,1
700,,0,1,6,0,6
700,,1,1,6,5,1
700,,2,1,6,4,2
700,,3,1,6,6,0
700,,4,1,6,4,2
700,,5,1,6,4,2
700,,0,1,6,1,5
700,,1,1,6,5,1
700,,2,1,6,4,2
700,,3,1,6,6,0
700,,4,1,6,5,1
700,,5,1,6,1,5
700,,0,1,6,0,6
700,,1,1,6,6,0
700,,2,1,6,5,1
700,,3,1,6,5,1
700,,4,1,6,4,2
700,,5,1,6,3,3
700,,0,1,6,1,5
700,,1,1,6,5,1
700,,2,1,6,5,1
700,,3,1,6,4,2
700,,4,1,6,4,2
700,,5,1,6,6,0
700,,0,1,6,0,6
700,,1,1,6,5,1
700,,2,1,6,1,5
700,,3,1,6,4,2
700,,4,1,6,1,5
700,,5,1,6,5,1
700,,0,1,6,0,6
700,,1,1,6,5,1
700,,2,1,6,2,4
700,,3,1,6,2,4
700,,4,1,6,4,2
700,,5,1,6,2,4
700,,0,1,6,3,3
700,,1,1,6,3,3
700,,2,1,6,2,4
700,,3,1,6,5,1
700,,4,1,6,4,2
700,,5,1,6,6,0
700,,0,1,6,1,5
700,,1,1,6,4,2
700,,2,1,6,4,2
700,,3,1,6,3,3
700,,4,1,6,1,5
700,,5,1,6,1,5
700,,0,1,6,4,2
700,,1,1,6,3,3
700,,2,1,6,2,4
700,,3,1,6,4,2
700,,4,1,6,2,4
700,,5,1,6,2,4
700,,0,1,6,2,4
700,,1,1,6,5,1
700,,2,1,6,2,4
700,,3,1,6,4,2
700,,4,1,6,1,5
700,,5,1,6,2,4
700,,0,1,6,1,5
700,,1,1,6,3,3
700,,2,1,6,4,2
700,,3,1,6,5,1
700,,4,1,6,3,3
700,,5,1,6,3,3
700,,0,1,6,0,6
700,,1,1,6,3,3
700,,2,1,6,1,5
700,,3,1,6,5,1
700,,4,1,6,1,5
700,,5,1,6,1,5
700,,0,1,6,2,4
700,,1,1,6,2,4
700,,2,1,6,1,5
700,,3,1,6,6,0
700,,4,1,6,1,5
700,,5,1,6,2,4
700,,0,1,6,1,5
700,,1,1,6,1,5
700,,2,1,6,2,4
700,,3,1,6,4,2
700,,4,1,6,0,6
700,,5,1,6,3,3
750,,0,1,6,1,5
750,,0,1,6,0,6
750,,0,1,6,0,6
750,,0,1,6,0,6
750,,0,1,6,1,5
750,,0,1,6,1,5
750,,0,1,6,0,6
750,,0,1,6,0,6
750,,0,1,6,0,6
750,,0,1,6,0,6
750,,0,1,6,2,4
750,,0,1,6,0,6
750,,0,1,6,1,5
750,,0,1,6,0,6
750,,0,1,6,1,5
750,,0,1,6,1,5
750,,0,1,6,1,5
750,,0,1,6,0,6
750,,0,1,6,1,5
750,,0,1,6,5,1
750,,0,1,6,0,6
750,,0,1,6,3,3
750,,0,1,6,3,3
750,,0,1,6,1,5
750,,0,1,6,4,2
750,,0,1,6,2,4
750,,0,1,6,3,3
750,,0,1,6,3,3
750,,0,1,6,4,2
750,,0,1,6,5,1
750,,0,1,6,5,1
750,,0,1,6,6,0
750,,0,1,6,5,1
750,,0,1,6,3,3
750,,0,1,6,2,4
750,,0,1,6,3,3
750,,0,1,6,3,3
750,,0,1,6,2,4
750,,0,1,6,0,6
750,,0,1,6,1,5
750,,0,1,6,6,0
750,,0,1,6,3,3
750,,0,1,6,0,6
750,,0,1,6,1,5
750,,0,1,6,1,5
750,,0,1,6,1,5
750,,0,1,6,2,4
750,,0,1,6,0,6
750,,0,1,6,0,6
750,,0,1,6,1,5
750,,0,1,6,0,6
750,,0,1,6,0,6
750,,0,1,6,4,2
750,,0,1,6,0,6
750,,0,1,6,0,6
750,,0,1,6,0,6
750,,0,1,6,1,5
750,,0,1,6,5,1
750,,0,1,6,0,6
800,,0,1,6,1,5
800,,0,1,6,0,6
800,,0,1,6,2,4
800,,0,1,6,1,5
800,,0,1,6,0,6
800,,0,1,6,1,5
800,,0,1,6,0,6
800,,0,1,6,0,6
800,,0,1,6,4,2
800,,0,1,6,2,4
800,,0,1,6,1,5
800,,0,1,6,2,4
800,,0,1,6,1,5
800,,0,1,6,1,5
800,,0,1,6,0,6
800,,0,1,6,1,5
800,,0,1,6,0,6
800,,0,1,6,0,6
800,,0,1,6,0,6
800,,0,1,6,1,5
800,,0,1,6,0,6
800,,0,1,6,1,5
800,,0,1,6,1,5
800,,0,1,6,1,5
800,,0,1,6,0,6
800,,0,1,6,1,5
800,,0,1,6,1,5
800,,0,1,6,0,6
800,,0,1,6,1,5
800,,0,1,6,2,4
800,,0,1,6,2,4
800,,0,1,6,1,5
800,,0,1,6,3,3
800,,0,1,6,1,5
800,,0,1,6,2,4
800,,0,1,6,1,5
800,,0,1,6,1,5
800,,0,1,6,1,5
800,,0,1,6,2,4
800,,0,1,6,2,4
800,,0,1,6,3,3
800,,0,1,6,0,6
800,,0,1,6,2,4
800,,0,1,6,2,4
800,,0,1,6,2,4
800,,0,1,6,0,6
800,,0,1,6,0,6
800,,0,1,6,1,5
800,,0,1,6,2,4
800,,0,1,6,0,6
800,,0,1,6,1,5
800,,0,1,6,0,6
800,,0,1,6,1,5
800,,0,1,6,0,6
800,,0,1,6,1,5
800,,0,1,6,0,6
800,,0,1,6,1,5
800,,0,1,6,2,4
800,,0,1,6,1,5
850,,0,1,6,0,6
850,,0,1,6,1,5
850,,0,1,6,1,5
850,,0,1,6,0,6
850,,0,1,6,1,5
850,,0,1,6,1,5
850,,0,1,6,0,6
850,,0,1,6,1,5
850,,0,1,6,0,6
850,,0,1,6,0,6
850,,0,1,6,0,6
850,,0,1,6,5,1
850,,0,1,6,0,6
850,,0,1,6,1,5
850,,0,1,6,0,6
850,,0,1,6,2,4
850,,0,1,6,0,6
850,,0,1,6,3,3
850,,0,1,6,1,5
850,,0,1,6,1,5
850,,0,1,6,2,4
850,,0,1,6,1,5
850,,0,1,6,5,1
850,,0,1,6,0,6
850,,0,1,6,3,3
850,,0,1,6,3,3
850,,0,1,6,4,2
850,,0,1,6,0,6
850,,0,1,6,0,6
850,,0,1,6,0,6
850,,0,1,6,1,5
850,,0,1,6,0,6
850,,0,1,6,0,6
850,,0,1,6,2,4
850,,0,1,6,0,6
850,,0,1,6,1,5
850,,0,1,6,0,6
850,,0,1,6,1,5
850,,0,1,6,0,6
850,,0,1,6,1,5
850,,0,1,6,1,5
850,,0,1,6,1,5
850,,0,1,6,1,5
850,,0,1,6,1,5
850,,0,1,6,2,4
850,,0,1,6,0,6
850,,0,1,6,1,5
850,,0,1,6,0,6
850,,0,1,6,1,5
850,,0,1,6,2,4
850,,0,1,6,0,6
850,,0,1,6,2,4
850,,0,1,6,0,6
850,,0,1,6,1,5
850,,0,1,6,2,4
850,,0,1,6,0,6
850,,0,1,6,1,5
850,,0,1,6,0,6
850,,0,1,6,2,4
900,,0,1,6,2,4
900,,0,1,6,1,5
900,,0,1,6,1,5
900,,0,1,6,1,5
900,,0,1,6,1,5
900,,0,1,6,1,5
900,,0,1,6,0,6
900,,0,1,6,0,6
900,,0,1,6,1,5
900,,0,1,6,1,5
900,,0,1,6,1,5
900,,0,1,6,0,6
900,,0,1,6,0,6
900,,0,1,6,0,6
900,,0,1,6,0,6
900,,0,1,6,2,4
900,,0,1,6,0,6
900,,0,1,6,1,5
900,,0,1,6,2,4
900,,0,1,6,1,5
900,,0,1,6,0,6
900,,0,1,6,0,6
900,,0,1,6,0,6
900,,0,1,6,2,4
900,,0,1,6,3,3
900,,0,1,6,1,5
900,,0,1,6,4,2
900,,0,1,6,3,3
900,,0,1,6,0,6
900,,0,1,6,1,5
900,,0,1,6,1,5
900,,0,1,6,2,4
900,,0,1,6,1,5
900,,0,1,6,1,5
900,,0,1,6,2,4
900,,0,1,6,1,5
900,,0,1,6,1,5
900,,0,1,6,1,5
900,,0,1,6,0,6
900,,0,1,6,0,6
900,,0,1,6,1,5
900,,0,1,6,1,5
900,,0,1,6,1,5
900,,0,1,6,0,6
900,,0,1,6,0,6
900,,0,1,6,0,6
900,,0,1,6,1,5
900,,0,1,6,1,5
900,,0,1,6,0,6
900,,0,1,6,1,5
900,,0,1,6,1,5
900,,0,1,6,1,5
900,,0,1,6,0,6
900,,0,1,6,0,6
900,,0,1,6,0,6
900,,0,1,6,0,6
900,,0,1,6,1,5
900,,0,1,6,0,6
900,,0,1,6,1,5
950,,0,1,6,3,3
950,,0,1,6,1,5
950,,0,1,6,0,6
950,,0,1,6,2,4
950,,0,1,6,0,6
950,,0,1,6,1,5
950,,0,1,6,2,4
950,,0,1,6,0,6
950,,0,1,6,0,6
950,,0,1,6,1,5
950,,0,1,6,0,6
950,,0,1,6,1,5
950,,0,1,6,0,6
950,,0,1,6,0,6
950,,0,1,6,1,5
950,,0,1,6,0,6
950,,0,1,6,0,6
950,,0,1,6,0,6
950,,0,1,6,2,4
950,,0,1,6,0,6
950,,0,1,6,0,6
950,,0,1,6,0,6
950,,0,1,6,0,6
950,,0,1,6,1,5
950,,0,1,6,1,5
950,,0,1,6,1,5
950,,0,1,6,1,5
950,,0,1,6,1,5
950,,0,1,6,1,5
950,,0,1,6,1,5
950,,0,1,6,1,5
950,,0,1,6,1,5
950,,0,1,6,1,5
950,,0,1,6,2,4
950,,0,1,6,2,4
950,,0,1,6,4,2
950,,0,1,6,2,4
950,,0,1,6,0,6
950,,0,1,6,1,5
950,,0,1,6,2,4
950,,0,1,6,1,5
950,,0,1,6,0,6
950,,0,1,6,4,2
950,,0,1,6,1,5
950,,0,1,6,1,5
950,,0,1,6,1,5
950,,0,1,6,1,5
950,,0,1,6,1,5
950,,0,1,6,2,4
950,,0,1,6,1,5
950,,0,1,6,4,2
950,,0,1,6,1,5
950,,0,1,6,0,6
950,,0,1,6,0,6
950,,0,1,6,0,6
950,,0,1,6,0,6
950,,0,1,6,1,5
950,,0,1,6,1,5
950,,0,1,6,0,6
1000,,0,1,6,1,5
1000,,0,1,6,1,5
1000,,0,1,6,1,5
1000,,0,1,6,2,4
1000,,0,1,6,0,6
1000,,0,1,6,2,4
1000,,0,1,6,3,3
1000,,0,1,6,1,5
1000,,0,1,6,1,5
1000,,0,1,6,6,0
1000,,0,1,6,1,5
1000,,0,1,6,0,6
1000,,0,1,6,1,5
1000,,0,1,6,1,5
1000,,0,1,6,0,6
1000,,0,1,6,1,5
1000,,0,1,6,0,6
1000,,0,1,6,1,5
1000,,0,1,6,1,5
1000,,0,1,6,0,6
1000,,0,1,6,0,6
1000,,0,1,6,0,6
1000,,0,1,6,2,4
1000,,0,1,6,0,6
1000,,0,1,6,0,6
1000,,0,1,6,0,6
1000,,0,1,6,0,6
1000,,0,1,6,0,6
1000,,0,1,6,0,6
1000,,0,1,6,1,5
1000,,0,1,6,1,5
1000,,0,1,6,1,5
1000,,0,1,6,1,5
1000,,0,1,6,2,4
1000,,0,1,6,0,6
1000,,0,1,6,1,5
1000,,0,1,6,2,4
1000,,0,1,6,1,5
1000,,0,1,6,0,6
1000,,0,1,6,1,5
1000,,0,1,6,0,6
1000,,0,1,6,1,5
1000,,0,1,6,0,6
1000,,0,1,6,0,6
1000,,0,1,6,1,5
1000,,0,1,6,1,5
1000,,0,1,6,0,6
1000,,0,1,6,1,5
1000,,0,1,6,1,5
1000,,0,1,6,0,6
1000,,0,1,6,1,5
1000,,0,1,6,1,5
1000,,0,1,6,1,5
1000,,0,1,6,0,6
1000,,0,1,6,2,4
1000,,0,1,6,0,6
1000,,0,1,6,1,5
1000,,0,1,6,1,5
1000,,0,1,6,0,6
1050,,0,1,6,1,5
1050,,0,1,6,1,5
1050,,0,1,6,0,6
1050,,0,1,6,2,4
1050,,0,1,6,0,6
1050,,0,1,6,1,5
1050,,0,1,6,2,4
1050,,0,1,6,1,5
1050,,0,1,6,0,6
1050,,0,1,6,1,5
1050,,0,1,6,0,6
1050,,0,1,6,0,6
1050,,0,1,6,0,6
1050,,0,1,6,0,6
1050,,0,1,6,0,6
1050,,0,1,6,1,5
1050,,0,1,6,0,6
1050,,0,1,6,0,6
1050,,0,1,6,2,4
1050,,0,1,6,0,6
1050,,0,1,6,1,5
1050,,0,1,6,0,6
1050,,0,1,6,0,6
1050,,0,1,6,0,6
1050,,0,1,6,1,5
1050,,0,1,6,0,6
1050,,0,1,6,0,6
1050,,0,1,6,1,5
1050,,0,1,6,1,5
1050,,0,1,6,1,5
1050,,0,1,6,1,5
1050,,0,1,6,1,5
1050,,0,1,6,0,6
1050,,0,1,6,2,4
1050,,0,1,6,2,4
1050,,0,1,6,0,6
1050,,0,1,6,2,4
1050,,0,1,6,0,6
1050,,0,1,6,1,5
1050,,0,1,6,1,5
1050,,0,1,6,1,5
1050,,0,1,6,1,5
1050,,0,1,6,1,5
1050,,0,1,6,1,5
1050,,0,1,6,2,4
1050,,0,1,6,1,5
1050,,0,1,6,1,5
1050,,0,1,6,1,5
1050,,0,1,6,0,6
1050,,0,1,6,2,4
1050,,0,1,6,1,5
1050,,0,1,6,1,5
1050,,0,1,6,0,6
1050,,0,1,6,3,3
1050,,0,1,6,1,5
1050,,0,1,6,0,6
1050,,0,1,6,0,6
1050,,0,1,6,2,4
1050,,0,1,6,0,6
1100,,0,1,6,3,3
1100,,0,1,6,1,5
1100,,0,1,6,0,6
1100,,0,1,6,2,4
1100,,0,1,6,0,6
1100,,0,1,6,1,5
1100,,0,1,6,2,4
1100,,0,1,6,1,5
1100,,0,1,6,0,6
1100,,0,1,6,1,5
1100,,0,1,6,1,5
1100,,0,1,6,0,6
1100,,0,1,6,0,6
1100,,0,1,6,0,6
1100,,0,1,6,0,6
1100,,0,1,6,1,5
1100,,0,1,6,0,6
1100,,0,1,6,0,6
1100,,0,1,6,1,5
1100,,0,1,6,1,5
1100,,0,1,6,1,5
1100,,0,1,6,0,6
1100,,0,1,6,1,5
1100,,0,1,6,0,6
1100,,0,1,6,1,5
1100,,0,1,6,0,6
1100,,0,1,6,0,6
1100,,0,1,6,1,5
1100,,0,1,6,1,5
1100,,0,1,6,1,5
1100,,0,1,6,1,5
1100,,0,1,6,1,5
1100,,0,1,6,0,6
1100,,0,1,6,1,5
1100,,0,1,6,0,6
1100,,0,1,6,0,6
1100,,0,1,6,1,5
1100,,0,1,6,0,6
1100,,0,1,6,0,6
1100,,0,1,6,0,6
1100,,0,1,6,1,5
1100,,0,1,6,0,6
1100,,0,1,6,1,5
1100,,0,1,6,1,5
1100,,0,1,6,0,6
1100,,0,1,6,1,5
1100,,0,1,6,2,4
1100,,0,1,6,0,6
1100,,0,1,6,1,5
1100,,0,1,6,2,4
1100,,0,1,6,1,5
1100,,0,1,6,2,4
1100,,0,1,6,1,5
1100,,0,1,6,1,5
1100,,0,1,6,0,6
1100,,0,1,6,0,6
1100,,0,1,6,1,5
1100,,0,1,6,2,4
1100,,0,1,6,1,5
1150,,0,1,6,1,5
1150,,0,1,6,1,5
1150,,0,1,6,1,5
1150,,0,1,6,2,4
1150,,0,1,6,1,5
1150,,0,1,6,2,4
1150,,0,1,6,1,5
1150,,0,1,6,1,5
1150,,0,1,6,1,5
1150,,0,1,6,5,1
1150,,0,1,6,2,4
1150,,0,1,6,1,5
1150,,0,1,6,1,5
1150,,0,1,6,1,5
1150,,0,1,6,0,6
1150,,0,1,6,0,6
1150,,0,1,6,1,5
1150,,0,1,6,1,5
1150,,0,1,6,1,5
1150,,0,1,6,1,5
1150,,0,1,6,0,6
1150,,0,1,6,1,5
1150,,0,1,6,1,5
1150,,0,1,6,0,6
1150,,0,1,6,0,6
1150,,0,1,6,0,6
1150,,0,1,6,0,6
1150,,0,1,6,0,6
1150,,0,1,6,0,6
1150,,0,1,6,2,4
1150,,0,1,6,0,6
1150,,0,1,6,0,6
1150,,0,1,6,0,6
1150,,0,1,6,1,5
1150,,0,1,6,0,6
1150,,0,1,6,0,6
1150,,0,1,6,1,5
1150,,0,1,6,1,5
1150,,0,1,6,1,5
1150,,0,1,6,1,5
1150,,0,1,6,1,5
1150,,0,1,6,1,5
1150,,0,1,6,1,5
1150,,0,1,6,1,5
1150,,0,1,6,0,6
1150,,0,1,6,1,5
1150,,0,1,6,2,4
1150,,0,1,6,1,5
1150,,0,1,6,1,5
1150,,0,1,6,0,6
1150,,0,1,6,0,6
1150,,0,1,6,1,5
1150,,0,1,6,0,6
1150,,0,1,6,1,5
1150,,0,1,6,0,6
1150,,0,1,6,0,6
1150,,0,1,6,1,5
1150,,0,1,6,0,6
1150,,0,1,6,1,5
1200,,0,1,6,2,4
1200,,0,1,6,0,6
1200,,0,1,6,1,5
1200,,0,1,6,0,6
1200,,0,1,6,2,4
1200,,0,1,6,0,6
1200,,0,1,6,1,5
1200,,0,1,6,2,4
1200,,0,1,6,0,6
1200,,0,1,6,3,3
1200,,0,1,6,1,5
1200,,0,1,6,1,5
1200,,0,1,6,2,4
1200,,0,1,6,0,6
1200,,0,1,6,0,6
1200,,0,1,6,0,6
1200,,0,1,6,1,5
1200,,0,1,6,1,5
1200,,0,1,6,0,6
1200,,0,1,6,0,6
1200,,0,1,6,1,5
1200,,0,1,6,1,5
1200,,0,1,6,2,4
1200,,0,1,6,0,6
1200,,0,1,6,1,5
1200,,0,1,6,1,5
1200,,0,1,6,1,5
1200,,0,1,6,0,6
1200,,0,1,6,2,4
1200,,0,1,6,1,5
1200,,0,1,6,2,4
1200,,0,1,6,2,4
1200,,0,1,6,3,3
1200,,0,1,6,4,2
1200,,0,1,6,3,3
1200,,0,1,6,5,1
1200,,0,1,6,2,4
1200,,0,1,6,3,3
1200,,0,1,6,4,2
1200,,0,1,6,5,1
1200,,0,1,6,2,4
1200,,0,1,6,5,1
1200,,0,1,6,2,4
1200,,0,1,6,2,4
1200,,0,1,6,0,6
1200,,0,1,6,0,6
1200,,0,1,6,1,5
1200,,0,1,6,1,5
1200,,0,1,6,1,5
1200,,0,1,6,0,6
1200,,0,1,6,1,5
1200,,0,1,6,0,6
1200,,0,1,6,3,3
1200,,0,1,6,0,6
1200,,0,1,6,2,4
1200,,0,1,6,2,4
1200,,0,1,6,0,6
1200,,0,1,6,1,5
1200,,0,1,6,3,3
1250,,0,1,6,0,6
1250,,0,1,6,2,4
1250,,0,1,6,2,4
1250,,0,1,6,2,4
1250,,0,1,6,4,2
1250,,0,1,6,4,2
1250,,0,1,6,3,3
1250,,0,1,6,1,5
1250,,0,1,6,0,6
1250,,0,1,6,1,5
1250,,0,1,6,2,4
1250,,0,1,6,1,5
1250,,0,1,6,1,5
1250,,0,1,6,0,6
1250,,0,1,6,1,5
1250,,0,1,6,0,6
1250,,0,1,6,1,5
1250,,0,1,6,0,6
1250,,0,1,6,1,5
1250,,0,1,6,1,5
1250,,0,1,6,1,5
1250,,0,1,6,0,6
1250,,0,1,6,1,5
1250,,0,1,6,1,5
1250,,0,1,6,1,5
1250,,0,1,6,1,5
1250,,0,1,6,2,4
1250,,0,1,6,0,6
1250,,0,1,6,0,6
1250,,0,1,6,1,5
1250,,0,1,6,2,4
1250,,0,1,6,1,5
1250,,0,1,6,1,5
1250,,0,1,6,0,6
1250,,0,1,6,1,5
1250,,0,1,6,0,6
1250,,0,1,6,0,6
1250,,0,1,6,1,5
1250,,0,1,6,1,5
1250,,0,1,6,0,6
1250,,0,1,6,0,6
1250,,0,1,6,1,5
1250,,0,1,6,2,4
1250,,0,1,6,0,6
1250,,0,1,6,1,5
1250,,0,1,6,1,5
1250,,0,1,6,1,5
1250,,0,1,6,2,4
1250,,0,1,6,1,5
1250,,0,1,6,1,5
1250,,0,1,6,1,5
1250,,0,1,6,1,5
1250,,0,1,6,1,5
1250,,0,1,6,0,6
1250,,0,1,6,1,5
1250,,0,1,6,1,5
1250,,0,1,6,2,4
1250,,0,1,6,0,6
1250,,0,1,6,0,6
1300,,0,1,6,2,4
1300,,0,1,6,0,6
1300,,0,1,6,1,5
1300,,0,1,6,0,6
1300,,0,1,6,2,4
1300,,0,1,6,0,6
1300,,0,1,6,1,5
1300,,0,1,6,2,4
1300,,0,1,6,0,6
1300,,0,1,6,1,5
1300,,0,1,6,1,5
1300,,0,1,6,0,6
1300,,0,1,6,2,4
1300,,0,1,6,0,6
1300,,0,1,6,1,5
1300,,0,1,6,0,6
1300,,0,1,6,1,5
1300,,0,1,6,1,5
1300,,0,1,6,1,5
1300,,0,1,6,0,6
1300,,0,1,6,1,5
1300,,0,1,6,1,5
1300,,0,1,6,0,6
1300,,0,1,6,1,5
1300,,0,1,6,1,5
1300,,0,1,6,0,6
1300,,0,1,6,3,3
1300,,0,1,6,2,4
1300,,0,1,6,3,3
1300,,0,1,6,0,6
1300,,0,1,6,0,6
1300,,0,1,6,1,5
1300,,0,1,6,0,6
1300,,0,1,6,1,5
1300,,0,1,6,0,6
1300,,0,1,6,0,6
1300,,0,1,6,1,5
1300,,0,1,6,1,5
1300,,0,1,6,0,6
1300,,0,1,6,1,5
1300,,0,1,6,1,5
1300,,0,1,6,2,4
1300,,0,1,6,1,5
1300,,0,1,6,1,5
1300,,0,1,6,1,5
1300,,0,1,6,0,6
1300,,0,1,6,0,6
1300,,0,1,6,0,6
1300,,0,1,6,0,6
1300,,0,1,6,1,5
1300,,0,1,6,0,6
1300,,0,1,6,0,6
1300,,0,1,6,2,4
1300,,0,1,6,1,5
1300,,0,1,6,1,5
1300,,0,1,6,4,2
1300,,0,1,6,0,6
1300,,0,1,6,1,5
1300,,0,1,6,1,5
1350,,0,1,6,1,5
1350,,0,1,6,0,6
1350,,0,1,6,0,6
1350,,0,1,6,0,6
1350,,0,1,6,1,5
1350,,0,1,6,0,6
1350,,0,1,6,1,5
1350,,0,1,6,0,6
1350,,0,1,6,1,5
1350,,0,1,6,1,5
1350,,0,1,6,1,5
1350,,0,1,6,0,6
1350,,0,1,6,2,4
1350,,0,1,6,0,6
1350,,0,1,6,1,5
1350,,0,1,6,1,5
1350,,0,1,6,1,5
1350,,0,1,6,1,5
1350,,0,1,6,1,5
1350,,0,1,6,0,6
1350,,0,1,6,1,5
1350,,0,1,6,1,5
1350,,0,1,6,0,6
1350,,0,1,6,0,6
1350,,0,1,6,1,5
1350,,0,1,6,0,6
1350,,0,1,6,2,4
1350,,0,1,6,0,6
1350,,0,1,6,1,5
1350,,0,1,6,2,4
1350,,0,1,6,1,5
1350,,0,1,6,1,5
1350,,0,1,6,5,1
1350,,0,1,6,3,3
1350,,0,1,6,1,5
1350,,0,1,6,2,4
1350,,0,1,6,6,0
1350,,0,1,6,3,3
1350,,0,1,6,3,3
1350,,0,1,6,1,5
1350,,0,1,6,0,6
1350,,0,1,6,2,4
1350,,0,1,6,1,5
1350,,0,1,6,1,5
1350,,0,1,6,5,1
1350,,0,1,6,1,5
1350,,0,1,6,1,5
1350,,0,1,6,0,6
1350,,0,1,6,0,6
1350,,0,1,6,0,6
1350,,0,1,6,0,6
1350,,0,1,6,0,6
1350,,0,1,6,2,4
1350,,0,1,6,0,6
1350,,0,1,6,0,6
1350,,0,1,6,4,2
1350,,0,1,6,0,6
1350,,0,1,6,1,5
1350,,0,1,6,3,3
1400,,0,1,6,1,5
1400,,0,1,6,2,4
1400,,0,1,6,2,4
1400,,0,1,6,3,3
1400,,0,1,6,3,3
1400,,0,1,6,3,3
1400,,0,1,6,3,3
1400,,0,1,6,1,5
1400,,0,1,6,1,5
1400,,0,1,6,1,5
1400,,0,1,6,2,4
1400,,0,1,6,1,5
1400,,0,1,6,1,5
1400,,0,1,6,1,5
1400,,0,1,6,1,5
1400,,0,1,6,1,5
1400,,0,1,6,1,5
1400,,0,1,6,0,6
1400,,0,1,6,0,6
1400,,0,1,6,1,5
1400,,0,1,6,0,6
1400,,0,1,6,1,5
1400,,0,1,6,0,6
1400,,0,1,6,1,5
1400,,0,1,6,0,6
1400,,0,1,6,1,5
1400,,0,1,6,1,5
1400,,0,1,6,1,5
1400,,0,1,6,0,6
1400,,0,1,6,1,5
1400,,0,1,6,2,4
1400,,0,1,6,1,5
1400,,0,1,6,2,4
1400,,0,1,6,0,6
1400,,0,1,6,0,6
1400,,0,1,6,0,6
1400,,0,1,6,1,5
1400,,0,1,6,0,6
1400,,0,1,6,2,4
1400,,0,1,6,0,6
1400,,0,1,6,0,6
1400,,0,1,6,0,6
1400,,0,1,6,1,5
1400,,0,1,6,1,5
1400,,0,1,6,0,6
1400,,0,1,6,1,5
1400,,0,1,6,0,6
1400,,0,1,6,0,6
1400,,0,1,6,1,5
1400,,0,1,6,1,5
1400,,0,1,6,1,5
1400,,0,1,6,1,5
1400,,0,1,6,0,6
1400,,0,1,6,0,6
1400,,0,1,6,0,6
1400,,0,1,6,0,6
1400,,0,1,6,2,4
1400,,0,1,6,1,5
1400,,0,1,6,0,6
1450,,0,1,6,0,6
1450,,0,1,6,0,6
1450,,0,1,6,0,6
1450,,0,1,6,0,6
1450,,0,1,6,0,6
1450,,0,1,6,1,5
1450,,0,1,6,0,6
1450,,0,1,6,0,6
1450,,0,1,6,1,5
1450,,0,1,6,0,6
1450,,0,1,6,1,5
1450,,0,1,6,0,6
1450,,0,1,6,1,5
1450,,0,1,6,0,6
1450,,0,1,6,0,6
1450,,0,1,6,0,6
1450,,0,1,6,1,5
1450,,0,1,6,0,6
1450,,0,1,6,1,5
1450,,0,1,6,2,4
1450,,0,1,6,0,6
1450,,0,1,6,1,5
1450,,0,1,6,0,6
1450,,0,1,6,1,5
1450,,0,1,6,0,6
1450,,0,1,6,1,5
1450,,0,1,6,0,6
1450,,0,1,6,0,6
1450,,0,1,6,0,6
1450,,0,1,6,0,6
1450,,0,1,6,1,5
1450,,0,1,6,2,4
1450,,0,1,6,0,6
1450,,0,1,6,0,6
1450,,0,1,6,0,6
1450,,0,1,6,0,6
1450,,0,1,6,0,6
1450,,0,1,6,2,4
1450,,0,1,6,0,6
1450,,0,1,6,1,5
1450,,0,1,6,0,6
1450,,0,1,6,1,5
1450,,0,1,6,1,5
1450,,0,1,6,1,5
1450,,0,1,6,2,4
1450,,0,1,6,0,6
1450,,0,1,6,1,5
1450,,0,1,6,2,4
1450,,0,1,6,1,5
1450,,0,1,6,0,6
1450,,0,1,6,0,6
1450,,0,1,6,0,6
1450,,0,1,6,2,4
1450,,0,1,6,0,6
1450,,0,1,6,2,4
1450,,0,1,6,2,4
1450,,0,1,6,1,5
1450,,0,1,6,0,6
1450,,0,1,6,1,5
1500,,0,1,6,2,4
1500,,0,1,6,0,6
1500,,0,1,6,1,5
1500,,0,1,6,0,6
1500,,0,1,6,2,4
1500,,0,1,6,1,5
1500,,0,1,6,1,5
1500,,0,1,6,0,6
1500,,0,1,6,2,4
1500,,0,1,6,0,6
1500,,0,1,6,3,3
1500,,0,1,6,0,6
1500,,0,1,6,0,6
1500,,0,1,6,1,5
1500,,0,1,6,1,5
1500,,0,1,6,1,5
1500,,0,1,6,1,5
1500,,0,1,6,0,6
1500,,0,1,6,0,6
1500,,0,1,6,1,5
1500,,0,1,6,0,6
1500,,0,1,6,1,5
1500,,0,1,6,1,5
1500,,0,1,6,3,3
1500,,0,1,6,1,5
1500,,0,1,6,6,0
1500,,0,1,6,1,5
1500,,0,1,6,5,1
1500,,0,1,6,4,2
1500,,0,1,6,4,2
1500,,0,1,6,4,2
1500,,0,1,6,5,1
1500,,0,1,6,5,1
1500,,0,1,6,5,1
1500,,0,1,6,5,1
1500,,0,1,6,2,4
1500,,0,1,6,4,2
1500,,0,1,6,4,2
1500,,0,1,6,6,0
1500,,0,1,6,2,4
1500,,0,1,6,4,2
1500,,0,1,6,6,0
1500,,0,1,6,3,3
1500,,0,1,6,3,3
1500,,0,1,6,2,4
1500,,0,1,6,3,3
1500,,0,1,6,5,1
1500,,0,1,6,5,1
1500,,0,1,6,4,2
1500,,0,1,6,4,2
1500,,0,1,6,4,2
1500,,0,1,6,6,0
1500,,0,1,6,3,3
1500,,0,1,6,5,1
1500,,0,1,6,4,2
1500,,0,1,6,3,3
1500,,0,1,6,0,6
1500,,0,1,6,6,0
1500,,0,1,6,2,4
